transaction_id,transaction_date,transaction_time,transaction_qty,store_id,store_location,product_id,unit_price,product_category,product_type,product_detail
1.0,01/01/2023,07:06:11,2.0,5.0,Lower Manhattan,32.0,3.0,Coffee,Gourmet brewed coffee,Ethiopia Rg
2.0,01/01/2023,07:08:56,2.0,5.0,Lower Manhattan,57.0,3.1,Tea,Brewed Chai tea,Spicy Eye Opener Chai Lg
3.0,01/01/2023,07:14:04,2.0,5.0,Lower Manhattan,59.0,4.5,Drinking Chocolate,Hot chocolate,Dark chocolate Lg
4.0,01/01/2023,07:20:24,1.0,5.0,Lower Manhattan,22.0,2.0,Coffee,Drip coffee,Our Old Time Diner Blend Sm
5.0,01/01/2023,07:22:41,2.0,5.0,Lower Manhattan,57.0,3.1,Tea,Brewed Chai tea,Spicy Eye Opener Chai Lg
6.0,01/01/2023,07:22:41,1.0,5.0,Lower Manhattan,77.0,3.0,Bakery,Scone,Oatmeal Scone
7.0,01/01/2023,07:25:49,1.0,5.0,Lower Manhattan,22.0,2.0,Coffee,Drip coffee,Our Old Time Diner Blend Sm
8.0,01/01/2023,07:33:34,2.0,5.0,Lower Manhattan,28.0,2.0,Coffee,Gourmet brewed coffee,Columbian Medium Roast Sm
9.0,01/01/2023,07:39:13,1.0,5.0,Lower Manhattan,39.0,4.25,Coffee,Barista Espresso,Latte Rg
10.0,01/01/2023,07:39:34,2.0,5.0,Lower Manhattan,58.0,3.5,Drinking Chocolate,Hot chocolate,Dark chocolate Rg
11.0,01/01/2023,07:43:05,1.0,5.0,Lower Manhattan,56.0,2.55,Tea,Brewed Chai tea,Spicy Eye Opener Chai Rg
12.0,01/01/2023,07:44:35,2.0,5.0,Lower Manhattan,33.0,3.5,Coffee,Gourmet brewed coffee,Ethiopia Lg
13.0,01/01/2023,07:45:51,1.0,5.0,Lower Manhattan,51.0,3.0,Tea,Brewed Black tea,Earl Grey Lg
14.0,01/01/2023,07:48:19,1.0,5.0,Lower Manhattan,57.0,3.1,Tea,Brewed Chai tea,Spicy Eye Opener Chai Lg
15.0,01/01/2023,07:52:36,2.0,5.0,Lower Manhattan,87.0,3.0,Coffee,Barista Espresso,Ouro Brasileiro shot
16.0,01/01/2023,07:59:58,2.0,5.0,Lower Manhattan,47.0,3.0,Tea,Brewed Green tea,Serenity Green Tea Lg
17.0,01/01/2023,07:59:58,1.0,5.0,Lower Manhattan,79.0,3.75,Bakery,Scone,Jumbo Savory Scone
18.0,01/01/2023,08:00:18,1.0,8.0,Hell's Kitchen,42.0,2.5,Tea,Brewed herbal tea,Lemon Grass Rg
19.0,01/01/2023,08:00:39,2.0,8.0,Hell's Kitchen,59.0,4.5,Drinking Chocolate,Hot chocolate,Dark chocolate Lg
20.0,01/01/2023,08:11:45,1.0,8.0,Hell's Kitchen,61.0,4.75,Drinking Chocolate,Hot chocolate,Sustainably Grown Organic Lg
21.0,01/01/2023,08:17:27,2.0,8.0,Hell's Kitchen,33.0,3.5,Coffee,Gourmet brewed coffee,Ethiopia Lg
22.0,01/01/2023,08:24:26,2.0,5.0,Lower Manhattan,56.0,2.55,Tea,Brewed Chai tea,Spicy Eye Opener Chai Rg
,01/01/2023,08:24:26,1.0,,Lower Manhattan,69.0,,Bakery,Biscotti,Hazelnut Biscotti
24.0,01/01/2023,08:29:38,1.0,8.0,Hell's Kitchen,56.0,2.55,Tea,Brewed Chai tea,Spicy Eye Opener Chai Rg
25.0,01/01/2023,08:31:23,1.0,8.0,Hell's Kitchen,40.0,3.75,Coffee,Barista Espresso,Cappuccino
26.0,01/01/2023,08:33:08,1.0,5.0,Lower Manhattan,43.0,3.0,Tea,Brewed herbal tea,Lemon Grass Lg
27.0,01/01/2023,08:33:08,1.0,5.0,Lower Manhattan,76.0,3.5,Bakery,Biscotti,Chocolate Chip Biscotti
28.0,01/01/2023,08:35:03,2.0,5.0,Lower Manhattan,45.0,3.0,Tea,Brewed herbal tea,Peppermint Lg
29.0,01/01/2023,08:35:03,1.0,5.0,Lower Manhattan,71.0,3.75,Bakery,Pastry,Chocolate Croissant
30.0,01/01/2023,08:41:57,2.0,8.0,Hell's Kitchen,40.0,3.75,Coffee,Barista Espresso,Cappuccino
31.0,01/01/2023,08:52:03,1.0,8.0,Hell's Kitchen,38.0,3.75,Coffee,Barista Espresso,Latte
32.0,01/01/2023,08:52:32,1.0,5.0,Lower Manhattan,26.0,3.0,Coffee,Organic brewed coffee,Brazilian Rg
33.0,01/01/2023,08:54:33,,5.0,Lower Manhattan,,,Coffee,Organic brewed coffee,Brazilian Lg
34.0,01/01/2023,08:56:27,2.0,5.0,Lower Manhattan,29.0,2.5,Coffee,Gourmet brewed coffee,Columbian Medium Roast Rg
35.0,01/01/2023,08:57:46,1.0,8.0,Hell's Kitchen,54.0,2.5,Tea,Brewed Chai tea,Morning Sunrise Chai Rg
36.0,01/01/2023,08:58:55,1.0,5.0,Lower Manhattan,26.0,3.0,Coffee,Organic brewed coffee,Brazilian Rg
37.0,01/01/2023,09:00:12,1.0,5.0,Lower Manhattan,55.0,4.0,Tea,Brewed Chai tea,Morning Sunrise Chai Lg
38.0,01/01/2023,09:00:24,2.0,8.0,Hell's Kitchen,40.0,3.75,Coffee,Barista Espresso,Cappuccino
39.0,01/01/2023,09:07:13,1.0,8.0,Hell's Kitchen,45.0,3.0,Tea,Brewed herbal tea,Peppermint Lg
40.0,01/01/2023,09:08:09,2.0,8.0,Hell's Kitchen,45.0,3.0,Tea,Brewed herbal tea,Peppermint Lg
41.0,01/01/2023,09:08:13,1.0,8.0,Hell's Kitchen,24.0,3.0,Coffee,Drip coffee,Our Old Time Diner Blend Lg
,01/01/2023,09:10:30,2.0,5.0,Lower Manhattan,,3.75,Drinking Chocolate,Hot chocolate,Sustainably Grown Organic Rg
43.0,01/01/2023,09:10:30,1.0,5.0,Lower Manhattan,78.0,4.5,Bakery,Scone,Scottish Cream Scone 
44.0,01/01/2023,09:11:06,1.0,5.0,Lower Manhattan,56.0,2.55,Tea,Brewed Chai tea,Spicy Eye Opener Chai Rg
45.0,01/01/2023,09:11:06,1.0,5.0,Lower Manhattan,77.0,3.0,Bakery,Scone,Oatmeal Scone
46.0,01/01/2023,09:13:01,1.0,5.0,Lower Manhattan,44.0,2.5,Tea,Brewed herbal tea,Peppermint Rg
47.0,01/01/2023,09:13:15,2.0,5.0,Lower Manhattan,56.0,2.55,Tea,Brewed Chai tea,Spicy Eye Opener Chai Rg
48.0,01/01/2023,09:14:16,1.0,5.0,Lower Manhattan,48.0,2.5,Tea,Brewed Black tea,English Breakfast Rg
49.0,01/01/2023,09:14:17,1.0,8.0,Hell's Kitchen,23.0,2.5,Coffee,Drip coffee,Our Old Time Diner Blend Rg
50.0,01/01/2023,09:14:25,1.0,8.0,Hell's Kitchen,46.0,2.5,Tea,Brewed Green tea,Serenity Green Tea Rg
51.0,01/01/2023,09:14:41,1.0,8.0,Hell's Kitchen,32.0,3.0,Coffee,Gourmet brewed coffee,Ethiopia Rg
52.0,01/01/2023,09:15:09,2.0,5.0,Lower Manhattan,47.0,3.0,Tea,Brewed Green tea,Serenity Green Tea Lg
53.0,01/01/2023,09:15:13,2.0,5.0,Lower Manhattan,43.0,3.0,Tea,Brewed herbal tea,Lemon Grass Lg
54.0,01/01/2023,09:19:21,2.0,5.0,Lower Manhattan,25.0,2.2,Coffee,Organic brewed coffee,Brazilian Sm
55.0,01/01/2023,09:19:26,1.0,8.0,Hell's Kitchen,59.0,4.5,Drinking Chocolate,Hot chocolate,Dark chocolate Lg
56.0,01/01/2023,09:21:08,1.0,5.0,Lower Manhattan,38.0,3.75,Coffee,Barista Espresso,Latte
57.0,01/01/2023,09:22:17,1.0,8.0,Hell's Kitchen,45.0,3.0,Tea,Brewed herbal tea,Peppermint Lg
58.0,01/01/2023,09:22:46,1.0,5.0,Lower Manhattan,34.0,2.45,Coffee,Premium brewed coffee,Jamaican Coffee River Sm
59.0,01/01/2023,09:29:56,2.0,8.0,Hell's Kitchen,36.0,3.75,Coffee,Premium brewed coffee,Jamaican Coffee River Lg
60.0,01/01/2023,09:29:56,1.0,8.0,Hell's Kitchen,74.0,3.5,Bakery,Biscotti,Ginger Biscotti
61.0,01/01/2023,09:29:57,1.0,8.0,Hell's Kitchen,53.0,3.0,Tea,Brewed Chai tea,Traditional Blend Chai Lg
62.0,01/01/2023,09:34:17,2.0,8.0,Hell's Kitchen,41.0,4.25,Coffee,Barista Espresso,Cappuccino Lg
63.0,01/01/2023,09:40:13,1.0,5.0,Lower Manhattan,41.0,4.25,Coffee,Barista Espresso,Cappuccino Lg
64.0,01/01/2023,09:41:22,2.0,5.0,Lower Manhattan,45.0,3.0,Tea,Brewed herbal tea,Peppermint Lg
,01/01/2023,09:41:22,,5.0,Lower Manhattan,,3.75,Bakery,Scone,Jumbo Savory Scone
66.0,01/01/2023,09:44:20,2.0,5.0,Lower Manhattan,54.0,2.5,Tea,Brewed Chai tea,Morning Sunrise Chai Rg
67.0,01/01/2023,09:44:46,1.0,5.0,Lower Manhattan,24.0,3.0,Coffee,Drip coffee,Our Old Time Diner Blend Lg
68.0,01/01/2023,09:46:46,2.0,5.0,Lower Manhattan,37.0,3.0,Coffee,Barista Espresso,Espresso shot
69.0,01/01/2023,09:47:40,2.0,8.0,Hell's Kitchen,40.0,3.75,Coffee,Barista Espresso,Cappuccino
70.0,01/01/2023,09:50:44,2.0,5.0,Lower Manhattan,37.0,3.0,Coffee,Barista Espresso,Espresso shot
71.0,01/01/2023,09:50:44,1.0,5.0,Lower Manhattan,69.0,3.25,Bakery,Biscotti,Hazelnut Biscotti
72.0,01/01/2023,09:52:58,1.0,5.0,Lower Manhattan,50.0,2.5,Tea,Brewed Black tea,Earl Grey Rg
73.0,01/01/2023,09:53:28,1.0,8.0,Hell's Kitchen,47.0,3.0,Tea,Brewed Green tea,Serenity Green Tea Lg
74.0,01/01/2023,09:53:44,2.0,8.0,Hell's Kitchen,40.0,3.75,Coffee,Barista Espresso,Cappuccino
75.0,01/01/2023,09:53:44,1.0,8.0,Hell's Kitchen,72.0,3.25,Bakery,Scone,Ginger Scone
76.0,01/01/2023,09:53:49,1.0,8.0,Hell's Kitchen,35.0,3.1,Coffee,Premium brewed coffee,Jamaican Coffee River Rg
77.0,01/01/2023,09:54:46,1.0,5.0,Lower Manhattan,23.0,2.5,Coffee,Drip coffee,Our Old Time Diner Blend Rg
78.0,01/01/2023,09:55:16,2.0,5.0,Lower Manhattan,43.0,3.0,Tea,Brewed herbal tea,Lemon Grass Lg
79.0,01/01/2023,09:56:30,,,Hell's Kitchen,,2.0,Coffee,Drip coffee,Our Old Time Diner Blend Sm
80.0,01/01/2023,10:00:39,2.0,8.0,Hell's Kitchen,32.0,3.0,Coffee,Gourmet brewed coffee,Ethiopia Rg
81.0,01/01/2023,10:03:55,2.0,8.0,Hell's Kitchen,36.0,3.75,Coffee,Premium brewed coffee,Jamaican Coffee River Lg
82.0,01/01/2023,10:14:49,1.0,5.0,Lower Manhattan,26.0,3.0,Coffee,Organic brewed coffee,Brazilian Rg
83.0,01/01/2023,10:14:49,1.0,5.0,Lower Manhattan,71.0,3.75,Bakery,Pastry,Chocolate Croissant
84.0,01/01/2023,10:16:30,2.0,5.0,Lower Manhattan,32.0,3.0,Coffee,Gourmet brewed coffee,Ethiopia Rg
85.0,01/01/2023,10:16:33,1.0,8.0,Hell's Kitchen,54.0,2.5,Tea,Brewed Chai tea,Morning Sunrise Chai Rg
86.0,01/01/2023,10:18:14,2.0,8.0,Hell's Kitchen,41.0,4.25,Coffee,Barista Espresso,Cappuccino Lg
87.0,01/01/2023,10:18:52,2.0,5.0,Lower Manhattan,25.0,2.2,Coffee,Organic brewed coffee,Brazilian Sm
88.0,01/01/2023,10:19:42,2.0,5.0,Lower Manhattan,23.0,2.5,Coffee,Drip coffee,Our Old Time Diner Blend Rg
89.0,01/01/2023,10:24:19,1.0,8.0,Hell's Kitchen,54.0,2.5,Tea,Brewed Chai tea,Morning Sunrise Chai Rg
90.0,01/01/2023,10:25:22,2.0,8.0,Hell's Kitchen,56.0,2.55,Tea,Brewed Chai tea,Spicy Eye Opener Chai Rg
91.0,01/01/2023,10:25:45,2.0,5.0,Lower Manhattan,58.0,3.5,Drinking Chocolate,Hot chocolate,Dark chocolate Rg
92.0,01/01/2023,10:25:45,1.0,5.0,Lower Manhattan,74.0,3.5,Bakery,Biscotti,Ginger Biscotti
93.0,01/01/2023,10:27:48,2.0,8.0,Hell's Kitchen,47.0,3.0,Tea,Brewed Green tea,Serenity Green Tea Lg
94.0,01/01/2023,10:30:07,1.0,5.0,Lower Manhattan,35.0,3.1,Coffee,Premium brewed coffee,Jamaican Coffee River Rg
95.0,01/01/2023,10:30:07,1.0,5.0,Lower Manhattan,70.0,3.25,Bakery,Scone,Cranberry Scone
96.0,01/01/2023,10:35:47,1.0,8.0,Hell's Kitchen,60.0,3.75,Drinking Chocolate,Hot chocolate,Sustainably Grown Organic Rg
97.0,01/01/2023,10:41:53,1.0,5.0,Lower Manhattan,59.0,4.5,Drinking Chocolate,Hot chocolate,Dark chocolate Lg
98.0,01/01/2023,10:47:53,2.0,5.0,Lower Manhattan,36.0,3.75,Coffee,Premium brewed coffee,Jamaican Coffee River Lg
99.0,01/01/2023,10:49:13,2.0,8.0,Hell's Kitchen,51.0,3.0,Tea,Brewed Black tea,Earl Grey Lg
100.0,01/01/2023,10:49:51,2.0,5.0,Lower Manhattan,61.0,4.75,Drinking Chocolate,Hot chocolate,Sustainably Grown Organic Lg
101.0,01/01/2023,10:51:17,1.0,5.0,Lower Manhattan,47.0,3.0,Tea,Brewed Green tea,Serenity Green Tea Lg
102.0,01/01/2023,10:52:44,2.0,8.0,Hell's Kitchen,23.0,2.5,Coffee,Drip coffee,Our Old Time Diner Blend Rg
103.0,01/01/2023,10:52:44,1.0,8.0,Hell's Kitchen,73.0,3.75,Bakery,Pastry,Almond Croissant
104.0,01/01/2023,10:56:14,1.0,5.0,Lower Manhattan,38.0,3.75,Coffee,Barista Espresso,Latte
,01/01/2023,10:56:14,1.0,5.0,Lower Manhattan,,3.5,Bakery,Biscotti,Chocolate Chip Biscotti
106.0,01/01/2023,11:01:48,1.0,3.0,Astoria,22.0,2.0,Coffee,Drip coffee,Our Old Time Diner Blend Sm
107.0,01/01/2023,11:01:58,1.0,3.0,Astoria,38.0,3.75,Coffee,Barista Espresso,Latte
108.0,01/01/2023,11:01:58,1.0,3.0,Astoria,75.0,3.5,Bakery,Pastry,Croissant
109.0,01/01/2023,11:03:25,2.0,5.0,Lower Manhattan,47.0,3.0,Tea,Brewed Green tea,Serenity Green Tea Lg
110.0,01/01/2023,11:03:25,1.0,5.0,Lower Manhattan,75.0,3.5,Bakery,Pastry,Croissant
111.0,01/01/2023,11:04:32,2.0,8.0,Hell's Kitchen,39.0,4.25,Coffee,Barista Espresso,Latte Rg
112.0,01/01/2023,11:08:11,1.0,3.0,Astoria,59.0,4.5,Drinking Chocolate,Hot chocolate,Dark chocolate Lg
113.0,01/01/2023,11:08:59,2.0,8.0,Hell's Kitchen,51.0,3.0,Tea,Brewed Black tea,Earl Grey Lg
114.0,01/01/2023,11:09:01,1.0,3.0,Astoria,59.0,4.5,Drinking Chocolate,Hot chocolate,Dark chocolate Lg
115.0,01/01/2023,11:10:21,1.0,3.0,Astoria,47.0,3.0,Tea,Brewed Green tea,Serenity Green Tea Lg
116.0,01/01/2023,11:10:21,1.0,3.0,Astoria,79.0,3.75,Bakery,Scone,Jumbo Savory Scone
117.0,01/01/2023,11:10:58,1.0,3.0,Astoria,46.0,2.5,Tea,Brewed Green tea,Serenity Green Tea Rg
118.0,01/01/2023,11:12:29,1.0,3.0,Astoria,43.0,3.0,Tea,Brewed herbal tea,Lemon Grass Lg
119.0,01/01/2023,11:16:02,2.0,3.0,Astoria,45.0,3.0,Tea,Brewed herbal tea,Peppermint Lg
120.0,01/01/2023,11:21:00,2.0,8.0,Hell's Kitchen,54.0,2.5,Tea,Brewed Chai tea,Morning Sunrise Chai Rg
121.0,01/01/2023,11:21:04,2.0,5.0,Lower Manhattan,51.0,3.0,Tea,Brewed Black tea,Earl Grey Lg
122.0,01/01/2023,11:21:14,1.0,3.0,Astoria,60.0,3.75,Drinking Chocolate,Hot chocolate,Sustainably Grown Organic Rg
123.0,01/01/2023,11:23:01,1.0,8.0,Hell's Kitchen,31.0,2.2,Coffee,Gourmet brewed coffee,Ethiopia Sm
124.0,01/01/2023,11:23:43,2.0,5.0,Lower Manhattan,60.0,3.75,Drinking Chocolate,Hot chocolate,Sustainably Grown Organic Rg
125.0,01/01/2023,11:23:43,1.0,5.0,Lower Manhattan,77.0,3.0,Bakery,Scone,Oatmeal Scone
126.0,01/01/2023,11:25:35,2.0,3.0,Astoria,49.0,3.0,Tea,Brewed Black tea,English Breakfast Lg
127.0,01/01/2023,11:25:37,2.0,5.0,Lower Manhattan,40.0,3.75,Coffee,Barista Espresso,Cappuccino
,01/01/2023,11:28:15,2.0,,Hell's Kitchen,44.0,,Tea,Brewed herbal tea,Peppermint Rg
129.0,01/01/2023,11:28:29,2.0,3.0,Astoria,33.0,3.5,Coffee,Gourmet brewed coffee,Ethiopia Lg
130.0,01/01/2023,11:29:25,2.0,5.0,Lower Manhattan,56.0,2.55,Tea,Brewed Chai tea,Spicy Eye Opener Chai Rg
131.0,01/01/2023,11:29:57,2.0,8.0,Hell's Kitchen,35.0,3.1,Coffee,Premium brewed coffee,Jamaican Coffee River Rg
132.0,01/01/2023,11:29:57,1.0,8.0,Hell's Kitchen,78.0,4.5,Bakery,Scone,Scottish Cream Scone 
133.0,01/01/2023,11:30:22,1.0,8.0,Hell's Kitchen,23.0,2.5,Coffee,Drip coffee,Our Old Time Diner Blend Rg
134.0,01/01/2023,11:31:35,1.0,8.0,Hell's Kitchen,24.0,3.0,Coffee,Drip coffee,Our Old Time Diner Blend Lg
135.0,01/01/2023,11:31:43,2.0,5.0,Lower Manhattan,51.0,3.0,Tea,Brewed Black tea,Earl Grey Lg
136.0,01/01/2023,11:31:43,1.0,5.0,Lower Manhattan,72.0,3.25,Bakery,Scone,Ginger Scone
137.0,01/01/2023,11:31:53,2.0,5.0,Lower Manhattan,54.0,2.5,Tea,Brewed Chai tea,Morning Sunrise Chai Rg
138.0,01/01/2023,11:31:53,1.0,5.0,Lower Manhattan,75.0,3.5,Bakery,Pastry,Croissant
139.0,01/01/2023,11:39:14,1.0,5.0,Lower Manhattan,60.0,3.75,Drinking Chocolate,Hot chocolate,Sustainably Grown Organic Rg
140.0,01/01/2023,11:39:14,1.0,5.0,Lower Manhattan,71.0,3.75,Bakery,Pastry,Chocolate Croissant
141.0,01/01/2023,11:40:26,2.0,3.0,Astoria,52.0,2.5,Tea,Brewed Chai tea,Traditional Blend Chai Rg
142.0,01/01/2023,11:43:57,2.0,3.0,Astoria,25.0,2.2,Coffee,Organic brewed coffee,Brazilian Sm
143.0,01/01/2023,11:44:09,1.0,5.0,Lower Manhattan,38.0,3.75,Coffee,Barista Espresso,Latte
144.0,01/01/2023,11:47:13,1.0,3.0,Astoria,30.0,3.0,Coffee,Gourmet brewed coffee,Columbian Medium Roast Lg
145.0,01/01/2023,11:48:56,2.0,8.0,Hell's Kitchen,50.0,2.5,Tea,Brewed Black tea,Earl Grey Rg
146.0,01/01/2023,11:49:42,1.0,8.0,Hell's Kitchen,54.0,2.5,Tea,Brewed Chai tea,Morning Sunrise Chai Rg
147.0,01/01/2023,11:49:42,1.0,8.0,Hell's Kitchen,72.0,3.25,Bakery,Scone,Ginger Scone
148.0,01/01/2023,11:50:16,2.0,3.0,Astoria,26.0,3.0,Coffee,Organic brewed coffee,Brazilian Rg
149.0,01/01/2023,11:50:23,2.0,3.0,Astoria,36.0,3.75,Coffee,Premium brewed coffee,Jamaican Coffee River Lg
150.0,01/01/2023,11:50:58,2.0,5.0,Lower Manhattan,45.0,3.0,Tea,Brewed herbal tea,Peppermint Lg
151.0,01/01/2023,11:51:30,2.0,8.0,Hell's Kitchen,33.0,3.5,Coffee,Gourmet brewed coffee,Ethiopia Lg
152.0,01/01/2023,11:52:31,1.0,5.0,Lower Manhattan,57.0,3.1,Tea,Brewed Chai tea,Spicy Eye Opener Chai Lg
153.0,01/01/2023,11:57:17,2.0,3.0,Astoria,37.0,3.0,Coffee,Barista Espresso,Espresso shot
154.0,01/01/2023,11:57:59,1.0,3.0,Astoria,50.0,2.5,Tea,Brewed Black tea,Earl Grey Rg
155.0,01/01/2023,11:57:59,1.0,3.0,Astoria,79.0,3.75,Bakery,Scone,Jumbo Savory Scone
156.0,01/01/2023,11:58:15,2.0,3.0,Astoria,60.0,3.75,Drinking Chocolate,Hot chocolate,Sustainably Grown Organic Rg
157.0,01/01/2023,12:00:20,1.0,5.0,Lower Manhattan,29.0,2.5,Coffee,Gourmet brewed coffee,Columbian Medium Roast Rg
158.0,01/01/2023,12:01:00,2.0,3.0,Astoria,49.0,3.0,Tea,Brewed Black tea,English Breakfast Lg
159.0,01/01/2023,12:01:20,2.0,3.0,Astoria,35.0,3.1,Coffee,Premium brewed coffee,Jamaican Coffee River Rg
160.0,01/01/2023,12:01:20,1.0,3.0,Astoria,75.0,3.5,Bakery,Pastry,Croissant
161.0,01/01/2023,12:03:09,1.0,8.0,Hell's Kitchen,36.0,3.75,Coffee,Premium brewed coffee,Jamaican Coffee River Lg
162.0,01/01/2023,12:03:38,1.0,8.0,Hell's Kitchen,47.0,3.0,Tea,Brewed Green tea,Serenity Green Tea Lg
163.0,01/01/2023,12:03:43,1.0,3.0,Astoria,44.0,2.5,Tea,Brewed herbal tea,Peppermint Rg
164.0,01/01/2023,12:04:22,2.0,8.0,Hell's Kitchen,27.0,3.5,Coffee,Organic brewed coffee,Brazilian Lg
165.0,01/01/2023,12:05:31,2.0,3.0,Astoria,52.0,2.5,Tea,Brewed Chai tea,Traditional Blend Chai Rg
166.0,01/01/2023,12:06:29,1.0,5.0,Lower Manhattan,46.0,2.5,Tea,Brewed Green tea,Serenity Green Tea Rg
167.0,01/01/2023,12:07:42,1.0,8.0,Hell's Kitchen,24.0,3.0,Coffee,Drip coffee,Our Old Time Diner Blend Lg
168.0,01/01/2023,12:08:21,1.0,5.0,Lower Manhattan,43.0,3.0,Tea,Brewed herbal tea,Lemon Grass Lg
169.0,01/01/2023,12:08:36,1.0,,Hell's Kitchen,,,Coffee,Premium brewed coffee,Jamaican Coffee River Rg
170.0,01/01/2023,12:09:11,2.0,3.0,Astoria,28.0,2.0,Coffee,Gourmet brewed coffee,Columbian Medium Roast Sm
171.0,01/01/2023,12:09:12,2.0,8.0,Hell's Kitchen,50.0,2.5,Tea,Brewed Black tea,Earl Grey Rg
172.0,01/01/2023,12:13:07,2.0,5.0,Lower Manhattan,38.0,3.75,Coffee,Barista Espresso,Latte
173.0,01/01/2023,12:14:26,2.0,8.0,Hell's Kitchen,35.0,3.1,Coffee,Premium brewed coffee,Jamaican Coffee River Rg
174.0,01/01/2023,12:17:38,2.0,8.0,Hell's Kitchen,50.0,2.5,Tea,Brewed Black tea,Earl Grey Rg
175.0,01/01/2023,12:18:07,2.0,5.0,Lower Manhattan,25.0,2.2,Coffee,Organic brewed coffee,Brazilian Sm
176.0,01/01/2023,12:18:44,2.0,3.0,Astoria,49.0,3.0,Tea,Brewed Black tea,English Breakfast Lg
177.0,01/01/2023,12:20:16,2.0,3.0,Astoria,60.0,3.75,Drinking Chocolate,Hot chocolate,Sustainably Grown Organic Rg
178.0,01/01/2023,12:23:39,,,Astoria,,3.0,Coffee,Drip coffee,Our Old Time Diner Blend Lg
179.0,01/01/2023,12:27:06,2.0,5.0,Lower Manhattan,41.0,4.25,Coffee,Barista Espresso,Cappuccino Lg
180.0,01/01/2023,12:30:46,2.0,3.0,Astoria,44.0,2.5,Tea,Brewed herbal tea,Peppermint Rg
181.0,01/01/2023,12:30:49,1.0,8.0,Hell's Kitchen,38.0,3.75,Coffee,Barista Espresso,Latte
182.0,01/01/2023,12:33:20,,,Astoria,54.0,,Tea,Brewed Chai tea,Morning Sunrise Chai Rg
183.0,01/01/2023,12:33:35,2.0,3.0,Astoria,29.0,2.5,Coffee,Gourmet brewed coffee,Columbian Medium Roast Rg
184.0,01/01/2023,12:35:53,2.0,5.0,Lower Manhattan,31.0,2.2,Coffee,Gourmet brewed coffee,Ethiopia Sm
185.0,01/01/2023,12:36:57,1.0,8.0,Hell's Kitchen,60.0,3.75,Drinking Chocolate,Hot chocolate,Sustainably Grown Organic Rg
,01/01/2023,12:38:28,,8.0,Hell's Kitchen,49.0,,Tea,Brewed Black tea,English Breakfast Lg
187.0,01/01/2023,12:42:26,1.0,3.0,Astoria,53.0,3.0,Tea,Brewed Chai tea,Traditional Blend Chai Lg
188.0,01/01/2023,12:44:01,1.0,8.0,Hell's Kitchen,60.0,3.75,Drinking Chocolate,Hot chocolate,Sustainably Grown Organic Rg
189.0,01/01/2023,12:44:31,1.0,3.0,Astoria,53.0,3.0,Tea,Brewed Chai tea,Traditional Blend Chai Lg
190.0,01/01/2023,12:44:32,1.0,3.0,Astoria,52.0,2.5,Tea,Brewed Chai tea,Traditional Blend Chai Rg
191.0,01/01/2023,12:45:52,2.0,3.0,Astoria,28.0,2.0,Coffee,Gourmet brewed coffee,Columbian Medium Roast Sm
192.0,01/01/2023,12:46:22,1.0,3.0,Astoria,56.0,2.55,Tea,Brewed Chai tea,Spicy Eye Opener Chai Rg
193.0,01/01/2023,12:46:26,1.0,3.0,Astoria,23.0,2.5,Coffee,Drip coffee,Our Old Time Diner Blend Rg
194.0,01/01/2023,12:46:55,1.0,3.0,Astoria,33.0,3.5,Coffee,Gourmet brewed coffee,Ethiopia Lg
195.0,01/01/2023,12:46:55,1.0,3.0,Astoria,75.0,3.5,Bakery,Pastry,Croissant
196.0,01/01/2023,12:48:08,2.0,3.0,Astoria,38.0,3.75,Coffee,Barista Espresso,Latte
197.0,01/01/2023,12:49:48,1.0,8.0,Hell's Kitchen,30.0,3.0,Coffee,Gourmet brewed coffee,Columbian Medium Roast Lg
198.0,01/01/2023,12:50:15,1.0,3.0,Astoria,59.0,4.5,Drinking Chocolate,Hot chocolate,Dark chocolate Lg
199.0,01/01/2023,12:50:28,2.0,3.0,Astoria,32.0,3.0,Coffee,Gourmet brewed coffee,Ethiopia Rg
200.0,01/01/2023,12:51:21,1.0,8.0,Hell's Kitchen,53.0,3.0,Tea,Brewed Chai tea,Traditional Blend Chai Lg
201.0,01/01/2023,12:51:57,1.0,5.0,Lower Manhattan,61.0,4.75,Drinking Chocolate,Hot chocolate,Sustainably Grown Organic Lg
202.0,01/01/2023,12:51:57,1.0,5.0,Lower Manhattan,72.0,3.25,Bakery,Scone,Ginger Scone
203.0,01/01/2023,12:52:18,1.0,5.0,Lower Manhattan,56.0,2.55,Tea,Brewed Chai tea,Spicy Eye Opener Chai Rg
204.0,01/01/2023,12:52:18,1.0,5.0,Lower Manhattan,75.0,3.5,Bakery,Pastry,Croissant
205.0,01/01/2023,12:53:11,2.0,8.0,Hell's Kitchen,29.0,2.5,Coffee,Gourmet brewed coffee,Columbian Medium Roast Rg
206.0,01/01/2023,12:53:59,1.0,8.0,Hell's Kitchen,37.0,3.0,Coffee,Barista Espresso,Espresso shot
207.0,01/01/2023,12:55:25,1.0,3.0,Astoria,49.0,3.0,Tea,Brewed Black tea,English Breakfast Lg
208.0,01/01/2023,12:55:27,1.0,5.0,Lower Manhattan,57.0,3.1,Tea,Brewed Chai tea,Spicy Eye Opener Chai Lg
209.0,01/01/2023,12:55:27,1.0,5.0,Lower Manhattan,75.0,3.5,Bakery,Pastry,Croissant
210.0,01/01/2023,12:55:36,1.0,8.0,Hell's Kitchen,45.0,3.0,Tea,Brewed herbal tea,Peppermint Lg
211.0,01/01/2023,12:55:53,2.0,8.0,Hell's Kitchen,26.0,3.0,Coffee,Organic brewed coffee,Brazilian Rg
212.0,01/01/2023,12:56:33,1.0,3.0,Astoria,61.0,4.75,Drinking Chocolate,Hot chocolate,Sustainably Grown Organic Lg
213.0,01/01/2023,12:56:59,1.0,3.0,Astoria,47.0,3.0,Tea,Brewed Green tea,Serenity Green Tea Lg
214.0,01/01/2023,12:58:54,2.0,3.0,Astoria,44.0,2.5,Tea,Brewed herbal tea,Peppermint Rg
215.0,01/01/2023,12:59:06,1.0,8.0,Hell's Kitchen,36.0,3.75,Coffee,Premium brewed coffee,Jamaican Coffee River Lg
216.0,01/01/2023,13:00:38,2.0,5.0,Lower Manhattan,30.0,3.0,Coffee,Gourmet brewed coffee,Columbian Medium Roast Lg
217.0,01/01/2023,13:01:33,2.0,5.0,Lower Manhattan,25.0,2.2,Coffee,Organic brewed coffee,Brazilian Sm
218.0,01/01/2023,13:02:40,1.0,8.0,Hell's Kitchen,49.0,3.0,Tea,Brewed Black tea,English Breakfast Lg
219.0,01/01/2023,13:02:40,1.0,8.0,Hell's Kitchen,78.0,4.5,Bakery,Scone,Scottish Cream Scone 
220.0,01/01/2023,13:02:52,1.0,8.0,Hell's Kitchen,26.0,3.0,Coffee,Organic brewed coffee,Brazilian Rg
221.0,01/01/2023,13:03:13,2.0,3.0,Astoria,43.0,3.0,Tea,Brewed herbal tea,Lemon Grass Lg
222.0,01/01/2023,13:04:01,2.0,8.0,Hell's Kitchen,25.0,2.2,Coffee,Organic brewed coffee,Brazilian Sm
223.0,01/01/2023,13:04:01,1.0,8.0,Hell's Kitchen,72.0,3.25,Bakery,Scone,Ginger Scone
224.0,01/01/2023,13:04:22,,,Hell's Kitchen,42.0,2.5,Tea,Brewed herbal tea,Lemon Grass Rg
225.0,01/01/2023,13:04:37,2.0,8.0,Hell's Kitchen,54.0,2.5,Tea,Brewed Chai tea,Morning Sunrise Chai Rg
226.0,01/01/2023,13:04:51,1.0,3.0,Astoria,22.0,2.0,Coffee,Drip coffee,Our Old Time Diner Blend Sm
227.0,01/01/2023,13:05:56,1.0,3.0,Astoria,58.0,3.5,Drinking Chocolate,Hot chocolate,Dark chocolate Rg
,01/01/2023,13:07:37,,,Lower Manhattan,24.0,3.0,Coffee,Drip coffee,Our Old Time Diner Blend Lg
229.0,01/01/2023,13:09:03,1.0,3.0,Astoria,35.0,3.1,Coffee,Premium brewed coffee,Jamaican Coffee River Rg
230.0,01/01/2023,13:12:03,2.0,5.0,Lower Manhattan,30.0,3.0,Coffee,Gourmet brewed coffee,Columbian Medium Roast Lg
231.0,01/01/2023,13:13:09,1.0,5.0,Lower Manhattan,60.0,3.75,Drinking Chocolate,Hot chocolate,Sustainably Grown Organic Rg
232.0,01/01/2023,13:17:30,1.0,8.0,Hell's Kitchen,56.0,2.55,Tea,Brewed Chai tea,Spicy Eye Opener Chai Rg
,01/01/2023,13:17:32,,3.0,Astoria,55.0,4.0,Tea,Brewed Chai tea,Morning Sunrise Chai Lg
234.0,01/01/2023,13:18:34,2.0,8.0,Hell's Kitchen,49.0,3.0,Tea,Brewed Black tea,English Breakfast Lg
235.0,01/01/2023,13:19:09,1.0,8.0,Hell's Kitchen,55.0,4.0,Tea,Brewed Chai tea,Morning Sunrise Chai Lg
236.0,01/01/2023,13:19:09,1.0,8.0,Hell's Kitchen,75.0,3.5,Bakery,Pastry,Croissant
237.0,01/01/2023,13:19:36,1.0,3.0,Astoria,23.0,2.5,Coffee,Drip coffee,Our Old Time Diner Blend Rg
238.0,01/01/2023,13:19:56,2.0,8.0,Hell's Kitchen,31.0,2.2,Coffee,Gourmet brewed coffee,Ethiopia Sm
239.0,01/01/2023,13:20:51,2.0,3.0,Astoria,35.0,3.1,Coffee,Premium brewed coffee,Jamaican Coffee River Rg
240.0,01/01/2023,13:21:23,2.0,3.0,Astoria,38.0,3.75,Coffee,Barista Espresso,Latte
241.0,01/01/2023,13:22:11,1.0,5.0,Lower Manhattan,23.0,2.5,Coffee,Drip coffee,Our Old Time Diner Blend Rg
242.0,01/01/2023,13:22:45,2.0,3.0,Astoria,46.0,2.5,Tea,Brewed Green tea,Serenity Green Tea Rg
243.0,01/01/2023,13:23:54,2.0,3.0,Astoria,58.0,3.5,Drinking Chocolate,Hot chocolate,Dark chocolate Rg
244.0,01/01/2023,13:24:29,2.0,5.0,Lower Manhattan,60.0,3.75,Drinking Chocolate,Hot chocolate,Sustainably Grown Organic Rg
245.0,01/01/2023,13:30:49,2.0,5.0,Lower Manhattan,31.0,2.2,Coffee,Gourmet brewed coffee,Ethiopia Sm
246.0,01/01/2023,13:32:07,2.0,5.0,Lower Manhattan,25.0,2.2,Coffee,Organic brewed coffee,Brazilian Sm
247.0,01/01/2023,13:32:34,1.0,5.0,Lower Manhattan,87.0,3.0,Coffee,Barista Espresso,Ouro Brasileiro shot
248.0,01/01/2023,13:34:12,,3.0,Astoria,,,Coffee,Gourmet brewed coffee,Columbian Medium Roast Sm
249.0,01/01/2023,13:38:09,1.0,8.0,Hell's Kitchen,27.0,3.5,Coffee,Organic brewed coffee,Brazilian Lg
250.0,01/01/2023,13:38:11,2.0,8.0,Hell's Kitchen,40.0,3.75,Coffee,Barista Espresso,Cappuccino
251.0,01/01/2023,13:39:41,1.0,5.0,Lower Manhattan,51.0,3.0,Tea,Brewed Black tea,Earl Grey Lg
252.0,01/01/2023,13:40:47,2.0,3.0,Astoria,54.0,2.5,Tea,Brewed Chai tea,Morning Sunrise Chai Rg
253.0,01/01/2023,13:41:09,2.0,3.0,Astoria,42.0,2.5,Tea,Brewed herbal tea,Lemon Grass Rg
254.0,01/01/2023,13:42:10,1.0,3.0,Astoria,43.0,3.0,Tea,Brewed herbal tea,Lemon Grass Lg
255.0,01/01/2023,13:42:49,1.0,5.0,Lower Manhattan,36.0,3.75,Coffee,Premium brewed coffee,Jamaican Coffee River Lg
,01/01/2023,13:42:58,,,Lower Manhattan,52.0,2.5,Tea,Brewed Chai tea,Traditional Blend Chai Rg
257.0,01/01/2023,13:42:58,1.0,5.0,Lower Manhattan,72.0,3.25,Bakery,Scone,Ginger Scone
258.0,01/01/2023,13:43:18,2.0,3.0,Astoria,54.0,2.5,Tea,Brewed Chai tea,Morning Sunrise Chai Rg
259.0,01/01/2023,13:43:18,1.0,3.0,Astoria,69.0,3.25,Bakery,Biscotti,Hazelnut Biscotti
260.0,01/01/2023,13:43:41,2.0,5.0,Lower Manhattan,25.0,2.2,Coffee,Organic brewed coffee,Brazilian Sm
261.0,01/01/2023,13:44:26,1.0,3.0,Astoria,57.0,3.1,Tea,Brewed Chai tea,Spicy Eye Opener Chai Lg
262.0,01/01/2023,13:47:51,1.0,8.0,Hell's Kitchen,40.0,3.75,Coffee,Barista Espresso,Cappuccino
263.0,01/01/2023,13:49:03,2.0,8.0,Hell's Kitchen,22.0,2.0,Coffee,Drip coffee,Our Old Time Diner Blend Sm
264.0,01/01/2023,13:50:09,1.0,5.0,Lower Manhattan,53.0,3.0,Tea,Brewed Chai tea,Traditional Blend Chai Lg
265.0,01/01/2023,13:50:47,2.0,8.0,Hell's Kitchen,54.0,2.5,Tea,Brewed Chai tea,Morning Sunrise Chai Rg
266.0,01/01/2023,13:51:56,2.0,,Hell's Kitchen,,3.0,Coffee,Gourmet brewed coffee,Ethiopia Rg
267.0,01/01/2023,13:53:04,2.0,3.0,Astoria,38.0,3.75,Coffee,Barista Espresso,Latte
268.0,01/01/2023,13:53:31,1.0,8.0,Hell's Kitchen,33.0,3.5,Coffee,Gourmet brewed coffee,Ethiopia Lg
269.0,01/01/2023,13:54:18,2.0,8.0,Hell's Kitchen,22.0,2.0,Coffee,Drip coffee,Our Old Time Diner Blend Sm
270.0,01/01/2023,13:55:04,1.0,5.0,Lower Manhattan,42.0,2.5,Tea,Brewed herbal tea,Lemon Grass Rg
271.0,01/01/2023,13:55:50,2.0,8.0,Hell's Kitchen,45.0,3.0,Tea,Brewed herbal tea,Peppermint Lg
272.0,01/01/2023,13:56:15,2.0,8.0,Hell's Kitchen,48.0,2.5,Tea,Brewed Black tea,English Breakfast Rg
273.0,01/01/2023,13:56:24,1.0,8.0,Hell's Kitchen,53.0,3.0,Tea,Brewed Chai tea,Traditional Blend Chai Lg
274.0,01/01/2023,13:57:34,2.0,5.0,Lower Manhattan,27.0,3.5,Coffee,Organic brewed coffee,Brazilian Lg
275.0,01/01/2023,13:57:34,1.0,5.0,Lower Manhattan,71.0,3.75,Bakery,Pastry,Chocolate Croissant
276.0,01/01/2023,13:58:10,2.0,3.0,Astoria,46.0,2.5,Tea,Brewed Green tea,Serenity Green Tea Rg
277.0,01/01/2023,13:58:11,1.0,5.0,Lower Manhattan,34.0,2.45,Coffee,Premium brewed coffee,Jamaican Coffee River Sm
278.0,01/01/2023,13:59:58,2.0,5.0,Lower Manhattan,39.0,4.25,Coffee,Barista Espresso,Latte Rg
279.0,01/01/2023,14:03:34,2.0,5.0,Lower Manhattan,25.0,2.2,Coffee,Organic brewed coffee,Brazilian Sm
280.0,01/01/2023,14:03:34,1.0,5.0,Lower Manhattan,69.0,3.25,Bakery,Biscotti,Hazelnut Biscotti
281.0,01/01/2023,14:03:41,1.0,3.0,Astoria,32.0,3.0,Coffee,Gourmet brewed coffee,Ethiopia Rg
282.0,01/01/2023,14:07:12,2.0,3.0,Astoria,41.0,4.25,Coffee,Barista Espresso,Cappuccino Lg
283.0,01/01/2023,14:07:56,1.0,3.0,Astoria,23.0,2.5,Coffee,Drip coffee,Our Old Time Diner Blend Rg
284.0,01/01/2023,14:08:03,1.0,8.0,Hell's Kitchen,24.0,3.0,Coffee,Drip coffee,Our Old Time Diner Blend Lg
285.0,01/01/2023,14:08:03,1.0,8.0,Hell's Kitchen,71.0,3.75,Bakery,Pastry,Chocolate Croissant
286.0,01/01/2023,14:11:14,2.0,8.0,Hell's Kitchen,60.0,3.75,Drinking Chocolate,Hot chocolate,Sustainably Grown Organic Rg
287.0,01/01/2023,14:13:28,2.0,5.0,Lower Manhattan,57.0,3.1,Tea,Brewed Chai tea,Spicy Eye Opener Chai Lg
288.0,01/01/2023,14:19:57,2.0,5.0,Lower Manhattan,23.0,2.5,Coffee,Drip coffee,Our Old Time Diner Blend Rg
289.0,01/01/2023,14:20:06,2.0,3.0,Astoria,35.0,3.1,Coffee,Premium brewed coffee,Jamaican Coffee River Rg
290.0,01/01/2023,14:20:08,2.0,3.0,Astoria,42.0,2.5,Tea,Brewed herbal tea,Lemon Grass Rg
291.0,01/01/2023,14:22:01,2.0,8.0,Hell's Kitchen,49.0,3.0,Tea,Brewed Black tea,English Breakfast Lg
292.0,01/01/2023,14:22:38,2.0,5.0,Lower Manhattan,39.0,4.25,Coffee,Barista Espresso,Latte Rg
293.0,01/01/2023,14:23:28,1.0,8.0,Hell's Kitchen,55.0,4.0,Tea,Brewed Chai tea,Morning Sunrise Chai Lg
294.0,01/01/2023,14:23:28,1.0,8.0,Hell's Kitchen,71.0,3.75,Bakery,Pastry,Chocolate Croissant
295.0,01/01/2023,14:24:55,2.0,3.0,Astoria,41.0,4.25,Coffee,Barista Espresso,Cappuccino Lg
296.0,01/01/2023,14:24:55,1.0,3.0,Astoria,79.0,3.75,Bakery,Scone,Jumbo Savory Scone
297.0,01/01/2023,14:25:32,2.0,3.0,Astoria,58.0,3.5,Drinking Chocolate,Hot chocolate,Dark chocolate Rg
298.0,01/01/2023,14:25:39,2.0,5.0,Lower Manhattan,24.0,3.0,Coffee,Drip coffee,Our Old Time Diner Blend Lg
299.0,01/01/2023,14:26:36,1.0,8.0,Hell's Kitchen,61.0,4.75,Drinking Chocolate,Hot chocolate,Sustainably Grown Organic Lg
300.0,01/01/2023,14:29:05,2.0,5.0,Lower Manhattan,45.0,3.0,Tea,Brewed herbal tea,Peppermint Lg
301.0,01/01/2023,14:29:50,2.0,5.0,Lower Manhattan,49.0,3.0,Tea,Brewed Black tea,English Breakfast Lg
302.0,01/01/2023,14:29:50,1.0,5.0,Lower Manhattan,78.0,4.5,Bakery,Scone,Scottish Cream Scone 
303.0,01/01/2023,14:30:51,1.0,8.0,Hell's Kitchen,48.0,2.5,Tea,Brewed Black tea,English Breakfast Rg
304.0,01/01/2023,14:30:58,1.0,5.0,Lower Manhattan,57.0,3.1,Tea,Brewed Chai tea,Spicy Eye Opener Chai Lg
305.0,01/01/2023,14:31:26,1.0,5.0,Lower Manhattan,42.0,2.5,Tea,Brewed herbal tea,Lemon Grass Rg
306.0,01/01/2023,14:32:20,2.0,8.0,Hell's Kitchen,30.0,3.0,Coffee,Gourmet brewed coffee,Columbian Medium Roast Lg
307.0,01/01/2023,14:32:42,2.0,5.0,Lower Manhattan,41.0,4.25,Coffee,Barista Espresso,Cappuccino Lg
308.0,01/01/2023,14:32:54,2.0,8.0,Hell's Kitchen,39.0,4.25,Coffee,Barista Espresso,Latte Rg
309.0,01/01/2023,14:35:47,1.0,3.0,Astoria,55.0,4.0,Tea,Brewed Chai tea,Morning Sunrise Chai Lg
310.0,01/01/2023,14:36:23,2.0,3.0,Astoria,30.0,3.0,Coffee,Gourmet brewed coffee,Columbian Medium Roast Lg
311.0,01/01/2023,14:36:35,1.0,5.0,Lower Manhattan,57.0,3.1,Tea,Brewed Chai tea,Spicy Eye Opener Chai Lg
312.0,01/01/2023,14:37:48,1.0,5.0,Lower Manhattan,44.0,2.5,Tea,Brewed herbal tea,Peppermint Rg
313.0,01/01/2023,14:39:06,1.0,5.0,Lower Manhattan,87.0,3.0,Coffee,Barista Espresso,Ouro Brasileiro shot
314.0,01/01/2023,14:39:48,2.0,8.0,Hell's Kitchen,34.0,2.45,Coffee,Premium brewed coffee,Jamaican Coffee River Sm
315.0,01/01/2023,14:42:39,2.0,5.0,Lower Manhattan,61.0,4.75,Drinking Chocolate,Hot chocolate,Sustainably Grown Organic Lg
316.0,01/01/2023,14:43:13,2.0,3.0,Astoria,50.0,2.5,Tea,Brewed Black tea,Earl Grey Rg
317.0,01/01/2023,14:45:31,1.0,3.0,Astoria,47.0,3.0,Tea,Brewed Green tea,Serenity Green Tea Lg
318.0,01/01/2023,14:46:09,1.0,8.0,Hell's Kitchen,48.0,2.5,Tea,Brewed Black tea,English Breakfast Rg
319.0,01/01/2023,14:47:29,1.0,8.0,Hell's Kitchen,24.0,3.0,Coffee,Drip coffee,Our Old Time Diner Blend Lg
320.0,01/01/2023,14:47:29,1.0,8.0,Hell's Kitchen,75.0,3.5,Bakery,Pastry,Croissant
321.0,01/01/2023,14:49:49,2.0,8.0,Hell's Kitchen,51.0,3.0,Tea,Brewed Black tea,Earl Grey Lg
322.0,01/01/2023,14:51:19,2.0,5.0,Lower Manhattan,43.0,3.0,Tea,Brewed herbal tea,Lemon Grass Lg
323.0,01/01/2023,14:55:34,2.0,3.0,Astoria,34.0,2.45,Coffee,Premium brewed coffee,Jamaican Coffee River Sm
324.0,01/01/2023,14:58:07,2.0,8.0,Hell's Kitchen,30.0,3.0,Coffee,Gourmet brewed coffee,Columbian Medium Roast Lg
325.0,01/01/2023,14:58:35,1.0,3.0,Astoria,43.0,3.0,Tea,Brewed herbal tea,Lemon Grass Lg
326.0,01/01/2023,15:02:04,2.0,3.0,Astoria,39.0,4.25,Coffee,Barista Espresso,Latte Rg
327.0,01/01/2023,15:02:28,1.0,8.0,Hell's Kitchen,38.0,3.75,Coffee,Barista Espresso,Latte
328.0,01/01/2023,15:06:27,2.0,5.0,Lower Manhattan,25.0,2.2,Coffee,Organic brewed coffee,Brazilian Sm
329.0,01/01/2023,15:08:28,2.0,3.0,Astoria,43.0,3.0,Tea,Brewed herbal tea,Lemon Grass Lg
330.0,01/01/2023,15:09:37,1.0,3.0,Astoria,22.0,2.0,Coffee,Drip coffee,Our Old Time Diner Blend Sm
331.0,01/01/2023,15:09:54,1.0,8.0,Hell's Kitchen,61.0,4.75,Drinking Chocolate,Hot chocolate,Sustainably Grown Organic Lg
332.0,01/01/2023,15:10:10,,5.0,Lower Manhattan,,,Coffee,Barista Espresso,Cappuccino
,01/01/2023,15:10:10,1.0,,Lower Manhattan,75.0,,Bakery,Pastry,Croissant
334.0,01/01/2023,15:12:22,1.0,3.0,Astoria,24.0,3.0,Coffee,Drip coffee,Our Old Time Diner Blend Lg
335.0,01/01/2023,15:12:54,2.0,3.0,Astoria,52.0,2.5,Tea,Brewed Chai tea,Traditional Blend Chai Rg
336.0,01/01/2023,15:14:19,2.0,3.0,Astoria,26.0,3.0,Coffee,Organic brewed coffee,Brazilian Rg
337.0,01/01/2023,15:16:37,2.0,5.0,Lower Manhattan,38.0,3.75,Coffee,Barista Espresso,Latte
,01/01/2023,15:18:56,1.0,,Astoria,61.0,,Drinking Chocolate,Hot chocolate,Sustainably Grown Organic Lg
339.0,01/01/2023,15:19:34,1.0,3.0,Astoria,29.0,2.5,Coffee,Gourmet brewed coffee,Columbian Medium Roast Rg
340.0,01/01/2023,15:21:05,2.0,8.0,Hell's Kitchen,30.0,3.0,Coffee,Gourmet brewed coffee,Columbian Medium Roast Lg
341.0,01/01/2023,15:22:11,2.0,3.0,Astoria,39.0,4.25,Coffee,Barista Espresso,Latte Rg
342.0,01/01/2023,15:24:01,1.0,8.0,Hell's Kitchen,26.0,3.0,Coffee,Organic brewed coffee,Brazilian Rg
343.0,01/01/2023,15:25:09,2.0,5.0,Lower Manhattan,50.0,2.5,Tea,Brewed Black tea,Earl Grey Rg
344.0,01/01/2023,15:27:11,2.0,3.0,Astoria,58.0,3.5,Drinking Chocolate,Hot chocolate,Dark chocolate Rg
345.0,01/01/2023,15:28:29,1.0,3.0,Astoria,58.0,3.5,Drinking Chocolate,Hot chocolate,Dark chocolate Rg
346.0,01/01/2023,15:28:54,1.0,5.0,Lower Manhattan,43.0,3.0,Tea,Brewed herbal tea,Lemon Grass Lg
347.0,01/01/2023,15:29:24,1.0,3.0,Astoria,57.0,3.1,Tea,Brewed Chai tea,Spicy Eye Opener Chai Lg
348.0,01/01/2023,15:29:24,1.0,3.0,Astoria,70.0,3.25,Bakery,Scone,Cranberry Scone
349.0,01/01/2023,15:30:16,1.0,3.0,Astoria,43.0,3.0,Tea,Brewed herbal tea,Lemon Grass Lg
350.0,01/01/2023,15:30:27,2.0,3.0,Astoria,31.0,2.2,Coffee,Gourmet brewed coffee,Ethiopia Sm
351.0,01/01/2023,15:30:58,1.0,5.0,Lower Manhattan,34.0,2.45,Coffee,Premium brewed coffee,Jamaican Coffee River Sm
352.0,01/01/2023,15:30:58,2.0,8.0,Hell's Kitchen,29.0,2.5,Coffee,Gourmet brewed coffee,Columbian Medium Roast Rg
353.0,01/01/2023,15:33:36,2.0,5.0,Lower Manhattan,28.0,2.0,Coffee,Gourmet brewed coffee,Columbian Medium Roast Sm
354.0,01/01/2023,15:33:36,1.0,5.0,Lower Manhattan,74.0,3.5,Bakery,Biscotti,Ginger Biscotti
355.0,01/01/2023,15:34:10,2.0,3.0,Astoria,41.0,4.25,Coffee,Barista Espresso,Cappuccino Lg
356.0,01/01/2023,15:34:10,1.0,3.0,Astoria,76.0,3.5,Bakery,Biscotti,Chocolate Chip Biscotti
357.0,01/01/2023,15:36:59,2.0,5.0,Lower Manhattan,37.0,3.0,Coffee,Barista Espresso,Espresso shot
358.0,01/01/2023,15:39:44,1.0,8.0,Hell's Kitchen,44.0,2.5,Tea,Brewed herbal tea,Peppermint Rg
359.0,01/01/2023,15:42:20,1.0,3.0,Astoria,36.0,3.75,Coffee,Premium brewed coffee,Jamaican Coffee River Lg
360.0,01/01/2023,15:45:16,2.0,3.0,Astoria,46.0,2.5,Tea,Brewed Green tea,Serenity Green Tea Rg
361.0,01/01/2023,15:46:34,2.0,5.0,Lower Manhattan,40.0,3.75,Coffee,Barista Espresso,Cappuccino
362.0,01/01/2023,15:51:15,2.0,,Hell's Kitchen,,,Coffee,Premium brewed coffee,Jamaican Coffee River Rg
363.0,01/01/2023,15:52:23,2.0,5.0,Lower Manhattan,39.0,4.25,Coffee,Barista Espresso,Latte Rg
364.0,01/01/2023,15:52:23,1.0,5.0,Lower Manhattan,69.0,3.25,Bakery,Biscotti,Hazelnut Biscotti
365.0,01/01/2023,15:53:55,2.0,5.0,Lower Manhattan,33.0,3.5,Coffee,Gourmet brewed coffee,Ethiopia Lg
366.0,01/01/2023,15:55:45,1.0,8.0,Hell's Kitchen,24.0,3.0,Coffee,Drip coffee,Our Old Time Diner Blend Lg
367.0,01/01/2023,15:55:50,2.0,3.0,Astoria,31.0,2.2,Coffee,Gourmet brewed coffee,Ethiopia Sm
368.0,01/01/2023,15:58:55,1.0,8.0,Hell's Kitchen,48.0,2.5,Tea,Brewed Black tea,English Breakfast Rg
369.0,01/01/2023,16:00:23,1.0,8.0,Hell's Kitchen,38.0,3.75,Coffee,Barista Espresso,Latte
370.0,01/01/2023,16:02:07,1.0,8.0,Hell's Kitchen,41.0,4.25,Coffee,Barista Espresso,Cappuccino Lg
371.0,01/01/2023,16:03:30,2.0,3.0,Astoria,34.0,2.45,Coffee,Premium brewed coffee,Jamaican Coffee River Sm
372.0,01/01/2023,16:03:54,1.0,8.0,Hell's Kitchen,46.0,2.5,Tea,Brewed Green tea,Serenity Green Tea Rg
373.0,01/01/2023,16:04:10,2.0,,Astoria,,,Tea,Brewed herbal tea,Lemon Grass Rg
,01/01/2023,16:06:04,2.0,3.0,Astoria,23.0,,Coffee,Drip coffee,Our Old Time Diner Blend Rg
375.0,01/01/2023,16:07:20,2.0,3.0,Astoria,23.0,2.5,Coffee,Drip coffee,Our Old Time Diner Blend Rg
376.0,01/01/2023,16:08:59,2.0,3.0,Astoria,42.0,2.5,Tea,Brewed herbal tea,Lemon Grass Rg
377.0,01/01/2023,16:10:37,2.0,3.0,Astoria,42.0,2.5,Tea,Brewed herbal tea,Lemon Grass Rg
378.0,01/01/2023,16:12:00,1.0,8.0,Hell's Kitchen,87.0,3.0,Coffee,Barista Espresso,Ouro Brasileiro shot
379.0,01/01/2023,16:17:06,2.0,3.0,Astoria,34.0,2.45,Coffee,Premium brewed coffee,Jamaican Coffee River Sm
380.0,01/01/2023,16:17:52,2.0,3.0,Astoria,29.0,2.5,Coffee,Gourmet brewed coffee,Columbian Medium Roast Rg
381.0,01/01/2023,16:19:00,,,Hell's Kitchen,29.0,,Coffee,Gourmet brewed coffee,Columbian Medium Roast Rg
382.0,01/01/2023,16:19:17,1.0,3.0,Astoria,56.0,2.55,Tea,Brewed Chai tea,Spicy Eye Opener Chai Rg
383.0,01/01/2023,16:19:26,2.0,5.0,Lower Manhattan,40.0,3.75,Coffee,Barista Espresso,Cappuccino
384.0,01/01/2023,16:20:07,2.0,3.0,Astoria,36.0,3.75,Coffee,Premium brewed coffee,Jamaican Coffee River Lg
385.0,01/01/2023,16:22:07,1.0,5.0,Lower Manhattan,22.0,2.0,Coffee,Drip coffee,Our Old Time Diner Blend Sm
386.0,01/01/2023,16:22:38,1.0,3.0,Astoria,22.0,2.0,Coffee,Drip coffee,Our Old Time Diner Blend Sm
387.0,01/01/2023,16:25:28,1.0,3.0,Astoria,44.0,2.5,Tea,Brewed herbal tea,Peppermint Rg
388.0,01/01/2023,16:27:42,1.0,5.0,Lower Manhattan,56.0,2.55,Tea,Brewed Chai tea,Spicy Eye Opener Chai Rg
389.0,01/01/2023,16:28:00,2.0,8.0,Hell's Kitchen,53.0,3.0,Tea,Brewed Chai tea,Traditional Blend Chai Lg
390.0,01/01/2023,16:28:57,1.0,5.0,Lower Manhattan,42.0,2.5,Tea,Brewed herbal tea,Lemon Grass Rg
391.0,01/01/2023,16:29:36,2.0,3.0,Astoria,27.0,3.5,Coffee,Organic brewed coffee,Brazilian Lg
392.0,01/01/2023,16:30:12,1.0,3.0,Astoria,40.0,3.75,Coffee,Barista Espresso,Cappuccino
393.0,01/01/2023,16:33:35,1.0,3.0,Astoria,35.0,3.1,Coffee,Premium brewed coffee,Jamaican Coffee River Rg
394.0,01/01/2023,16:35:11,1.0,5.0,Lower Manhattan,28.0,2.0,Coffee,Gourmet brewed coffee,Columbian Medium Roast Sm
395.0,01/01/2023,16:39:24,1.0,3.0,Astoria,36.0,3.75,Coffee,Premium brewed coffee,Jamaican Coffee River Lg
396.0,01/01/2023,16:39:27,1.0,8.0,Hell's Kitchen,58.0,3.5,Drinking Chocolate,Hot chocolate,Dark chocolate Rg
397.0,01/01/2023,16:40:18,1.0,3.0,Astoria,33.0,3.5,Coffee,Gourmet brewed coffee,Ethiopia Lg
398.0,01/01/2023,16:40:19,1.0,5.0,Lower Manhattan,46.0,2.5,Tea,Brewed Green tea,Serenity Green Tea Rg
399.0,01/01/2023,16:41:51,1.0,5.0,Lower Manhattan,23.0,2.5,Coffee,Drip coffee,Our Old Time Diner Blend Rg
400.0,01/01/2023,16:43:33,2.0,8.0,Hell's Kitchen,50.0,2.5,Tea,Brewed Black tea,Earl Grey Rg
401.0,01/01/2023,16:44:46,2.0,3.0,Astoria,54.0,2.5,Tea,Brewed Chai tea,Morning Sunrise Chai Rg
402.0,01/01/2023,16:47:05,1.0,5.0,Lower Manhattan,44.0,2.5,Tea,Brewed herbal tea,Peppermint Rg
403.0,01/01/2023,16:47:05,1.0,5.0,Lower Manhattan,72.0,3.25,Bakery,Scone,Ginger Scone
404.0,01/01/2023,16:48:31,2.0,5.0,Lower Manhattan,44.0,2.5,Tea,Brewed herbal tea,Peppermint Rg
405.0,01/01/2023,16:49:19,1.0,5.0,Lower Manhattan,53.0,3.0,Tea,Brewed Chai tea,Traditional Blend Chai Lg
406.0,01/01/2023,16:49:19,1.0,5.0,Lower Manhattan,71.0,3.75,Bakery,Pastry,Chocolate Croissant
407.0,01/01/2023,16:49:38,1.0,3.0,Astoria,52.0,2.5,Tea,Brewed Chai tea,Traditional Blend Chai Rg
408.0,01/01/2023,16:52:13,2.0,8.0,Hell's Kitchen,42.0,2.5,Tea,Brewed herbal tea,Lemon Grass Rg
409.0,01/01/2023,16:52:51,1.0,5.0,Lower Manhattan,50.0,2.5,Tea,Brewed Black tea,Earl Grey Rg
410.0,01/01/2023,16:56:48,1.0,3.0,Astoria,28.0,2.0,Coffee,Gourmet brewed coffee,Columbian Medium Roast Sm
411.0,01/01/2023,16:58:42,1.0,3.0,Astoria,58.0,3.5,Drinking Chocolate,Hot chocolate,Dark chocolate Rg
412.0,01/01/2023,16:58:42,1.0,3.0,Astoria,69.0,3.25,Bakery,Biscotti,Hazelnut Biscotti
413.0,01/01/2023,17:01:03,2.0,5.0,Lower Manhattan,36.0,3.75,Coffee,Premium brewed coffee,Jamaican Coffee River Lg
414.0,01/01/2023,17:01:31,2.0,8.0,Hell's Kitchen,50.0,2.5,Tea,Brewed Black tea,Earl Grey Rg
,01/01/2023,17:03:21,,3.0,Astoria,50.0,2.5,Tea,Brewed Black tea,Earl Grey Rg
416.0,01/01/2023,17:05:44,2.0,3.0,Astoria,36.0,3.75,Coffee,Premium brewed coffee,Jamaican Coffee River Lg
417.0,01/01/2023,17:09:18,2.0,8.0,Hell's Kitchen,47.0,3.0,Tea,Brewed Green tea,Serenity Green Tea Lg
418.0,01/01/2023,17:10:34,1.0,3.0,Astoria,27.0,3.5,Coffee,Organic brewed coffee,Brazilian Lg
419.0,01/01/2023,17:10:35,1.0,3.0,Astoria,59.0,4.5,Drinking Chocolate,Hot chocolate,Dark chocolate Lg
420.0,01/01/2023,17:11:58,2.0,8.0,Hell's Kitchen,36.0,3.75,Coffee,Premium brewed coffee,Jamaican Coffee River Lg
421.0,01/01/2023,17:13:17,2.0,5.0,Lower Manhattan,31.0,2.2,Coffee,Gourmet brewed coffee,Ethiopia Sm
422.0,01/01/2023,17:16:17,1.0,8.0,Hell's Kitchen,35.0,3.1,Coffee,Premium brewed coffee,Jamaican Coffee River Rg
423.0,01/01/2023,17:17:19,2.0,8.0,Hell's Kitchen,55.0,4.0,Tea,Brewed Chai tea,Morning Sunrise Chai Lg
424.0,01/01/2023,17:17:22,1.0,8.0,Hell's Kitchen,31.0,2.2,Coffee,Gourmet brewed coffee,Ethiopia Sm
425.0,01/01/2023,17:18:36,1.0,3.0,Astoria,29.0,2.5,Coffee,Gourmet brewed coffee,Columbian Medium Roast Rg
426.0,01/01/2023,17:19:08,2.0,5.0,Lower Manhattan,34.0,2.45,Coffee,Premium brewed coffee,Jamaican Coffee River Sm
427.0,01/01/2023,17:19:08,1.0,5.0,Lower Manhattan,75.0,3.5,Bakery,Pastry,Croissant
428.0,01/01/2023,17:19:11,2.0,8.0,Hell's Kitchen,39.0,4.25,Coffee,Barista Espresso,Latte Rg
429.0,01/01/2023,17:19:28,2.0,8.0,Hell's Kitchen,28.0,2.0,Coffee,Gourmet brewed coffee,Columbian Medium Roast Sm
430.0,01/01/2023,17:19:49,2.0,8.0,Hell's Kitchen,87.0,3.0,Coffee,Barista Espresso,Ouro Brasileiro shot
431.0,01/01/2023,17:19:49,1.0,8.0,Hell's Kitchen,78.0,4.5,Bakery,Scone,Scottish Cream Scone 
432.0,01/01/2023,17:20:02,2.0,8.0,Hell's Kitchen,46.0,2.5,Tea,Brewed Green tea,Serenity Green Tea Rg
433.0,01/01/2023,17:20:02,1.0,8.0,Hell's Kitchen,77.0,3.0,Bakery,Scone,Oatmeal Scone
434.0,01/01/2023,17:22:36,1.0,3.0,Astoria,36.0,3.75,Coffee,Premium brewed coffee,Jamaican Coffee River Lg
435.0,01/01/2023,17:23:03,1.0,5.0,Lower Manhattan,48.0,2.5,Tea,Brewed Black tea,English Breakfast Rg
436.0,01/01/2023,17:23:04,1.0,3.0,Astoria,41.0,4.25,Coffee,Barista Espresso,Cappuccino Lg
437.0,01/01/2023,17:25:45,2.0,3.0,Astoria,58.0,3.5,Drinking Chocolate,Hot chocolate,Dark chocolate Rg
438.0,01/01/2023,17:26:15,1.0,8.0,Hell's Kitchen,35.0,3.1,Coffee,Premium brewed coffee,Jamaican Coffee River Rg
439.0,01/01/2023,17:26:15,1.0,8.0,Hell's Kitchen,76.0,3.5,Bakery,Biscotti,Chocolate Chip Biscotti
,01/01/2023,17:28:42,1.0,,Lower Manhattan,,3.0,Coffee,Barista Espresso,Espresso shot
441.0,01/01/2023,17:28:42,1.0,5.0,Lower Manhattan,70.0,3.25,Bakery,Scone,Cranberry Scone
442.0,01/01/2023,17:29:25,1.0,3.0,Astoria,46.0,2.5,Tea,Brewed Green tea,Serenity Green Tea Rg
443.0,01/01/2023,17:29:25,1.0,3.0,Astoria,75.0,3.5,Bakery,Pastry,Croissant
444.0,01/01/2023,17:34:47,2.0,8.0,Hell's Kitchen,54.0,2.5,Tea,Brewed Chai tea,Morning Sunrise Chai Rg
445.0,01/01/2023,17:35:26,1.0,3.0,Astoria,47.0,3.0,Tea,Brewed Green tea,Serenity Green Tea Lg
446.0,01/01/2023,17:35:26,1.0,3.0,Astoria,69.0,3.25,Bakery,Biscotti,Hazelnut Biscotti
447.0,01/01/2023,17:37:26,1.0,8.0,Hell's Kitchen,42.0,2.5,Tea,Brewed herbal tea,Lemon Grass Rg
,01/01/2023,17:40:50,,,Astoria,55.0,4.0,Tea,Brewed Chai tea,Morning Sunrise Chai Lg
449.0,01/01/2023,17:41:55,2.0,3.0,Astoria,55.0,4.0,Tea,Brewed Chai tea,Morning Sunrise Chai Lg
450.0,01/01/2023,17:41:55,1.0,3.0,Astoria,71.0,3.75,Bakery,Pastry,Chocolate Croissant
451.0,01/01/2023,17:43:49,2.0,8.0,Hell's Kitchen,52.0,2.5,Tea,Brewed Chai tea,Traditional Blend Chai Rg
452.0,01/01/2023,17:44:28,2.0,3.0,Astoria,27.0,3.5,Coffee,Organic brewed coffee,Brazilian Lg
453.0,01/01/2023,17:44:28,1.0,3.0,Astoria,74.0,3.5,Bakery,Biscotti,Ginger Biscotti
454.0,01/01/2023,17:44:48,1.0,8.0,Hell's Kitchen,34.0,2.45,Coffee,Premium brewed coffee,Jamaican Coffee River Sm
455.0,01/01/2023,17:45:21,1.0,8.0,Hell's Kitchen,27.0,3.5,Coffee,Organic brewed coffee,Brazilian Lg
456.0,01/01/2023,17:46:21,2.0,8.0,Hell's Kitchen,36.0,3.75,Coffee,Premium brewed coffee,Jamaican Coffee River Lg
457.0,01/01/2023,17:46:21,1.0,8.0,Hell's Kitchen,76.0,3.5,Bakery,Biscotti,Chocolate Chip Biscotti
458.0,01/01/2023,17:49:04,2.0,8.0,Hell's Kitchen,60.0,3.75,Drinking Chocolate,Hot chocolate,Sustainably Grown Organic Rg
459.0,01/01/2023,17:50:19,1.0,5.0,Lower Manhattan,45.0,3.0,Tea,Brewed herbal tea,Peppermint Lg
460.0,01/01/2023,17:50:30,2.0,8.0,Hell's Kitchen,38.0,3.75,Coffee,Barista Espresso,Latte
461.0,01/01/2023,17:51:06,2.0,3.0,Astoria,60.0,3.75,Drinking Chocolate,Hot chocolate,Sustainably Grown Organic Rg
462.0,01/01/2023,17:54:11,2.0,3.0,Astoria,56.0,2.55,Tea,Brewed Chai tea,Spicy Eye Opener Chai Rg
463.0,01/01/2023,17:56:46,1.0,8.0,Hell's Kitchen,30.0,3.0,Coffee,Gourmet brewed coffee,Columbian Medium Roast Lg
464.0,01/01/2023,17:58:01,1.0,5.0,Lower Manhattan,39.0,4.25,Coffee,Barista Espresso,Latte Rg
465.0,01/01/2023,17:59:44,2.0,8.0,Hell's Kitchen,53.0,3.0,Tea,Brewed Chai tea,Traditional Blend Chai Lg
466.0,01/01/2023,17:59:44,1.0,8.0,Hell's Kitchen,76.0,3.5,Bakery,Biscotti,Chocolate Chip Biscotti
467.0,01/01/2023,18:01:08,2.0,8.0,Hell's Kitchen,,,Tea,Brewed herbal tea,Peppermint Lg
468.0,01/01/2023,18:02:00,1.0,3.0,Astoria,52.0,2.5,Tea,Brewed Chai tea,Traditional Blend Chai Rg
469.0,01/01/2023,18:02:21,2.0,5.0,Lower Manhattan,49.0,3.0,Tea,Brewed Black tea,English Breakfast Lg
470.0,01/01/2023,18:03:13,1.0,3.0,Astoria,28.0,2.0,Coffee,Gourmet brewed coffee,Columbian Medium Roast Sm
471.0,01/01/2023,18:03:13,1.0,3.0,Astoria,78.0,4.5,Bakery,Scone,Scottish Cream Scone 
472.0,01/01/2023,18:04:34,1.0,3.0,Astoria,28.0,2.0,Coffee,Gourmet brewed coffee,Columbian Medium Roast Sm
473.0,01/01/2023,18:06:52,2.0,3.0,Astoria,30.0,3.0,Coffee,Gourmet brewed coffee,Columbian Medium Roast Lg
474.0,01/01/2023,18:06:52,1.0,3.0,Astoria,79.0,3.75,Bakery,Scone,Jumbo Savory Scone
475.0,01/01/2023,18:07:13,1.0,8.0,Hell's Kitchen,23.0,2.5,Coffee,Drip coffee,Our Old Time Diner Blend Rg
476.0,01/01/2023,18:08:53,2.0,3.0,Astoria,34.0,2.45,Coffee,Premium brewed coffee,Jamaican Coffee River Sm
477.0,01/01/2023,18:12:37,2.0,3.0,Astoria,25.0,2.2,Coffee,Organic brewed coffee,Brazilian Sm
478.0,01/01/2023,18:13:32,2.0,5.0,Lower Manhattan,23.0,2.5,Coffee,Drip coffee,Our Old Time Diner Blend Rg
479.0,01/01/2023,18:13:41,2.0,8.0,Hell's Kitchen,57.0,3.1,Tea,Brewed Chai tea,Spicy Eye Opener Chai Lg
480.0,01/01/2023,18:14:28,2.0,8.0,Hell's Kitchen,26.0,3.0,Coffee,Organic brewed coffee,Brazilian Rg
481.0,01/01/2023,18:17:09,2.0,8.0,Hell's Kitchen,36.0,3.75,Coffee,Premium brewed coffee,Jamaican Coffee River Lg
482.0,01/01/2023,18:18:10,1.0,3.0,Astoria,59.0,4.5,Drinking Chocolate,Hot chocolate,Dark chocolate Lg
483.0,01/01/2023,18:19:45,1.0,5.0,Lower Manhattan,52.0,2.5,Tea,Brewed Chai tea,Traditional Blend Chai Rg
484.0,01/01/2023,18:19:45,1.0,5.0,Lower Manhattan,76.0,3.5,Bakery,Biscotti,Chocolate Chip Biscotti
485.0,01/01/2023,18:21:22,1.0,3.0,Astoria,46.0,2.5,Tea,Brewed Green tea,Serenity Green Tea Rg
486.0,01/01/2023,18:22:12,2.0,3.0,Astoria,61.0,4.75,Drinking Chocolate,Hot chocolate,Sustainably Grown Organic Lg
487.0,01/01/2023,18:22:48,2.0,5.0,Lower Manhattan,37.0,3.0,Coffee,Barista Espresso,Espresso shot
488.0,01/01/2023,18:22:53,1.0,3.0,Astoria,32.0,3.0,Coffee,Gourmet brewed coffee,Ethiopia Rg
489.0,01/01/2023,18:22:53,1.0,3.0,Astoria,79.0,3.75,Bakery,Scone,Jumbo Savory Scone
490.0,01/01/2023,18:23:34,2.0,5.0,Lower Manhattan,53.0,3.0,Tea,Brewed Chai tea,Traditional Blend Chai Lg
491.0,01/01/2023,18:25:51,1.0,3.0,Astoria,61.0,4.75,Drinking Chocolate,Hot chocolate,Sustainably Grown Organic Lg
492.0,01/01/2023,18:25:57,1.0,8.0,Hell's Kitchen,43.0,3.0,Tea,Brewed herbal tea,Lemon Grass Lg
493.0,01/01/2023,18:27:08,2.0,5.0,Lower Manhattan,54.0,2.5,Tea,Brewed Chai tea,Morning Sunrise Chai Rg
494.0,01/01/2023,18:29:34,2.0,8.0,Hell's Kitchen,44.0,2.5,Tea,Brewed herbal tea,Peppermint Rg
495.0,01/01/2023,18:30:05,2.0,3.0,Astoria,55.0,4.0,Tea,Brewed Chai tea,Morning Sunrise Chai Lg
496.0,01/01/2023,18:34:56,2.0,3.0,Astoria,60.0,3.75,Drinking Chocolate,Hot chocolate,Sustainably Grown Organic Rg
497.0,01/01/2023,18:39:29,1.0,3.0,Astoria,22.0,2.0,Coffee,Drip coffee,Our Old Time Diner Blend Sm
498.0,01/01/2023,18:40:29,2.0,8.0,Hell's Kitchen,53.0,3.0,Tea,Brewed Chai tea,Traditional Blend Chai Lg
499.0,01/01/2023,18:41:13,1.0,3.0,Astoria,24.0,3.0,Coffee,Drip coffee,Our Old Time Diner Blend Lg
500.0,01/01/2023,18:41:28,2.0,8.0,Hell's Kitchen,49.0,3.0,Tea,Brewed Black tea,English Breakfast Lg
501.0,01/01/2023,18:42:04,2.0,3.0,Astoria,60.0,3.75,Drinking Chocolate,Hot chocolate,Sustainably Grown Organic Rg
502.0,01/01/2023,18:42:16,1.0,8.0,Hell's Kitchen,54.0,2.5,Tea,Brewed Chai tea,Morning Sunrise Chai Rg
503.0,01/01/2023,18:43:19,1.0,3.0,Astoria,57.0,3.1,Tea,Brewed Chai tea,Spicy Eye Opener Chai Lg
504.0,01/01/2023,18:43:42,1.0,3.0,Astoria,25.0,2.2,Coffee,Organic brewed coffee,Brazilian Sm
505.0,01/01/2023,18:45:11,2.0,3.0,Astoria,38.0,3.75,Coffee,Barista Espresso,Latte
506.0,01/01/2023,18:49:48,1.0,3.0,Astoria,27.0,3.5,Coffee,Organic brewed coffee,Brazilian Lg
507.0,01/01/2023,18:51:23,2.0,3.0,Astoria,24.0,3.0,Coffee,Drip coffee,Our Old Time Diner Blend Lg
508.0,01/01/2023,18:51:41,1.0,3.0,Astoria,28.0,2.0,Coffee,Gourmet brewed coffee,Columbian Medium Roast Sm
509.0,01/01/2023,18:52:18,2.0,8.0,Hell's Kitchen,22.0,2.0,Coffee,Drip coffee,Our Old Time Diner Blend Sm
510.0,01/01/2023,18:52:57,2.0,3.0,Astoria,59.0,4.5,Drinking Chocolate,Hot chocolate,Dark chocolate Lg
511.0,01/01/2023,18:55:19,2.0,3.0,Astoria,56.0,2.55,Tea,Brewed Chai tea,Spicy Eye Opener Chai Rg
512.0,01/01/2023,18:56:24,2.0,8.0,Hell's Kitchen,53.0,3.0,Tea,Brewed Chai tea,Traditional Blend Chai Lg
513.0,01/01/2023,18:56:35,2.0,8.0,Hell's Kitchen,39.0,4.25,Coffee,Barista Espresso,Latte Rg
,01/01/2023,18:56:35,1.0,,Hell's Kitchen,73.0,,Bakery,Pastry,Almond Croissant
515.0,01/01/2023,19:00:27,1.0,3.0,Astoria,43.0,3.0,Tea,Brewed herbal tea,Lemon Grass Lg
516.0,01/01/2023,19:02:52,2.0,8.0,Hell's Kitchen,37.0,3.0,Coffee,Barista Espresso,Espresso shot
517.0,01/01/2023,19:06:58,,8.0,Hell's Kitchen,,3.75,Coffee,Barista Espresso,Latte
518.0,01/01/2023,19:07:26,2.0,8.0,Hell's Kitchen,24.0,3.0,Coffee,Drip coffee,Our Old Time Diner Blend Lg
519.0,01/01/2023,19:07:40,1.0,3.0,Astoria,55.0,4.0,Tea,Brewed Chai tea,Morning Sunrise Chai Lg
520.0,01/01/2023,19:08:11,2.0,8.0,Hell's Kitchen,27.0,3.5,Coffee,Organic brewed coffee,Brazilian Lg
521.0,01/01/2023,19:08:56,1.0,3.0,Astoria,60.0,3.75,Drinking Chocolate,Hot chocolate,Sustainably Grown Organic Rg
522.0,01/01/2023,19:09:54,1.0,8.0,Hell's Kitchen,41.0,4.25,Coffee,Barista Espresso,Cappuccino Lg
523.0,01/01/2023,19:10:16,2.0,3.0,Astoria,27.0,3.5,Coffee,Organic brewed coffee,Brazilian Lg
524.0,01/01/2023,19:10:53,2.0,8.0,Hell's Kitchen,55.0,4.0,Tea,Brewed Chai tea,Morning Sunrise Chai Lg
525.0,01/01/2023,19:12:49,2.0,3.0,Astoria,40.0,3.75,Coffee,Barista Espresso,Cappuccino
526.0,01/01/2023,19:14:09,2.0,3.0,Astoria,32.0,3.0,Coffee,Gourmet brewed coffee,Ethiopia Rg
527.0,01/01/2023,19:15:15,1.0,3.0,Astoria,55.0,4.0,Tea,Brewed Chai tea,Morning Sunrise Chai Lg
528.0,01/01/2023,19:21:35,1.0,8.0,Hell's Kitchen,49.0,3.0,Tea,Brewed Black tea,English Breakfast Lg
529.0,01/01/2023,19:22:39,1.0,8.0,Hell's Kitchen,40.0,3.75,Coffee,Barista Espresso,Cappuccino
530.0,01/01/2023,19:24:18,1.0,8.0,Hell's Kitchen,46.0,2.5,Tea,Brewed Green tea,Serenity Green Tea Rg
531.0,01/01/2023,19:24:18,1.0,8.0,Hell's Kitchen,77.0,3.0,Bakery,Scone,Oatmeal Scone
532.0,01/01/2023,19:29:01,2.0,3.0,Astoria,44.0,2.5,Tea,Brewed herbal tea,Peppermint Rg
533.0,01/01/2023,19:29:07,1.0,3.0,Astoria,38.0,3.75,Coffee,Barista Espresso,Latte
534.0,01/01/2023,19:30:55,2.0,3.0,Astoria,51.0,3.0,Tea,Brewed Black tea,Earl Grey Lg
535.0,01/01/2023,19:34:03,1.0,8.0,Hell's Kitchen,43.0,3.0,Tea,Brewed herbal tea,Lemon Grass Lg
536.0,01/01/2023,19:34:39,2.0,8.0,Hell's Kitchen,61.0,4.75,Drinking Chocolate,Hot chocolate,Sustainably Grown Organic Lg
537.0,01/01/2023,19:34:48,1.0,3.0,Astoria,40.0,3.75,Coffee,Barista Espresso,Cappuccino
538.0,01/01/2023,19:35:55,2.0,8.0,Hell's Kitchen,27.0,3.5,Coffee,Organic brewed coffee,Brazilian Lg
539.0,01/01/2023,19:37:51,1.0,3.0,Astoria,60.0,3.75,Drinking Chocolate,Hot chocolate,Sustainably Grown Organic Rg
540.0,01/01/2023,19:38:46,2.0,3.0,Astoria,55.0,4.0,Tea,Brewed Chai tea,Morning Sunrise Chai Lg
541.0,01/01/2023,19:39:00,2.0,3.0,Astoria,47.0,3.0,Tea,Brewed Green tea,Serenity Green Tea Lg
542.0,01/01/2023,19:39:32,1.0,3.0,Astoria,37.0,3.0,Coffee,Barista Espresso,Espresso shot
543.0,01/01/2023,19:43:29,1.0,3.0,Astoria,54.0,2.5,Tea,Brewed Chai tea,Morning Sunrise Chai Rg
544.0,01/01/2023,19:44:41,1.0,8.0,Hell's Kitchen,61.0,4.75,Drinking Chocolate,Hot chocolate,Sustainably Grown Organic Lg
545.0,01/01/2023,19:45:28,1.0,8.0,Hell's Kitchen,26.0,3.0,Coffee,Organic brewed coffee,Brazilian Rg
546.0,01/01/2023,19:49:37,1.0,3.0,Astoria,36.0,3.75,Coffee,Premium brewed coffee,Jamaican Coffee River Lg
547.0,01/01/2023,19:52:47,1.0,8.0,Hell's Kitchen,32.0,3.0,Coffee,Gourmet brewed coffee,Ethiopia Rg
548.0,01/01/2023,19:57:56,1.0,3.0,Astoria,35.0,3.1,Coffee,Premium brewed coffee,Jamaican Coffee River Rg
549.0,01/01/2023,19:58:29,1.0,3.0,Astoria,55.0,4.0,Tea,Brewed Chai tea,Morning Sunrise Chai Lg
550.0,01/01/2023,19:58:52,,,Astoria,39.0,,Coffee,Barista Espresso,Latte Rg
551.0,02/01/2023,07:01:59,1.0,5.0,Lower Manhattan,87.0,3.0,Coffee,Barista Espresso,Ouro Brasileiro shot
552.0,02/01/2023,07:12:05,1.0,5.0,Lower Manhattan,51.0,3.0,Tea,Brewed Black tea,Earl Grey Lg
553.0,02/01/2023,07:16:35,2.0,5.0,Lower Manhattan,28.0,2.0,Coffee,Gourmet brewed coffee,Columbian Medium Roast Sm
554.0,02/01/2023,07:16:46,1.0,5.0,Lower Manhattan,57.0,3.1,Tea,Brewed Chai tea,Spicy Eye Opener Chai Lg
555.0,02/01/2023,07:16:46,1.0,5.0,Lower Manhattan,70.0,3.25,Bakery,Scone,Cranberry Scone
556.0,02/01/2023,07:22:08,2.0,,Lower Manhattan,,4.75,Drinking Chocolate,Hot chocolate,Sustainably Grown Organic Lg
557.0,02/01/2023,07:22:45,1.0,5.0,Lower Manhattan,42.0,2.5,Tea,Brewed herbal tea,Lemon Grass Rg
558.0,02/01/2023,07:25:59,1.0,5.0,Lower Manhattan,24.0,3.0,Coffee,Drip coffee,Our Old Time Diner Blend Lg
559.0,02/01/2023,07:35:10,1.0,5.0,Lower Manhattan,53.0,3.0,Tea,Brewed Chai tea,Traditional Blend Chai Lg
560.0,02/01/2023,07:48:26,1.0,5.0,Lower Manhattan,41.0,4.25,Coffee,Barista Espresso,Cappuccino Lg
561.0,02/01/2023,07:48:26,1.0,5.0,Lower Manhattan,75.0,3.5,Bakery,Pastry,Croissant
,02/01/2023,07:53:48,,,Lower Manhattan,27.0,3.5,Coffee,Organic brewed coffee,Brazilian Lg
563.0,02/01/2023,07:59:47,1.0,5.0,Lower Manhattan,48.0,2.5,Tea,Brewed Black tea,English Breakfast Rg
564.0,02/01/2023,07:59:47,1.0,5.0,Lower Manhattan,75.0,3.5,Bakery,Pastry,Croissant
565.0,02/01/2023,08:03:47,2.0,8.0,Hell's Kitchen,32.0,3.0,Coffee,Gourmet brewed coffee,Ethiopia Rg
566.0,02/01/2023,08:04:06,2.0,8.0,Hell's Kitchen,31.0,2.2,Coffee,Gourmet brewed coffee,Ethiopia Sm
567.0,02/01/2023,08:04:55,1.0,8.0,Hell's Kitchen,25.0,2.2,Coffee,Organic brewed coffee,Brazilian Sm
568.0,02/01/2023,08:04:59,1.0,5.0,Lower Manhattan,61.0,4.75,Drinking Chocolate,Hot chocolate,Sustainably Grown Organic Lg
569.0,02/01/2023,08:09:46,1.0,5.0,Lower Manhattan,48.0,2.5,Tea,Brewed Black tea,English Breakfast Rg
570.0,02/01/2023,08:09:51,1.0,5.0,Lower Manhattan,61.0,4.75,Drinking Chocolate,Hot chocolate,Sustainably Grown Organic Lg
571.0,02/01/2023,08:11:11,2.0,8.0,Hell's Kitchen,61.0,4.75,Drinking Chocolate,Hot chocolate,Sustainably Grown Organic Lg
572.0,02/01/2023,08:11:11,1.0,8.0,Hell's Kitchen,74.0,3.5,Bakery,Biscotti,Ginger Biscotti
,02/01/2023,08:13:24,,,Hell's Kitchen,27.0,3.5,Coffee,Organic brewed coffee,Brazilian Lg
574.0,02/01/2023,08:14:13,1.0,5.0,Lower Manhattan,55.0,4.0,Tea,Brewed Chai tea,Morning Sunrise Chai Lg
575.0,02/01/2023,08:15:07,1.0,8.0,Hell's Kitchen,36.0,3.75,Coffee,Premium brewed coffee,Jamaican Coffee River Lg
576.0,02/01/2023,08:15:10,2.0,8.0,Hell's Kitchen,30.0,3.0,Coffee,Gourmet brewed coffee,Columbian Medium Roast Lg
577.0,02/01/2023,08:17:28,1.0,8.0,Hell's Kitchen,44.0,2.5,Tea,Brewed herbal tea,Peppermint Rg
578.0,02/01/2023,08:20:38,2.0,5.0,Lower Manhattan,44.0,2.5,Tea,Brewed herbal tea,Peppermint Rg
579.0,02/01/2023,08:21:32,2.0,8.0,Hell's Kitchen,38.0,3.75,Coffee,Barista Espresso,Latte
580.0,02/01/2023,08:23:15,1.0,8.0,Hell's Kitchen,26.0,3.0,Coffee,Organic brewed coffee,Brazilian Rg
581.0,02/01/2023,08:25:22,1.0,5.0,Lower Manhattan,25.0,2.2,Coffee,Organic brewed coffee,Brazilian Sm
582.0,02/01/2023,08:26:13,2.0,5.0,Lower Manhattan,28.0,2.0,Coffee,Gourmet brewed coffee,Columbian Medium Roast Sm
583.0,02/01/2023,08:26:21,2.0,8.0,Hell's Kitchen,31.0,2.2,Coffee,Gourmet brewed coffee,Ethiopia Sm
584.0,02/01/2023,08:30:10,1.0,5.0,Lower Manhattan,29.0,2.5,Coffee,Gourmet brewed coffee,Columbian Medium Roast Rg
585.0,02/01/2023,08:31:35,1.0,8.0,Hell's Kitchen,35.0,3.1,Coffee,Premium brewed coffee,Jamaican Coffee River Rg
586.0,02/01/2023,08:34:25,2.0,8.0,Hell's Kitchen,25.0,2.2,Coffee,Organic brewed coffee,Brazilian Sm
587.0,02/01/2023,08:34:30,1.0,8.0,Hell's Kitchen,48.0,2.5,Tea,Brewed Black tea,English Breakfast Rg
588.0,02/01/2023,08:43:50,1.0,8.0,Hell's Kitchen,32.0,3.0,Coffee,Gourmet brewed coffee,Ethiopia Rg
589.0,02/01/2023,08:51:31,2.0,5.0,Lower Manhattan,32.0,3.0,Coffee,Gourmet brewed coffee,Ethiopia Rg
590.0,02/01/2023,08:55:40,1.0,5.0,Lower Manhattan,28.0,2.0,Coffee,Gourmet brewed coffee,Columbian Medium Roast Sm
591.0,02/01/2023,09:00:14,1.0,8.0,Hell's Kitchen,39.0,4.25,Coffee,Barista Espresso,Latte Rg
592.0,02/01/2023,09:01:24,1.0,8.0,Hell's Kitchen,53.0,3.0,Tea,Brewed Chai tea,Traditional Blend Chai Lg
593.0,02/01/2023,09:06:29,1.0,5.0,Lower Manhattan,33.0,3.5,Coffee,Gourmet brewed coffee,Ethiopia Lg
594.0,02/01/2023,09:07:31,2.0,5.0,Lower Manhattan,37.0,3.0,Coffee,Barista Espresso,Espresso shot
595.0,02/01/2023,09:11:10,1.0,8.0,Hell's Kitchen,59.0,4.5,Drinking Chocolate,Hot chocolate,Dark chocolate Lg
596.0,02/01/2023,09:11:10,1.0,8.0,Hell's Kitchen,79.0,3.75,Bakery,Scone,Jumbo Savory Scone
597.0,02/01/2023,09:11:45,,,Hell's Kitchen,61.0,,Drinking Chocolate,Hot chocolate,Sustainably Grown Organic Lg
598.0,02/01/2023,09:11:57,2.0,8.0,Hell's Kitchen,34.0,2.45,Coffee,Premium brewed coffee,Jamaican Coffee River Sm
599.0,02/01/2023,09:11:57,1.0,8.0,Hell's Kitchen,72.0,3.25,Bakery,Scone,Ginger Scone
600.0,02/01/2023,09:12:47,2.0,5.0,Lower Manhattan,31.0,2.2,Coffee,Gourmet brewed coffee,Ethiopia Sm
601.0,02/01/2023,09:12:47,1.0,5.0,Lower Manhattan,75.0,3.5,Bakery,Pastry,Croissant
602.0,02/01/2023,09:17:08,1.0,8.0,Hell's Kitchen,46.0,2.5,Tea,Brewed Green tea,Serenity Green Tea Rg
603.0,02/01/2023,09:21:01,1.0,8.0,Hell's Kitchen,55.0,4.0,Tea,Brewed Chai tea,Morning Sunrise Chai Lg
604.0,02/01/2023,09:22:26,1.0,8.0,Hell's Kitchen,40.0,3.75,Coffee,Barista Espresso,Cappuccino
605.0,02/01/2023,09:25:27,1.0,5.0,Lower Manhattan,29.0,2.5,Coffee,Gourmet brewed coffee,Columbian Medium Roast Rg
606.0,02/01/2023,09:26:16,2.0,8.0,Hell's Kitchen,28.0,2.0,Coffee,Gourmet brewed coffee,Columbian Medium Roast Sm
607.0,02/01/2023,09:29:47,2.0,8.0,Hell's Kitchen,22.0,2.0,Coffee,Drip coffee,Our Old Time Diner Blend Sm
608.0,02/01/2023,09:29:47,1.0,8.0,Hell's Kitchen,70.0,3.25,Bakery,Scone,Cranberry Scone
609.0,02/01/2023,09:31:37,2.0,8.0,Hell's Kitchen,59.0,4.5,Drinking Chocolate,Hot chocolate,Dark chocolate Lg
610.0,02/01/2023,09:33:57,2.0,8.0,Hell's Kitchen,23.0,2.5,Coffee,Drip coffee,Our Old Time Diner Blend Rg
611.0,02/01/2023,09:36:26,1.0,8.0,Hell's Kitchen,87.0,3.0,Coffee,Barista Espresso,Ouro Brasileiro shot
612.0,02/01/2023,09:38:46,2.0,8.0,Hell's Kitchen,87.0,3.0,Coffee,Barista Espresso,Ouro Brasileiro shot
613.0,02/01/2023,09:40:52,1.0,5.0,Lower Manhattan,48.0,2.5,Tea,Brewed Black tea,English Breakfast Rg
614.0,02/01/2023,09:45:34,1.0,5.0,Lower Manhattan,30.0,3.0,Coffee,Gourmet brewed coffee,Columbian Medium Roast Lg
615.0,02/01/2023,09:46:33,2.0,8.0,Hell's Kitchen,48.0,2.5,Tea,Brewed Black tea,English Breakfast Rg
616.0,02/01/2023,09:48:46,2.0,8.0,Hell's Kitchen,32.0,3.0,Coffee,Gourmet brewed coffee,Ethiopia Rg
617.0,02/01/2023,09:50:09,1.0,8.0,Hell's Kitchen,27.0,3.5,Coffee,Organic brewed coffee,Brazilian Lg
618.0,02/01/2023,09:50:57,1.0,5.0,Lower Manhattan,23.0,2.5,Coffee,Drip coffee,Our Old Time Diner Blend Rg
619.0,02/01/2023,09:52:17,1.0,5.0,Lower Manhattan,26.0,3.0,Coffee,Organic brewed coffee,Brazilian Rg
620.0,02/01/2023,09:54:48,1.0,8.0,Hell's Kitchen,34.0,2.45,Coffee,Premium brewed coffee,Jamaican Coffee River Sm
621.0,02/01/2023,09:56:28,2.0,8.0,Hell's Kitchen,41.0,4.25,Coffee,Barista Espresso,Cappuccino Lg
622.0,02/01/2023,09:56:45,1.0,5.0,Lower Manhattan,51.0,3.0,Tea,Brewed Black tea,Earl Grey Lg
623.0,02/01/2023,09:58:47,2.0,5.0,Lower Manhattan,37.0,3.0,Coffee,Barista Espresso,Espresso shot
624.0,02/01/2023,10:01:57,1.0,8.0,Hell's Kitchen,61.0,4.75,Drinking Chocolate,Hot chocolate,Sustainably Grown Organic Lg
,02/01/2023,10:03:39,1.0,8.0,Hell's Kitchen,30.0,,Coffee,Gourmet brewed coffee,Columbian Medium Roast Lg
626.0,02/01/2023,10:03:39,1.0,8.0,Hell's Kitchen,76.0,3.5,Bakery,Biscotti,Chocolate Chip Biscotti
627.0,02/01/2023,10:05:11,1.0,5.0,Lower Manhattan,58.0,3.5,Drinking Chocolate,Hot chocolate,Dark chocolate Rg
628.0,02/01/2023,10:05:22,1.0,5.0,Lower Manhattan,55.0,4.0,Tea,Brewed Chai tea,Morning Sunrise Chai Lg
629.0,02/01/2023,10:07:28,1.0,5.0,Lower Manhattan,26.0,3.0,Coffee,Organic brewed coffee,Brazilian Rg
630.0,02/01/2023,10:08:23,1.0,8.0,Hell's Kitchen,43.0,3.0,Tea,Brewed herbal tea,Lemon Grass Lg
631.0,02/01/2023,10:10:47,2.0,8.0,Hell's Kitchen,56.0,2.55,Tea,Brewed Chai tea,Spicy Eye Opener Chai Rg
632.0,02/01/2023,10:13:55,2.0,5.0,Lower Manhattan,26.0,3.0,Coffee,Organic brewed coffee,Brazilian Rg
633.0,02/01/2023,10:13:55,1.0,5.0,Lower Manhattan,79.0,3.75,Bakery,Scone,Jumbo Savory Scone
634.0,02/01/2023,10:16:43,1.0,5.0,Lower Manhattan,28.0,2.0,Coffee,Gourmet brewed coffee,Columbian Medium Roast Sm
635.0,02/01/2023,10:19:33,1.0,8.0,Hell's Kitchen,61.0,4.75,Drinking Chocolate,Hot chocolate,Sustainably Grown Organic Lg
,02/01/2023,10:20:52,2.0,,Hell's Kitchen,,2.5,Tea,Brewed herbal tea,Lemon Grass Rg
637.0,02/01/2023,10:22:19,1.0,5.0,Lower Manhattan,23.0,2.5,Coffee,Drip coffee,Our Old Time Diner Blend Rg
638.0,02/01/2023,10:26:49,1.0,5.0,Lower Manhattan,23.0,2.5,Coffee,Drip coffee,Our Old Time Diner Blend Rg
639.0,02/01/2023,10:27:05,1.0,5.0,Lower Manhattan,25.0,2.2,Coffee,Organic brewed coffee,Brazilian Sm
640.0,02/01/2023,10:28:41,1.0,8.0,Hell's Kitchen,42.0,2.5,Tea,Brewed herbal tea,Lemon Grass Rg
641.0,02/01/2023,10:30:39,2.0,8.0,Hell's Kitchen,44.0,2.5,Tea,Brewed herbal tea,Peppermint Rg
642.0,02/01/2023,10:36:18,2.0,8.0,Hell's Kitchen,50.0,2.5,Tea,Brewed Black tea,Earl Grey Rg
643.0,02/01/2023,10:36:44,1.0,5.0,Lower Manhattan,51.0,3.0,Tea,Brewed Black tea,Earl Grey Lg
644.0,02/01/2023,10:38:55,2.0,8.0,Hell's Kitchen,51.0,3.0,Tea,Brewed Black tea,Earl Grey Lg
645.0,02/01/2023,10:48:57,1.0,5.0,Lower Manhattan,53.0,3.0,Tea,Brewed Chai tea,Traditional Blend Chai Lg
646.0,02/01/2023,10:49:58,1.0,8.0,Hell's Kitchen,32.0,3.0,Coffee,Gourmet brewed coffee,Ethiopia Rg
647.0,02/01/2023,10:55:08,1.0,8.0,Hell's Kitchen,55.0,4.0,Tea,Brewed Chai tea,Morning Sunrise Chai Lg
648.0,02/01/2023,10:55:35,1.0,,Hell's Kitchen,,2.5,Tea,Brewed Black tea,English Breakfast Rg
649.0,02/01/2023,10:59:58,1.0,8.0,Hell's Kitchen,32.0,3.0,Coffee,Gourmet brewed coffee,Ethiopia Rg
650.0,02/01/2023,11:01:06,2.0,5.0,Lower Manhattan,48.0,2.5,Tea,Brewed Black tea,English Breakfast Rg
651.0,02/01/2023,11:04:21,1.0,3.0,Astoria,27.0,3.5,Coffee,Organic brewed coffee,Brazilian Lg
652.0,02/01/2023,11:04:21,1.0,3.0,Astoria,70.0,3.25,Bakery,Scone,Cranberry Scone
653.0,02/01/2023,11:06:10,1.0,3.0,Astoria,26.0,3.0,Coffee,Organic brewed coffee,Brazilian Rg
654.0,02/01/2023,11:06:10,1.0,3.0,Astoria,77.0,3.0,Bakery,Scone,Oatmeal Scone
655.0,02/01/2023,11:06:28,1.0,5.0,Lower Manhattan,25.0,2.2,Coffee,Organic brewed coffee,Brazilian Sm
656.0,02/01/2023,11:10:15,2.0,8.0,Hell's Kitchen,29.0,2.5,Coffee,Gourmet brewed coffee,Columbian Medium Roast Rg
657.0,02/01/2023,11:11:23,2.0,3.0,Astoria,26.0,3.0,Coffee,Organic brewed coffee,Brazilian Rg
658.0,02/01/2023,11:12:05,,,Hell's Kitchen,41.0,,Coffee,Barista Espresso,Cappuccino Lg
659.0,02/01/2023,11:12:33,1.0,5.0,Lower Manhattan,46.0,2.5,Tea,Brewed Green tea,Serenity Green Tea Rg
660.0,02/01/2023,11:13:01,2.0,3.0,Astoria,22.0,2.0,Coffee,Drip coffee,Our Old Time Diner Blend Sm
661.0,02/01/2023,11:13:37,1.0,8.0,Hell's Kitchen,50.0,2.5,Tea,Brewed Black tea,Earl Grey Rg
662.0,02/01/2023,11:14:15,2.0,3.0,Astoria,32.0,3.0,Coffee,Gourmet brewed coffee,Ethiopia Rg
,02/01/2023,11:15:12,,3.0,Astoria,,3.75,Coffee,Barista Espresso,Cappuccino
664.0,02/01/2023,11:15:28,1.0,3.0,Astoria,30.0,3.0,Coffee,Gourmet brewed coffee,Columbian Medium Roast Lg
,02/01/2023,11:15:40,,3.0,Astoria,42.0,,Tea,Brewed herbal tea,Lemon Grass Rg
666.0,02/01/2023,11:16:51,2.0,3.0,Astoria,31.0,2.2,Coffee,Gourmet brewed coffee,Ethiopia Sm
667.0,02/01/2023,11:16:51,1.0,3.0,Astoria,75.0,3.5,Bakery,Pastry,Croissant
668.0,02/01/2023,11:18:12,,,Astoria,36.0,,Coffee,Premium brewed coffee,Jamaican Coffee River Lg
669.0,02/01/2023,11:18:25,2.0,3.0,Astoria,52.0,2.5,Tea,Brewed Chai tea,Traditional Blend Chai Rg
670.0,02/01/2023,11:19:12,2.0,3.0,Astoria,30.0,3.0,Coffee,Gourmet brewed coffee,Columbian Medium Roast Lg
671.0,02/01/2023,11:19:42,1.0,8.0,Hell's Kitchen,35.0,3.1,Coffee,Premium brewed coffee,Jamaican Coffee River Rg
672.0,02/01/2023,11:21:43,2.0,3.0,Astoria,29.0,2.5,Coffee,Gourmet brewed coffee,Columbian Medium Roast Rg
673.0,02/01/2023,11:21:49,2.0,3.0,Astoria,38.0,3.75,Coffee,Barista Espresso,Latte
674.0,02/01/2023,11:22:46,1.0,3.0,Astoria,53.0,3.0,Tea,Brewed Chai tea,Traditional Blend Chai Lg
675.0,02/01/2023,11:25:20,2.0,5.0,Lower Manhattan,54.0,2.5,Tea,Brewed Chai tea,Morning Sunrise Chai Rg
676.0,02/01/2023,11:27:35,2.0,5.0,Lower Manhattan,48.0,2.5,Tea,Brewed Black tea,English Breakfast Rg
677.0,02/01/2023,11:32:11,2.0,8.0,Hell's Kitchen,47.0,3.0,Tea,Brewed Green tea,Serenity Green Tea Lg
678.0,02/01/2023,11:34:44,,8.0,Hell's Kitchen,,,Tea,Brewed herbal tea,Lemon Grass Lg
679.0,02/01/2023,11:35:02,1.0,3.0,Astoria,49.0,3.0,Tea,Brewed Black tea,English Breakfast Lg
680.0,02/01/2023,11:35:02,1.0,3.0,Astoria,79.0,3.75,Bakery,Scone,Jumbo Savory Scone
,02/01/2023,11:35:14,,3.0,Astoria,25.0,2.2,Coffee,Organic brewed coffee,Brazilian Sm
682.0,02/01/2023,11:35:14,1.0,3.0,Astoria,69.0,3.25,Bakery,Biscotti,Hazelnut Biscotti
683.0,02/01/2023,11:36:50,2.0,5.0,Lower Manhattan,58.0,3.5,Drinking Chocolate,Hot chocolate,Dark chocolate Rg
684.0,02/01/2023,11:38:23,2.0,3.0,Astoria,24.0,3.0,Coffee,Drip coffee,Our Old Time Diner Blend Lg
685.0,02/01/2023,11:39:11,2.0,5.0,Lower Manhattan,42.0,2.5,Tea,Brewed herbal tea,Lemon Grass Rg
686.0,02/01/2023,11:39:11,1.0,5.0,Lower Manhattan,74.0,3.5,Bakery,Biscotti,Ginger Biscotti
687.0,02/01/2023,11:40:12,2.0,8.0,Hell's Kitchen,45.0,3.0,Tea,Brewed herbal tea,Peppermint Lg
688.0,02/01/2023,11:41:54,1.0,5.0,Lower Manhattan,48.0,2.5,Tea,Brewed Black tea,English Breakfast Rg
689.0,02/01/2023,11:42:36,2.0,8.0,Hell's Kitchen,45.0,3.0,Tea,Brewed herbal tea,Peppermint Lg
690.0,02/01/2023,11:42:36,1.0,8.0,Hell's Kitchen,72.0,3.25,Bakery,Scone,Ginger Scone
691.0,02/01/2023,11:43:04,2.0,3.0,Astoria,26.0,3.0,Coffee,Organic brewed coffee,Brazilian Rg
692.0,02/01/2023,11:49:10,1.0,5.0,Lower Manhattan,44.0,2.5,Tea,Brewed herbal tea,Peppermint Rg
693.0,02/01/2023,11:50:18,1.0,8.0,Hell's Kitchen,33.0,3.5,Coffee,Gourmet brewed coffee,Ethiopia Lg
694.0,02/01/2023,11:50:32,1.0,8.0,Hell's Kitchen,33.0,3.5,Coffee,Gourmet brewed coffee,Ethiopia Lg
695.0,02/01/2023,11:53:48,2.0,8.0,Hell's Kitchen,48.0,2.5,Tea,Brewed Black tea,English Breakfast Rg
,02/01/2023,11:53:54,,8.0,Hell's Kitchen,,4.5,Drinking Chocolate,Hot chocolate,Dark chocolate Lg
697.0,02/01/2023,11:54:01,2.0,5.0,Lower Manhattan,43.0,3.0,Tea,Brewed herbal tea,Lemon Grass Lg
698.0,02/01/2023,11:54:30,1.0,3.0,Astoria,26.0,3.0,Coffee,Organic brewed coffee,Brazilian Rg
699.0,02/01/2023,11:55:31,1.0,3.0,Astoria,53.0,3.0,Tea,Brewed Chai tea,Traditional Blend Chai Lg
700.0,02/01/2023,11:56:26,1.0,8.0,Hell's Kitchen,28.0,2.0,Coffee,Gourmet brewed coffee,Columbian Medium Roast Sm
701.0,02/01/2023,11:56:58,1.0,8.0,Hell's Kitchen,37.0,3.0,Coffee,Barista Espresso,Espresso shot
702.0,02/01/2023,11:56:58,1.0,8.0,Hell's Kitchen,78.0,4.5,Bakery,Scone,Scottish Cream Scone 
703.0,02/01/2023,11:58:49,2.0,8.0,Hell's Kitchen,35.0,3.1,Coffee,Premium brewed coffee,Jamaican Coffee River Rg
704.0,02/01/2023,11:58:49,1.0,8.0,Hell's Kitchen,71.0,3.75,Bakery,Pastry,Chocolate Croissant
705.0,02/01/2023,12:01:50,1.0,3.0,Astoria,53.0,3.0,Tea,Brewed Chai tea,Traditional Blend Chai Lg
706.0,02/01/2023,12:03:47,1.0,3.0,Astoria,23.0,2.5,Coffee,Drip coffee,Our Old Time Diner Blend Rg
707.0,02/01/2023,12:06:18,1.0,3.0,Astoria,32.0,3.0,Coffee,Gourmet brewed coffee,Ethiopia Rg
708.0,02/01/2023,12:12:01,2.0,3.0,Astoria,24.0,3.0,Coffee,Drip coffee,Our Old Time Diner Blend Lg
709.0,02/01/2023,12:12:44,1.0,3.0,Astoria,42.0,2.5,Tea,Brewed herbal tea,Lemon Grass Rg
710.0,02/01/2023,12:14:00,1.0,8.0,Hell's Kitchen,54.0,2.5,Tea,Brewed Chai tea,Morning Sunrise Chai Rg
711.0,02/01/2023,12:18:13,1.0,3.0,Astoria,55.0,4.0,Tea,Brewed Chai tea,Morning Sunrise Chai Lg
712.0,02/01/2023,12:18:22,2.0,3.0,Astoria,25.0,2.2,Coffee,Organic brewed coffee,Brazilian Sm
713.0,02/01/2023,12:18:22,1.0,3.0,Astoria,79.0,3.75,Bakery,Scone,Jumbo Savory Scone
714.0,02/01/2023,12:20:43,1.0,5.0,Lower Manhattan,47.0,3.0,Tea,Brewed Green tea,Serenity Green Tea Lg
715.0,02/01/2023,12:20:43,1.0,5.0,Lower Manhattan,71.0,3.75,Bakery,Pastry,Chocolate Croissant
716.0,02/01/2023,12:21:38,1.0,8.0,Hell's Kitchen,48.0,2.5,Tea,Brewed Black tea,English Breakfast Rg
717.0,02/01/2023,12:21:39,1.0,3.0,Astoria,49.0,3.0,Tea,Brewed Black tea,English Breakfast Lg
718.0,02/01/2023,12:21:58,2.0,3.0,Astoria,53.0,3.0,Tea,Brewed Chai tea,Traditional Blend Chai Lg
719.0,02/01/2023,12:22:04,1.0,3.0,Astoria,22.0,2.0,Coffee,Drip coffee,Our Old Time Diner Blend Sm
720.0,02/01/2023,12:22:12,1.0,5.0,Lower Manhattan,55.0,4.0,Tea,Brewed Chai tea,Morning Sunrise Chai Lg
721.0,02/01/2023,12:22:12,1.0,5.0,Lower Manhattan,79.0,3.75,Bakery,Scone,Jumbo Savory Scone
722.0,02/01/2023,12:23:03,1.0,5.0,Lower Manhattan,22.0,2.0,Coffee,Drip coffee,Our Old Time Diner Blend Sm
723.0,02/01/2023,12:23:30,1.0,3.0,Astoria,43.0,3.0,Tea,Brewed herbal tea,Lemon Grass Lg
724.0,02/01/2023,12:23:30,1.0,3.0,Astoria,78.0,4.5,Bakery,Scone,Scottish Cream Scone 
725.0,02/01/2023,12:24:39,2.0,5.0,Lower Manhattan,33.0,3.5,Coffee,Gourmet brewed coffee,Ethiopia Lg
726.0,02/01/2023,12:24:39,1.0,5.0,Lower Manhattan,69.0,3.25,Bakery,Biscotti,Hazelnut Biscotti
727.0,02/01/2023,12:25:03,1.0,3.0,Astoria,24.0,3.0,Coffee,Drip coffee,Our Old Time Diner Blend Lg
728.0,02/01/2023,12:25:24,2.0,5.0,Lower Manhattan,56.0,2.55,Tea,Brewed Chai tea,Spicy Eye Opener Chai Rg
729.0,02/01/2023,12:26:13,2.0,5.0,Lower Manhattan,25.0,2.2,Coffee,Organic brewed coffee,Brazilian Sm
730.0,02/01/2023,12:26:13,1.0,5.0,Lower Manhattan,78.0,4.5,Bakery,Scone,Scottish Cream Scone 
731.0,02/01/2023,12:26:18,1.0,8.0,Hell's Kitchen,28.0,2.0,Coffee,Gourmet brewed coffee,Columbian Medium Roast Sm
732.0,02/01/2023,12:27:01,1.0,8.0,Hell's Kitchen,60.0,3.75,Drinking Chocolate,Hot chocolate,Sustainably Grown Organic Rg
733.0,02/01/2023,12:28:08,2.0,3.0,Astoria,51.0,3.0,Tea,Brewed Black tea,Earl Grey Lg
734.0,02/01/2023,12:28:25,1.0,3.0,Astoria,60.0,3.75,Drinking Chocolate,Hot chocolate,Sustainably Grown Organic Rg
735.0,02/01/2023,12:29:07,1.0,3.0,Astoria,24.0,3.0,Coffee,Drip coffee,Our Old Time Diner Blend Lg
736.0,02/01/2023,12:30:43,2.0,3.0,Astoria,,,Tea,Brewed Black tea,Earl Grey Rg
737.0,02/01/2023,12:32:19,1.0,8.0,Hell's Kitchen,57.0,3.1,Tea,Brewed Chai tea,Spicy Eye Opener Chai Lg
738.0,02/01/2023,12:33:04,2.0,3.0,Astoria,32.0,3.0,Coffee,Gourmet brewed coffee,Ethiopia Rg
739.0,02/01/2023,12:34:00,1.0,3.0,Astoria,24.0,3.0,Coffee,Drip coffee,Our Old Time Diner Blend Lg
740.0,02/01/2023,12:36:06,1.0,8.0,Hell's Kitchen,43.0,3.0,Tea,Brewed herbal tea,Lemon Grass Lg
741.0,02/01/2023,12:36:37,1.0,5.0,Lower Manhattan,25.0,2.2,Coffee,Organic brewed coffee,Brazilian Sm
742.0,02/01/2023,12:38:47,2.0,8.0,Hell's Kitchen,87.0,3.0,Coffee,Barista Espresso,Ouro Brasileiro shot
743.0,02/01/2023,12:38:51,1.0,3.0,Astoria,56.0,2.55,Tea,Brewed Chai tea,Spicy Eye Opener Chai Rg
744.0,02/01/2023,12:39:04,2.0,5.0,Lower Manhattan,87.0,3.0,Coffee,Barista Espresso,Ouro Brasileiro shot
745.0,02/01/2023,12:41:28,1.0,8.0,Hell's Kitchen,87.0,3.0,Coffee,Barista Espresso,Ouro Brasileiro shot
746.0,02/01/2023,12:42:19,1.0,5.0,Lower Manhattan,52.0,2.5,Tea,Brewed Chai tea,Traditional Blend Chai Rg
747.0,02/01/2023,12:42:47,1.0,8.0,Hell's Kitchen,60.0,3.75,Drinking Chocolate,Hot chocolate,Sustainably Grown Organic Rg
748.0,02/01/2023,12:45:02,1.0,5.0,Lower Manhattan,26.0,3.0,Coffee,Organic brewed coffee,Brazilian Rg
749.0,02/01/2023,12:46:04,2.0,3.0,Astoria,46.0,2.5,Tea,Brewed Green tea,Serenity Green Tea Rg
750.0,02/01/2023,12:47:49,2.0,3.0,Astoria,46.0,2.5,Tea,Brewed Green tea,Serenity Green Tea Rg
751.0,02/01/2023,12:53:16,2.0,8.0,Hell's Kitchen,22.0,2.0,Coffee,Drip coffee,Our Old Time Diner Blend Sm
752.0,02/01/2023,12:54:07,1.0,5.0,Lower Manhattan,58.0,3.5,Drinking Chocolate,Hot chocolate,Dark chocolate Rg
753.0,02/01/2023,12:54:07,1.0,5.0,Lower Manhattan,77.0,3.0,Bakery,Scone,Oatmeal Scone
754.0,02/01/2023,12:54:53,2.0,5.0,Lower Manhattan,52.0,2.5,Tea,Brewed Chai tea,Traditional Blend Chai Rg
755.0,02/01/2023,12:55:19,1.0,3.0,Astoria,52.0,2.5,Tea,Brewed Chai tea,Traditional Blend Chai Rg
756.0,02/01/2023,12:57:55,2.0,8.0,Hell's Kitchen,30.0,3.0,Coffee,Gourmet brewed coffee,Columbian Medium Roast Lg
757.0,02/01/2023,12:58:04,2.0,3.0,Astoria,53.0,3.0,Tea,Brewed Chai tea,Traditional Blend Chai Lg
758.0,02/01/2023,12:58:38,2.0,8.0,Hell's Kitchen,26.0,3.0,Coffee,Organic brewed coffee,Brazilian Rg
759.0,02/01/2023,12:58:57,1.0,8.0,Hell's Kitchen,35.0,3.1,Coffee,Premium brewed coffee,Jamaican Coffee River Rg
760.0,02/01/2023,12:59:28,1.0,8.0,Hell's Kitchen,47.0,3.0,Tea,Brewed Green tea,Serenity Green Tea Lg
761.0,02/01/2023,12:59:45,2.0,3.0,Astoria,24.0,3.0,Coffee,Drip coffee,Our Old Time Diner Blend Lg
762.0,02/01/2023,13:02:03,2.0,3.0,Astoria,27.0,3.5,Coffee,Organic brewed coffee,Brazilian Lg
763.0,02/01/2023,13:03:14,2.0,8.0,Hell's Kitchen,40.0,3.75,Coffee,Barista Espresso,Cappuccino
764.0,02/01/2023,13:03:14,1.0,8.0,Hell's Kitchen,76.0,3.5,Bakery,Biscotti,Chocolate Chip Biscotti
765.0,02/01/2023,13:03:33,2.0,5.0,Lower Manhattan,22.0,2.0,Coffee,Drip coffee,Our Old Time Diner Blend Sm
766.0,02/01/2023,13:03:53,2.0,3.0,Astoria,28.0,2.0,Coffee,Gourmet brewed coffee,Columbian Medium Roast Sm
767.0,02/01/2023,13:04:02,1.0,8.0,Hell's Kitchen,49.0,3.0,Tea,Brewed Black tea,English Breakfast Lg
768.0,02/01/2023,13:04:56,2.0,3.0,Astoria,27.0,3.5,Coffee,Organic brewed coffee,Brazilian Lg
769.0,02/01/2023,13:05:41,1.0,3.0,Astoria,61.0,4.75,Drinking Chocolate,Hot chocolate,Sustainably Grown Organic Lg
770.0,02/01/2023,13:09:27,1.0,5.0,Lower Manhattan,51.0,3.0,Tea,Brewed Black tea,Earl Grey Lg
771.0,02/01/2023,13:09:27,1.0,5.0,Lower Manhattan,70.0,3.25,Bakery,Scone,Cranberry Scone
772.0,02/01/2023,13:10:17,1.0,8.0,Hell's Kitchen,33.0,3.5,Coffee,Gourmet brewed coffee,Ethiopia Lg
773.0,02/01/2023,13:10:17,1.0,8.0,Hell's Kitchen,78.0,4.5,Bakery,Scone,Scottish Cream Scone 
774.0,02/01/2023,13:10:41,2.0,8.0,Hell's Kitchen,43.0,3.0,Tea,Brewed herbal tea,Lemon Grass Lg
775.0,02/01/2023,13:14:54,2.0,5.0,Lower Manhattan,31.0,2.2,Coffee,Gourmet brewed coffee,Ethiopia Sm
776.0,02/01/2023,13:15:40,1.0,5.0,Lower Manhattan,24.0,3.0,Coffee,Drip coffee,Our Old Time Diner Blend Lg
777.0,02/01/2023,13:21:09,2.0,3.0,Astoria,46.0,2.5,Tea,Brewed Green tea,Serenity Green Tea Rg
778.0,02/01/2023,13:21:23,2.0,8.0,Hell's Kitchen,50.0,2.5,Tea,Brewed Black tea,Earl Grey Rg
779.0,02/01/2023,13:23:18,2.0,3.0,Astoria,39.0,4.25,Coffee,Barista Espresso,Latte Rg
780.0,02/01/2023,13:23:38,1.0,3.0,Astoria,44.0,2.5,Tea,Brewed herbal tea,Peppermint Rg
781.0,02/01/2023,13:24:33,2.0,3.0,Astoria,31.0,2.2,Coffee,Gourmet brewed coffee,Ethiopia Sm
,02/01/2023,13:25:02,1.0,,Hell's Kitchen,,3.1,Tea,Brewed Chai tea,Spicy Eye Opener Chai Lg
783.0,02/01/2023,13:26:47,1.0,3.0,Astoria,47.0,3.0,Tea,Brewed Green tea,Serenity Green Tea Lg
784.0,02/01/2023,13:28:24,2.0,8.0,Hell's Kitchen,44.0,2.5,Tea,Brewed herbal tea,Peppermint Rg
785.0,02/01/2023,13:29:51,1.0,3.0,Astoria,38.0,3.75,Coffee,Barista Espresso,Latte
,02/01/2023,13:29:59,,3.0,Astoria,56.0,2.55,Tea,Brewed Chai tea,Spicy Eye Opener Chai Rg
787.0,02/01/2023,13:30:00,2.0,3.0,Astoria,27.0,3.5,Coffee,Organic brewed coffee,Brazilian Lg
788.0,02/01/2023,13:30:00,1.0,3.0,Astoria,76.0,3.5,Bakery,Biscotti,Chocolate Chip Biscotti
789.0,02/01/2023,13:30:05,1.0,8.0,Hell's Kitchen,50.0,2.5,Tea,Brewed Black tea,Earl Grey Rg
790.0,02/01/2023,13:30:15,1.0,3.0,Astoria,30.0,3.0,Coffee,Gourmet brewed coffee,Columbian Medium Roast Lg
791.0,02/01/2023,13:30:30,2.0,3.0,Astoria,39.0,4.25,Coffee,Barista Espresso,Latte Rg
792.0,02/01/2023,13:30:30,1.0,8.0,Hell's Kitchen,31.0,2.2,Coffee,Gourmet brewed coffee,Ethiopia Sm
793.0,02/01/2023,13:34:02,1.0,8.0,Hell's Kitchen,23.0,2.5,Coffee,Drip coffee,Our Old Time Diner Blend Rg
,02/01/2023,13:35:24,,5.0,Lower Manhattan,32.0,,Coffee,Gourmet brewed coffee,Ethiopia Rg
795.0,02/01/2023,13:35:24,2.0,8.0,Hell's Kitchen,30.0,3.0,Coffee,Gourmet brewed coffee,Columbian Medium Roast Lg
796.0,02/01/2023,13:39:11,2.0,3.0,Astoria,23.0,2.5,Coffee,Drip coffee,Our Old Time Diner Blend Rg
,02/01/2023,13:40:11,1.0,,Astoria,39.0,4.25,Coffee,Barista Espresso,Latte Rg
798.0,02/01/2023,13:40:36,2.0,8.0,Hell's Kitchen,47.0,3.0,Tea,Brewed Green tea,Serenity Green Tea Lg
799.0,02/01/2023,13:40:53,1.0,5.0,Lower Manhattan,48.0,2.5,Tea,Brewed Black tea,English Breakfast Rg
800.0,02/01/2023,13:40:53,1.0,5.0,Lower Manhattan,79.0,3.75,Bakery,Scone,Jumbo Savory Scone
801.0,02/01/2023,13:42:07,1.0,8.0,Hell's Kitchen,36.0,3.75,Coffee,Premium brewed coffee,Jamaican Coffee River Lg
802.0,02/01/2023,13:47:24,1.0,3.0,Astoria,28.0,2.0,Coffee,Gourmet brewed coffee,Columbian Medium Roast Sm
803.0,02/01/2023,13:47:27,2.0,8.0,Hell's Kitchen,59.0,4.5,Drinking Chocolate,Hot chocolate,Dark chocolate Lg
804.0,02/01/2023,13:48:27,2.0,8.0,Hell's Kitchen,26.0,3.0,Coffee,Organic brewed coffee,Brazilian Rg
805.0,02/01/2023,13:48:27,1.0,8.0,Hell's Kitchen,73.0,3.75,Bakery,Pastry,Almond Croissant
806.0,02/01/2023,13:51:33,1.0,3.0,Astoria,60.0,3.75,Drinking Chocolate,Hot chocolate,Sustainably Grown Organic Rg
807.0,02/01/2023,13:51:33,1.0,3.0,Astoria,70.0,3.25,Bakery,Scone,Cranberry Scone
808.0,02/01/2023,13:52:27,2.0,3.0,Astoria,54.0,2.5,Tea,Brewed Chai tea,Morning Sunrise Chai Rg
809.0,02/01/2023,13:53:04,1.0,,Hell's Kitchen,26.0,,Coffee,Organic brewed coffee,Brazilian Rg
810.0,02/01/2023,13:53:04,1.0,8.0,Hell's Kitchen,79.0,3.75,Bakery,Scone,Jumbo Savory Scone
811.0,02/01/2023,13:55:38,1.0,8.0,Hell's Kitchen,23.0,2.5,Coffee,Drip coffee,Our Old Time Diner Blend Rg
812.0,02/01/2023,13:55:38,1.0,8.0,Hell's Kitchen,71.0,3.75,Bakery,Pastry,Chocolate Croissant
813.0,02/01/2023,13:56:19,1.0,5.0,Lower Manhattan,39.0,4.25,Coffee,Barista Espresso,Latte Rg
814.0,02/01/2023,13:57:59,2.0,8.0,Hell's Kitchen,38.0,3.75,Coffee,Barista Espresso,Latte
815.0,02/01/2023,13:58:30,2.0,3.0,Astoria,36.0,3.75,Coffee,Premium brewed coffee,Jamaican Coffee River Lg
816.0,02/01/2023,13:58:36,1.0,3.0,Astoria,39.0,4.25,Coffee,Barista Espresso,Latte Rg
817.0,02/01/2023,14:01:23,1.0,8.0,Hell's Kitchen,46.0,2.5,Tea,Brewed Green tea,Serenity Green Tea Rg
818.0,02/01/2023,14:02:16,2.0,8.0,Hell's Kitchen,25.0,2.2,Coffee,Organic brewed coffee,Brazilian Sm
819.0,02/01/2023,14:02:44,2.0,3.0,Astoria,22.0,2.0,Coffee,Drip coffee,Our Old Time Diner Blend Sm
820.0,02/01/2023,14:03:27,1.0,3.0,Astoria,59.0,4.5,Drinking Chocolate,Hot chocolate,Dark chocolate Lg
821.0,02/01/2023,14:05:27,1.0,5.0,Lower Manhattan,56.0,2.55,Tea,Brewed Chai tea,Spicy Eye Opener Chai Rg
822.0,02/01/2023,14:05:27,1.0,5.0,Lower Manhattan,75.0,3.5,Bakery,Pastry,Croissant
823.0,02/01/2023,14:07:17,1.0,3.0,Astoria,37.0,3.0,Coffee,Barista Espresso,Espresso shot
824.0,02/01/2023,14:07:49,2.0,5.0,Lower Manhattan,60.0,3.75,Drinking Chocolate,Hot chocolate,Sustainably Grown Organic Rg
825.0,02/01/2023,14:08:49,1.0,3.0,Astoria,40.0,3.75,Coffee,Barista Espresso,Cappuccino
826.0,02/01/2023,14:11:08,1.0,5.0,Lower Manhattan,28.0,2.0,Coffee,Gourmet brewed coffee,Columbian Medium Roast Sm
827.0,02/01/2023,14:12:00,1.0,8.0,Hell's Kitchen,46.0,2.5,Tea,Brewed Green tea,Serenity Green Tea Rg
828.0,02/01/2023,14:12:07,2.0,5.0,Lower Manhattan,51.0,3.0,Tea,Brewed Black tea,Earl Grey Lg
829.0,02/01/2023,14:12:35,2.0,3.0,Astoria,54.0,2.5,Tea,Brewed Chai tea,Morning Sunrise Chai Rg
830.0,02/01/2023,14:12:35,,,Astoria,,3.25,Bakery,Scone,Ginger Scone
831.0,02/01/2023,14:13:26,1.0,8.0,Hell's Kitchen,55.0,4.0,Tea,Brewed Chai tea,Morning Sunrise Chai Lg
832.0,02/01/2023,14:13:37,2.0,5.0,Lower Manhattan,25.0,2.2,Coffee,Organic brewed coffee,Brazilian Sm
833.0,02/01/2023,14:14:26,2.0,3.0,Astoria,58.0,3.5,Drinking Chocolate,Hot chocolate,Dark chocolate Rg
834.0,02/01/2023,14:17:08,1.0,3.0,Astoria,23.0,2.5,Coffee,Drip coffee,Our Old Time Diner Blend Rg
835.0,02/01/2023,14:17:55,2.0,3.0,Astoria,61.0,4.75,Drinking Chocolate,Hot chocolate,Sustainably Grown Organic Lg
836.0,02/01/2023,14:17:55,1.0,3.0,Astoria,75.0,3.5,Bakery,Pastry,Croissant
837.0,02/01/2023,14:19:24,1.0,3.0,Astoria,49.0,3.0,Tea,Brewed Black tea,English Breakfast Lg
838.0,02/01/2023,14:21:55,2.0,8.0,Hell's Kitchen,41.0,4.25,Coffee,Barista Espresso,Cappuccino Lg
839.0,02/01/2023,14:24:46,1.0,3.0,Astoria,30.0,3.0,Coffee,Gourmet brewed coffee,Columbian Medium Roast Lg
840.0,02/01/2023,14:25:35,1.0,8.0,Hell's Kitchen,31.0,2.2,Coffee,Gourmet brewed coffee,Ethiopia Sm
841.0,02/01/2023,14:26:33,1.0,8.0,Hell's Kitchen,36.0,3.75,Coffee,Premium brewed coffee,Jamaican Coffee River Lg
842.0,02/01/2023,14:29:35,2.0,3.0,Astoria,43.0,3.0,Tea,Brewed herbal tea,Lemon Grass Lg
843.0,02/01/2023,14:29:35,1.0,3.0,Astoria,71.0,3.75,Bakery,Pastry,Chocolate Croissant
844.0,02/01/2023,14:33:26,1.0,3.0,Astoria,22.0,2.0,Coffee,Drip coffee,Our Old Time Diner Blend Sm
845.0,02/01/2023,14:33:58,2.0,5.0,Lower Manhattan,37.0,3.0,Coffee,Barista Espresso,Espresso shot
846.0,02/01/2023,14:34:53,1.0,3.0,Astoria,48.0,2.5,Tea,Brewed Black tea,English Breakfast Rg
847.0,02/01/2023,14:36:56,2.0,5.0,Lower Manhattan,87.0,3.0,Coffee,Barista Espresso,Ouro Brasileiro shot
848.0,02/01/2023,14:37:44,2.0,8.0,Hell's Kitchen,52.0,2.5,Tea,Brewed Chai tea,Traditional Blend Chai Rg
849.0,02/01/2023,14:39:18,1.0,8.0,Hell's Kitchen,24.0,3.0,Coffee,Drip coffee,Our Old Time Diner Blend Lg
850.0,02/01/2023,14:40:25,2.0,3.0,Astoria,40.0,3.75,Coffee,Barista Espresso,Cappuccino
851.0,02/01/2023,14:42:21,1.0,3.0,Astoria,47.0,3.0,Tea,Brewed Green tea,Serenity Green Tea Lg
852.0,02/01/2023,14:42:21,1.0,3.0,Astoria,72.0,3.25,Bakery,Scone,Ginger Scone
853.0,02/01/2023,14:44:28,2.0,5.0,Lower Manhattan,52.0,2.5,Tea,Brewed Chai tea,Traditional Blend Chai Rg
854.0,02/01/2023,14:46:31,2.0,8.0,Hell's Kitchen,23.0,2.5,Coffee,Drip coffee,Our Old Time Diner Blend Rg
855.0,02/01/2023,14:48:02,2.0,5.0,Lower Manhattan,27.0,3.5,Coffee,Organic brewed coffee,Brazilian Lg
856.0,02/01/2023,14:48:05,1.0,5.0,Lower Manhattan,41.0,4.25,Coffee,Barista Espresso,Cappuccino Lg
857.0,02/01/2023,14:48:53,1.0,8.0,Hell's Kitchen,32.0,3.0,Coffee,Gourmet brewed coffee,Ethiopia Rg
858.0,02/01/2023,14:51:11,1.0,3.0,Astoria,36.0,3.75,Coffee,Premium brewed coffee,Jamaican Coffee River Lg
859.0,02/01/2023,14:52:26,1.0,5.0,Lower Manhattan,46.0,2.5,Tea,Brewed Green tea,Serenity Green Tea Rg
860.0,02/01/2023,14:52:26,1.0,5.0,Lower Manhattan,76.0,3.5,Bakery,Biscotti,Chocolate Chip Biscotti
861.0,02/01/2023,14:54:33,2.0,3.0,Astoria,37.0,3.0,Coffee,Barista Espresso,Espresso shot
862.0,02/01/2023,14:54:40,1.0,5.0,Lower Manhattan,87.0,3.0,Coffee,Barista Espresso,Ouro Brasileiro shot
863.0,02/01/2023,14:54:46,2.0,5.0,Lower Manhattan,52.0,2.5,Tea,Brewed Chai tea,Traditional Blend Chai Rg
864.0,02/01/2023,14:55:38,2.0,8.0,Hell's Kitchen,36.0,3.75,Coffee,Premium brewed coffee,Jamaican Coffee River Lg
865.0,02/01/2023,14:58:21,2.0,8.0,Hell's Kitchen,87.0,3.0,Coffee,Barista Espresso,Ouro Brasileiro shot
866.0,02/01/2023,14:58:28,2.0,8.0,Hell's Kitchen,46.0,2.5,Tea,Brewed Green tea,Serenity Green Tea Rg
867.0,02/01/2023,14:59:08,1.0,8.0,Hell's Kitchen,30.0,3.0,Coffee,Gourmet brewed coffee,Columbian Medium Roast Lg
868.0,02/01/2023,15:03:12,2.0,3.0,Astoria,26.0,3.0,Coffee,Organic brewed coffee,Brazilian Rg
869.0,02/01/2023,15:03:12,1.0,3.0,Astoria,73.0,3.75,Bakery,Pastry,Almond Croissant
870.0,02/01/2023,15:04:21,2.0,3.0,Astoria,23.0,2.5,Coffee,Drip coffee,Our Old Time Diner Blend Rg
871.0,02/01/2023,15:05:22,1.0,3.0,Astoria,27.0,3.5,Coffee,Organic brewed coffee,Brazilian Lg
872.0,02/01/2023,15:05:22,1.0,3.0,Astoria,79.0,3.75,Bakery,Scone,Jumbo Savory Scone
873.0,02/01/2023,15:09:48,,,Lower Manhattan,,2.2,Coffee,Gourmet brewed coffee,Ethiopia Sm
874.0,02/01/2023,15:10:48,1.0,8.0,Hell's Kitchen,44.0,2.5,Tea,Brewed herbal tea,Peppermint Rg
875.0,02/01/2023,15:12:44,1.0,3.0,Astoria,52.0,2.5,Tea,Brewed Chai tea,Traditional Blend Chai Rg
876.0,02/01/2023,15:15:03,1.0,3.0,Astoria,40.0,3.75,Coffee,Barista Espresso,Cappuccino
877.0,02/01/2023,15:15:03,1.0,3.0,Astoria,77.0,3.0,Bakery,Scone,Oatmeal Scone
,02/01/2023,15:18:41,,,Lower Manhattan,59.0,4.5,Drinking Chocolate,Hot chocolate,Dark chocolate Lg
879.0,02/01/2023,15:19:46,1.0,3.0,Astoria,53.0,3.0,Tea,Brewed Chai tea,Traditional Blend Chai Lg
880.0,02/01/2023,15:21:45,2.0,3.0,Astoria,47.0,3.0,Tea,Brewed Green tea,Serenity Green Tea Lg
881.0,02/01/2023,15:22:19,2.0,8.0,Hell's Kitchen,28.0,2.0,Coffee,Gourmet brewed coffee,Columbian Medium Roast Sm
882.0,02/01/2023,15:23:29,2.0,8.0,Hell's Kitchen,45.0,3.0,Tea,Brewed herbal tea,Peppermint Lg
883.0,02/01/2023,15:24:16,1.0,3.0,Astoria,60.0,3.75,Drinking Chocolate,Hot chocolate,Sustainably Grown Organic Rg
884.0,02/01/2023,15:24:52,2.0,5.0,Lower Manhattan,48.0,2.5,Tea,Brewed Black tea,English Breakfast Rg
885.0,02/01/2023,15:26:08,1.0,3.0,Astoria,50.0,2.5,Tea,Brewed Black tea,Earl Grey Rg
886.0,02/01/2023,15:26:22,2.0,5.0,Lower Manhattan,42.0,2.5,Tea,Brewed herbal tea,Lemon Grass Rg
887.0,02/01/2023,15:26:22,1.0,5.0,Lower Manhattan,69.0,3.25,Bakery,Biscotti,Hazelnut Biscotti
888.0,02/01/2023,15:27:43,1.0,3.0,Astoria,58.0,3.5,Drinking Chocolate,Hot chocolate,Dark chocolate Rg
889.0,02/01/2023,15:27:48,1.0,3.0,Astoria,41.0,4.25,Coffee,Barista Espresso,Cappuccino Lg
890.0,02/01/2023,15:28:35,2.0,5.0,Lower Manhattan,87.0,3.0,Coffee,Barista Espresso,Ouro Brasileiro shot
891.0,02/01/2023,15:29:31,2.0,5.0,Lower Manhattan,44.0,2.5,Tea,Brewed herbal tea,Peppermint Rg
892.0,02/01/2023,15:30:51,1.0,8.0,Hell's Kitchen,40.0,3.75,Coffee,Barista Espresso,Cappuccino
893.0,02/01/2023,15:32:44,2.0,8.0,Hell's Kitchen,45.0,3.0,Tea,Brewed herbal tea,Peppermint Lg
894.0,02/01/2023,15:34:44,2.0,5.0,Lower Manhattan,34.0,2.45,Coffee,Premium brewed coffee,Jamaican Coffee River Sm
895.0,02/01/2023,15:35:22,1.0,8.0,Hell's Kitchen,53.0,3.0,Tea,Brewed Chai tea,Traditional Blend Chai Lg
896.0,02/01/2023,15:35:22,1.0,8.0,Hell's Kitchen,69.0,3.25,Bakery,Biscotti,Hazelnut Biscotti
897.0,02/01/2023,15:35:30,2.0,5.0,Lower Manhattan,60.0,3.75,Drinking Chocolate,Hot chocolate,Sustainably Grown Organic Rg
898.0,02/01/2023,15:35:30,1.0,5.0,Lower Manhattan,70.0,3.25,Bakery,Scone,Cranberry Scone
899.0,02/01/2023,15:36:29,2.0,8.0,Hell's Kitchen,46.0,2.5,Tea,Brewed Green tea,Serenity Green Tea Rg
900.0,02/01/2023,15:36:47,2.0,3.0,Astoria,23.0,2.5,Coffee,Drip coffee,Our Old Time Diner Blend Rg
901.0,02/01/2023,15:37:20,2.0,8.0,Hell's Kitchen,33.0,3.5,Coffee,Gourmet brewed coffee,Ethiopia Lg
902.0,02/01/2023,15:37:20,1.0,,Hell's Kitchen,69.0,,Bakery,Biscotti,Hazelnut Biscotti
903.0,02/01/2023,15:38:44,2.0,5.0,Lower Manhattan,47.0,3.0,Tea,Brewed Green tea,Serenity Green Tea Lg
904.0,02/01/2023,15:41:09,1.0,8.0,Hell's Kitchen,52.0,2.5,Tea,Brewed Chai tea,Traditional Blend Chai Rg
905.0,02/01/2023,15:41:09,1.0,8.0,Hell's Kitchen,69.0,3.25,Bakery,Biscotti,Hazelnut Biscotti
906.0,02/01/2023,15:41:55,2.0,5.0,Lower Manhattan,47.0,3.0,Tea,Brewed Green tea,Serenity Green Tea Lg
907.0,02/01/2023,15:41:55,1.0,5.0,Lower Manhattan,74.0,3.5,Bakery,Biscotti,Ginger Biscotti
908.0,02/01/2023,15:42:50,1.0,8.0,Hell's Kitchen,23.0,2.5,Coffee,Drip coffee,Our Old Time Diner Blend Rg
909.0,02/01/2023,15:44:59,2.0,3.0,Astoria,44.0,2.5,Tea,Brewed herbal tea,Peppermint Rg
910.0,02/01/2023,15:48:55,1.0,5.0,Lower Manhattan,46.0,2.5,Tea,Brewed Green tea,Serenity Green Tea Rg
,02/01/2023,15:48:55,1.0,,Lower Manhattan,73.0,3.75,Bakery,Pastry,Almond Croissant
912.0,02/01/2023,15:49:27,1.0,5.0,Lower Manhattan,42.0,2.5,Tea,Brewed herbal tea,Lemon Grass Rg
913.0,02/01/2023,15:49:27,1.0,5.0,Lower Manhattan,78.0,4.5,Bakery,Scone,Scottish Cream Scone 
914.0,02/01/2023,15:50:12,2.0,3.0,Astoria,54.0,2.5,Tea,Brewed Chai tea,Morning Sunrise Chai Rg
915.0,02/01/2023,15:50:12,1.0,3.0,Astoria,79.0,3.75,Bakery,Scone,Jumbo Savory Scone
916.0,02/01/2023,15:50:27,2.0,5.0,Lower Manhattan,47.0,3.0,Tea,Brewed Green tea,Serenity Green Tea Lg
917.0,02/01/2023,15:50:28,2.0,8.0,Hell's Kitchen,46.0,2.5,Tea,Brewed Green tea,Serenity Green Tea Rg
918.0,02/01/2023,15:51:29,1.0,5.0,Lower Manhattan,34.0,2.45,Coffee,Premium brewed coffee,Jamaican Coffee River Sm
919.0,02/01/2023,15:51:57,2.0,5.0,Lower Manhattan,38.0,3.75,Coffee,Barista Espresso,Latte
920.0,02/01/2023,15:52:14,2.0,5.0,Lower Manhattan,34.0,2.45,Coffee,Premium brewed coffee,Jamaican Coffee River Sm
,02/01/2023,15:52:58,,,Hell's Kitchen,56.0,2.55,Tea,Brewed Chai tea,Spicy Eye Opener Chai Rg
922.0,02/01/2023,15:54:43,,,Hell's Kitchen,,2.0,Coffee,Gourmet brewed coffee,Columbian Medium Roast Sm
923.0,02/01/2023,15:55:19,1.0,5.0,Lower Manhattan,55.0,4.0,Tea,Brewed Chai tea,Morning Sunrise Chai Lg
924.0,02/01/2023,15:55:19,,5.0,Lower Manhattan,79.0,,Bakery,Scone,Jumbo Savory Scone
925.0,02/01/2023,15:55:27,2.0,5.0,Lower Manhattan,56.0,2.55,Tea,Brewed Chai tea,Spicy Eye Opener Chai Rg
926.0,02/01/2023,15:56:41,1.0,8.0,Hell's Kitchen,48.0,2.5,Tea,Brewed Black tea,English Breakfast Rg
927.0,02/01/2023,15:58:07,2.0,5.0,Lower Manhattan,29.0,2.5,Coffee,Gourmet brewed coffee,Columbian Medium Roast Rg
928.0,02/01/2023,15:59:37,1.0,3.0,Astoria,58.0,3.5,Drinking Chocolate,Hot chocolate,Dark chocolate Rg
929.0,02/01/2023,15:59:53,2.0,3.0,Astoria,43.0,3.0,Tea,Brewed herbal tea,Lemon Grass Lg
930.0,02/01/2023,16:00:33,2.0,3.0,Astoria,51.0,3.0,Tea,Brewed Black tea,Earl Grey Lg
931.0,02/01/2023,16:00:33,1.0,3.0,Astoria,78.0,4.5,Bakery,Scone,Scottish Cream Scone 
932.0,02/01/2023,16:02:09,1.0,5.0,Lower Manhattan,40.0,3.75,Coffee,Barista Espresso,Cappuccino
933.0,02/01/2023,16:02:21,1.0,5.0,Lower Manhattan,44.0,2.5,Tea,Brewed herbal tea,Peppermint Rg
934.0,02/01/2023,16:05:18,1.0,5.0,Lower Manhattan,52.0,2.5,Tea,Brewed Chai tea,Traditional Blend Chai Rg
935.0,02/01/2023,16:06:01,2.0,5.0,Lower Manhattan,34.0,2.45,Coffee,Premium brewed coffee,Jamaican Coffee River Sm
936.0,02/01/2023,16:06:18,1.0,3.0,Astoria,39.0,4.25,Coffee,Barista Espresso,Latte Rg
937.0,02/01/2023,16:08:22,1.0,5.0,Lower Manhattan,54.0,2.5,Tea,Brewed Chai tea,Morning Sunrise Chai Rg
938.0,02/01/2023,16:09:17,1.0,3.0,Astoria,39.0,4.25,Coffee,Barista Espresso,Latte Rg
939.0,02/01/2023,16:09:45,2.0,3.0,Astoria,45.0,3.0,Tea,Brewed herbal tea,Peppermint Lg
940.0,02/01/2023,16:11:04,1.0,3.0,Astoria,40.0,3.75,Coffee,Barista Espresso,Cappuccino
941.0,02/01/2023,16:11:57,2.0,8.0,Hell's Kitchen,26.0,3.0,Coffee,Organic brewed coffee,Brazilian Rg
942.0,02/01/2023,16:12:01,2.0,8.0,Hell's Kitchen,47.0,3.0,Tea,Brewed Green tea,Serenity Green Tea Lg
,02/01/2023,16:14:09,,5.0,Lower Manhattan,,3.0,Coffee,Gourmet brewed coffee,Columbian Medium Roast Lg
944.0,02/01/2023,16:14:09,1.0,5.0,Lower Manhattan,78.0,4.5,Bakery,Scone,Scottish Cream Scone 
945.0,02/01/2023,16:18:15,2.0,3.0,Astoria,53.0,3.0,Tea,Brewed Chai tea,Traditional Blend Chai Lg
946.0,02/01/2023,16:19:33,1.0,3.0,Astoria,38.0,3.75,Coffee,Barista Espresso,Latte
947.0,02/01/2023,16:19:48,2.0,5.0,Lower Manhattan,60.0,3.75,Drinking Chocolate,Hot chocolate,Sustainably Grown Organic Rg
948.0,02/01/2023,16:19:48,1.0,5.0,Lower Manhattan,78.0,4.5,Bakery,Scone,Scottish Cream Scone 
949.0,02/01/2023,16:22:25,1.0,3.0,Astoria,48.0,2.5,Tea,Brewed Black tea,English Breakfast Rg
950.0,02/01/2023,16:22:30,2.0,3.0,Astoria,27.0,3.5,Coffee,Organic brewed coffee,Brazilian Lg
951.0,02/01/2023,16:23:50,1.0,5.0,Lower Manhattan,26.0,3.0,Coffee,Organic brewed coffee,Brazilian Rg
952.0,02/01/2023,16:26:14,1.0,3.0,Astoria,55.0,4.0,Tea,Brewed Chai tea,Morning Sunrise Chai Lg
953.0,02/01/2023,16:26:38,1.0,3.0,Astoria,25.0,2.2,Coffee,Organic brewed coffee,Brazilian Sm
954.0,02/01/2023,16:26:38,1.0,3.0,Astoria,73.0,3.75,Bakery,Pastry,Almond Croissant
955.0,02/01/2023,16:26:49,1.0,8.0,Hell's Kitchen,54.0,2.5,Tea,Brewed Chai tea,Morning Sunrise Chai Rg
956.0,02/01/2023,16:28:26,1.0,8.0,Hell's Kitchen,36.0,3.75,Coffee,Premium brewed coffee,Jamaican Coffee River Lg
957.0,02/01/2023,16:30:05,1.0,5.0,Lower Manhattan,23.0,2.5,Coffee,Drip coffee,Our Old Time Diner Blend Rg
958.0,02/01/2023,16:30:07,1.0,3.0,Astoria,24.0,3.0,Coffee,Drip coffee,Our Old Time Diner Blend Lg
959.0,02/01/2023,16:30:07,1.0,3.0,Astoria,74.0,3.5,Bakery,Biscotti,Ginger Biscotti
,02/01/2023,16:30:37,,8.0,Hell's Kitchen,,3.0,Tea,Brewed Chai tea,Traditional Blend Chai Lg
,02/01/2023,16:31:20,,3.0,Astoria,36.0,3.75,Coffee,Premium brewed coffee,Jamaican Coffee River Lg
962.0,02/01/2023,16:31:48,1.0,8.0,Hell's Kitchen,52.0,2.5,Tea,Brewed Chai tea,Traditional Blend Chai Rg
963.0,02/01/2023,16:32:14,2.0,3.0,Astoria,52.0,2.5,Tea,Brewed Chai tea,Traditional Blend Chai Rg
964.0,02/01/2023,16:32:25,2.0,5.0,Lower Manhattan,50.0,2.5,Tea,Brewed Black tea,Earl Grey Rg
965.0,02/01/2023,16:33:17,1.0,5.0,Lower Manhattan,57.0,3.1,Tea,Brewed Chai tea,Spicy Eye Opener Chai Lg
966.0,02/01/2023,16:33:17,1.0,5.0,Lower Manhattan,75.0,3.5,Bakery,Pastry,Croissant
967.0,02/01/2023,16:34:50,1.0,5.0,Lower Manhattan,50.0,2.5,Tea,Brewed Black tea,Earl Grey Rg
968.0,02/01/2023,16:35:22,1.0,3.0,Astoria,31.0,2.2,Coffee,Gourmet brewed coffee,Ethiopia Sm
969.0,02/01/2023,16:35:22,2.0,3.0,Astoria,54.0,2.5,Tea,Brewed Chai tea,Morning Sunrise Chai Rg
970.0,02/01/2023,16:35:54,2.0,8.0,Hell's Kitchen,49.0,3.0,Tea,Brewed Black tea,English Breakfast Lg
971.0,02/01/2023,16:36:38,1.0,3.0,Astoria,32.0,3.0,Coffee,Gourmet brewed coffee,Ethiopia Rg
972.0,02/01/2023,16:41:26,2.0,5.0,Lower Manhattan,22.0,2.0,Coffee,Drip coffee,Our Old Time Diner Blend Sm
973.0,02/01/2023,16:42:11,2.0,3.0,Astoria,51.0,3.0,Tea,Brewed Black tea,Earl Grey Lg
974.0,02/01/2023,16:42:33,1.0,5.0,Lower Manhattan,34.0,2.45,Coffee,Premium brewed coffee,Jamaican Coffee River Sm
975.0,02/01/2023,16:42:33,1.0,5.0,Lower Manhattan,77.0,3.0,Bakery,Scone,Oatmeal Scone
976.0,02/01/2023,16:43:04,2.0,3.0,Astoria,34.0,2.45,Coffee,Premium brewed coffee,Jamaican Coffee River Sm
977.0,02/01/2023,16:44:55,2.0,5.0,Lower Manhattan,32.0,3.0,Coffee,Gourmet brewed coffee,Ethiopia Rg
978.0,02/01/2023,16:47:01,1.0,3.0,Astoria,48.0,2.5,Tea,Brewed Black tea,English Breakfast Rg
979.0,02/01/2023,16:49:41,1.0,3.0,Astoria,49.0,3.0,Tea,Brewed Black tea,English Breakfast Lg
980.0,02/01/2023,16:50:14,1.0,8.0,Hell's Kitchen,25.0,2.2,Coffee,Organic brewed coffee,Brazilian Sm
981.0,02/01/2023,16:51:09,2.0,3.0,Astoria,34.0,2.45,Coffee,Premium brewed coffee,Jamaican Coffee River Sm
982.0,02/01/2023,16:51:09,1.0,3.0,Astoria,72.0,3.25,Bakery,Scone,Ginger Scone
983.0,02/01/2023,16:55:58,2.0,3.0,Astoria,24.0,3.0,Coffee,Drip coffee,Our Old Time Diner Blend Lg
984.0,02/01/2023,16:56:14,1.0,8.0,Hell's Kitchen,41.0,4.25,Coffee,Barista Espresso,Cappuccino Lg
985.0,02/01/2023,16:59:09,1.0,5.0,Lower Manhattan,23.0,2.5,Coffee,Drip coffee,Our Old Time Diner Blend Rg
986.0,02/01/2023,17:00:52,1.0,8.0,Hell's Kitchen,25.0,2.2,Coffee,Organic brewed coffee,Brazilian Sm
987.0,02/01/2023,17:02:06,1.0,8.0,Hell's Kitchen,50.0,2.5,Tea,Brewed Black tea,Earl Grey Rg
988.0,02/01/2023,17:02:59,2.0,5.0,Lower Manhattan,29.0,2.5,Coffee,Gourmet brewed coffee,Columbian Medium Roast Rg
989.0,02/01/2023,17:02:59,1.0,5.0,Lower Manhattan,77.0,3.0,Bakery,Scone,Oatmeal Scone
990.0,02/01/2023,17:04:56,1.0,3.0,Astoria,60.0,3.75,Drinking Chocolate,Hot chocolate,Sustainably Grown Organic Rg
991.0,02/01/2023,17:10:24,2.0,8.0,Hell's Kitchen,55.0,4.0,Tea,Brewed Chai tea,Morning Sunrise Chai Lg
992.0,02/01/2023,17:10:36,1.0,8.0,Hell's Kitchen,33.0,3.5,Coffee,Gourmet brewed coffee,Ethiopia Lg
993.0,02/01/2023,17:12:45,2.0,3.0,Astoria,42.0,2.5,Tea,Brewed herbal tea,Lemon Grass Rg
994.0,02/01/2023,17:13:53,1.0,8.0,Hell's Kitchen,43.0,3.0,Tea,Brewed herbal tea,Lemon Grass Lg
995.0,02/01/2023,17:15:28,2.0,5.0,Lower Manhattan,27.0,3.5,Coffee,Organic brewed coffee,Brazilian Lg
996.0,02/01/2023,17:15:35,2.0,5.0,Lower Manhattan,57.0,3.1,Tea,Brewed Chai tea,Spicy Eye Opener Chai Lg
997.0,02/01/2023,17:17:00,2.0,3.0,Astoria,53.0,3.0,Tea,Brewed Chai tea,Traditional Blend Chai Lg
998.0,02/01/2023,17:17:00,1.0,3.0,Astoria,70.0,3.25,Bakery,Scone,Cranberry Scone
999.0,02/01/2023,17:18:25,2.0,5.0,Lower Manhattan,32.0,3.0,Coffee,Gourmet brewed coffee,Ethiopia Rg
1000.0,02/01/2023,17:19:03,1.0,8.0,Hell's Kitchen,54.0,2.5,Tea,Brewed Chai tea,Morning Sunrise Chai Rg
1001.0,02/01/2023,17:19:40,1.0,5.0,Lower Manhattan,27.0,3.5,Coffee,Organic brewed coffee,Brazilian Lg
1002.0,02/01/2023,17:19:40,1.0,5.0,Lower Manhattan,74.0,3.5,Bakery,Biscotti,Ginger Biscotti
,02/01/2023,17:20:14,,8.0,Hell's Kitchen,,2.5,Tea,Brewed Green tea,Serenity Green Tea Rg
1004.0,02/01/2023,17:21:01,1.0,3.0,Astoria,28.0,2.0,Coffee,Gourmet brewed coffee,Columbian Medium Roast Sm
1005.0,02/01/2023,17:21:19,2.0,3.0,Astoria,24.0,3.0,Coffee,Drip coffee,Our Old Time Diner Blend Lg
1006.0,02/01/2023,17:28:06,1.0,8.0,Hell's Kitchen,47.0,3.0,Tea,Brewed Green tea,Serenity Green Tea Lg
1007.0,02/01/2023,17:28:13,1.0,8.0,Hell's Kitchen,29.0,2.5,Coffee,Gourmet brewed coffee,Columbian Medium Roast Rg
,02/01/2023,17:29:21,,,Astoria,46.0,2.5,Tea,Brewed Green tea,Serenity Green Tea Rg
1009.0,02/01/2023,17:29:41,,,Astoria,30.0,3.0,Coffee,Gourmet brewed coffee,Columbian Medium Roast Lg
1010.0,02/01/2023,17:29:42,1.0,8.0,Hell's Kitchen,44.0,2.5,Tea,Brewed herbal tea,Peppermint Rg
1011.0,02/01/2023,17:29:42,1.0,8.0,Hell's Kitchen,71.0,3.75,Bakery,Pastry,Chocolate Croissant
1012.0,02/01/2023,17:34:05,2.0,8.0,Hell's Kitchen,28.0,2.0,Coffee,Gourmet brewed coffee,Columbian Medium Roast Sm
1013.0,02/01/2023,17:35:03,2.0,3.0,Astoria,29.0,2.5,Coffee,Gourmet brewed coffee,Columbian Medium Roast Rg
1014.0,02/01/2023,17:35:40,2.0,3.0,Astoria,51.0,3.0,Tea,Brewed Black tea,Earl Grey Lg
1015.0,02/01/2023,17:38:25,1.0,3.0,Astoria,26.0,3.0,Coffee,Organic brewed coffee,Brazilian Rg
1016.0,02/01/2023,17:38:48,1.0,5.0,Lower Manhattan,57.0,3.1,Tea,Brewed Chai tea,Spicy Eye Opener Chai Lg
1017.0,02/01/2023,17:40:19,1.0,3.0,Astoria,60.0,3.75,Drinking Chocolate,Hot chocolate,Sustainably Grown Organic Rg
1018.0,02/01/2023,17:40:19,1.0,3.0,Astoria,73.0,3.75,Bakery,Pastry,Almond Croissant
1019.0,02/01/2023,17:41:03,2.0,3.0,Astoria,38.0,3.75,Coffee,Barista Espresso,Latte
1020.0,02/01/2023,17:42:18,,,Astoria,,3.5,Coffee,Organic brewed coffee,Brazilian Lg
1021.0,02/01/2023,17:43:03,1.0,8.0,Hell's Kitchen,52.0,2.5,Tea,Brewed Chai tea,Traditional Blend Chai Rg
1022.0,02/01/2023,17:43:20,1.0,3.0,Astoria,61.0,4.75,Drinking Chocolate,Hot chocolate,Sustainably Grown Organic Lg
1023.0,02/01/2023,17:44:03,2.0,8.0,Hell's Kitchen,36.0,3.75,Coffee,Premium brewed coffee,Jamaican Coffee River Lg
1024.0,02/01/2023,17:45:16,1.0,8.0,Hell's Kitchen,46.0,2.5,Tea,Brewed Green tea,Serenity Green Tea Rg
1025.0,02/01/2023,17:45:27,1.0,8.0,Hell's Kitchen,52.0,2.5,Tea,Brewed Chai tea,Traditional Blend Chai Rg
1026.0,02/01/2023,17:48:34,2.0,3.0,Astoria,57.0,3.1,Tea,Brewed Chai tea,Spicy Eye Opener Chai Lg
1027.0,02/01/2023,17:48:39,2.0,5.0,Lower Manhattan,27.0,3.5,Coffee,Organic brewed coffee,Brazilian Lg
1028.0,02/01/2023,17:48:48,2.0,3.0,Astoria,52.0,2.5,Tea,Brewed Chai tea,Traditional Blend Chai Rg
1029.0,02/01/2023,17:51:00,2.0,3.0,Astoria,52.0,2.5,Tea,Brewed Chai tea,Traditional Blend Chai Rg
1030.0,02/01/2023,17:51:00,1.0,3.0,Astoria,76.0,3.5,Bakery,Biscotti,Chocolate Chip Biscotti
1031.0,02/01/2023,17:53:21,2.0,8.0,Hell's Kitchen,52.0,2.5,Tea,Brewed Chai tea,Traditional Blend Chai Rg
1032.0,02/01/2023,17:54:37,2.0,3.0,Astoria,37.0,3.0,Coffee,Barista Espresso,Espresso shot
1033.0,02/01/2023,17:54:59,2.0,3.0,Astoria,47.0,3.0,Tea,Brewed Green tea,Serenity Green Tea Lg
1034.0,02/01/2023,17:54:59,1.0,3.0,Astoria,74.0,3.5,Bakery,Biscotti,Ginger Biscotti
1035.0,02/01/2023,17:55:15,1.0,8.0,Hell's Kitchen,30.0,3.0,Coffee,Gourmet brewed coffee,Columbian Medium Roast Lg
1036.0,02/01/2023,17:57:42,2.0,3.0,Astoria,29.0,2.5,Coffee,Gourmet brewed coffee,Columbian Medium Roast Rg
1037.0,02/01/2023,17:57:42,1.0,3.0,Astoria,73.0,3.75,Bakery,Pastry,Almond Croissant
1038.0,02/01/2023,17:57:59,2.0,3.0,Astoria,60.0,3.75,Drinking Chocolate,Hot chocolate,Sustainably Grown Organic Rg
1039.0,02/01/2023,17:57:59,1.0,3.0,Astoria,75.0,3.5,Bakery,Pastry,Croissant
1040.0,02/01/2023,18:05:46,1.0,8.0,Hell's Kitchen,32.0,3.0,Coffee,Gourmet brewed coffee,Ethiopia Rg
1041.0,02/01/2023,18:05:46,1.0,8.0,Hell's Kitchen,72.0,3.25,Bakery,Scone,Ginger Scone
1042.0,02/01/2023,18:06:18,1.0,5.0,Lower Manhattan,61.0,4.75,Drinking Chocolate,Hot chocolate,Sustainably Grown Organic Lg
1043.0,02/01/2023,18:11:56,1.0,5.0,Lower Manhattan,55.0,4.0,Tea,Brewed Chai tea,Morning Sunrise Chai Lg
1044.0,02/01/2023,18:17:00,2.0,5.0,Lower Manhattan,33.0,3.5,Coffee,Gourmet brewed coffee,Ethiopia Lg
1045.0,02/01/2023,18:17:00,1.0,5.0,Lower Manhattan,73.0,3.75,Bakery,Pastry,Almond Croissant
1046.0,02/01/2023,18:17:58,2.0,5.0,Lower Manhattan,39.0,4.25,Coffee,Barista Espresso,Latte Rg
1047.0,02/01/2023,18:18:05,2.0,3.0,Astoria,45.0,3.0,Tea,Brewed herbal tea,Peppermint Lg
1048.0,02/01/2023,18:18:34,1.0,8.0,Hell's Kitchen,55.0,4.0,Tea,Brewed Chai tea,Morning Sunrise Chai Lg
1049.0,02/01/2023,18:19:05,1.0,3.0,Astoria,51.0,3.0,Tea,Brewed Black tea,Earl Grey Lg
1050.0,02/01/2023,18:22:30,1.0,5.0,Lower Manhattan,31.0,2.2,Coffee,Gourmet brewed coffee,Ethiopia Sm
1051.0,02/01/2023,18:23:01,2.0,8.0,Hell's Kitchen,50.0,2.5,Tea,Brewed Black tea,Earl Grey Rg
1052.0,02/01/2023,18:23:32,2.0,8.0,Hell's Kitchen,33.0,3.5,Coffee,Gourmet brewed coffee,Ethiopia Lg
1053.0,02/01/2023,18:24:11,2.0,3.0,Astoria,35.0,3.1,Coffee,Premium brewed coffee,Jamaican Coffee River Rg
1054.0,02/01/2023,18:24:23,2.0,8.0,Hell's Kitchen,34.0,2.45,Coffee,Premium brewed coffee,Jamaican Coffee River Sm
1055.0,02/01/2023,18:26:40,1.0,8.0,Hell's Kitchen,32.0,3.0,Coffee,Gourmet brewed coffee,Ethiopia Rg
1056.0,02/01/2023,18:27:04,1.0,3.0,Astoria,56.0,2.55,Tea,Brewed Chai tea,Spicy Eye Opener Chai Rg
1057.0,02/01/2023,18:28:05,2.0,3.0,Astoria,26.0,3.0,Coffee,Organic brewed coffee,Brazilian Rg
1058.0,02/01/2023,18:29:53,1.0,5.0,Lower Manhattan,34.0,2.45,Coffee,Premium brewed coffee,Jamaican Coffee River Sm
1059.0,02/01/2023,18:30:06,2.0,3.0,Astoria,36.0,3.75,Coffee,Premium brewed coffee,Jamaican Coffee River Lg
1060.0,02/01/2023,18:30:06,1.0,3.0,Astoria,75.0,3.5,Bakery,Pastry,Croissant
1061.0,02/01/2023,18:31:49,2.0,8.0,Hell's Kitchen,33.0,3.5,Coffee,Gourmet brewed coffee,Ethiopia Lg
1062.0,02/01/2023,18:31:49,1.0,8.0,Hell's Kitchen,70.0,3.25,Bakery,Scone,Cranberry Scone
1063.0,02/01/2023,18:31:50,2.0,3.0,Astoria,39.0,4.25,Coffee,Barista Espresso,Latte Rg
1064.0,02/01/2023,18:32:38,2.0,3.0,Astoria,49.0,3.0,Tea,Brewed Black tea,English Breakfast Lg
1065.0,02/01/2023,18:33:43,1.0,3.0,Astoria,44.0,2.5,Tea,Brewed herbal tea,Peppermint Rg
1066.0,02/01/2023,18:33:43,1.0,3.0,Astoria,77.0,3.0,Bakery,Scone,Oatmeal Scone
1067.0,02/01/2023,18:33:59,1.0,3.0,Astoria,46.0,2.5,Tea,Brewed Green tea,Serenity Green Tea Rg
1068.0,02/01/2023,18:37:31,1.0,3.0,Astoria,30.0,3.0,Coffee,Gourmet brewed coffee,Columbian Medium Roast Lg
1069.0,02/01/2023,18:39:18,1.0,3.0,Astoria,60.0,3.75,Drinking Chocolate,Hot chocolate,Sustainably Grown Organic Rg
1070.0,02/01/2023,18:40:50,2.0,8.0,Hell's Kitchen,61.0,4.75,Drinking Chocolate,Hot chocolate,Sustainably Grown Organic Lg
1071.0,02/01/2023,18:42:49,1.0,3.0,Astoria,37.0,3.0,Coffee,Barista Espresso,Espresso shot
1072.0,02/01/2023,18:43:00,1.0,3.0,Astoria,36.0,3.75,Coffee,Premium brewed coffee,Jamaican Coffee River Lg
1073.0,02/01/2023,18:44:51,2.0,3.0,Astoria,55.0,4.0,Tea,Brewed Chai tea,Morning Sunrise Chai Lg
1074.0,02/01/2023,18:49:22,2.0,3.0,Astoria,58.0,3.5,Drinking Chocolate,Hot chocolate,Dark chocolate Rg
1075.0,02/01/2023,18:49:22,1.0,3.0,Astoria,77.0,3.0,Bakery,Scone,Oatmeal Scone
1076.0,02/01/2023,18:50:17,1.0,3.0,Astoria,46.0,2.5,Tea,Brewed Green tea,Serenity Green Tea Rg
1077.0,02/01/2023,18:50:17,,3.0,Astoria,,3.5,Bakery,Biscotti,Chocolate Chip Biscotti
1078.0,02/01/2023,18:53:56,2.0,3.0,Astoria,52.0,2.5,Tea,Brewed Chai tea,Traditional Blend Chai Rg
1079.0,02/01/2023,18:53:56,1.0,3.0,Astoria,78.0,4.5,Bakery,Scone,Scottish Cream Scone 
1080.0,02/01/2023,18:54:10,2.0,3.0,Astoria,23.0,2.5,Coffee,Drip coffee,Our Old Time Diner Blend Rg
1081.0,02/01/2023,18:57:01,1.0,8.0,Hell's Kitchen,51.0,3.0,Tea,Brewed Black tea,Earl Grey Lg
1082.0,02/01/2023,19:00:58,1.0,,Astoria,22.0,,Coffee,Drip coffee,Our Old Time Diner Blend Sm
1083.0,02/01/2023,19:01:16,1.0,3.0,Astoria,48.0,2.5,Tea,Brewed Black tea,English Breakfast Rg
1084.0,02/01/2023,19:01:39,2.0,3.0,Astoria,59.0,4.5,Drinking Chocolate,Hot chocolate,Dark chocolate Lg
1085.0,02/01/2023,19:12:27,1.0,3.0,Astoria,40.0,3.75,Coffee,Barista Espresso,Cappuccino
1086.0,02/01/2023,19:14:55,2.0,8.0,Hell's Kitchen,39.0,4.25,Coffee,Barista Espresso,Latte Rg
1087.0,02/01/2023,19:14:55,1.0,8.0,Hell's Kitchen,70.0,3.25,Bakery,Scone,Cranberry Scone
1088.0,02/01/2023,19:16:12,2.0,3.0,Astoria,50.0,2.5,Tea,Brewed Black tea,Earl Grey Rg
1089.0,02/01/2023,19:16:12,1.0,3.0,Astoria,71.0,3.75,Bakery,Pastry,Chocolate Croissant
1090.0,02/01/2023,19:18:07,1.0,8.0,Hell's Kitchen,57.0,3.1,Tea,Brewed Chai tea,Spicy Eye Opener Chai Lg
1091.0,02/01/2023,19:19:55,2.0,8.0,Hell's Kitchen,37.0,3.0,Coffee,Barista Espresso,Espresso shot
1092.0,02/01/2023,19:22:54,1.0,3.0,Astoria,24.0,3.0,Coffee,Drip coffee,Our Old Time Diner Blend Lg
1093.0,02/01/2023,19:25:06,2.0,3.0,Astoria,22.0,2.0,Coffee,Drip coffee,Our Old Time Diner Blend Sm
1094.0,02/01/2023,19:25:06,1.0,3.0,Astoria,72.0,3.25,Bakery,Scone,Ginger Scone
1095.0,02/01/2023,19:26:53,2.0,8.0,Hell's Kitchen,23.0,2.5,Coffee,Drip coffee,Our Old Time Diner Blend Rg
1096.0,02/01/2023,19:27:07,1.0,8.0,Hell's Kitchen,22.0,2.0,Coffee,Drip coffee,Our Old Time Diner Blend Sm
1097.0,02/01/2023,19:27:07,1.0,8.0,Hell's Kitchen,69.0,3.25,Bakery,Biscotti,Hazelnut Biscotti
1098.0,02/01/2023,19:28:16,2.0,3.0,Astoria,25.0,2.2,Coffee,Organic brewed coffee,Brazilian Sm
1099.0,02/01/2023,19:29:54,1.0,8.0,Hell's Kitchen,34.0,2.45,Coffee,Premium brewed coffee,Jamaican Coffee River Sm
1100.0,02/01/2023,19:35:14,1.0,,Hell's Kitchen,,,Coffee,Barista Espresso,Cappuccino
1101.0,02/01/2023,19:35:31,2.0,8.0,Hell's Kitchen,49.0,3.0,Tea,Brewed Black tea,English Breakfast Lg
1102.0,02/01/2023,19:42:15,2.0,8.0,Hell's Kitchen,41.0,4.25,Coffee,Barista Espresso,Cappuccino Lg
1103.0,02/01/2023,19:45:11,2.0,3.0,Astoria,49.0,3.0,Tea,Brewed Black tea,English Breakfast Lg
1104.0,02/01/2023,19:46:07,2.0,8.0,Hell's Kitchen,57.0,3.1,Tea,Brewed Chai tea,Spicy Eye Opener Chai Lg
1105.0,02/01/2023,19:46:07,1.0,8.0,Hell's Kitchen,74.0,3.5,Bakery,Biscotti,Ginger Biscotti
1106.0,02/01/2023,19:46:38,2.0,3.0,Astoria,33.0,3.5,Coffee,Gourmet brewed coffee,Ethiopia Lg
1107.0,02/01/2023,19:48:49,2.0,8.0,Hell's Kitchen,28.0,2.0,Coffee,Gourmet brewed coffee,Columbian Medium Roast Sm
1108.0,02/01/2023,19:48:49,,,Hell's Kitchen,,3.5,Bakery,Pastry,Croissant
1109.0,02/01/2023,19:53:02,1.0,3.0,Astoria,22.0,2.0,Coffee,Drip coffee,Our Old Time Diner Blend Sm
1110.0,02/01/2023,19:53:02,1.0,3.0,Astoria,74.0,3.5,Bakery,Biscotti,Ginger Biscotti
1111.0,02/01/2023,19:53:55,2.0,3.0,Astoria,43.0,3.0,Tea,Brewed herbal tea,Lemon Grass Lg
1112.0,02/01/2023,19:57:01,2.0,8.0,Hell's Kitchen,56.0,2.55,Tea,Brewed Chai tea,Spicy Eye Opener Chai Rg
1113.0,02/01/2023,19:57:23,1.0,3.0,Astoria,52.0,2.5,Tea,Brewed Chai tea,Traditional Blend Chai Rg
1114.0,02/01/2023,19:57:23,1.0,3.0,Astoria,72.0,3.25,Bakery,Scone,Ginger Scone
1115.0,02/01/2023,19:58:10,2.0,8.0,Hell's Kitchen,26.0,3.0,Coffee,Organic brewed coffee,Brazilian Rg
1116.0,02/01/2023,19:58:35,1.0,3.0,Astoria,37.0,3.0,Coffee,Barista Espresso,Espresso shot
1117.0,03/01/2023,07:04:46,2.0,5.0,Lower Manhattan,43.0,3.0,Tea,Brewed herbal tea,Lemon Grass Lg
1118.0,03/01/2023,07:04:46,1.0,5.0,Lower Manhattan,78.0,4.5,Bakery,Scone,Scottish Cream Scone 
1119.0,03/01/2023,07:06:53,2.0,5.0,Lower Manhattan,29.0,2.5,Coffee,Gourmet brewed coffee,Columbian Medium Roast Rg
1120.0,03/01/2023,07:16:26,2.0,5.0,Lower Manhattan,59.0,4.5,Drinking Chocolate,Hot chocolate,Dark chocolate Lg
1121.0,03/01/2023,07:16:26,1.0,5.0,Lower Manhattan,73.0,3.75,Bakery,Pastry,Almond Croissant
1122.0,03/01/2023,07:17:23,1.0,5.0,Lower Manhattan,45.0,3.0,Tea,Brewed herbal tea,Peppermint Lg
1123.0,03/01/2023,07:37:05,2.0,5.0,Lower Manhattan,56.0,2.55,Tea,Brewed Chai tea,Spicy Eye Opener Chai Rg
1124.0,03/01/2023,08:06:33,1.0,8.0,Hell's Kitchen,41.0,4.25,Coffee,Barista Espresso,Cappuccino Lg
1125.0,03/01/2023,08:09:50,2.0,5.0,Lower Manhattan,60.0,3.75,Drinking Chocolate,Hot chocolate,Sustainably Grown Organic Rg
1126.0,03/01/2023,08:13:04,1.0,8.0,Hell's Kitchen,44.0,2.5,Tea,Brewed herbal tea,Peppermint Rg
1127.0,03/01/2023,08:13:05,1.0,8.0,Hell's Kitchen,37.0,3.0,Coffee,Barista Espresso,Espresso shot
1128.0,03/01/2023,08:13:05,1.0,8.0,Hell's Kitchen,76.0,3.5,Bakery,Biscotti,Chocolate Chip Biscotti
1129.0,03/01/2023,08:15:37,1.0,8.0,Hell's Kitchen,41.0,4.25,Coffee,Barista Espresso,Cappuccino Lg
1130.0,03/01/2023,08:18:30,2.0,8.0,Hell's Kitchen,45.0,3.0,Tea,Brewed herbal tea,Peppermint Lg
1131.0,03/01/2023,08:18:53,2.0,8.0,Hell's Kitchen,23.0,2.5,Coffee,Drip coffee,Our Old Time Diner Blend Rg
1132.0,03/01/2023,08:18:56,2.0,8.0,Hell's Kitchen,29.0,2.5,Coffee,Gourmet brewed coffee,Columbian Medium Roast Rg
1133.0,03/01/2023,08:19:33,2.0,8.0,Hell's Kitchen,52.0,2.5,Tea,Brewed Chai tea,Traditional Blend Chai Rg
1134.0,03/01/2023,08:19:47,1.0,5.0,Lower Manhattan,51.0,3.0,Tea,Brewed Black tea,Earl Grey Lg
1135.0,03/01/2023,08:20:55,1.0,5.0,Lower Manhattan,32.0,3.0,Coffee,Gourmet brewed coffee,Ethiopia Rg
1136.0,03/01/2023,08:22:14,1.0,5.0,Lower Manhattan,27.0,3.5,Coffee,Organic brewed coffee,Brazilian Lg
1137.0,03/01/2023,08:23:51,2.0,8.0,Hell's Kitchen,48.0,2.5,Tea,Brewed Black tea,English Breakfast Rg
1138.0,03/01/2023,08:28:33,2.0,5.0,Lower Manhattan,30.0,3.0,Coffee,Gourmet brewed coffee,Columbian Medium Roast Lg
1139.0,03/01/2023,08:28:53,2.0,8.0,Hell's Kitchen,60.0,3.75,Drinking Chocolate,Hot chocolate,Sustainably Grown Organic Rg
1140.0,03/01/2023,08:30:14,2.0,5.0,Lower Manhattan,40.0,3.75,Coffee,Barista Espresso,Cappuccino
1141.0,03/01/2023,08:31:06,2.0,8.0,Hell's Kitchen,22.0,2.0,Coffee,Drip coffee,Our Old Time Diner Blend Sm
1142.0,03/01/2023,08:31:07,1.0,5.0,Lower Manhattan,41.0,4.25,Coffee,Barista Espresso,Cappuccino Lg
1143.0,03/01/2023,08:31:07,1.0,5.0,Lower Manhattan,78.0,4.5,Bakery,Scone,Scottish Cream Scone 
1144.0,03/01/2023,08:32:12,2.0,,Hell's Kitchen,,,Drinking Chocolate,Hot chocolate,Dark chocolate Lg
1145.0,03/01/2023,08:32:12,1.0,8.0,Hell's Kitchen,78.0,4.5,Bakery,Scone,Scottish Cream Scone 
1146.0,03/01/2023,08:34:35,1.0,8.0,Hell's Kitchen,87.0,3.0,Coffee,Barista Espresso,Ouro Brasileiro shot
1147.0,03/01/2023,08:37:26,1.0,8.0,Hell's Kitchen,60.0,3.75,Drinking Chocolate,Hot chocolate,Sustainably Grown Organic Rg
1148.0,03/01/2023,08:37:51,2.0,5.0,Lower Manhattan,33.0,3.5,Coffee,Gourmet brewed coffee,Ethiopia Lg
1149.0,03/01/2023,08:40:29,1.0,8.0,Hell's Kitchen,56.0,2.55,Tea,Brewed Chai tea,Spicy Eye Opener Chai Rg
1150.0,03/01/2023,08:40:29,1.0,8.0,Hell's Kitchen,69.0,3.25,Bakery,Biscotti,Hazelnut Biscotti
1151.0,03/01/2023,08:40:29,1.0,8.0,Hell's Kitchen,35.0,3.1,Coffee,Premium brewed coffee,Jamaican Coffee River Rg
1152.0,03/01/2023,08:40:50,1.0,8.0,Hell's Kitchen,30.0,3.0,Coffee,Gourmet brewed coffee,Columbian Medium Roast Lg
1153.0,03/01/2023,08:40:50,1.0,8.0,Hell's Kitchen,72.0,3.25,Bakery,Scone,Ginger Scone
1154.0,03/01/2023,08:42:28,1.0,8.0,Hell's Kitchen,61.0,4.75,Drinking Chocolate,Hot chocolate,Sustainably Grown Organic Lg
1155.0,03/01/2023,08:44:23,2.0,8.0,Hell's Kitchen,22.0,2.0,Coffee,Drip coffee,Our Old Time Diner Blend Sm
1156.0,03/01/2023,08:49:32,2.0,5.0,Lower Manhattan,61.0,4.75,Drinking Chocolate,Hot chocolate,Sustainably Grown Organic Lg
1157.0,03/01/2023,08:49:35,2.0,5.0,Lower Manhattan,51.0,3.0,Tea,Brewed Black tea,Earl Grey Lg
1158.0,03/01/2023,08:49:35,1.0,5.0,Lower Manhattan,72.0,3.25,Bakery,Scone,Ginger Scone
1159.0,03/01/2023,08:50:00,1.0,8.0,Hell's Kitchen,24.0,3.0,Coffee,Drip coffee,Our Old Time Diner Blend Lg
1160.0,03/01/2023,08:50:21,2.0,8.0,Hell's Kitchen,44.0,2.5,Tea,Brewed herbal tea,Peppermint Rg
1161.0,03/01/2023,08:53:31,2.0,5.0,Lower Manhattan,54.0,2.5,Tea,Brewed Chai tea,Morning Sunrise Chai Rg
1162.0,03/01/2023,08:54:44,1.0,8.0,Hell's Kitchen,53.0,3.0,Tea,Brewed Chai tea,Traditional Blend Chai Lg
1163.0,03/01/2023,08:56:41,2.0,5.0,Lower Manhattan,59.0,4.5,Drinking Chocolate,Hot chocolate,Dark chocolate Lg
1164.0,03/01/2023,09:03:49,2.0,5.0,Lower Manhattan,50.0,2.5,Tea,Brewed Black tea,Earl Grey Rg
1165.0,03/01/2023,09:07:30,2.0,5.0,Lower Manhattan,87.0,3.0,Coffee,Barista Espresso,Ouro Brasileiro shot
1166.0,03/01/2023,09:07:30,1.0,5.0,Lower Manhattan,70.0,3.25,Bakery,Scone,Cranberry Scone
1167.0,03/01/2023,09:07:36,1.0,8.0,Hell's Kitchen,52.0,2.5,Tea,Brewed Chai tea,Traditional Blend Chai Rg
1168.0,03/01/2023,09:07:36,1.0,8.0,Hell's Kitchen,73.0,3.75,Bakery,Pastry,Almond Croissant
1169.0,03/01/2023,09:09:30,2.0,8.0,Hell's Kitchen,26.0,3.0,Coffee,Organic brewed coffee,Brazilian Rg
1170.0,03/01/2023,09:09:39,1.0,5.0,Lower Manhattan,37.0,3.0,Coffee,Barista Espresso,Espresso shot
1171.0,03/01/2023,09:15:44,1.0,5.0,Lower Manhattan,45.0,3.0,Tea,Brewed herbal tea,Peppermint Lg
1172.0,03/01/2023,09:18:30,1.0,8.0,Hell's Kitchen,22.0,2.0,Coffee,Drip coffee,Our Old Time Diner Blend Sm
1173.0,03/01/2023,09:18:59,2.0,5.0,Lower Manhattan,22.0,2.0,Coffee,Drip coffee,Our Old Time Diner Blend Sm
1174.0,03/01/2023,09:19:21,1.0,8.0,Hell's Kitchen,45.0,3.0,Tea,Brewed herbal tea,Peppermint Lg
1175.0,03/01/2023,09:23:33,1.0,5.0,Lower Manhattan,25.0,2.2,Coffee,Organic brewed coffee,Brazilian Sm
1176.0,03/01/2023,09:24:46,1.0,5.0,Lower Manhattan,54.0,2.5,Tea,Brewed Chai tea,Morning Sunrise Chai Rg
1177.0,03/01/2023,09:27:13,2.0,8.0,Hell's Kitchen,50.0,2.5,Tea,Brewed Black tea,Earl Grey Rg
1178.0,03/01/2023,09:30:08,1.0,5.0,Lower Manhattan,29.0,2.5,Coffee,Gourmet brewed coffee,Columbian Medium Roast Rg
1179.0,03/01/2023,09:33:20,1.0,8.0,Hell's Kitchen,42.0,2.5,Tea,Brewed herbal tea,Lemon Grass Rg
1180.0,03/01/2023,09:43:23,1.0,5.0,Lower Manhattan,45.0,3.0,Tea,Brewed herbal tea,Peppermint Lg
1181.0,03/01/2023,09:44:41,1.0,8.0,Hell's Kitchen,55.0,4.0,Tea,Brewed Chai tea,Morning Sunrise Chai Lg
1182.0,03/01/2023,09:44:59,1.0,8.0,Hell's Kitchen,54.0,2.5,Tea,Brewed Chai tea,Morning Sunrise Chai Rg
1183.0,03/01/2023,09:45:43,2.0,5.0,Lower Manhattan,50.0,2.5,Tea,Brewed Black tea,Earl Grey Rg
1184.0,03/01/2023,09:49:52,2.0,5.0,Lower Manhattan,59.0,4.5,Drinking Chocolate,Hot chocolate,Dark chocolate Lg
1185.0,03/01/2023,09:50:02,2.0,5.0,Lower Manhattan,43.0,3.0,Tea,Brewed herbal tea,Lemon Grass Lg
1186.0,03/01/2023,09:50:30,2.0,8.0,Hell's Kitchen,50.0,2.5,Tea,Brewed Black tea,Earl Grey Rg
1187.0,03/01/2023,09:50:48,2.0,8.0,Hell's Kitchen,55.0,4.0,Tea,Brewed Chai tea,Morning Sunrise Chai Lg
1188.0,03/01/2023,09:52:19,2.0,8.0,Hell's Kitchen,51.0,3.0,Tea,Brewed Black tea,Earl Grey Lg
1189.0,03/01/2023,09:53:13,2.0,8.0,Hell's Kitchen,37.0,3.0,Coffee,Barista Espresso,Espresso shot
,03/01/2023,09:56:34,2.0,5.0,Lower Manhattan,,3.0,Tea,Brewed Black tea,English Breakfast Lg
1191.0,03/01/2023,10:00:05,1.0,8.0,Hell's Kitchen,40.0,3.75,Coffee,Barista Espresso,Cappuccino
1192.0,03/01/2023,10:01:51,1.0,5.0,Lower Manhattan,87.0,3.0,Coffee,Barista Espresso,Ouro Brasileiro shot
1193.0,03/01/2023,10:11:25,1.0,8.0,Hell's Kitchen,33.0,3.5,Coffee,Gourmet brewed coffee,Ethiopia Lg
1194.0,03/01/2023,10:12:21,1.0,5.0,Lower Manhattan,40.0,3.75,Coffee,Barista Espresso,Cappuccino
1195.0,03/01/2023,10:17:13,1.0,5.0,Lower Manhattan,37.0,3.0,Coffee,Barista Espresso,Espresso shot
1196.0,03/01/2023,10:19:53,1.0,5.0,Lower Manhattan,34.0,2.45,Coffee,Premium brewed coffee,Jamaican Coffee River Sm
1197.0,03/01/2023,10:20:42,1.0,5.0,Lower Manhattan,38.0,3.75,Coffee,Barista Espresso,Latte
1198.0,03/01/2023,10:22:26,2.0,5.0,Lower Manhattan,49.0,3.0,Tea,Brewed Black tea,English Breakfast Lg
1199.0,03/01/2023,10:25:55,2.0,5.0,Lower Manhattan,26.0,3.0,Coffee,Organic brewed coffee,Brazilian Rg
1200.0,03/01/2023,10:26:39,1.0,8.0,Hell's Kitchen,55.0,4.0,Tea,Brewed Chai tea,Morning Sunrise Chai Lg
1201.0,03/01/2023,10:28:45,1.0,8.0,Hell's Kitchen,56.0,2.55,Tea,Brewed Chai tea,Spicy Eye Opener Chai Rg
1202.0,03/01/2023,10:30:42,2.0,5.0,Lower Manhattan,50.0,2.5,Tea,Brewed Black tea,Earl Grey Rg
1203.0,03/01/2023,10:33:49,1.0,5.0,Lower Manhattan,29.0,2.5,Coffee,Gourmet brewed coffee,Columbian Medium Roast Rg
1204.0,03/01/2023,10:40:11,2.0,5.0,Lower Manhattan,36.0,3.75,Coffee,Premium brewed coffee,Jamaican Coffee River Lg
1205.0,03/01/2023,10:41:29,1.0,5.0,Lower Manhattan,33.0,3.5,Coffee,Gourmet brewed coffee,Ethiopia Lg
1206.0,03/01/2023,10:41:29,1.0,5.0,Lower Manhattan,72.0,3.25,Bakery,Scone,Ginger Scone
1207.0,03/01/2023,10:43:23,1.0,5.0,Lower Manhattan,47.0,3.0,Tea,Brewed Green tea,Serenity Green Tea Lg
1208.0,03/01/2023,10:47:34,2.0,8.0,Hell's Kitchen,46.0,2.5,Tea,Brewed Green tea,Serenity Green Tea Rg
1209.0,03/01/2023,10:49:47,1.0,8.0,Hell's Kitchen,37.0,3.0,Coffee,Barista Espresso,Espresso shot
1210.0,03/01/2023,10:52:38,1.0,8.0,Hell's Kitchen,25.0,2.2,Coffee,Organic brewed coffee,Brazilian Sm
1211.0,03/01/2023,10:54:16,2.0,5.0,Lower Manhattan,39.0,4.25,Coffee,Barista Espresso,Latte Rg
1212.0,03/01/2023,10:54:52,2.0,5.0,Lower Manhattan,29.0,2.5,Coffee,Gourmet brewed coffee,Columbian Medium Roast Rg
1213.0,03/01/2023,10:56:53,2.0,5.0,Lower Manhattan,43.0,3.0,Tea,Brewed herbal tea,Lemon Grass Lg
1214.0,03/01/2023,10:56:53,1.0,5.0,Lower Manhattan,73.0,3.75,Bakery,Pastry,Almond Croissant
1215.0,03/01/2023,10:58:20,1.0,8.0,Hell's Kitchen,45.0,3.0,Tea,Brewed herbal tea,Peppermint Lg
1216.0,03/01/2023,10:59:41,2.0,8.0,Hell's Kitchen,32.0,3.0,Coffee,Gourmet brewed coffee,Ethiopia Rg
1217.0,03/01/2023,11:02:48,1.0,5.0,Lower Manhattan,54.0,2.5,Tea,Brewed Chai tea,Morning Sunrise Chai Rg
1218.0,03/01/2023,11:05:55,2.0,3.0,Astoria,28.0,2.0,Coffee,Gourmet brewed coffee,Columbian Medium Roast Sm
1219.0,03/01/2023,11:06:30,2.0,3.0,Astoria,28.0,2.0,Coffee,Gourmet brewed coffee,Columbian Medium Roast Sm
1220.0,03/01/2023,11:08:16,2.0,3.0,Astoria,36.0,3.75,Coffee,Premium brewed coffee,Jamaican Coffee River Lg
1221.0,03/01/2023,11:08:51,2.0,8.0,Hell's Kitchen,30.0,3.0,Coffee,Gourmet brewed coffee,Columbian Medium Roast Lg
1222.0,03/01/2023,11:10:02,2.0,3.0,Astoria,24.0,3.0,Coffee,Drip coffee,Our Old Time Diner Blend Lg
1223.0,03/01/2023,11:11:10,2.0,5.0,Lower Manhattan,26.0,3.0,Coffee,Organic brewed coffee,Brazilian Rg
1224.0,03/01/2023,11:11:22,1.0,5.0,Lower Manhattan,52.0,2.5,Tea,Brewed Chai tea,Traditional Blend Chai Rg
1225.0,03/01/2023,11:16:22,2.0,3.0,Astoria,24.0,3.0,Coffee,Drip coffee,Our Old Time Diner Blend Lg
1226.0,03/01/2023,11:16:40,2.0,3.0,Astoria,26.0,3.0,Coffee,Organic brewed coffee,Brazilian Rg
1227.0,03/01/2023,11:17:01,2.0,,Hell's Kitchen,,,Coffee,Barista Espresso,Latte
1228.0,03/01/2023,11:18:12,2.0,3.0,Astoria,27.0,3.5,Coffee,Organic brewed coffee,Brazilian Lg
1229.0,03/01/2023,11:20:10,2.0,8.0,Hell's Kitchen,49.0,3.0,Tea,Brewed Black tea,English Breakfast Lg
1230.0,03/01/2023,11:21:22,1.0,8.0,Hell's Kitchen,42.0,2.5,Tea,Brewed herbal tea,Lemon Grass Rg
1231.0,03/01/2023,11:23:05,2.0,5.0,Lower Manhattan,26.0,3.0,Coffee,Organic brewed coffee,Brazilian Rg
1232.0,03/01/2023,11:23:05,1.0,5.0,Lower Manhattan,73.0,3.75,Bakery,Pastry,Almond Croissant
1233.0,03/01/2023,11:23:56,1.0,8.0,Hell's Kitchen,54.0,2.5,Tea,Brewed Chai tea,Morning Sunrise Chai Rg
1234.0,03/01/2023,11:23:56,1.0,8.0,Hell's Kitchen,72.0,3.25,Bakery,Scone,Ginger Scone
1235.0,03/01/2023,11:26:09,2.0,8.0,Hell's Kitchen,61.0,4.75,Drinking Chocolate,Hot chocolate,Sustainably Grown Organic Lg
1236.0,03/01/2023,11:26:40,2.0,3.0,Astoria,60.0,3.75,Drinking Chocolate,Hot chocolate,Sustainably Grown Organic Rg
1237.0,03/01/2023,11:26:40,1.0,3.0,Astoria,78.0,4.5,Bakery,Scone,Scottish Cream Scone 
1238.0,03/01/2023,11:26:49,2.0,3.0,Astoria,47.0,3.0,Tea,Brewed Green tea,Serenity Green Tea Lg
1239.0,03/01/2023,11:27:36,1.0,8.0,Hell's Kitchen,46.0,2.5,Tea,Brewed Green tea,Serenity Green Tea Rg
1240.0,03/01/2023,11:30:16,2.0,8.0,Hell's Kitchen,37.0,3.0,Coffee,Barista Espresso,Espresso shot
1241.0,03/01/2023,11:31:00,2.0,5.0,Lower Manhattan,39.0,4.25,Coffee,Barista Espresso,Latte Rg
1242.0,03/01/2023,11:31:00,1.0,5.0,Lower Manhattan,70.0,3.25,Bakery,Scone,Cranberry Scone
1243.0,03/01/2023,11:31:11,1.0,8.0,Hell's Kitchen,50.0,2.5,Tea,Brewed Black tea,Earl Grey Rg
1244.0,03/01/2023,11:32:49,1.0,8.0,Hell's Kitchen,47.0,3.0,Tea,Brewed Green tea,Serenity Green Tea Lg
1245.0,03/01/2023,11:33:06,2.0,5.0,Lower Manhattan,31.0,2.2,Coffee,Gourmet brewed coffee,Ethiopia Sm
1246.0,03/01/2023,11:33:08,1.0,8.0,Hell's Kitchen,24.0,3.0,Coffee,Drip coffee,Our Old Time Diner Blend Lg
1247.0,03/01/2023,11:33:44,2.0,5.0,Lower Manhattan,26.0,3.0,Coffee,Organic brewed coffee,Brazilian Rg
1248.0,03/01/2023,11:33:44,1.0,5.0,Lower Manhattan,75.0,3.5,Bakery,Pastry,Croissant
1249.0,03/01/2023,11:36:44,1.0,3.0,Astoria,41.0,4.25,Coffee,Barista Espresso,Cappuccino Lg
1250.0,03/01/2023,11:36:49,2.0,8.0,Hell's Kitchen,33.0,3.5,Coffee,Gourmet brewed coffee,Ethiopia Lg
1251.0,03/01/2023,11:37:40,2.0,3.0,Astoria,46.0,2.5,Tea,Brewed Green tea,Serenity Green Tea Rg
1252.0,03/01/2023,11:37:50,2.0,3.0,Astoria,32.0,3.0,Coffee,Gourmet brewed coffee,Ethiopia Rg
1253.0,03/01/2023,11:37:55,1.0,3.0,Astoria,32.0,3.0,Coffee,Gourmet brewed coffee,Ethiopia Rg
1254.0,03/01/2023,11:40:15,2.0,3.0,Astoria,30.0,3.0,Coffee,Gourmet brewed coffee,Columbian Medium Roast Lg
1255.0,03/01/2023,11:40:31,,,Hell's Kitchen,43.0,,Tea,Brewed herbal tea,Lemon Grass Lg
1256.0,03/01/2023,11:42:01,2.0,5.0,Lower Manhattan,28.0,2.0,Coffee,Gourmet brewed coffee,Columbian Medium Roast Sm
1257.0,03/01/2023,11:42:48,2.0,3.0,Astoria,40.0,3.75,Coffee,Barista Espresso,Cappuccino
1258.0,03/01/2023,11:42:48,1.0,3.0,Astoria,77.0,3.0,Bakery,Scone,Oatmeal Scone
1259.0,03/01/2023,11:42:51,1.0,5.0,Lower Manhattan,50.0,2.5,Tea,Brewed Black tea,Earl Grey Rg
1260.0,03/01/2023,11:43:18,2.0,5.0,Lower Manhattan,22.0,2.0,Coffee,Drip coffee,Our Old Time Diner Blend Sm
1261.0,03/01/2023,11:46:27,1.0,8.0,Hell's Kitchen,35.0,3.1,Coffee,Premium brewed coffee,Jamaican Coffee River Rg
1262.0,03/01/2023,11:46:27,1.0,8.0,Hell's Kitchen,69.0,3.25,Bakery,Biscotti,Hazelnut Biscotti
1263.0,03/01/2023,11:46:29,2.0,3.0,Astoria,35.0,3.1,Coffee,Premium brewed coffee,Jamaican Coffee River Rg
1264.0,03/01/2023,11:46:29,1.0,3.0,Astoria,77.0,3.0,Bakery,Scone,Oatmeal Scone
1265.0,03/01/2023,11:47:50,1.0,5.0,Lower Manhattan,48.0,2.5,Tea,Brewed Black tea,English Breakfast Rg
1266.0,03/01/2023,11:50:55,1.0,8.0,Hell's Kitchen,29.0,2.5,Coffee,Gourmet brewed coffee,Columbian Medium Roast Rg
1267.0,03/01/2023,11:51:18,1.0,8.0,Hell's Kitchen,43.0,3.0,Tea,Brewed herbal tea,Lemon Grass Lg
1268.0,03/01/2023,11:52:48,1.0,8.0,Hell's Kitchen,59.0,4.5,Drinking Chocolate,Hot chocolate,Dark chocolate Lg
1269.0,03/01/2023,11:56:15,1.0,5.0,Lower Manhattan,35.0,3.1,Coffee,Premium brewed coffee,Jamaican Coffee River Rg
,03/01/2023,11:56:15,1.0,,Lower Manhattan,,3.75,Bakery,Pastry,Chocolate Croissant
1271.0,03/01/2023,11:57:06,1.0,3.0,Astoria,24.0,3.0,Coffee,Drip coffee,Our Old Time Diner Blend Lg
1272.0,03/01/2023,11:57:55,1.0,5.0,Lower Manhattan,33.0,3.5,Coffee,Gourmet brewed coffee,Ethiopia Lg
1273.0,03/01/2023,11:58:06,1.0,5.0,Lower Manhattan,36.0,3.75,Coffee,Premium brewed coffee,Jamaican Coffee River Lg
1274.0,03/01/2023,11:58:07,2.0,8.0,Hell's Kitchen,37.0,3.0,Coffee,Barista Espresso,Espresso shot
1275.0,03/01/2023,11:59:06,1.0,3.0,Astoria,39.0,4.25,Coffee,Barista Espresso,Latte Rg
1276.0,03/01/2023,11:59:16,2.0,5.0,Lower Manhattan,50.0,2.5,Tea,Brewed Black tea,Earl Grey Rg
1277.0,03/01/2023,11:59:49,2.0,5.0,Lower Manhattan,37.0,3.0,Coffee,Barista Espresso,Espresso shot
1278.0,03/01/2023,12:00:52,1.0,3.0,Astoria,50.0,2.5,Tea,Brewed Black tea,Earl Grey Rg
1279.0,03/01/2023,12:04:32,2.0,5.0,Lower Manhattan,38.0,3.75,Coffee,Barista Espresso,Latte
1280.0,03/01/2023,12:05:39,1.0,5.0,Lower Manhattan,25.0,2.2,Coffee,Organic brewed coffee,Brazilian Sm
1281.0,03/01/2023,12:06:47,1.0,8.0,Hell's Kitchen,38.0,3.75,Coffee,Barista Espresso,Latte
1282.0,03/01/2023,12:08:20,2.0,3.0,Astoria,55.0,4.0,Tea,Brewed Chai tea,Morning Sunrise Chai Lg
1283.0,03/01/2023,12:14:46,1.0,8.0,Hell's Kitchen,56.0,2.55,Tea,Brewed Chai tea,Spicy Eye Opener Chai Rg
1284.0,03/01/2023,12:16:03,2.0,5.0,Lower Manhattan,25.0,2.2,Coffee,Organic brewed coffee,Brazilian Sm
1285.0,03/01/2023,12:16:30,1.0,3.0,Astoria,46.0,2.5,Tea,Brewed Green tea,Serenity Green Tea Rg
1286.0,03/01/2023,12:17:20,1.0,3.0,Astoria,27.0,3.5,Coffee,Organic brewed coffee,Brazilian Lg
1287.0,03/01/2023,12:20:44,2.0,5.0,Lower Manhattan,47.0,3.0,Tea,Brewed Green tea,Serenity Green Tea Lg
1288.0,03/01/2023,12:20:50,2.0,8.0,Hell's Kitchen,23.0,2.5,Coffee,Drip coffee,Our Old Time Diner Blend Rg
1289.0,03/01/2023,12:23:36,1.0,8.0,Hell's Kitchen,35.0,3.1,Coffee,Premium brewed coffee,Jamaican Coffee River Rg
1290.0,03/01/2023,12:26:03,1.0,3.0,Astoria,51.0,3.0,Tea,Brewed Black tea,Earl Grey Lg
1291.0,03/01/2023,12:27:58,2.0,3.0,Astoria,59.0,4.5,Drinking Chocolate,Hot chocolate,Dark chocolate Lg
1292.0,03/01/2023,12:30:20,1.0,5.0,Lower Manhattan,51.0,3.0,Tea,Brewed Black tea,Earl Grey Lg
1293.0,03/01/2023,12:31:47,2.0,3.0,Astoria,59.0,4.5,Drinking Chocolate,Hot chocolate,Dark chocolate Lg
1294.0,03/01/2023,12:35:27,2.0,8.0,Hell's Kitchen,61.0,4.75,Drinking Chocolate,Hot chocolate,Sustainably Grown Organic Lg
1295.0,03/01/2023,12:36:05,1.0,3.0,Astoria,24.0,3.0,Coffee,Drip coffee,Our Old Time Diner Blend Lg
1296.0,03/01/2023,12:37:48,1.0,3.0,Astoria,24.0,3.0,Coffee,Drip coffee,Our Old Time Diner Blend Lg
1297.0,03/01/2023,12:38:56,1.0,8.0,Hell's Kitchen,60.0,3.75,Drinking Chocolate,Hot chocolate,Sustainably Grown Organic Rg
1298.0,03/01/2023,12:40:55,1.0,8.0,Hell's Kitchen,45.0,3.0,Tea,Brewed herbal tea,Peppermint Lg
1299.0,03/01/2023,12:44:41,1.0,5.0,Lower Manhattan,46.0,2.5,Tea,Brewed Green tea,Serenity Green Tea Rg
1300.0,03/01/2023,12:45:07,1.0,3.0,Astoria,51.0,3.0,Tea,Brewed Black tea,Earl Grey Lg
1301.0,03/01/2023,12:45:07,1.0,3.0,Astoria,72.0,3.25,Bakery,Scone,Ginger Scone
1302.0,03/01/2023,12:46:52,2.0,3.0,Astoria,27.0,3.5,Coffee,Organic brewed coffee,Brazilian Lg
1303.0,03/01/2023,12:47:41,2.0,8.0,Hell's Kitchen,50.0,2.5,Tea,Brewed Black tea,Earl Grey Rg
1304.0,03/01/2023,12:48:20,2.0,8.0,Hell's Kitchen,53.0,3.0,Tea,Brewed Chai tea,Traditional Blend Chai Lg
1305.0,03/01/2023,12:48:38,1.0,5.0,Lower Manhattan,33.0,3.5,Coffee,Gourmet brewed coffee,Ethiopia Lg
1306.0,03/01/2023,12:48:38,1.0,5.0,Lower Manhattan,76.0,3.5,Bakery,Biscotti,Chocolate Chip Biscotti
1307.0,03/01/2023,12:50:34,2.0,3.0,Astoria,58.0,3.5,Drinking Chocolate,Hot chocolate,Dark chocolate Rg
1308.0,03/01/2023,12:50:49,2.0,8.0,Hell's Kitchen,58.0,3.5,Drinking Chocolate,Hot chocolate,Dark chocolate Rg
1309.0,03/01/2023,12:51:17,2.0,8.0,Hell's Kitchen,49.0,3.0,Tea,Brewed Black tea,English Breakfast Lg
1310.0,03/01/2023,12:52:36,2.0,8.0,Hell's Kitchen,48.0,2.5,Tea,Brewed Black tea,English Breakfast Rg
1311.0,03/01/2023,12:52:36,1.0,8.0,Hell's Kitchen,74.0,3.5,Bakery,Biscotti,Ginger Biscotti
1312.0,03/01/2023,12:52:37,2.0,3.0,Astoria,39.0,4.25,Coffee,Barista Espresso,Latte Rg
1313.0,03/01/2023,12:55:25,2.0,3.0,Astoria,30.0,3.0,Coffee,Gourmet brewed coffee,Columbian Medium Roast Lg
1314.0,03/01/2023,12:55:49,1.0,5.0,Lower Manhattan,45.0,3.0,Tea,Brewed herbal tea,Peppermint Lg
1315.0,03/01/2023,12:56:02,2.0,8.0,Hell's Kitchen,50.0,2.5,Tea,Brewed Black tea,Earl Grey Rg
1316.0,03/01/2023,12:57:48,1.0,3.0,Astoria,39.0,4.25,Coffee,Barista Espresso,Latte Rg
1317.0,03/01/2023,12:58:20,2.0,5.0,Lower Manhattan,35.0,3.1,Coffee,Premium brewed coffee,Jamaican Coffee River Rg
1318.0,03/01/2023,13:03:37,2.0,3.0,Astoria,30.0,3.0,Coffee,Gourmet brewed coffee,Columbian Medium Roast Lg
1319.0,03/01/2023,13:04:25,1.0,5.0,Lower Manhattan,42.0,2.5,Tea,Brewed herbal tea,Lemon Grass Rg
1320.0,03/01/2023,13:04:48,2.0,5.0,Lower Manhattan,35.0,3.1,Coffee,Premium brewed coffee,Jamaican Coffee River Rg
1321.0,03/01/2023,13:04:48,1.0,5.0,Lower Manhattan,74.0,3.5,Bakery,Biscotti,Ginger Biscotti
1322.0,03/01/2023,13:05:00,1.0,8.0,Hell's Kitchen,22.0,2.0,Coffee,Drip coffee,Our Old Time Diner Blend Sm
1323.0,03/01/2023,13:05:16,1.0,3.0,Astoria,59.0,4.5,Drinking Chocolate,Hot chocolate,Dark chocolate Lg
1324.0,03/01/2023,13:05:16,1.0,3.0,Astoria,76.0,3.5,Bakery,Biscotti,Chocolate Chip Biscotti
1325.0,03/01/2023,13:06:00,2.0,3.0,Astoria,22.0,2.0,Coffee,Drip coffee,Our Old Time Diner Blend Sm
1326.0,03/01/2023,13:07:30,1.0,3.0,Astoria,54.0,2.5,Tea,Brewed Chai tea,Morning Sunrise Chai Rg
1327.0,03/01/2023,13:09:01,2.0,5.0,Lower Manhattan,56.0,2.55,Tea,Brewed Chai tea,Spicy Eye Opener Chai Rg
1328.0,03/01/2023,13:09:01,1.0,5.0,Lower Manhattan,74.0,3.5,Bakery,Biscotti,Ginger Biscotti
1329.0,03/01/2023,13:12:16,2.0,3.0,Astoria,23.0,2.5,Coffee,Drip coffee,Our Old Time Diner Blend Rg
1330.0,03/01/2023,13:12:49,2.0,5.0,Lower Manhattan,42.0,2.5,Tea,Brewed herbal tea,Lemon Grass Rg
1331.0,03/01/2023,13:12:49,1.0,5.0,Lower Manhattan,78.0,4.5,Bakery,Scone,Scottish Cream Scone 
1332.0,03/01/2023,13:13:33,2.0,3.0,Astoria,37.0,3.0,Coffee,Barista Espresso,Espresso shot
1333.0,03/01/2023,13:16:53,2.0,3.0,Astoria,49.0,3.0,Tea,Brewed Black tea,English Breakfast Lg
,03/01/2023,13:17:20,1.0,8.0,Hell's Kitchen,61.0,,Drinking Chocolate,Hot chocolate,Sustainably Grown Organic Lg
1335.0,03/01/2023,13:18:51,2.0,3.0,Astoria,51.0,3.0,Tea,Brewed Black tea,Earl Grey Lg
1336.0,03/01/2023,13:18:51,1.0,3.0,Astoria,75.0,3.5,Bakery,Pastry,Croissant
1337.0,03/01/2023,13:20:01,2.0,3.0,Astoria,23.0,2.5,Coffee,Drip coffee,Our Old Time Diner Blend Rg
1338.0,03/01/2023,13:20:13,1.0,3.0,Astoria,34.0,2.45,Coffee,Premium brewed coffee,Jamaican Coffee River Sm
1339.0,03/01/2023,13:24:10,1.0,3.0,Astoria,55.0,4.0,Tea,Brewed Chai tea,Morning Sunrise Chai Lg
1340.0,03/01/2023,13:26:51,1.0,8.0,Hell's Kitchen,44.0,2.5,Tea,Brewed herbal tea,Peppermint Rg
1341.0,03/01/2023,13:26:51,1.0,8.0,Hell's Kitchen,70.0,3.25,Bakery,Scone,Cranberry Scone
1342.0,03/01/2023,13:28:12,1.0,3.0,Astoria,38.0,3.75,Coffee,Barista Espresso,Latte
1343.0,03/01/2023,13:31:04,1.0,5.0,Lower Manhattan,43.0,3.0,Tea,Brewed herbal tea,Lemon Grass Lg
1344.0,03/01/2023,13:31:04,1.0,5.0,Lower Manhattan,74.0,3.5,Bakery,Biscotti,Ginger Biscotti
1345.0,03/01/2023,13:34:08,1.0,8.0,Hell's Kitchen,37.0,3.0,Coffee,Barista Espresso,Espresso shot
1346.0,03/01/2023,13:38:29,2.0,3.0,Astoria,50.0,2.5,Tea,Brewed Black tea,Earl Grey Rg
1347.0,03/01/2023,13:39:52,1.0,8.0,Hell's Kitchen,29.0,2.5,Coffee,Gourmet brewed coffee,Columbian Medium Roast Rg
1348.0,03/01/2023,13:41:00,1.0,3.0,Astoria,55.0,4.0,Tea,Brewed Chai tea,Morning Sunrise Chai Lg
1349.0,03/01/2023,13:44:19,1.0,8.0,Hell's Kitchen,54.0,2.5,Tea,Brewed Chai tea,Morning Sunrise Chai Rg
1350.0,03/01/2023,13:45:54,2.0,3.0,Astoria,43.0,3.0,Tea,Brewed herbal tea,Lemon Grass Lg
1351.0,03/01/2023,13:48:42,2.0,3.0,Astoria,26.0,3.0,Coffee,Organic brewed coffee,Brazilian Rg
1352.0,03/01/2023,13:48:44,2.0,8.0,Hell's Kitchen,42.0,2.5,Tea,Brewed herbal tea,Lemon Grass Rg
1353.0,03/01/2023,13:48:44,1.0,8.0,Hell's Kitchen,,,Bakery,Pastry,Almond Croissant
1354.0,03/01/2023,13:52:13,1.0,3.0,Astoria,54.0,2.5,Tea,Brewed Chai tea,Morning Sunrise Chai Rg
,03/01/2023,13:52:13,,3.0,Astoria,,3.5,Bakery,Pastry,Croissant
1356.0,03/01/2023,13:57:02,2.0,3.0,Astoria,27.0,3.5,Coffee,Organic brewed coffee,Brazilian Lg
1357.0,03/01/2023,13:57:16,2.0,3.0,Astoria,48.0,2.5,Tea,Brewed Black tea,English Breakfast Rg
1358.0,03/01/2023,13:57:24,2.0,3.0,Astoria,57.0,3.1,Tea,Brewed Chai tea,Spicy Eye Opener Chai Lg
1359.0,03/01/2023,13:57:28,1.0,8.0,Hell's Kitchen,57.0,3.1,Tea,Brewed Chai tea,Spicy Eye Opener Chai Lg
1360.0,03/01/2023,13:58:14,1.0,3.0,Astoria,45.0,3.0,Tea,Brewed herbal tea,Peppermint Lg
1361.0,03/01/2023,13:59:44,1.0,8.0,Hell's Kitchen,,,Coffee,Gourmet brewed coffee,Columbian Medium Roast Lg
1362.0,03/01/2023,14:00:27,1.0,3.0,Astoria,55.0,4.0,Tea,Brewed Chai tea,Morning Sunrise Chai Lg
1363.0,03/01/2023,14:03:06,2.0,3.0,Astoria,26.0,3.0,Coffee,Organic brewed coffee,Brazilian Rg
1364.0,03/01/2023,14:03:48,2.0,3.0,Astoria,49.0,3.0,Tea,Brewed Black tea,English Breakfast Lg
1365.0,03/01/2023,14:03:54,1.0,3.0,Astoria,56.0,2.55,Tea,Brewed Chai tea,Spicy Eye Opener Chai Rg
1366.0,03/01/2023,14:04:38,2.0,5.0,Lower Manhattan,38.0,3.75,Coffee,Barista Espresso,Latte
1367.0,03/01/2023,14:04:48,2.0,3.0,Astoria,59.0,4.5,Drinking Chocolate,Hot chocolate,Dark chocolate Lg
1368.0,03/01/2023,14:06:01,2.0,3.0,Astoria,49.0,3.0,Tea,Brewed Black tea,English Breakfast Lg
1369.0,03/01/2023,14:07:15,1.0,3.0,Astoria,37.0,3.0,Coffee,Barista Espresso,Espresso shot
1370.0,03/01/2023,14:08:26,1.0,8.0,Hell's Kitchen,39.0,4.25,Coffee,Barista Espresso,Latte Rg
1371.0,03/01/2023,14:09:18,1.0,8.0,Hell's Kitchen,42.0,2.5,Tea,Brewed herbal tea,Lemon Grass Rg
1372.0,03/01/2023,14:09:52,1.0,8.0,Hell's Kitchen,56.0,2.55,Tea,Brewed Chai tea,Spicy Eye Opener Chai Rg
1373.0,03/01/2023,14:10:19,1.0,8.0,Hell's Kitchen,39.0,4.25,Coffee,Barista Espresso,Latte Rg
1374.0,03/01/2023,14:13:15,2.0,3.0,Astoria,24.0,3.0,Coffee,Drip coffee,Our Old Time Diner Blend Lg
1375.0,03/01/2023,14:13:47,2.0,5.0,Lower Manhattan,54.0,2.5,Tea,Brewed Chai tea,Morning Sunrise Chai Rg
1376.0,03/01/2023,14:13:47,1.0,5.0,Lower Manhattan,72.0,3.25,Bakery,Scone,Ginger Scone
1377.0,03/01/2023,14:14:01,2.0,5.0,Lower Manhattan,48.0,2.5,Tea,Brewed Black tea,English Breakfast Rg
1378.0,03/01/2023,14:15:05,2.0,3.0,Astoria,57.0,3.1,Tea,Brewed Chai tea,Spicy Eye Opener Chai Lg
1379.0,03/01/2023,14:15:50,2.0,8.0,Hell's Kitchen,54.0,2.5,Tea,Brewed Chai tea,Morning Sunrise Chai Rg
1380.0,03/01/2023,14:17:42,1.0,5.0,Lower Manhattan,41.0,4.25,Coffee,Barista Espresso,Cappuccino Lg
1381.0,03/01/2023,14:18:47,2.0,5.0,Lower Manhattan,35.0,3.1,Coffee,Premium brewed coffee,Jamaican Coffee River Rg
1382.0,03/01/2023,14:18:47,1.0,5.0,Lower Manhattan,71.0,3.75,Bakery,Pastry,Chocolate Croissant
1383.0,03/01/2023,14:18:58,2.0,3.0,Astoria,57.0,3.1,Tea,Brewed Chai tea,Spicy Eye Opener Chai Lg
1384.0,03/01/2023,14:19:44,2.0,5.0,Lower Manhattan,59.0,4.5,Drinking Chocolate,Hot chocolate,Dark chocolate Lg
1385.0,03/01/2023,14:21:57,2.0,3.0,Astoria,38.0,3.75,Coffee,Barista Espresso,Latte
1386.0,03/01/2023,14:22:00,2.0,5.0,Lower Manhattan,36.0,3.75,Coffee,Premium brewed coffee,Jamaican Coffee River Lg
1387.0,03/01/2023,14:22:00,1.0,5.0,Lower Manhattan,79.0,3.75,Bakery,Scone,Jumbo Savory Scone
1388.0,03/01/2023,14:22:48,2.0,5.0,Lower Manhattan,26.0,3.0,Coffee,Organic brewed coffee,Brazilian Rg
1389.0,03/01/2023,14:23:43,2.0,3.0,Astoria,32.0,3.0,Coffee,Gourmet brewed coffee,Ethiopia Rg
1390.0,03/01/2023,14:23:54,2.0,,Hell's Kitchen,42.0,,Tea,Brewed herbal tea,Lemon Grass Rg
1391.0,03/01/2023,14:24:01,2.0,8.0,Hell's Kitchen,23.0,2.5,Coffee,Drip coffee,Our Old Time Diner Blend Rg
1392.0,03/01/2023,14:24:01,1.0,8.0,Hell's Kitchen,74.0,3.5,Bakery,Biscotti,Ginger Biscotti
1393.0,03/01/2023,14:24:14,1.0,8.0,Hell's Kitchen,35.0,3.1,Coffee,Premium brewed coffee,Jamaican Coffee River Rg
1394.0,03/01/2023,14:28:01,2.0,8.0,Hell's Kitchen,52.0,2.5,Tea,Brewed Chai tea,Traditional Blend Chai Rg
1395.0,03/01/2023,14:30:24,2.0,3.0,Astoria,27.0,3.5,Coffee,Organic brewed coffee,Brazilian Lg
1396.0,03/01/2023,14:30:38,1.0,8.0,Hell's Kitchen,37.0,3.0,Coffee,Barista Espresso,Espresso shot
1397.0,03/01/2023,14:31:14,2.0,3.0,Astoria,37.0,3.0,Coffee,Barista Espresso,Espresso shot
1398.0,03/01/2023,14:33:36,2.0,8.0,Hell's Kitchen,45.0,3.0,Tea,Brewed herbal tea,Peppermint Lg
1399.0,03/01/2023,14:34:28,1.0,8.0,Hell's Kitchen,25.0,2.2,Coffee,Organic brewed coffee,Brazilian Sm
1400.0,03/01/2023,14:35:13,2.0,5.0,Lower Manhattan,31.0,2.2,Coffee,Gourmet brewed coffee,Ethiopia Sm
1401.0,03/01/2023,14:37:12,1.0,3.0,Astoria,41.0,4.25,Coffee,Barista Espresso,Cappuccino Lg
1402.0,03/01/2023,14:38:17,1.0,3.0,Astoria,40.0,3.75,Coffee,Barista Espresso,Cappuccino
1403.0,03/01/2023,14:38:17,1.0,3.0,Astoria,74.0,3.5,Bakery,Biscotti,Ginger Biscotti
1404.0,03/01/2023,14:41:47,2.0,3.0,Astoria,36.0,3.75,Coffee,Premium brewed coffee,Jamaican Coffee River Lg
1405.0,03/01/2023,14:42:59,1.0,5.0,Lower Manhattan,51.0,3.0,Tea,Brewed Black tea,Earl Grey Lg
1406.0,03/01/2023,14:43:48,2.0,8.0,Hell's Kitchen,59.0,4.5,Drinking Chocolate,Hot chocolate,Dark chocolate Lg
1407.0,03/01/2023,14:44:43,1.0,3.0,Astoria,27.0,3.5,Coffee,Organic brewed coffee,Brazilian Lg
1408.0,03/01/2023,14:44:43,1.0,3.0,Astoria,70.0,3.25,Bakery,Scone,Cranberry Scone
1409.0,03/01/2023,14:45:14,1.0,3.0,Astoria,37.0,3.0,Coffee,Barista Espresso,Espresso shot
1410.0,03/01/2023,14:47:09,2.0,3.0,Astoria,26.0,3.0,Coffee,Organic brewed coffee,Brazilian Rg
1411.0,03/01/2023,14:47:10,1.0,3.0,Astoria,55.0,4.0,Tea,Brewed Chai tea,Morning Sunrise Chai Lg
1412.0,03/01/2023,14:47:10,1.0,3.0,Astoria,76.0,3.5,Bakery,Biscotti,Chocolate Chip Biscotti
1413.0,03/01/2023,14:47:45,2.0,8.0,Hell's Kitchen,24.0,3.0,Coffee,Drip coffee,Our Old Time Diner Blend Lg
1414.0,03/01/2023,14:47:45,1.0,8.0,Hell's Kitchen,78.0,4.5,Bakery,Scone,Scottish Cream Scone 
1415.0,03/01/2023,14:48:23,,5.0,Lower Manhattan,,,Tea,Brewed Chai tea,Spicy Eye Opener Chai Rg
1416.0,03/01/2023,14:48:30,1.0,8.0,Hell's Kitchen,27.0,3.5,Coffee,Organic brewed coffee,Brazilian Lg
1417.0,03/01/2023,14:49:31,1.0,8.0,Hell's Kitchen,60.0,3.75,Drinking Chocolate,Hot chocolate,Sustainably Grown Organic Rg
1418.0,03/01/2023,14:49:39,2.0,8.0,Hell's Kitchen,87.0,3.0,Coffee,Barista Espresso,Ouro Brasileiro shot
1419.0,03/01/2023,14:51:06,2.0,5.0,Lower Manhattan,47.0,3.0,Tea,Brewed Green tea,Serenity Green Tea Lg
1420.0,03/01/2023,14:53:17,2.0,8.0,Hell's Kitchen,35.0,3.1,Coffee,Premium brewed coffee,Jamaican Coffee River Rg
1421.0,03/01/2023,14:53:17,1.0,8.0,Hell's Kitchen,72.0,3.25,Bakery,Scone,Ginger Scone
1422.0,03/01/2023,14:53:51,2.0,3.0,Astoria,44.0,2.5,Tea,Brewed herbal tea,Peppermint Rg
1423.0,03/01/2023,14:53:52,1.0,3.0,Astoria,42.0,2.5,Tea,Brewed herbal tea,Lemon Grass Rg
1424.0,03/01/2023,14:54:41,1.0,8.0,Hell's Kitchen,44.0,2.5,Tea,Brewed herbal tea,Peppermint Rg
1425.0,03/01/2023,14:54:59,1.0,3.0,Astoria,34.0,2.45,Coffee,Premium brewed coffee,Jamaican Coffee River Sm
1426.0,03/01/2023,14:55:03,1.0,5.0,Lower Manhattan,51.0,3.0,Tea,Brewed Black tea,Earl Grey Lg
1427.0,03/01/2023,14:56:33,1.0,3.0,Astoria,54.0,2.5,Tea,Brewed Chai tea,Morning Sunrise Chai Rg
1428.0,03/01/2023,14:57:23,1.0,8.0,Hell's Kitchen,52.0,2.5,Tea,Brewed Chai tea,Traditional Blend Chai Rg
1429.0,03/01/2023,14:57:49,2.0,5.0,Lower Manhattan,57.0,3.1,Tea,Brewed Chai tea,Spicy Eye Opener Chai Lg
1430.0,03/01/2023,15:00:04,2.0,5.0,Lower Manhattan,36.0,3.75,Coffee,Premium brewed coffee,Jamaican Coffee River Lg
1431.0,03/01/2023,15:01:43,1.0,8.0,Hell's Kitchen,41.0,4.25,Coffee,Barista Espresso,Cappuccino Lg
1432.0,03/01/2023,15:01:43,1.0,8.0,Hell's Kitchen,76.0,3.5,Bakery,Biscotti,Chocolate Chip Biscotti
1433.0,03/01/2023,15:02:09,1.0,3.0,Astoria,48.0,2.5,Tea,Brewed Black tea,English Breakfast Rg
1434.0,03/01/2023,15:02:09,1.0,3.0,Astoria,70.0,3.25,Bakery,Scone,Cranberry Scone
1435.0,03/01/2023,15:02:34,1.0,3.0,Astoria,24.0,3.0,Coffee,Drip coffee,Our Old Time Diner Blend Lg
1436.0,03/01/2023,15:03:23,1.0,3.0,Astoria,53.0,3.0,Tea,Brewed Chai tea,Traditional Blend Chai Lg
1437.0,03/01/2023,15:04:07,2.0,5.0,Lower Manhattan,43.0,3.0,Tea,Brewed herbal tea,Lemon Grass Lg
1438.0,03/01/2023,15:05:33,2.0,8.0,Hell's Kitchen,87.0,3.0,Coffee,Barista Espresso,Ouro Brasileiro shot
1439.0,03/01/2023,15:06:00,1.0,3.0,Astoria,25.0,2.2,Coffee,Organic brewed coffee,Brazilian Sm
1440.0,03/01/2023,15:06:37,1.0,5.0,Lower Manhattan,49.0,3.0,Tea,Brewed Black tea,English Breakfast Lg
1441.0,03/01/2023,15:06:37,1.0,5.0,Lower Manhattan,75.0,3.5,Bakery,Pastry,Croissant
1442.0,03/01/2023,15:07:41,1.0,3.0,Astoria,47.0,3.0,Tea,Brewed Green tea,Serenity Green Tea Lg
1443.0,03/01/2023,15:08:18,1.0,3.0,Astoria,46.0,2.5,Tea,Brewed Green tea,Serenity Green Tea Rg
1444.0,03/01/2023,15:08:18,1.0,3.0,Astoria,69.0,3.25,Bakery,Biscotti,Hazelnut Biscotti
1445.0,03/01/2023,15:10:02,2.0,5.0,Lower Manhattan,32.0,3.0,Coffee,Gourmet brewed coffee,Ethiopia Rg
1446.0,03/01/2023,15:10:51,2.0,8.0,Hell's Kitchen,30.0,3.0,Coffee,Gourmet brewed coffee,Columbian Medium Roast Lg
1447.0,03/01/2023,15:11:28,2.0,8.0,Hell's Kitchen,48.0,2.5,Tea,Brewed Black tea,English Breakfast Rg
1448.0,03/01/2023,15:11:28,1.0,8.0,Hell's Kitchen,77.0,3.0,Bakery,Scone,Oatmeal Scone
1449.0,03/01/2023,15:13:22,2.0,3.0,Astoria,48.0,2.5,Tea,Brewed Black tea,English Breakfast Rg
1450.0,03/01/2023,15:13:46,2.0,5.0,Lower Manhattan,37.0,3.0,Coffee,Barista Espresso,Espresso shot
1451.0,03/01/2023,15:15:01,2.0,8.0,Hell's Kitchen,45.0,3.0,Tea,Brewed herbal tea,Peppermint Lg
1452.0,03/01/2023,15:15:39,1.0,3.0,Astoria,57.0,3.1,Tea,Brewed Chai tea,Spicy Eye Opener Chai Lg
1453.0,03/01/2023,15:15:48,2.0,5.0,Lower Manhattan,34.0,2.45,Coffee,Premium brewed coffee,Jamaican Coffee River Sm
,03/01/2023,15:17:03,1.0,5.0,Lower Manhattan,58.0,,Drinking Chocolate,Hot chocolate,Dark chocolate Rg
1455.0,03/01/2023,15:17:03,1.0,5.0,Lower Manhattan,78.0,4.5,Bakery,Scone,Scottish Cream Scone 
1456.0,03/01/2023,15:18:13,2.0,8.0,Hell's Kitchen,32.0,3.0,Coffee,Gourmet brewed coffee,Ethiopia Rg
1457.0,03/01/2023,15:19:17,1.0,5.0,Lower Manhattan,47.0,3.0,Tea,Brewed Green tea,Serenity Green Tea Lg
1458.0,03/01/2023,15:19:17,1.0,5.0,Lower Manhattan,79.0,3.75,Bakery,Scone,Jumbo Savory Scone
1459.0,03/01/2023,15:19:59,1.0,8.0,Hell's Kitchen,48.0,2.5,Tea,Brewed Black tea,English Breakfast Rg
1460.0,03/01/2023,15:23:04,2.0,3.0,Astoria,54.0,2.5,Tea,Brewed Chai tea,Morning Sunrise Chai Rg
1461.0,03/01/2023,15:24:23,1.0,3.0,Astoria,29.0,2.5,Coffee,Gourmet brewed coffee,Columbian Medium Roast Rg
1462.0,03/01/2023,15:24:48,2.0,3.0,Astoria,41.0,4.25,Coffee,Barista Espresso,Cappuccino Lg
1463.0,03/01/2023,15:26:58,2.0,3.0,Astoria,29.0,2.5,Coffee,Gourmet brewed coffee,Columbian Medium Roast Rg
1464.0,03/01/2023,15:27:29,2.0,8.0,Hell's Kitchen,38.0,3.75,Coffee,Barista Espresso,Latte
1465.0,03/01/2023,15:28:42,2.0,5.0,Lower Manhattan,31.0,2.2,Coffee,Gourmet brewed coffee,Ethiopia Sm
1466.0,03/01/2023,15:29:25,2.0,3.0,Astoria,27.0,3.5,Coffee,Organic brewed coffee,Brazilian Lg
1467.0,03/01/2023,15:30:42,2.0,5.0,Lower Manhattan,22.0,2.0,Coffee,Drip coffee,Our Old Time Diner Blend Sm
1468.0,03/01/2023,15:32:00,2.0,3.0,Astoria,25.0,2.2,Coffee,Organic brewed coffee,Brazilian Sm
1469.0,03/01/2023,15:32:00,1.0,3.0,Astoria,79.0,3.75,Bakery,Scone,Jumbo Savory Scone
1470.0,03/01/2023,15:33:20,2.0,3.0,Astoria,22.0,2.0,Coffee,Drip coffee,Our Old Time Diner Blend Sm
1471.0,03/01/2023,15:33:20,1.0,8.0,Hell's Kitchen,54.0,2.5,Tea,Brewed Chai tea,Morning Sunrise Chai Rg
1472.0,03/01/2023,15:33:20,1.0,8.0,Hell's Kitchen,74.0,3.5,Bakery,Biscotti,Ginger Biscotti
1473.0,03/01/2023,15:33:40,2.0,5.0,Lower Manhattan,38.0,3.75,Coffee,Barista Espresso,Latte
1474.0,03/01/2023,15:35:23,1.0,8.0,Hell's Kitchen,31.0,2.2,Coffee,Gourmet brewed coffee,Ethiopia Sm
1475.0,03/01/2023,15:35:49,2.0,3.0,Astoria,43.0,3.0,Tea,Brewed herbal tea,Lemon Grass Lg
1476.0,03/01/2023,15:36:04,1.0,3.0,Astoria,53.0,3.0,Tea,Brewed Chai tea,Traditional Blend Chai Lg
1477.0,03/01/2023,15:36:32,1.0,8.0,Hell's Kitchen,44.0,2.5,Tea,Brewed herbal tea,Peppermint Rg
1478.0,03/01/2023,15:37:29,1.0,3.0,Astoria,60.0,3.75,Drinking Chocolate,Hot chocolate,Sustainably Grown Organic Rg
1479.0,03/01/2023,15:37:29,1.0,3.0,Astoria,69.0,3.25,Bakery,Biscotti,Hazelnut Biscotti
1480.0,03/01/2023,15:39:00,1.0,8.0,Hell's Kitchen,23.0,2.5,Coffee,Drip coffee,Our Old Time Diner Blend Rg
1481.0,03/01/2023,15:41:00,2.0,8.0,Hell's Kitchen,43.0,3.0,Tea,Brewed herbal tea,Lemon Grass Lg
1482.0,03/01/2023,15:43:32,1.0,3.0,Astoria,55.0,4.0,Tea,Brewed Chai tea,Morning Sunrise Chai Lg
1483.0,03/01/2023,15:43:40,2.0,3.0,Astoria,54.0,2.5,Tea,Brewed Chai tea,Morning Sunrise Chai Rg
1484.0,03/01/2023,15:45:20,1.0,8.0,Hell's Kitchen,58.0,3.5,Drinking Chocolate,Hot chocolate,Dark chocolate Rg
,03/01/2023,15:45:57,,,Lower Manhattan,29.0,2.5,Coffee,Gourmet brewed coffee,Columbian Medium Roast Rg
1486.0,03/01/2023,15:46:51,1.0,8.0,Hell's Kitchen,87.0,3.0,Coffee,Barista Espresso,Ouro Brasileiro shot
1487.0,03/01/2023,15:46:51,1.0,8.0,Hell's Kitchen,77.0,3.0,Bakery,Scone,Oatmeal Scone
1488.0,03/01/2023,15:47:58,2.0,8.0,Hell's Kitchen,61.0,4.75,Drinking Chocolate,Hot chocolate,Sustainably Grown Organic Lg
1489.0,03/01/2023,15:47:58,1.0,8.0,Hell's Kitchen,76.0,3.5,Bakery,Biscotti,Chocolate Chip Biscotti
1490.0,03/01/2023,15:48:24,2.0,5.0,Lower Manhattan,54.0,2.5,Tea,Brewed Chai tea,Morning Sunrise Chai Rg
1491.0,03/01/2023,15:48:25,1.0,8.0,Hell's Kitchen,59.0,4.5,Drinking Chocolate,Hot chocolate,Dark chocolate Lg
1492.0,03/01/2023,15:48:46,2.0,5.0,Lower Manhattan,55.0,4.0,Tea,Brewed Chai tea,Morning Sunrise Chai Lg
1493.0,03/01/2023,15:49:11,1.0,5.0,Lower Manhattan,59.0,4.5,Drinking Chocolate,Hot chocolate,Dark chocolate Lg
1494.0,03/01/2023,15:51:55,1.0,8.0,Hell's Kitchen,27.0,3.5,Coffee,Organic brewed coffee,Brazilian Lg
1495.0,03/01/2023,15:52:01,1.0,3.0,Astoria,43.0,3.0,Tea,Brewed herbal tea,Lemon Grass Lg
1496.0,03/01/2023,15:53:19,1.0,3.0,Astoria,56.0,2.55,Tea,Brewed Chai tea,Spicy Eye Opener Chai Rg
1497.0,03/01/2023,15:55:15,1.0,8.0,Hell's Kitchen,34.0,2.45,Coffee,Premium brewed coffee,Jamaican Coffee River Sm
1498.0,03/01/2023,15:55:31,1.0,5.0,Lower Manhattan,30.0,3.0,Coffee,Gourmet brewed coffee,Columbian Medium Roast Lg
,03/01/2023,15:55:36,1.0,,Lower Manhattan,58.0,3.5,Drinking Chocolate,Hot chocolate,Dark chocolate Rg
1500.0,03/01/2023,15:55:59,2.0,8.0,Hell's Kitchen,46.0,2.5,Tea,Brewed Green tea,Serenity Green Tea Rg
1501.0,03/01/2023,15:57:20,2.0,5.0,Lower Manhattan,87.0,3.0,Coffee,Barista Espresso,Ouro Brasileiro shot
1502.0,03/01/2023,15:58:24,,3.0,Astoria,,4.5,Drinking Chocolate,Hot chocolate,Dark chocolate Lg
1503.0,03/01/2023,15:58:31,2.0,3.0,Astoria,40.0,3.75,Coffee,Barista Espresso,Cappuccino
1504.0,03/01/2023,16:00:06,2.0,8.0,Hell's Kitchen,24.0,3.0,Coffee,Drip coffee,Our Old Time Diner Blend Lg
1505.0,03/01/2023,16:00:44,1.0,5.0,Lower Manhattan,26.0,3.0,Coffee,Organic brewed coffee,Brazilian Rg
1506.0,03/01/2023,16:03:08,1.0,3.0,Astoria,25.0,2.2,Coffee,Organic brewed coffee,Brazilian Sm
1507.0,03/01/2023,16:04:22,2.0,3.0,Astoria,27.0,3.5,Coffee,Organic brewed coffee,Brazilian Lg
1508.0,03/01/2023,16:07:48,2.0,5.0,Lower Manhattan,38.0,3.75,Coffee,Barista Espresso,Latte
1509.0,03/01/2023,16:08:18,1.0,8.0,Hell's Kitchen,47.0,3.0,Tea,Brewed Green tea,Serenity Green Tea Lg
1510.0,03/01/2023,16:13:17,1.0,3.0,Astoria,47.0,3.0,Tea,Brewed Green tea,Serenity Green Tea Lg
1511.0,03/01/2023,16:13:17,1.0,3.0,Astoria,76.0,3.5,Bakery,Biscotti,Chocolate Chip Biscotti
1512.0,03/01/2023,16:14:44,1.0,5.0,Lower Manhattan,45.0,3.0,Tea,Brewed herbal tea,Peppermint Lg
1513.0,03/01/2023,16:15:10,1.0,3.0,Astoria,58.0,3.5,Drinking Chocolate,Hot chocolate,Dark chocolate Rg
1514.0,03/01/2023,16:16:00,1.0,8.0,Hell's Kitchen,60.0,3.75,Drinking Chocolate,Hot chocolate,Sustainably Grown Organic Rg
1515.0,03/01/2023,16:16:00,1.0,8.0,Hell's Kitchen,76.0,3.5,Bakery,Biscotti,Chocolate Chip Biscotti
1516.0,03/01/2023,16:16:52,1.0,,Astoria,,3.0,Tea,Brewed herbal tea,Lemon Grass Lg
1517.0,03/01/2023,16:21:27,1.0,8.0,Hell's Kitchen,46.0,2.5,Tea,Brewed Green tea,Serenity Green Tea Rg
1518.0,03/01/2023,16:22:03,1.0,3.0,Astoria,37.0,3.0,Coffee,Barista Espresso,Espresso shot
1519.0,03/01/2023,16:22:58,2.0,8.0,Hell's Kitchen,46.0,2.5,Tea,Brewed Green tea,Serenity Green Tea Rg
1520.0,03/01/2023,16:23:10,1.0,5.0,Lower Manhattan,39.0,4.25,Coffee,Barista Espresso,Latte Rg
1521.0,03/01/2023,16:23:10,1.0,5.0,Lower Manhattan,77.0,3.0,Bakery,Scone,Oatmeal Scone
1522.0,03/01/2023,16:23:27,2.0,8.0,Hell's Kitchen,25.0,2.2,Coffee,Organic brewed coffee,Brazilian Sm
1523.0,03/01/2023,16:24:45,2.0,8.0,Hell's Kitchen,53.0,3.0,Tea,Brewed Chai tea,Traditional Blend Chai Lg
1524.0,03/01/2023,16:24:45,1.0,8.0,Hell's Kitchen,75.0,3.5,Bakery,Pastry,Croissant
1525.0,03/01/2023,16:25:31,1.0,8.0,Hell's Kitchen,53.0,3.0,Tea,Brewed Chai tea,Traditional Blend Chai Lg
1526.0,03/01/2023,16:25:47,2.0,3.0,Astoria,49.0,3.0,Tea,Brewed Black tea,English Breakfast Lg
1527.0,03/01/2023,16:29:14,2.0,8.0,Hell's Kitchen,46.0,2.5,Tea,Brewed Green tea,Serenity Green Tea Rg
1528.0,03/01/2023,16:29:19,2.0,5.0,Lower Manhattan,27.0,3.5,Coffee,Organic brewed coffee,Brazilian Lg
1529.0,03/01/2023,16:29:19,1.0,5.0,Lower Manhattan,72.0,3.25,Bakery,Scone,Ginger Scone
1530.0,03/01/2023,16:29:24,1.0,3.0,Astoria,54.0,2.5,Tea,Brewed Chai tea,Morning Sunrise Chai Rg
1531.0,03/01/2023,16:29:35,2.0,3.0,Astoria,36.0,3.75,Coffee,Premium brewed coffee,Jamaican Coffee River Lg
1532.0,03/01/2023,16:30:03,1.0,8.0,Hell's Kitchen,50.0,2.5,Tea,Brewed Black tea,Earl Grey Rg
1533.0,03/01/2023,16:31:06,1.0,8.0,Hell's Kitchen,32.0,3.0,Coffee,Gourmet brewed coffee,Ethiopia Rg
1534.0,03/01/2023,16:31:06,1.0,8.0,Hell's Kitchen,71.0,3.75,Bakery,Pastry,Chocolate Croissant
1535.0,03/01/2023,16:31:41,1.0,3.0,Astoria,54.0,2.5,Tea,Brewed Chai tea,Morning Sunrise Chai Rg
1536.0,03/01/2023,16:32:29,2.0,3.0,Astoria,51.0,3.0,Tea,Brewed Black tea,Earl Grey Lg
1537.0,03/01/2023,16:33:26,1.0,5.0,Lower Manhattan,30.0,3.0,Coffee,Gourmet brewed coffee,Columbian Medium Roast Lg
1538.0,03/01/2023,16:34:56,1.0,5.0,Lower Manhattan,61.0,4.75,Drinking Chocolate,Hot chocolate,Sustainably Grown Organic Lg
1539.0,03/01/2023,16:34:56,1.0,5.0,Lower Manhattan,75.0,3.5,Bakery,Pastry,Croissant
1540.0,03/01/2023,16:35:23,1.0,8.0,Hell's Kitchen,32.0,3.0,Coffee,Gourmet brewed coffee,Ethiopia Rg
1541.0,03/01/2023,16:35:23,1.0,8.0,Hell's Kitchen,79.0,3.75,Bakery,Scone,Jumbo Savory Scone
1542.0,03/01/2023,16:37:31,2.0,3.0,Astoria,36.0,3.75,Coffee,Premium brewed coffee,Jamaican Coffee River Lg
1543.0,03/01/2023,16:37:59,2.0,8.0,Hell's Kitchen,28.0,2.0,Coffee,Gourmet brewed coffee,Columbian Medium Roast Sm
1544.0,03/01/2023,16:37:59,1.0,8.0,Hell's Kitchen,73.0,3.75,Bakery,Pastry,Almond Croissant
1545.0,03/01/2023,16:39:44,1.0,5.0,Lower Manhattan,32.0,3.0,Coffee,Gourmet brewed coffee,Ethiopia Rg
1546.0,03/01/2023,16:40:42,2.0,8.0,Hell's Kitchen,26.0,3.0,Coffee,Organic brewed coffee,Brazilian Rg
1547.0,03/01/2023,16:41:45,1.0,8.0,Hell's Kitchen,33.0,3.5,Coffee,Gourmet brewed coffee,Ethiopia Lg
1548.0,03/01/2023,16:42:17,2.0,3.0,Astoria,25.0,2.2,Coffee,Organic brewed coffee,Brazilian Sm
1549.0,03/01/2023,16:43:22,1.0,5.0,Lower Manhattan,54.0,2.5,Tea,Brewed Chai tea,Morning Sunrise Chai Rg
1550.0,03/01/2023,16:43:36,1.0,3.0,Astoria,22.0,2.0,Coffee,Drip coffee,Our Old Time Diner Blend Sm
,03/01/2023,16:43:58,1.0,,Lower Manhattan,46.0,2.5,Tea,Brewed Green tea,Serenity Green Tea Rg
1552.0,03/01/2023,16:43:58,1.0,5.0,Lower Manhattan,71.0,3.75,Bakery,Pastry,Chocolate Croissant
1553.0,03/01/2023,16:48:31,2.0,3.0,Astoria,57.0,3.1,Tea,Brewed Chai tea,Spicy Eye Opener Chai Lg
1554.0,03/01/2023,16:49:49,1.0,5.0,Lower Manhattan,45.0,3.0,Tea,Brewed herbal tea,Peppermint Lg
1555.0,03/01/2023,16:50:27,1.0,8.0,Hell's Kitchen,61.0,4.75,Drinking Chocolate,Hot chocolate,Sustainably Grown Organic Lg
1556.0,03/01/2023,16:50:47,2.0,5.0,Lower Manhattan,23.0,2.5,Coffee,Drip coffee,Our Old Time Diner Blend Rg
1557.0,03/01/2023,16:50:47,1.0,5.0,Lower Manhattan,77.0,3.0,Bakery,Scone,Oatmeal Scone
1558.0,03/01/2023,16:51:10,1.0,3.0,Astoria,30.0,3.0,Coffee,Gourmet brewed coffee,Columbian Medium Roast Lg
1559.0,03/01/2023,16:51:51,2.0,8.0,Hell's Kitchen,22.0,2.0,Coffee,Drip coffee,Our Old Time Diner Blend Sm
1560.0,03/01/2023,16:54:02,2.0,8.0,Hell's Kitchen,47.0,3.0,Tea,Brewed Green tea,Serenity Green Tea Lg
1561.0,03/01/2023,16:54:58,2.0,8.0,Hell's Kitchen,53.0,3.0,Tea,Brewed Chai tea,Traditional Blend Chai Lg
1562.0,03/01/2023,16:55:17,1.0,8.0,Hell's Kitchen,61.0,4.75,Drinking Chocolate,Hot chocolate,Sustainably Grown Organic Lg
1563.0,03/01/2023,16:58:19,1.0,3.0,Astoria,34.0,2.45,Coffee,Premium brewed coffee,Jamaican Coffee River Sm
1564.0,03/01/2023,16:59:26,2.0,5.0,Lower Manhattan,57.0,3.1,Tea,Brewed Chai tea,Spicy Eye Opener Chai Lg
1565.0,03/01/2023,17:00:58,1.0,5.0,Lower Manhattan,25.0,2.2,Coffee,Organic brewed coffee,Brazilian Sm
1566.0,03/01/2023,17:00:58,1.0,5.0,Lower Manhattan,79.0,3.75,Bakery,Scone,Jumbo Savory Scone
1567.0,03/01/2023,17:03:52,1.0,3.0,Astoria,41.0,4.25,Coffee,Barista Espresso,Cappuccino Lg
1568.0,03/01/2023,17:04:17,1.0,3.0,Astoria,31.0,2.2,Coffee,Gourmet brewed coffee,Ethiopia Sm
1569.0,03/01/2023,17:04:37,1.0,5.0,Lower Manhattan,58.0,3.5,Drinking Chocolate,Hot chocolate,Dark chocolate Rg
1570.0,03/01/2023,17:04:43,2.0,8.0,Hell's Kitchen,58.0,3.5,Drinking Chocolate,Hot chocolate,Dark chocolate Rg
1571.0,03/01/2023,17:04:43,1.0,8.0,Hell's Kitchen,78.0,4.5,Bakery,Scone,Scottish Cream Scone 
1572.0,03/01/2023,17:06:06,1.0,5.0,Lower Manhattan,56.0,2.55,Tea,Brewed Chai tea,Spicy Eye Opener Chai Rg
1573.0,03/01/2023,17:06:38,2.0,8.0,Hell's Kitchen,39.0,4.25,Coffee,Barista Espresso,Latte Rg
1574.0,03/01/2023,17:06:42,1.0,8.0,Hell's Kitchen,57.0,3.1,Tea,Brewed Chai tea,Spicy Eye Opener Chai Lg
1575.0,03/01/2023,17:08:41,1.0,5.0,Lower Manhattan,25.0,2.2,Coffee,Organic brewed coffee,Brazilian Sm
1576.0,03/01/2023,17:09:42,1.0,8.0,Hell's Kitchen,52.0,2.5,Tea,Brewed Chai tea,Traditional Blend Chai Rg
1577.0,03/01/2023,17:10:42,1.0,3.0,Astoria,42.0,2.5,Tea,Brewed herbal tea,Lemon Grass Rg
1578.0,03/01/2023,17:13:41,2.0,5.0,Lower Manhattan,54.0,2.5,Tea,Brewed Chai tea,Morning Sunrise Chai Rg
1579.0,03/01/2023,17:15:25,1.0,5.0,Lower Manhattan,56.0,2.55,Tea,Brewed Chai tea,Spicy Eye Opener Chai Rg
1580.0,03/01/2023,17:15:31,2.0,5.0,Lower Manhattan,87.0,3.0,Coffee,Barista Espresso,Ouro Brasileiro shot
1581.0,03/01/2023,17:18:26,1.0,8.0,Hell's Kitchen,52.0,2.5,Tea,Brewed Chai tea,Traditional Blend Chai Rg
1582.0,03/01/2023,17:18:26,1.0,8.0,Hell's Kitchen,75.0,3.5,Bakery,Pastry,Croissant
1583.0,03/01/2023,17:19:24,1.0,3.0,Astoria,60.0,3.75,Drinking Chocolate,Hot chocolate,Sustainably Grown Organic Rg
1584.0,03/01/2023,17:21:34,2.0,8.0,Hell's Kitchen,52.0,2.5,Tea,Brewed Chai tea,Traditional Blend Chai Rg
1585.0,03/01/2023,17:22:39,2.0,3.0,Astoria,60.0,3.75,Drinking Chocolate,Hot chocolate,Sustainably Grown Organic Rg
1586.0,03/01/2023,17:23:03,2.0,3.0,Astoria,48.0,2.5,Tea,Brewed Black tea,English Breakfast Rg
1587.0,03/01/2023,17:24:14,2.0,3.0,Astoria,28.0,2.0,Coffee,Gourmet brewed coffee,Columbian Medium Roast Sm
1588.0,03/01/2023,17:25:29,2.0,8.0,Hell's Kitchen,25.0,2.2,Coffee,Organic brewed coffee,Brazilian Sm
1589.0,03/01/2023,17:25:30,,5.0,Lower Manhattan,,2.0,Coffee,Gourmet brewed coffee,Columbian Medium Roast Sm
1590.0,03/01/2023,17:26:45,2.0,5.0,Lower Manhattan,27.0,3.5,Coffee,Organic brewed coffee,Brazilian Lg
1591.0,03/01/2023,17:26:45,1.0,5.0,Lower Manhattan,77.0,3.0,Bakery,Scone,Oatmeal Scone
1592.0,03/01/2023,17:27:11,1.0,8.0,Hell's Kitchen,56.0,2.55,Tea,Brewed Chai tea,Spicy Eye Opener Chai Rg
1593.0,03/01/2023,17:27:22,1.0,5.0,Lower Manhattan,61.0,4.75,Drinking Chocolate,Hot chocolate,Sustainably Grown Organic Lg
1594.0,03/01/2023,17:27:24,2.0,8.0,Hell's Kitchen,50.0,2.5,Tea,Brewed Black tea,Earl Grey Rg
1595.0,03/01/2023,17:27:24,1.0,8.0,Hell's Kitchen,69.0,3.25,Bakery,Biscotti,Hazelnut Biscotti
1596.0,03/01/2023,17:28:50,2.0,8.0,Hell's Kitchen,37.0,3.0,Coffee,Barista Espresso,Espresso shot
1597.0,03/01/2023,17:30:08,1.0,3.0,Astoria,48.0,2.5,Tea,Brewed Black tea,English Breakfast Rg
1598.0,03/01/2023,17:32:11,1.0,8.0,Hell's Kitchen,59.0,4.5,Drinking Chocolate,Hot chocolate,Dark chocolate Lg
1599.0,03/01/2023,17:35:29,2.0,8.0,Hell's Kitchen,46.0,2.5,Tea,Brewed Green tea,Serenity Green Tea Rg
1600.0,03/01/2023,17:35:46,1.0,3.0,Astoria,50.0,2.5,Tea,Brewed Black tea,Earl Grey Rg
1601.0,03/01/2023,17:35:46,1.0,3.0,Astoria,69.0,3.25,Bakery,Biscotti,Hazelnut Biscotti
,03/01/2023,17:38:55,1.0,3.0,Astoria,50.0,,Tea,Brewed Black tea,Earl Grey Rg
1603.0,03/01/2023,17:39:49,2.0,5.0,Lower Manhattan,39.0,4.25,Coffee,Barista Espresso,Latte Rg
1604.0,03/01/2023,17:40:08,1.0,8.0,Hell's Kitchen,24.0,3.0,Coffee,Drip coffee,Our Old Time Diner Blend Lg
1605.0,03/01/2023,17:40:15,1.0,3.0,Astoria,54.0,2.5,Tea,Brewed Chai tea,Morning Sunrise Chai Rg
1606.0,03/01/2023,17:41:27,1.0,3.0,Astoria,41.0,4.25,Coffee,Barista Espresso,Cappuccino Lg
1607.0,03/01/2023,17:42:13,1.0,3.0,Astoria,35.0,3.1,Coffee,Premium brewed coffee,Jamaican Coffee River Rg
1608.0,03/01/2023,17:42:34,2.0,5.0,Lower Manhattan,45.0,3.0,Tea,Brewed herbal tea,Peppermint Lg
1609.0,03/01/2023,17:44:32,1.0,3.0,Astoria,38.0,3.75,Coffee,Barista Espresso,Latte
1610.0,03/01/2023,17:53:41,,,Astoria,52.0,2.5,Tea,Brewed Chai tea,Traditional Blend Chai Rg
,03/01/2023,17:55:24,2.0,,Lower Manhattan,58.0,,Drinking Chocolate,Hot chocolate,Dark chocolate Rg
1612.0,03/01/2023,17:55:59,1.0,3.0,Astoria,31.0,2.2,Coffee,Gourmet brewed coffee,Ethiopia Sm
1613.0,03/01/2023,17:56:21,1.0,3.0,Astoria,38.0,3.75,Coffee,Barista Espresso,Latte
1614.0,03/01/2023,17:57:08,1.0,5.0,Lower Manhattan,51.0,3.0,Tea,Brewed Black tea,Earl Grey Lg
1615.0,03/01/2023,17:58:41,1.0,5.0,Lower Manhattan,51.0,3.0,Tea,Brewed Black tea,Earl Grey Lg
1616.0,03/01/2023,17:59:02,2.0,8.0,Hell's Kitchen,40.0,3.75,Coffee,Barista Espresso,Cappuccino
1617.0,03/01/2023,17:59:02,,,Hell's Kitchen,73.0,3.75,Bakery,Pastry,Almond Croissant
1618.0,03/01/2023,18:00:57,1.0,3.0,Astoria,39.0,4.25,Coffee,Barista Espresso,Latte Rg
1619.0,03/01/2023,18:01:19,2.0,3.0,Astoria,37.0,3.0,Coffee,Barista Espresso,Espresso shot
1620.0,03/01/2023,18:01:37,1.0,3.0,Astoria,49.0,3.0,Tea,Brewed Black tea,English Breakfast Lg
1621.0,03/01/2023,18:01:58,1.0,3.0,Astoria,42.0,2.5,Tea,Brewed herbal tea,Lemon Grass Rg
,03/01/2023,18:02:52,,3.0,Astoria,30.0,3.0,Coffee,Gourmet brewed coffee,Columbian Medium Roast Lg
1623.0,03/01/2023,18:03:28,1.0,3.0,Astoria,31.0,2.2,Coffee,Gourmet brewed coffee,Ethiopia Sm
1624.0,03/01/2023,18:07:36,2.0,8.0,Hell's Kitchen,38.0,3.75,Coffee,Barista Espresso,Latte
1625.0,03/01/2023,18:07:48,2.0,3.0,Astoria,59.0,4.5,Drinking Chocolate,Hot chocolate,Dark chocolate Lg
,03/01/2023,18:12:02,1.0,,Astoria,,2.5,Tea,Brewed herbal tea,Lemon Grass Rg
1627.0,03/01/2023,18:14:14,1.0,3.0,Astoria,58.0,3.5,Drinking Chocolate,Hot chocolate,Dark chocolate Rg
1628.0,03/01/2023,18:16:50,2.0,3.0,Astoria,59.0,4.5,Drinking Chocolate,Hot chocolate,Dark chocolate Lg
1629.0,03/01/2023,18:17:17,1.0,5.0,Lower Manhattan,51.0,3.0,Tea,Brewed Black tea,Earl Grey Lg
1630.0,03/01/2023,18:17:17,1.0,5.0,Lower Manhattan,74.0,3.5,Bakery,Biscotti,Ginger Biscotti
1631.0,03/01/2023,18:18:00,2.0,8.0,Hell's Kitchen,31.0,2.2,Coffee,Gourmet brewed coffee,Ethiopia Sm
1632.0,03/01/2023,18:18:29,2.0,8.0,Hell's Kitchen,25.0,2.2,Coffee,Organic brewed coffee,Brazilian Sm
1633.0,03/01/2023,18:20:26,1.0,3.0,Astoria,57.0,3.1,Tea,Brewed Chai tea,Spicy Eye Opener Chai Lg
1634.0,03/01/2023,18:20:48,1.0,3.0,Astoria,47.0,3.0,Tea,Brewed Green tea,Serenity Green Tea Lg
1635.0,03/01/2023,18:22:37,2.0,3.0,Astoria,30.0,3.0,Coffee,Gourmet brewed coffee,Columbian Medium Roast Lg
1636.0,03/01/2023,18:26:13,2.0,3.0,Astoria,23.0,2.5,Coffee,Drip coffee,Our Old Time Diner Blend Rg
1637.0,03/01/2023,18:27:27,2.0,3.0,Astoria,51.0,3.0,Tea,Brewed Black tea,Earl Grey Lg
1638.0,03/01/2023,18:29:24,1.0,3.0,Astoria,25.0,2.2,Coffee,Organic brewed coffee,Brazilian Sm
1639.0,03/01/2023,18:30:40,1.0,3.0,Astoria,58.0,3.5,Drinking Chocolate,Hot chocolate,Dark chocolate Rg
1640.0,03/01/2023,18:32:23,1.0,8.0,Hell's Kitchen,43.0,3.0,Tea,Brewed herbal tea,Lemon Grass Lg
1641.0,03/01/2023,18:34:55,2.0,8.0,Hell's Kitchen,52.0,2.5,Tea,Brewed Chai tea,Traditional Blend Chai Rg
1642.0,03/01/2023,18:37:32,1.0,8.0,Hell's Kitchen,37.0,3.0,Coffee,Barista Espresso,Espresso shot
1643.0,03/01/2023,18:39:35,1.0,8.0,Hell's Kitchen,87.0,3.0,Coffee,Barista Espresso,Ouro Brasileiro shot
1644.0,03/01/2023,18:40:45,2.0,3.0,Astoria,35.0,3.1,Coffee,Premium brewed coffee,Jamaican Coffee River Rg
1645.0,03/01/2023,18:42:28,1.0,3.0,Astoria,39.0,4.25,Coffee,Barista Espresso,Latte Rg
1646.0,03/01/2023,18:44:21,2.0,8.0,Hell's Kitchen,27.0,3.5,Coffee,Organic brewed coffee,Brazilian Lg
1647.0,03/01/2023,18:44:21,1.0,8.0,Hell's Kitchen,75.0,3.5,Bakery,Pastry,Croissant
1648.0,03/01/2023,18:45:31,1.0,3.0,Astoria,56.0,2.55,Tea,Brewed Chai tea,Spicy Eye Opener Chai Rg
1649.0,03/01/2023,18:45:31,1.0,3.0,Astoria,79.0,3.75,Bakery,Scone,Jumbo Savory Scone
1650.0,03/01/2023,18:46:25,1.0,3.0,Astoria,32.0,3.0,Coffee,Gourmet brewed coffee,Ethiopia Rg
1651.0,03/01/2023,18:49:23,1.0,3.0,Astoria,41.0,4.25,Coffee,Barista Espresso,Cappuccino Lg
1652.0,03/01/2023,18:51:56,,,Astoria,53.0,3.0,Tea,Brewed Chai tea,Traditional Blend Chai Lg
1653.0,03/01/2023,18:54:16,1.0,8.0,Hell's Kitchen,48.0,2.5,Tea,Brewed Black tea,English Breakfast Rg
1654.0,03/01/2023,18:56:00,1.0,3.0,Astoria,39.0,4.25,Coffee,Barista Espresso,Latte Rg
1655.0,03/01/2023,18:57:29,1.0,3.0,Astoria,45.0,3.0,Tea,Brewed herbal tea,Peppermint Lg
1656.0,03/01/2023,18:58:53,2.0,3.0,Astoria,25.0,2.2,Coffee,Organic brewed coffee,Brazilian Sm
1657.0,03/01/2023,18:59:38,1.0,8.0,Hell's Kitchen,51.0,3.0,Tea,Brewed Black tea,Earl Grey Lg
1658.0,03/01/2023,19:00:13,1.0,3.0,Astoria,34.0,2.45,Coffee,Premium brewed coffee,Jamaican Coffee River Sm
1659.0,03/01/2023,19:05:02,1.0,8.0,Hell's Kitchen,49.0,3.0,Tea,Brewed Black tea,English Breakfast Lg
1660.0,03/01/2023,19:06:16,2.0,8.0,Hell's Kitchen,43.0,3.0,Tea,Brewed herbal tea,Lemon Grass Lg
1661.0,03/01/2023,19:07:24,1.0,3.0,Astoria,34.0,2.45,Coffee,Premium brewed coffee,Jamaican Coffee River Sm
1662.0,03/01/2023,19:07:24,1.0,3.0,Astoria,78.0,4.5,Bakery,Scone,Scottish Cream Scone 
1663.0,03/01/2023,19:09:50,1.0,3.0,Astoria,50.0,2.5,Tea,Brewed Black tea,Earl Grey Rg
,03/01/2023,19:10:40,1.0,,Astoria,,3.75,Drinking Chocolate,Hot chocolate,Sustainably Grown Organic Rg
1665.0,03/01/2023,19:11:11,1.0,3.0,Astoria,55.0,4.0,Tea,Brewed Chai tea,Morning Sunrise Chai Lg
1666.0,03/01/2023,19:11:11,1.0,3.0,Astoria,71.0,3.75,Bakery,Pastry,Chocolate Croissant
1667.0,03/01/2023,19:14:00,1.0,3.0,Astoria,48.0,2.5,Tea,Brewed Black tea,English Breakfast Rg
1668.0,03/01/2023,19:15:30,1.0,3.0,Astoria,53.0,3.0,Tea,Brewed Chai tea,Traditional Blend Chai Lg
1669.0,03/01/2023,19:19:16,1.0,3.0,Astoria,29.0,2.5,Coffee,Gourmet brewed coffee,Columbian Medium Roast Rg
1670.0,03/01/2023,19:19:20,1.0,8.0,Hell's Kitchen,35.0,3.1,Coffee,Premium brewed coffee,Jamaican Coffee River Rg
1671.0,03/01/2023,19:21:51,2.0,8.0,Hell's Kitchen,27.0,3.5,Coffee,Organic brewed coffee,Brazilian Lg
1672.0,03/01/2023,19:22:36,2.0,8.0,Hell's Kitchen,50.0,2.5,Tea,Brewed Black tea,Earl Grey Rg
1673.0,03/01/2023,19:23:06,1.0,3.0,Astoria,54.0,2.5,Tea,Brewed Chai tea,Morning Sunrise Chai Rg
1674.0,03/01/2023,19:23:22,2.0,8.0,Hell's Kitchen,61.0,4.75,Drinking Chocolate,Hot chocolate,Sustainably Grown Organic Lg
1675.0,03/01/2023,19:25:19,1.0,3.0,Astoria,34.0,2.45,Coffee,Premium brewed coffee,Jamaican Coffee River Sm
1676.0,03/01/2023,19:27:38,2.0,8.0,Hell's Kitchen,44.0,2.5,Tea,Brewed herbal tea,Peppermint Rg
1677.0,03/01/2023,19:31:40,1.0,3.0,Astoria,46.0,2.5,Tea,Brewed Green tea,Serenity Green Tea Rg
1678.0,03/01/2023,19:31:40,1.0,3.0,Astoria,71.0,3.75,Bakery,Pastry,Chocolate Croissant
1679.0,03/01/2023,19:32:22,1.0,8.0,Hell's Kitchen,46.0,2.5,Tea,Brewed Green tea,Serenity Green Tea Rg
1680.0,03/01/2023,19:33:51,2.0,3.0,Astoria,47.0,3.0,Tea,Brewed Green tea,Serenity Green Tea Lg
1681.0,03/01/2023,19:35:27,1.0,3.0,Astoria,32.0,3.0,Coffee,Gourmet brewed coffee,Ethiopia Rg
1682.0,03/01/2023,19:35:54,1.0,8.0,Hell's Kitchen,61.0,4.75,Drinking Chocolate,Hot chocolate,Sustainably Grown Organic Lg
1683.0,03/01/2023,19:37:44,1.0,3.0,Astoria,46.0,2.5,Tea,Brewed Green tea,Serenity Green Tea Rg
1684.0,03/01/2023,19:38:33,2.0,3.0,Astoria,22.0,2.0,Coffee,Drip coffee,Our Old Time Diner Blend Sm
1685.0,03/01/2023,19:39:21,2.0,3.0,Astoria,61.0,4.75,Drinking Chocolate,Hot chocolate,Sustainably Grown Organic Lg
1686.0,03/01/2023,19:40:09,1.0,8.0,Hell's Kitchen,57.0,3.1,Tea,Brewed Chai tea,Spicy Eye Opener Chai Lg
1687.0,03/01/2023,19:40:35,2.0,8.0,Hell's Kitchen,25.0,2.2,Coffee,Organic brewed coffee,Brazilian Sm
1688.0,03/01/2023,19:49:19,2.0,8.0,Hell's Kitchen,34.0,2.45,Coffee,Premium brewed coffee,Jamaican Coffee River Sm
1689.0,03/01/2023,19:49:19,1.0,8.0,Hell's Kitchen,79.0,3.75,Bakery,Scone,Jumbo Savory Scone
1690.0,03/01/2023,19:50:56,1.0,3.0,Astoria,61.0,4.75,Drinking Chocolate,Hot chocolate,Sustainably Grown Organic Lg
1691.0,03/01/2023,19:50:56,1.0,3.0,Astoria,72.0,3.25,Bakery,Scone,Ginger Scone
1692.0,03/01/2023,19:52:04,2.0,3.0,Astoria,39.0,4.25,Coffee,Barista Espresso,Latte Rg
1693.0,03/01/2023,19:52:34,2.0,8.0,Hell's Kitchen,61.0,4.75,Drinking Chocolate,Hot chocolate,Sustainably Grown Organic Lg
1694.0,03/01/2023,19:53:30,1.0,3.0,Astoria,29.0,2.5,Coffee,Gourmet brewed coffee,Columbian Medium Roast Rg
1695.0,03/01/2023,19:53:30,1.0,3.0,Astoria,72.0,3.25,Bakery,Scone,Ginger Scone
1696.0,03/01/2023,19:54:02,1.0,8.0,Hell's Kitchen,56.0,2.55,Tea,Brewed Chai tea,Spicy Eye Opener Chai Rg
1697.0,03/01/2023,19:58:26,2.0,8.0,Hell's Kitchen,52.0,2.5,Tea,Brewed Chai tea,Traditional Blend Chai Rg
1698.0,03/01/2023,19:59:36,1.0,3.0,Astoria,33.0,3.5,Coffee,Gourmet brewed coffee,Ethiopia Lg
1699.0,04/01/2023,07:09:20,1.0,5.0,Lower Manhattan,22.0,2.0,Coffee,Drip coffee,Our Old Time Diner Blend Sm
1700.0,04/01/2023,07:12:12,1.0,5.0,Lower Manhattan,42.0,2.5,Tea,Brewed herbal tea,Lemon Grass Rg
1701.0,04/01/2023,07:15:38,1.0,5.0,Lower Manhattan,30.0,3.0,Coffee,Gourmet brewed coffee,Columbian Medium Roast Lg
1702.0,04/01/2023,07:30:48,1.0,5.0,Lower Manhattan,31.0,2.2,Coffee,Gourmet brewed coffee,Ethiopia Sm
1703.0,04/01/2023,07:35:22,1.0,5.0,Lower Manhattan,45.0,3.0,Tea,Brewed herbal tea,Peppermint Lg
1704.0,04/01/2023,07:35:22,1.0,5.0,Lower Manhattan,73.0,3.75,Bakery,Pastry,Almond Croissant
1705.0,04/01/2023,07:40:18,2.0,5.0,Lower Manhattan,58.0,3.5,Drinking Chocolate,Hot chocolate,Dark chocolate Rg
1706.0,04/01/2023,07:40:18,1.0,5.0,Lower Manhattan,72.0,3.25,Bakery,Scone,Ginger Scone
1707.0,04/01/2023,07:49:49,2.0,5.0,Lower Manhattan,23.0,2.5,Coffee,Drip coffee,Our Old Time Diner Blend Rg
1708.0,04/01/2023,08:03:34,2.0,8.0,Hell's Kitchen,29.0,2.5,Coffee,Gourmet brewed coffee,Columbian Medium Roast Rg
1709.0,04/01/2023,08:03:34,1.0,8.0,Hell's Kitchen,72.0,3.25,Bakery,Scone,Ginger Scone
1710.0,04/01/2023,08:06:13,1.0,8.0,Hell's Kitchen,61.0,4.75,Drinking Chocolate,Hot chocolate,Sustainably Grown Organic Lg
1711.0,04/01/2023,08:06:13,1.0,8.0,Hell's Kitchen,72.0,3.25,Bakery,Scone,Ginger Scone
1712.0,04/01/2023,08:09:05,2.0,8.0,Hell's Kitchen,25.0,2.2,Coffee,Organic brewed coffee,Brazilian Sm
1713.0,04/01/2023,08:14:55,2.0,8.0,Hell's Kitchen,58.0,3.5,Drinking Chocolate,Hot chocolate,Dark chocolate Rg
1714.0,04/01/2023,08:16:20,1.0,5.0,Lower Manhattan,22.0,2.0,Coffee,Drip coffee,Our Old Time Diner Blend Sm
1715.0,04/01/2023,08:18:32,1.0,8.0,Hell's Kitchen,46.0,2.5,Tea,Brewed Green tea,Serenity Green Tea Rg
1716.0,04/01/2023,08:18:32,1.0,8.0,Hell's Kitchen,79.0,3.75,Bakery,Scone,Jumbo Savory Scone
1717.0,04/01/2023,08:25:05,1.0,8.0,Hell's Kitchen,32.0,3.0,Coffee,Gourmet brewed coffee,Ethiopia Rg
,04/01/2023,08:28:18,2.0,5.0,Lower Manhattan,,,Tea,Brewed Black tea,Earl Grey Rg
1719.0,04/01/2023,08:29:19,1.0,5.0,Lower Manhattan,27.0,3.5,Coffee,Organic brewed coffee,Brazilian Lg
1720.0,04/01/2023,08:30:16,2.0,8.0,Hell's Kitchen,27.0,3.5,Coffee,Organic brewed coffee,Brazilian Lg
1721.0,04/01/2023,08:31:15,1.0,,Lower Manhattan,,,Drinking Chocolate,Hot chocolate,Sustainably Grown Organic Lg
1722.0,04/01/2023,08:32:18,2.0,5.0,Lower Manhattan,54.0,2.5,Tea,Brewed Chai tea,Morning Sunrise Chai Rg
1723.0,04/01/2023,08:32:18,,,Lower Manhattan,,3.75,Bakery,Pastry,Chocolate Croissant
1724.0,04/01/2023,08:37:10,1.0,8.0,Hell's Kitchen,46.0,2.5,Tea,Brewed Green tea,Serenity Green Tea Rg
1725.0,04/01/2023,08:37:14,1.0,8.0,Hell's Kitchen,40.0,3.75,Coffee,Barista Espresso,Cappuccino
1726.0,04/01/2023,08:38:20,1.0,8.0,Hell's Kitchen,47.0,3.0,Tea,Brewed Green tea,Serenity Green Tea Lg
1727.0,04/01/2023,08:42:10,2.0,5.0,Lower Manhattan,28.0,2.0,Coffee,Gourmet brewed coffee,Columbian Medium Roast Sm
1728.0,04/01/2023,08:43:01,1.0,8.0,Hell's Kitchen,44.0,2.5,Tea,Brewed herbal tea,Peppermint Rg
1729.0,04/01/2023,08:43:10,2.0,8.0,Hell's Kitchen,29.0,2.5,Coffee,Gourmet brewed coffee,Columbian Medium Roast Rg
1730.0,04/01/2023,08:44:26,2.0,8.0,Hell's Kitchen,27.0,3.5,Coffee,Organic brewed coffee,Brazilian Lg
1731.0,04/01/2023,08:45:29,2.0,8.0,Hell's Kitchen,52.0,2.5,Tea,Brewed Chai tea,Traditional Blend Chai Rg
1732.0,04/01/2023,08:53:36,1.0,5.0,Lower Manhattan,39.0,4.25,Coffee,Barista Espresso,Latte Rg
1733.0,04/01/2023,08:58:38,1.0,8.0,Hell's Kitchen,22.0,2.0,Coffee,Drip coffee,Our Old Time Diner Blend Sm
1734.0,04/01/2023,09:01:37,2.0,8.0,Hell's Kitchen,35.0,3.1,Coffee,Premium brewed coffee,Jamaican Coffee River Rg
1735.0,04/01/2023,09:04:45,2.0,5.0,Lower Manhattan,44.0,2.5,Tea,Brewed herbal tea,Peppermint Rg
1736.0,04/01/2023,09:06:58,2.0,5.0,Lower Manhattan,55.0,4.0,Tea,Brewed Chai tea,Morning Sunrise Chai Lg
1737.0,04/01/2023,09:08:30,2.0,8.0,Hell's Kitchen,42.0,2.5,Tea,Brewed herbal tea,Lemon Grass Rg
1738.0,04/01/2023,09:11:25,,5.0,Lower Manhattan,,,Coffee,Organic brewed coffee,Brazilian Sm
1739.0,04/01/2023,09:16:58,1.0,5.0,Lower Manhattan,44.0,2.5,Tea,Brewed herbal tea,Peppermint Rg
1740.0,04/01/2023,09:16:58,1.0,5.0,Lower Manhattan,76.0,3.5,Bakery,Biscotti,Chocolate Chip Biscotti
1741.0,04/01/2023,09:21:25,2.0,5.0,Lower Manhattan,50.0,2.5,Tea,Brewed Black tea,Earl Grey Rg
1742.0,04/01/2023,09:23:19,1.0,8.0,Hell's Kitchen,44.0,2.5,Tea,Brewed herbal tea,Peppermint Rg
,04/01/2023,09:30:16,2.0,,Hell's Kitchen,,3.0,Tea,Brewed Black tea,Earl Grey Lg
1744.0,04/01/2023,09:38:54,1.0,8.0,Hell's Kitchen,25.0,2.2,Coffee,Organic brewed coffee,Brazilian Sm
1745.0,04/01/2023,09:40:25,2.0,5.0,Lower Manhattan,36.0,3.75,Coffee,Premium brewed coffee,Jamaican Coffee River Lg
1746.0,04/01/2023,09:40:45,2.0,5.0,Lower Manhattan,52.0,2.5,Tea,Brewed Chai tea,Traditional Blend Chai Rg
1747.0,04/01/2023,09:42:42,,5.0,Lower Manhattan,,3.0,Coffee,Organic brewed coffee,Brazilian Rg
,04/01/2023,09:44:40,,8.0,Hell's Kitchen,,3.0,Coffee,Organic brewed coffee,Brazilian Rg
1749.0,04/01/2023,09:50:48,1.0,5.0,Lower Manhattan,50.0,2.5,Tea,Brewed Black tea,Earl Grey Rg
1750.0,04/01/2023,09:53:31,2.0,8.0,Hell's Kitchen,35.0,3.1,Coffee,Premium brewed coffee,Jamaican Coffee River Rg
1751.0,04/01/2023,09:53:44,1.0,8.0,Hell's Kitchen,32.0,3.0,Coffee,Gourmet brewed coffee,Ethiopia Rg
1752.0,04/01/2023,09:56:07,,8.0,Hell's Kitchen,,4.25,Coffee,Barista Espresso,Latte Rg
1753.0,04/01/2023,09:56:35,2.0,5.0,Lower Manhattan,54.0,2.5,Tea,Brewed Chai tea,Morning Sunrise Chai Rg
1754.0,04/01/2023,09:56:35,1.0,5.0,Lower Manhattan,72.0,3.25,Bakery,Scone,Ginger Scone
1755.0,04/01/2023,09:57:39,1.0,5.0,Lower Manhattan,43.0,3.0,Tea,Brewed herbal tea,Lemon Grass Lg
1756.0,04/01/2023,09:58:10,1.0,8.0,Hell's Kitchen,31.0,2.2,Coffee,Gourmet brewed coffee,Ethiopia Sm
1757.0,04/01/2023,10:01:39,1.0,8.0,Hell's Kitchen,48.0,2.5,Tea,Brewed Black tea,English Breakfast Rg
1758.0,04/01/2023,10:03:45,1.0,5.0,Lower Manhattan,47.0,3.0,Tea,Brewed Green tea,Serenity Green Tea Lg
1759.0,04/01/2023,10:04:51,2.0,8.0,Hell's Kitchen,34.0,2.45,Coffee,Premium brewed coffee,Jamaican Coffee River Sm
1760.0,04/01/2023,10:05:03,2.0,5.0,Lower Manhattan,35.0,3.1,Coffee,Premium brewed coffee,Jamaican Coffee River Rg
1761.0,04/01/2023,10:05:03,1.0,5.0,Lower Manhattan,69.0,3.25,Bakery,Biscotti,Hazelnut Biscotti
1762.0,04/01/2023,10:13:21,2.0,8.0,Hell's Kitchen,55.0,4.0,Tea,Brewed Chai tea,Morning Sunrise Chai Lg
1763.0,04/01/2023,10:13:38,1.0,8.0,Hell's Kitchen,55.0,4.0,Tea,Brewed Chai tea,Morning Sunrise Chai Lg
1764.0,04/01/2023,10:18:40,2.0,5.0,Lower Manhattan,51.0,3.0,Tea,Brewed Black tea,Earl Grey Lg
1765.0,04/01/2023,10:18:58,1.0,8.0,Hell's Kitchen,51.0,3.0,Tea,Brewed Black tea,Earl Grey Lg
1766.0,04/01/2023,10:19:21,2.0,8.0,Hell's Kitchen,87.0,3.0,Coffee,Barista Espresso,Ouro Brasileiro shot
1767.0,04/01/2023,10:22:16,1.0,8.0,Hell's Kitchen,57.0,3.1,Tea,Brewed Chai tea,Spicy Eye Opener Chai Lg
1768.0,04/01/2023,10:24:25,2.0,5.0,Lower Manhattan,24.0,3.0,Coffee,Drip coffee,Our Old Time Diner Blend Lg
1769.0,04/01/2023,10:24:38,2.0,5.0,Lower Manhattan,56.0,2.55,Tea,Brewed Chai tea,Spicy Eye Opener Chai Rg
1770.0,04/01/2023,10:27:54,2.0,5.0,Lower Manhattan,46.0,2.5,Tea,Brewed Green tea,Serenity Green Tea Rg
1771.0,04/01/2023,10:27:54,1.0,5.0,Lower Manhattan,71.0,3.75,Bakery,Pastry,Chocolate Croissant
1772.0,04/01/2023,10:28:27,2.0,8.0,Hell's Kitchen,39.0,4.25,Coffee,Barista Espresso,Latte Rg
1773.0,04/01/2023,10:40:09,2.0,8.0,Hell's Kitchen,33.0,3.5,Coffee,Gourmet brewed coffee,Ethiopia Lg
1774.0,04/01/2023,10:43:20,1.0,5.0,Lower Manhattan,54.0,2.5,Tea,Brewed Chai tea,Morning Sunrise Chai Rg
1775.0,04/01/2023,11:01:13,2.0,3.0,Astoria,31.0,2.2,Coffee,Gourmet brewed coffee,Ethiopia Sm
1776.0,04/01/2023,11:01:26,2.0,8.0,Hell's Kitchen,28.0,2.0,Coffee,Gourmet brewed coffee,Columbian Medium Roast Sm
1777.0,04/01/2023,11:01:28,1.0,8.0,Hell's Kitchen,27.0,3.5,Coffee,Organic brewed coffee,Brazilian Lg
1778.0,04/01/2023,11:01:48,1.0,3.0,Astoria,58.0,3.5,Drinking Chocolate,Hot chocolate,Dark chocolate Rg
1779.0,04/01/2023,11:01:48,1.0,3.0,Astoria,71.0,3.75,Bakery,Pastry,Chocolate Croissant
1780.0,04/01/2023,11:06:08,2.0,3.0,Astoria,60.0,3.75,Drinking Chocolate,Hot chocolate,Sustainably Grown Organic Rg
1781.0,04/01/2023,11:11:40,1.0,5.0,Lower Manhattan,59.0,4.5,Drinking Chocolate,Hot chocolate,Dark chocolate Lg
1782.0,04/01/2023,11:11:46,1.0,5.0,Lower Manhattan,24.0,3.0,Coffee,Drip coffee,Our Old Time Diner Blend Lg
1783.0,04/01/2023,11:11:58,1.0,5.0,Lower Manhattan,30.0,3.0,Coffee,Gourmet brewed coffee,Columbian Medium Roast Lg
1784.0,04/01/2023,11:12:15,2.0,8.0,Hell's Kitchen,50.0,2.5,Tea,Brewed Black tea,Earl Grey Rg
1785.0,04/01/2023,11:12:51,2.0,3.0,Astoria,39.0,4.25,Coffee,Barista Espresso,Latte Rg
1786.0,04/01/2023,11:14:39,2.0,8.0,Hell's Kitchen,45.0,3.0,Tea,Brewed herbal tea,Peppermint Lg
1787.0,04/01/2023,11:14:39,1.0,8.0,Hell's Kitchen,74.0,3.5,Bakery,Biscotti,Ginger Biscotti
1788.0,04/01/2023,11:21:23,2.0,8.0,Hell's Kitchen,24.0,3.0,Coffee,Drip coffee,Our Old Time Diner Blend Lg
1789.0,04/01/2023,11:21:27,2.0,8.0,Hell's Kitchen,59.0,4.5,Drinking Chocolate,Hot chocolate,Dark chocolate Lg
1790.0,04/01/2023,11:22:35,2.0,8.0,Hell's Kitchen,44.0,2.5,Tea,Brewed herbal tea,Peppermint Rg
1791.0,04/01/2023,11:22:36,2.0,8.0,Hell's Kitchen,29.0,2.5,Coffee,Gourmet brewed coffee,Columbian Medium Roast Rg
1792.0,04/01/2023,11:24:28,2.0,3.0,Astoria,46.0,2.5,Tea,Brewed Green tea,Serenity Green Tea Rg
1793.0,04/01/2023,11:26:14,1.0,3.0,Astoria,44.0,2.5,Tea,Brewed herbal tea,Peppermint Rg
1794.0,04/01/2023,11:27:20,1.0,8.0,Hell's Kitchen,23.0,2.5,Coffee,Drip coffee,Our Old Time Diner Blend Rg
1795.0,04/01/2023,11:28:10,1.0,8.0,Hell's Kitchen,61.0,4.75,Drinking Chocolate,Hot chocolate,Sustainably Grown Organic Lg
1796.0,04/01/2023,11:28:10,1.0,8.0,Hell's Kitchen,79.0,3.75,Bakery,Scone,Jumbo Savory Scone
1797.0,04/01/2023,11:28:17,1.0,3.0,Astoria,56.0,2.55,Tea,Brewed Chai tea,Spicy Eye Opener Chai Rg
1798.0,04/01/2023,11:28:26,2.0,5.0,Lower Manhattan,22.0,2.0,Coffee,Drip coffee,Our Old Time Diner Blend Sm
1799.0,04/01/2023,11:28:26,1.0,5.0,Lower Manhattan,71.0,3.75,Bakery,Pastry,Chocolate Croissant
1800.0,04/01/2023,11:29:36,2.0,5.0,Lower Manhattan,36.0,3.75,Coffee,Premium brewed coffee,Jamaican Coffee River Lg
1801.0,04/01/2023,11:31:06,2.0,8.0,Hell's Kitchen,29.0,2.5,Coffee,Gourmet brewed coffee,Columbian Medium Roast Rg
1802.0,04/01/2023,11:31:26,1.0,3.0,Astoria,31.0,2.2,Coffee,Gourmet brewed coffee,Ethiopia Sm
1803.0,04/01/2023,11:33:32,1.0,8.0,Hell's Kitchen,56.0,2.55,Tea,Brewed Chai tea,Spicy Eye Opener Chai Rg
1804.0,04/01/2023,11:38:25,2.0,3.0,Astoria,23.0,2.5,Coffee,Drip coffee,Our Old Time Diner Blend Rg
1805.0,04/01/2023,11:39:47,1.0,8.0,Hell's Kitchen,26.0,3.0,Coffee,Organic brewed coffee,Brazilian Rg
1806.0,04/01/2023,11:40:03,1.0,3.0,Astoria,30.0,3.0,Coffee,Gourmet brewed coffee,Columbian Medium Roast Lg
1807.0,04/01/2023,11:42:48,1.0,3.0,Astoria,55.0,4.0,Tea,Brewed Chai tea,Morning Sunrise Chai Lg
1808.0,04/01/2023,11:44:07,2.0,3.0,Astoria,24.0,3.0,Coffee,Drip coffee,Our Old Time Diner Blend Lg
1809.0,04/01/2023,11:46:45,2.0,8.0,Hell's Kitchen,40.0,3.75,Coffee,Barista Espresso,Cappuccino
1810.0,04/01/2023,11:48:07,2.0,3.0,Astoria,26.0,3.0,Coffee,Organic brewed coffee,Brazilian Rg
1811.0,04/01/2023,11:51:42,1.0,8.0,Hell's Kitchen,38.0,3.75,Coffee,Barista Espresso,Latte
1812.0,04/01/2023,11:52:23,2.0,8.0,Hell's Kitchen,34.0,2.45,Coffee,Premium brewed coffee,Jamaican Coffee River Sm
1813.0,04/01/2023,11:55:06,2.0,5.0,Lower Manhattan,47.0,3.0,Tea,Brewed Green tea,Serenity Green Tea Lg
1814.0,04/01/2023,11:56:32,2.0,3.0,Astoria,39.0,4.25,Coffee,Barista Espresso,Latte Rg
1815.0,04/01/2023,11:57:34,2.0,8.0,Hell's Kitchen,49.0,3.0,Tea,Brewed Black tea,English Breakfast Lg
1816.0,04/01/2023,11:59:01,2.0,8.0,Hell's Kitchen,40.0,3.75,Coffee,Barista Espresso,Cappuccino
1817.0,04/01/2023,11:59:01,1.0,8.0,Hell's Kitchen,74.0,3.5,Bakery,Biscotti,Ginger Biscotti
1818.0,04/01/2023,11:59:26,1.0,5.0,Lower Manhattan,29.0,2.5,Coffee,Gourmet brewed coffee,Columbian Medium Roast Rg
1819.0,04/01/2023,12:00:11,1.0,5.0,Lower Manhattan,87.0,3.0,Coffee,Barista Espresso,Ouro Brasileiro shot
1820.0,04/01/2023,12:00:11,1.0,5.0,Lower Manhattan,77.0,3.0,Bakery,Scone,Oatmeal Scone
1821.0,04/01/2023,12:00:58,2.0,3.0,Astoria,34.0,2.45,Coffee,Premium brewed coffee,Jamaican Coffee River Sm
1822.0,04/01/2023,12:01:42,2.0,3.0,Astoria,55.0,4.0,Tea,Brewed Chai tea,Morning Sunrise Chai Lg
1823.0,04/01/2023,12:02:09,2.0,3.0,Astoria,55.0,4.0,Tea,Brewed Chai tea,Morning Sunrise Chai Lg
1824.0,04/01/2023,12:02:52,2.0,5.0,Lower Manhattan,45.0,3.0,Tea,Brewed herbal tea,Peppermint Lg
1825.0,04/01/2023,12:04:48,1.0,8.0,Hell's Kitchen,46.0,2.5,Tea,Brewed Green tea,Serenity Green Tea Rg
1826.0,04/01/2023,12:04:58,1.0,5.0,Lower Manhattan,28.0,2.0,Coffee,Gourmet brewed coffee,Columbian Medium Roast Sm
1827.0,04/01/2023,12:05:50,2.0,8.0,Hell's Kitchen,87.0,3.0,Coffee,Barista Espresso,Ouro Brasileiro shot
,04/01/2023,12:05:53,2.0,3.0,Astoria,56.0,,Tea,Brewed Chai tea,Spicy Eye Opener Chai Rg
1829.0,04/01/2023,12:07:44,2.0,,Astoria,30.0,,Coffee,Gourmet brewed coffee,Columbian Medium Roast Lg
1830.0,04/01/2023,12:07:51,2.0,3.0,Astoria,35.0,3.1,Coffee,Premium brewed coffee,Jamaican Coffee River Rg
1831.0,04/01/2023,12:07:51,1.0,3.0,Astoria,73.0,3.75,Bakery,Pastry,Almond Croissant
1832.0,04/01/2023,12:07:52,,,Astoria,37.0,,Coffee,Barista Espresso,Espresso shot
1833.0,04/01/2023,12:07:52,1.0,3.0,Astoria,76.0,3.5,Bakery,Biscotti,Chocolate Chip Biscotti
1834.0,04/01/2023,12:09:31,2.0,8.0,Hell's Kitchen,26.0,3.0,Coffee,Organic brewed coffee,Brazilian Rg
1835.0,04/01/2023,12:10:02,2.0,5.0,Lower Manhattan,45.0,3.0,Tea,Brewed herbal tea,Peppermint Lg
1836.0,04/01/2023,12:11:39,1.0,5.0,Lower Manhattan,27.0,3.5,Coffee,Organic brewed coffee,Brazilian Lg
,04/01/2023,12:11:39,,,Lower Manhattan,71.0,3.75,Bakery,Pastry,Chocolate Croissant
1838.0,04/01/2023,12:12:00,1.0,3.0,Astoria,36.0,3.75,Coffee,Premium brewed coffee,Jamaican Coffee River Lg
1839.0,04/01/2023,12:14:53,1.0,5.0,Lower Manhattan,45.0,3.0,Tea,Brewed herbal tea,Peppermint Lg
,04/01/2023,12:15:32,1.0,,Hell's Kitchen,,3.75,Coffee,Barista Espresso,Cappuccino
1841.0,04/01/2023,12:16:10,2.0,5.0,Lower Manhattan,50.0,2.5,Tea,Brewed Black tea,Earl Grey Rg
1842.0,04/01/2023,12:16:32,2.0,3.0,Astoria,58.0,3.5,Drinking Chocolate,Hot chocolate,Dark chocolate Rg
1843.0,04/01/2023,12:17:21,2.0,5.0,Lower Manhattan,52.0,2.5,Tea,Brewed Chai tea,Traditional Blend Chai Rg
1844.0,04/01/2023,12:17:51,1.0,3.0,Astoria,24.0,3.0,Coffee,Drip coffee,Our Old Time Diner Blend Lg
1845.0,04/01/2023,12:18:15,1.0,3.0,Astoria,46.0,2.5,Tea,Brewed Green tea,Serenity Green Tea Rg
1846.0,04/01/2023,12:20:07,1.0,3.0,Astoria,31.0,2.2,Coffee,Gourmet brewed coffee,Ethiopia Sm
1847.0,04/01/2023,12:20:52,1.0,3.0,Astoria,59.0,4.5,Drinking Chocolate,Hot chocolate,Dark chocolate Lg
1848.0,04/01/2023,12:20:52,1.0,3.0,Astoria,71.0,3.75,Bakery,Pastry,Chocolate Croissant
1849.0,04/01/2023,12:23:16,1.0,8.0,Hell's Kitchen,48.0,2.5,Tea,Brewed Black tea,English Breakfast Rg
1850.0,04/01/2023,12:23:21,2.0,3.0,Astoria,34.0,2.45,Coffee,Premium brewed coffee,Jamaican Coffee River Sm
1851.0,04/01/2023,12:23:34,2.0,5.0,Lower Manhattan,40.0,3.75,Coffee,Barista Espresso,Cappuccino
1852.0,04/01/2023,12:28:36,2.0,3.0,Astoria,59.0,4.5,Drinking Chocolate,Hot chocolate,Dark chocolate Lg
1853.0,04/01/2023,12:28:49,2.0,3.0,Astoria,38.0,3.75,Coffee,Barista Espresso,Latte
1854.0,04/01/2023,12:29:24,2.0,3.0,Astoria,26.0,3.0,Coffee,Organic brewed coffee,Brazilian Rg
1855.0,04/01/2023,12:30:36,1.0,3.0,Astoria,52.0,2.5,Tea,Brewed Chai tea,Traditional Blend Chai Rg
1856.0,04/01/2023,12:30:36,,,Astoria,,3.25,Bakery,Biscotti,Hazelnut Biscotti
1857.0,04/01/2023,12:31:19,2.0,3.0,Astoria,23.0,2.5,Coffee,Drip coffee,Our Old Time Diner Blend Rg
1858.0,04/01/2023,12:34:06,2.0,8.0,Hell's Kitchen,37.0,3.0,Coffee,Barista Espresso,Espresso shot
1859.0,04/01/2023,12:34:32,2.0,8.0,Hell's Kitchen,44.0,2.5,Tea,Brewed herbal tea,Peppermint Rg
1860.0,04/01/2023,12:35:16,1.0,8.0,Hell's Kitchen,60.0,3.75,Drinking Chocolate,Hot chocolate,Sustainably Grown Organic Rg
1861.0,04/01/2023,12:36:02,1.0,3.0,Astoria,28.0,2.0,Coffee,Gourmet brewed coffee,Columbian Medium Roast Sm
1862.0,04/01/2023,12:42:56,2.0,8.0,Hell's Kitchen,29.0,2.5,Coffee,Gourmet brewed coffee,Columbian Medium Roast Rg
1863.0,04/01/2023,12:44:08,2.0,5.0,Lower Manhattan,30.0,3.0,Coffee,Gourmet brewed coffee,Columbian Medium Roast Lg
1864.0,04/01/2023,12:45:57,2.0,5.0,Lower Manhattan,34.0,2.45,Coffee,Premium brewed coffee,Jamaican Coffee River Sm
1865.0,04/01/2023,12:49:10,1.0,8.0,Hell's Kitchen,32.0,3.0,Coffee,Gourmet brewed coffee,Ethiopia Rg
1866.0,04/01/2023,12:50:19,2.0,5.0,Lower Manhattan,34.0,2.45,Coffee,Premium brewed coffee,Jamaican Coffee River Sm
1867.0,04/01/2023,12:50:56,1.0,8.0,Hell's Kitchen,24.0,3.0,Coffee,Drip coffee,Our Old Time Diner Blend Lg
1868.0,04/01/2023,12:51:54,2.0,3.0,Astoria,29.0,2.5,Coffee,Gourmet brewed coffee,Columbian Medium Roast Rg
1869.0,04/01/2023,12:54:13,1.0,8.0,Hell's Kitchen,47.0,3.0,Tea,Brewed Green tea,Serenity Green Tea Lg
1870.0,04/01/2023,12:54:13,1.0,8.0,Hell's Kitchen,70.0,3.25,Bakery,Scone,Cranberry Scone
1871.0,04/01/2023,12:54:41,1.0,8.0,Hell's Kitchen,26.0,3.0,Coffee,Organic brewed coffee,Brazilian Rg
1872.0,04/01/2023,12:54:41,1.0,8.0,Hell's Kitchen,78.0,4.5,Bakery,Scone,Scottish Cream Scone 
1873.0,04/01/2023,12:57:48,2.0,3.0,Astoria,30.0,3.0,Coffee,Gourmet brewed coffee,Columbian Medium Roast Lg
1874.0,04/01/2023,12:57:48,1.0,3.0,Astoria,71.0,3.75,Bakery,Pastry,Chocolate Croissant
1875.0,04/01/2023,12:58:36,1.0,3.0,Astoria,29.0,2.5,Coffee,Gourmet brewed coffee,Columbian Medium Roast Rg
1876.0,04/01/2023,12:59:15,1.0,3.0,Astoria,39.0,4.25,Coffee,Barista Espresso,Latte Rg
1877.0,04/01/2023,12:59:15,1.0,3.0,Astoria,69.0,3.25,Bakery,Biscotti,Hazelnut Biscotti
1878.0,04/01/2023,12:59:29,1.0,3.0,Astoria,38.0,3.75,Coffee,Barista Espresso,Latte
1879.0,04/01/2023,13:00:20,1.0,5.0,Lower Manhattan,53.0,3.0,Tea,Brewed Chai tea,Traditional Blend Chai Lg
1880.0,04/01/2023,13:03:55,1.0,8.0,Hell's Kitchen,59.0,4.5,Drinking Chocolate,Hot chocolate,Dark chocolate Lg
1881.0,04/01/2023,13:07:28,2.0,8.0,Hell's Kitchen,25.0,2.2,Coffee,Organic brewed coffee,Brazilian Sm
1882.0,04/01/2023,13:08:33,1.0,8.0,Hell's Kitchen,38.0,3.75,Coffee,Barista Espresso,Latte
1883.0,04/01/2023,13:09:08,2.0,3.0,Astoria,60.0,3.75,Drinking Chocolate,Hot chocolate,Sustainably Grown Organic Rg
1884.0,04/01/2023,13:12:37,1.0,3.0,Astoria,45.0,3.0,Tea,Brewed herbal tea,Peppermint Lg
1885.0,04/01/2023,13:13:40,1.0,3.0,Astoria,58.0,3.5,Drinking Chocolate,Hot chocolate,Dark chocolate Rg
1886.0,04/01/2023,13:14:55,1.0,3.0,Astoria,39.0,4.25,Coffee,Barista Espresso,Latte Rg
1887.0,04/01/2023,13:15:30,2.0,5.0,Lower Manhattan,23.0,2.5,Coffee,Drip coffee,Our Old Time Diner Blend Rg
1888.0,04/01/2023,13:15:45,1.0,3.0,Astoria,50.0,2.5,Tea,Brewed Black tea,Earl Grey Rg
1889.0,04/01/2023,13:17:22,1.0,3.0,Astoria,31.0,2.2,Coffee,Gourmet brewed coffee,Ethiopia Sm
1890.0,04/01/2023,13:17:25,2.0,3.0,Astoria,34.0,2.45,Coffee,Premium brewed coffee,Jamaican Coffee River Sm
1891.0,04/01/2023,13:17:56,2.0,3.0,Astoria,48.0,2.5,Tea,Brewed Black tea,English Breakfast Rg
1892.0,04/01/2023,13:19:45,2.0,5.0,Lower Manhattan,57.0,3.1,Tea,Brewed Chai tea,Spicy Eye Opener Chai Lg
1893.0,04/01/2023,13:19:45,1.0,5.0,Lower Manhattan,73.0,3.75,Bakery,Pastry,Almond Croissant
1894.0,04/01/2023,13:20:51,2.0,3.0,Astoria,23.0,2.5,Coffee,Drip coffee,Our Old Time Diner Blend Rg
1895.0,04/01/2023,13:26:45,2.0,3.0,Astoria,54.0,2.5,Tea,Brewed Chai tea,Morning Sunrise Chai Rg
1896.0,04/01/2023,13:27:17,1.0,8.0,Hell's Kitchen,34.0,2.45,Coffee,Premium brewed coffee,Jamaican Coffee River Sm
1897.0,04/01/2023,13:28:24,1.0,5.0,Lower Manhattan,45.0,3.0,Tea,Brewed herbal tea,Peppermint Lg
1898.0,04/01/2023,13:30:02,2.0,3.0,Astoria,24.0,3.0,Coffee,Drip coffee,Our Old Time Diner Blend Lg
1899.0,04/01/2023,13:31:23,1.0,3.0,Astoria,38.0,3.75,Coffee,Barista Espresso,Latte
1900.0,04/01/2023,13:32:03,1.0,3.0,Astoria,57.0,3.1,Tea,Brewed Chai tea,Spicy Eye Opener Chai Lg
1901.0,04/01/2023,13:39:22,1.0,3.0,Astoria,60.0,3.75,Drinking Chocolate,Hot chocolate,Sustainably Grown Organic Rg
1902.0,04/01/2023,13:41:31,2.0,8.0,Hell's Kitchen,35.0,3.1,Coffee,Premium brewed coffee,Jamaican Coffee River Rg
1903.0,04/01/2023,13:42:03,2.0,8.0,Hell's Kitchen,56.0,2.55,Tea,Brewed Chai tea,Spicy Eye Opener Chai Rg
1904.0,04/01/2023,13:42:22,2.0,8.0,Hell's Kitchen,45.0,3.0,Tea,Brewed herbal tea,Peppermint Lg
1905.0,04/01/2023,13:44:07,2.0,8.0,Hell's Kitchen,42.0,2.5,Tea,Brewed herbal tea,Lemon Grass Rg
1906.0,04/01/2023,13:44:07,1.0,8.0,Hell's Kitchen,76.0,3.5,Bakery,Biscotti,Chocolate Chip Biscotti
1907.0,04/01/2023,13:44:15,2.0,5.0,Lower Manhattan,31.0,2.2,Coffee,Gourmet brewed coffee,Ethiopia Sm
1908.0,04/01/2023,13:48:50,2.0,3.0,Astoria,53.0,3.0,Tea,Brewed Chai tea,Traditional Blend Chai Lg
1909.0,04/01/2023,13:49:07,2.0,5.0,Lower Manhattan,57.0,3.1,Tea,Brewed Chai tea,Spicy Eye Opener Chai Lg
1910.0,04/01/2023,13:49:07,1.0,5.0,Lower Manhattan,76.0,3.5,Bakery,Biscotti,Chocolate Chip Biscotti
1911.0,04/01/2023,13:50:04,2.0,3.0,Astoria,43.0,3.0,Tea,Brewed herbal tea,Lemon Grass Lg
1912.0,04/01/2023,13:51:18,1.0,3.0,Astoria,44.0,2.5,Tea,Brewed herbal tea,Peppermint Rg
1913.0,04/01/2023,13:51:44,2.0,3.0,Astoria,28.0,2.0,Coffee,Gourmet brewed coffee,Columbian Medium Roast Sm
1914.0,04/01/2023,13:51:59,1.0,8.0,Hell's Kitchen,33.0,3.5,Coffee,Gourmet brewed coffee,Ethiopia Lg
1915.0,04/01/2023,13:56:40,2.0,5.0,Lower Manhattan,54.0,2.5,Tea,Brewed Chai tea,Morning Sunrise Chai Rg
1916.0,04/01/2023,13:57:11,1.0,3.0,Astoria,22.0,2.0,Coffee,Drip coffee,Our Old Time Diner Blend Sm
1917.0,04/01/2023,13:57:11,1.0,3.0,Astoria,73.0,3.75,Bakery,Pastry,Almond Croissant
1918.0,04/01/2023,13:57:40,1.0,3.0,Astoria,45.0,3.0,Tea,Brewed herbal tea,Peppermint Lg
1919.0,04/01/2023,13:58:49,2.0,3.0,Astoria,45.0,3.0,Tea,Brewed herbal tea,Peppermint Lg
1920.0,04/01/2023,13:58:53,2.0,3.0,Astoria,41.0,4.25,Coffee,Barista Espresso,Cappuccino Lg
1921.0,04/01/2023,13:59:57,1.0,3.0,Astoria,53.0,3.0,Tea,Brewed Chai tea,Traditional Blend Chai Lg
1922.0,04/01/2023,14:02:55,1.0,8.0,Hell's Kitchen,57.0,3.1,Tea,Brewed Chai tea,Spicy Eye Opener Chai Lg
1923.0,04/01/2023,14:03:19,2.0,3.0,Astoria,46.0,2.5,Tea,Brewed Green tea,Serenity Green Tea Rg
1924.0,04/01/2023,14:03:56,1.0,5.0,Lower Manhattan,34.0,2.45,Coffee,Premium brewed coffee,Jamaican Coffee River Sm
1925.0,04/01/2023,14:04:09,2.0,5.0,Lower Manhattan,40.0,3.75,Coffee,Barista Espresso,Cappuccino
1926.0,04/01/2023,14:04:09,1.0,5.0,Lower Manhattan,77.0,3.0,Bakery,Scone,Oatmeal Scone
1927.0,04/01/2023,14:05:55,1.0,5.0,Lower Manhattan,41.0,4.25,Coffee,Barista Espresso,Cappuccino Lg
1928.0,04/01/2023,14:07:09,2.0,5.0,Lower Manhattan,42.0,2.5,Tea,Brewed herbal tea,Lemon Grass Rg
1929.0,04/01/2023,14:07:36,2.0,3.0,Astoria,49.0,3.0,Tea,Brewed Black tea,English Breakfast Lg
1930.0,04/01/2023,14:08:52,2.0,3.0,Astoria,27.0,3.5,Coffee,Organic brewed coffee,Brazilian Lg
1931.0,04/01/2023,14:12:24,2.0,3.0,Astoria,49.0,3.0,Tea,Brewed Black tea,English Breakfast Lg
1932.0,04/01/2023,14:13:50,1.0,8.0,Hell's Kitchen,39.0,4.25,Coffee,Barista Espresso,Latte Rg
1933.0,04/01/2023,14:15:31,2.0,5.0,Lower Manhattan,45.0,3.0,Tea,Brewed herbal tea,Peppermint Lg
1934.0,04/01/2023,14:15:47,2.0,8.0,Hell's Kitchen,44.0,2.5,Tea,Brewed herbal tea,Peppermint Rg
1935.0,04/01/2023,14:16:49,2.0,5.0,Lower Manhattan,37.0,3.0,Coffee,Barista Espresso,Espresso shot
1936.0,04/01/2023,14:17:15,2.0,8.0,Hell's Kitchen,50.0,2.5,Tea,Brewed Black tea,Earl Grey Rg
1937.0,04/01/2023,14:17:50,2.0,3.0,Astoria,30.0,3.0,Coffee,Gourmet brewed coffee,Columbian Medium Roast Lg
1938.0,04/01/2023,14:19:06,2.0,5.0,Lower Manhattan,59.0,4.5,Drinking Chocolate,Hot chocolate,Dark chocolate Lg
1939.0,04/01/2023,14:19:06,1.0,5.0,Lower Manhattan,71.0,3.75,Bakery,Pastry,Chocolate Croissant
1940.0,04/01/2023,14:19:28,1.0,5.0,Lower Manhattan,45.0,3.0,Tea,Brewed herbal tea,Peppermint Lg
1941.0,04/01/2023,14:20:56,1.0,5.0,Lower Manhattan,34.0,2.45,Coffee,Premium brewed coffee,Jamaican Coffee River Sm
1942.0,04/01/2023,14:20:56,1.0,5.0,Lower Manhattan,77.0,3.0,Bakery,Scone,Oatmeal Scone
1943.0,04/01/2023,14:21:09,1.0,3.0,Astoria,43.0,3.0,Tea,Brewed herbal tea,Lemon Grass Lg
1944.0,04/01/2023,14:21:46,2.0,3.0,Astoria,53.0,3.0,Tea,Brewed Chai tea,Traditional Blend Chai Lg
1945.0,04/01/2023,14:24:03,2.0,8.0,Hell's Kitchen,30.0,3.0,Coffee,Gourmet brewed coffee,Columbian Medium Roast Lg
1946.0,04/01/2023,14:26:56,2.0,8.0,Hell's Kitchen,39.0,4.25,Coffee,Barista Espresso,Latte Rg
1947.0,04/01/2023,14:28:28,2.0,5.0,Lower Manhattan,36.0,3.75,Coffee,Premium brewed coffee,Jamaican Coffee River Lg
1948.0,04/01/2023,14:28:28,1.0,5.0,Lower Manhattan,72.0,3.25,Bakery,Scone,Ginger Scone
1949.0,04/01/2023,14:31:03,2.0,8.0,Hell's Kitchen,46.0,2.5,Tea,Brewed Green tea,Serenity Green Tea Rg
1950.0,04/01/2023,14:32:08,1.0,8.0,Hell's Kitchen,49.0,3.0,Tea,Brewed Black tea,English Breakfast Lg
1951.0,04/01/2023,14:33:34,2.0,5.0,Lower Manhattan,27.0,3.5,Coffee,Organic brewed coffee,Brazilian Lg
1952.0,04/01/2023,14:36:27,1.0,3.0,Astoria,23.0,2.5,Coffee,Drip coffee,Our Old Time Diner Blend Rg
1953.0,04/01/2023,14:37:07,1.0,5.0,Lower Manhattan,34.0,2.45,Coffee,Premium brewed coffee,Jamaican Coffee River Sm
1954.0,04/01/2023,14:38:03,1.0,8.0,Hell's Kitchen,50.0,2.5,Tea,Brewed Black tea,Earl Grey Rg
,04/01/2023,14:38:16,,5.0,Lower Manhattan,60.0,3.75,Drinking Chocolate,Hot chocolate,Sustainably Grown Organic Rg
1956.0,04/01/2023,14:39:12,2.0,3.0,Astoria,27.0,3.5,Coffee,Organic brewed coffee,Brazilian Lg
1957.0,04/01/2023,14:41:42,1.0,3.0,Astoria,29.0,2.5,Coffee,Gourmet brewed coffee,Columbian Medium Roast Rg
1958.0,04/01/2023,14:42:37,1.0,,Lower Manhattan,27.0,,Coffee,Organic brewed coffee,Brazilian Lg
1959.0,04/01/2023,14:42:44,2.0,5.0,Lower Manhattan,49.0,3.0,Tea,Brewed Black tea,English Breakfast Lg
1960.0,04/01/2023,14:42:55,2.0,8.0,Hell's Kitchen,87.0,3.0,Coffee,Barista Espresso,Ouro Brasileiro shot
,04/01/2023,14:43:05,,,Hell's Kitchen,26.0,3.0,Coffee,Organic brewed coffee,Brazilian Rg
1962.0,04/01/2023,14:43:52,1.0,5.0,Lower Manhattan,28.0,2.0,Coffee,Gourmet brewed coffee,Columbian Medium Roast Sm
1963.0,04/01/2023,14:44:00,2.0,8.0,Hell's Kitchen,43.0,3.0,Tea,Brewed herbal tea,Lemon Grass Lg
1964.0,04/01/2023,14:45:13,1.0,3.0,Astoria,60.0,3.75,Drinking Chocolate,Hot chocolate,Sustainably Grown Organic Rg
1965.0,04/01/2023,14:45:36,2.0,3.0,Astoria,45.0,3.0,Tea,Brewed herbal tea,Peppermint Lg
1966.0,04/01/2023,14:46:24,2.0,8.0,Hell's Kitchen,37.0,3.0,Coffee,Barista Espresso,Espresso shot
1967.0,04/01/2023,14:46:46,1.0,3.0,Astoria,29.0,2.5,Coffee,Gourmet brewed coffee,Columbian Medium Roast Rg
1968.0,04/01/2023,14:47:54,1.0,8.0,Hell's Kitchen,22.0,2.0,Coffee,Drip coffee,Our Old Time Diner Blend Sm
1969.0,04/01/2023,14:48:08,1.0,3.0,Astoria,36.0,3.75,Coffee,Premium brewed coffee,Jamaican Coffee River Lg
1970.0,04/01/2023,14:48:49,2.0,8.0,Hell's Kitchen,60.0,3.75,Drinking Chocolate,Hot chocolate,Sustainably Grown Organic Rg
1971.0,04/01/2023,14:49:43,1.0,3.0,Astoria,54.0,2.5,Tea,Brewed Chai tea,Morning Sunrise Chai Rg
1972.0,04/01/2023,14:52:17,2.0,8.0,Hell's Kitchen,40.0,3.75,Coffee,Barista Espresso,Cappuccino
1973.0,04/01/2023,14:53:17,2.0,5.0,Lower Manhattan,33.0,3.5,Coffee,Gourmet brewed coffee,Ethiopia Lg
1974.0,04/01/2023,14:53:18,2.0,3.0,Astoria,59.0,4.5,Drinking Chocolate,Hot chocolate,Dark chocolate Lg
1975.0,04/01/2023,14:53:18,1.0,3.0,Astoria,76.0,3.5,Bakery,Biscotti,Chocolate Chip Biscotti
1976.0,04/01/2023,14:53:58,1.0,8.0,Hell's Kitchen,22.0,2.0,Coffee,Drip coffee,Our Old Time Diner Blend Sm
1977.0,04/01/2023,14:55:28,2.0,8.0,Hell's Kitchen,56.0,2.55,Tea,Brewed Chai tea,Spicy Eye Opener Chai Rg
1978.0,04/01/2023,14:55:44,1.0,5.0,Lower Manhattan,30.0,3.0,Coffee,Gourmet brewed coffee,Columbian Medium Roast Lg
1979.0,04/01/2023,14:58:07,1.0,3.0,Astoria,47.0,3.0,Tea,Brewed Green tea,Serenity Green Tea Lg
1980.0,04/01/2023,14:58:07,1.0,3.0,Astoria,79.0,3.75,Bakery,Scone,Jumbo Savory Scone
1981.0,04/01/2023,14:59:16,1.0,3.0,Astoria,48.0,2.5,Tea,Brewed Black tea,English Breakfast Rg
1982.0,04/01/2023,15:00:14,2.0,3.0,Astoria,36.0,3.75,Coffee,Premium brewed coffee,Jamaican Coffee River Lg
1983.0,04/01/2023,15:00:14,1.0,3.0,Astoria,76.0,3.5,Bakery,Biscotti,Chocolate Chip Biscotti
1984.0,04/01/2023,15:00:47,1.0,5.0,Lower Manhattan,57.0,3.1,Tea,Brewed Chai tea,Spicy Eye Opener Chai Lg
1985.0,04/01/2023,15:02:50,2.0,3.0,Astoria,42.0,2.5,Tea,Brewed herbal tea,Lemon Grass Rg
1986.0,04/01/2023,15:02:50,1.0,3.0,Astoria,70.0,3.25,Bakery,Scone,Cranberry Scone
1987.0,04/01/2023,15:03:33,1.0,5.0,Lower Manhattan,61.0,4.75,Drinking Chocolate,Hot chocolate,Sustainably Grown Organic Lg
1988.0,04/01/2023,15:03:33,1.0,,Lower Manhattan,74.0,,Bakery,Biscotti,Ginger Biscotti
1989.0,04/01/2023,15:03:50,2.0,8.0,Hell's Kitchen,37.0,3.0,Coffee,Barista Espresso,Espresso shot
1990.0,04/01/2023,15:05:08,1.0,3.0,Astoria,55.0,4.0,Tea,Brewed Chai tea,Morning Sunrise Chai Lg
1991.0,04/01/2023,15:05:41,2.0,3.0,Astoria,35.0,3.1,Coffee,Premium brewed coffee,Jamaican Coffee River Rg
1992.0,04/01/2023,15:06:15,1.0,3.0,Astoria,53.0,3.0,Tea,Brewed Chai tea,Traditional Blend Chai Lg
1993.0,04/01/2023,15:08:10,2.0,3.0,Astoria,25.0,2.2,Coffee,Organic brewed coffee,Brazilian Sm
1994.0,04/01/2023,15:08:17,1.0,3.0,Astoria,58.0,3.5,Drinking Chocolate,Hot chocolate,Dark chocolate Rg
1995.0,04/01/2023,15:14:28,2.0,3.0,Astoria,56.0,2.55,Tea,Brewed Chai tea,Spicy Eye Opener Chai Rg
1996.0,04/01/2023,15:16:24,2.0,8.0,Hell's Kitchen,50.0,2.5,Tea,Brewed Black tea,Earl Grey Rg
1997.0,04/01/2023,15:16:29,2.0,8.0,Hell's Kitchen,41.0,4.25,Coffee,Barista Espresso,Cappuccino Lg
1998.0,04/01/2023,15:17:02,1.0,8.0,Hell's Kitchen,60.0,3.75,Drinking Chocolate,Hot chocolate,Sustainably Grown Organic Rg
1999.0,04/01/2023,15:17:31,2.0,5.0,Lower Manhattan,87.0,3.0,Coffee,Barista Espresso,Ouro Brasileiro shot
2000.0,04/01/2023,15:20:25,2.0,3.0,Astoria,45.0,3.0,Tea,Brewed herbal tea,Peppermint Lg
2001.0,04/01/2023,15:20:29,1.0,8.0,Hell's Kitchen,36.0,3.75,Coffee,Premium brewed coffee,Jamaican Coffee River Lg
2002.0,04/01/2023,15:23:38,1.0,8.0,Hell's Kitchen,39.0,4.25,Coffee,Barista Espresso,Latte Rg
2003.0,04/01/2023,15:24:40,2.0,8.0,Hell's Kitchen,31.0,2.2,Coffee,Gourmet brewed coffee,Ethiopia Sm
2004.0,04/01/2023,15:28:03,1.0,5.0,Lower Manhattan,24.0,3.0,Coffee,Drip coffee,Our Old Time Diner Blend Lg
2005.0,04/01/2023,15:28:15,2.0,5.0,Lower Manhattan,51.0,3.0,Tea,Brewed Black tea,Earl Grey Lg
2006.0,04/01/2023,15:28:24,1.0,5.0,Lower Manhattan,25.0,2.2,Coffee,Organic brewed coffee,Brazilian Sm
2007.0,04/01/2023,15:29:26,1.0,8.0,Hell's Kitchen,35.0,3.1,Coffee,Premium brewed coffee,Jamaican Coffee River Rg
2008.0,04/01/2023,15:29:26,1.0,8.0,Hell's Kitchen,71.0,3.75,Bakery,Pastry,Chocolate Croissant
2009.0,04/01/2023,15:29:46,1.0,5.0,Lower Manhattan,61.0,4.75,Drinking Chocolate,Hot chocolate,Sustainably Grown Organic Lg
2010.0,04/01/2023,15:30:27,2.0,5.0,Lower Manhattan,24.0,3.0,Coffee,Drip coffee,Our Old Time Diner Blend Lg
2011.0,04/01/2023,15:31:42,1.0,5.0,Lower Manhattan,23.0,2.5,Coffee,Drip coffee,Our Old Time Diner Blend Rg
2012.0,04/01/2023,15:32:02,2.0,8.0,Hell's Kitchen,61.0,4.75,Drinking Chocolate,Hot chocolate,Sustainably Grown Organic Lg
2013.0,04/01/2023,15:33:40,1.0,8.0,Hell's Kitchen,59.0,4.5,Drinking Chocolate,Hot chocolate,Dark chocolate Lg
2014.0,04/01/2023,15:34:41,1.0,8.0,Hell's Kitchen,46.0,2.5,Tea,Brewed Green tea,Serenity Green Tea Rg
2015.0,04/01/2023,15:36:16,2.0,3.0,Astoria,59.0,4.5,Drinking Chocolate,Hot chocolate,Dark chocolate Lg
2016.0,04/01/2023,15:36:30,2.0,3.0,Astoria,42.0,2.5,Tea,Brewed herbal tea,Lemon Grass Rg
2017.0,04/01/2023,15:36:37,2.0,8.0,Hell's Kitchen,34.0,2.45,Coffee,Premium brewed coffee,Jamaican Coffee River Sm
2018.0,04/01/2023,15:36:48,1.0,8.0,Hell's Kitchen,31.0,2.2,Coffee,Gourmet brewed coffee,Ethiopia Sm
2019.0,04/01/2023,15:36:59,2.0,8.0,Hell's Kitchen,32.0,3.0,Coffee,Gourmet brewed coffee,Ethiopia Rg
2020.0,04/01/2023,15:37:05,1.0,5.0,Lower Manhattan,51.0,3.0,Tea,Brewed Black tea,Earl Grey Lg
2021.0,04/01/2023,15:37:14,2.0,8.0,Hell's Kitchen,28.0,2.0,Coffee,Gourmet brewed coffee,Columbian Medium Roast Sm
2022.0,04/01/2023,15:38:23,1.0,3.0,Astoria,34.0,2.45,Coffee,Premium brewed coffee,Jamaican Coffee River Sm
2023.0,04/01/2023,15:41:29,1.0,5.0,Lower Manhattan,34.0,2.45,Coffee,Premium brewed coffee,Jamaican Coffee River Sm
2024.0,04/01/2023,15:43:04,2.0,5.0,Lower Manhattan,52.0,2.5,Tea,Brewed Chai tea,Traditional Blend Chai Rg
2025.0,04/01/2023,15:43:39,2.0,3.0,Astoria,35.0,3.1,Coffee,Premium brewed coffee,Jamaican Coffee River Rg
2026.0,04/01/2023,15:45:17,1.0,8.0,Hell's Kitchen,25.0,2.2,Coffee,Organic brewed coffee,Brazilian Sm
2027.0,04/01/2023,15:46:20,2.0,5.0,Lower Manhattan,55.0,4.0,Tea,Brewed Chai tea,Morning Sunrise Chai Lg
2028.0,04/01/2023,15:46:26,2.0,5.0,Lower Manhattan,48.0,2.5,Tea,Brewed Black tea,English Breakfast Rg
2029.0,04/01/2023,15:46:27,1.0,5.0,Lower Manhattan,27.0,3.5,Coffee,Organic brewed coffee,Brazilian Lg
2030.0,04/01/2023,15:47:04,2.0,5.0,Lower Manhattan,49.0,3.0,Tea,Brewed Black tea,English Breakfast Lg
2031.0,04/01/2023,15:47:33,2.0,3.0,Astoria,29.0,2.5,Coffee,Gourmet brewed coffee,Columbian Medium Roast Rg
2032.0,04/01/2023,15:50:29,2.0,3.0,Astoria,51.0,3.0,Tea,Brewed Black tea,Earl Grey Lg
2033.0,04/01/2023,15:53:23,1.0,3.0,Astoria,23.0,2.5,Coffee,Drip coffee,Our Old Time Diner Blend Rg
2034.0,04/01/2023,15:53:46,2.0,8.0,Hell's Kitchen,36.0,3.75,Coffee,Premium brewed coffee,Jamaican Coffee River Lg
2035.0,04/01/2023,16:01:13,2.0,3.0,Astoria,22.0,2.0,Coffee,Drip coffee,Our Old Time Diner Blend Sm
2036.0,04/01/2023,16:01:13,1.0,3.0,Astoria,72.0,3.25,Bakery,Scone,Ginger Scone
2037.0,04/01/2023,16:01:23,2.0,3.0,Astoria,61.0,4.75,Drinking Chocolate,Hot chocolate,Sustainably Grown Organic Lg
2038.0,04/01/2023,16:03:45,2.0,5.0,Lower Manhattan,35.0,3.1,Coffee,Premium brewed coffee,Jamaican Coffee River Rg
2039.0,04/01/2023,16:04:26,2.0,8.0,Hell's Kitchen,27.0,3.5,Coffee,Organic brewed coffee,Brazilian Lg
2040.0,04/01/2023,16:05:44,2.0,5.0,Lower Manhattan,61.0,4.75,Drinking Chocolate,Hot chocolate,Sustainably Grown Organic Lg
2041.0,04/01/2023,16:09:43,2.0,5.0,Lower Manhattan,24.0,3.0,Coffee,Drip coffee,Our Old Time Diner Blend Lg
2042.0,04/01/2023,16:10:10,2.0,3.0,Astoria,50.0,2.5,Tea,Brewed Black tea,Earl Grey Rg
2043.0,04/01/2023,16:11:27,2.0,3.0,Astoria,44.0,2.5,Tea,Brewed herbal tea,Peppermint Rg
2044.0,04/01/2023,16:11:46,2.0,3.0,Astoria,47.0,3.0,Tea,Brewed Green tea,Serenity Green Tea Lg
2045.0,04/01/2023,16:13:54,1.0,5.0,Lower Manhattan,24.0,3.0,Coffee,Drip coffee,Our Old Time Diner Blend Lg
2046.0,04/01/2023,16:26:38,1.0,3.0,Astoria,32.0,3.0,Coffee,Gourmet brewed coffee,Ethiopia Rg
2047.0,04/01/2023,16:30:33,1.0,3.0,Astoria,45.0,3.0,Tea,Brewed herbal tea,Peppermint Lg
2048.0,04/01/2023,16:34:43,2.0,3.0,Astoria,34.0,2.45,Coffee,Premium brewed coffee,Jamaican Coffee River Sm
2049.0,04/01/2023,16:37:30,1.0,8.0,Hell's Kitchen,58.0,3.5,Drinking Chocolate,Hot chocolate,Dark chocolate Rg
2050.0,04/01/2023,16:38:01,2.0,8.0,Hell's Kitchen,27.0,3.5,Coffee,Organic brewed coffee,Brazilian Lg
2051.0,04/01/2023,16:44:46,1.0,3.0,Astoria,25.0,2.2,Coffee,Organic brewed coffee,Brazilian Sm
2052.0,04/01/2023,16:46:58,1.0,3.0,Astoria,22.0,2.0,Coffee,Drip coffee,Our Old Time Diner Blend Sm
2053.0,04/01/2023,16:51:38,1.0,3.0,Astoria,22.0,2.0,Coffee,Drip coffee,Our Old Time Diner Blend Sm
2054.0,04/01/2023,16:54:23,2.0,5.0,Lower Manhattan,52.0,2.5,Tea,Brewed Chai tea,Traditional Blend Chai Rg
2055.0,04/01/2023,16:58:22,1.0,3.0,Astoria,51.0,3.0,Tea,Brewed Black tea,Earl Grey Lg
2056.0,04/01/2023,16:58:22,,3.0,Astoria,,3.75,Bakery,Pastry,Chocolate Croissant
2057.0,04/01/2023,16:58:25,2.0,5.0,Lower Manhattan,56.0,2.55,Tea,Brewed Chai tea,Spicy Eye Opener Chai Rg
2058.0,04/01/2023,16:59:04,2.0,5.0,Lower Manhattan,31.0,2.2,Coffee,Gourmet brewed coffee,Ethiopia Sm
2059.0,04/01/2023,16:59:50,2.0,5.0,Lower Manhattan,22.0,2.0,Coffee,Drip coffee,Our Old Time Diner Blend Sm
2060.0,04/01/2023,17:00:58,2.0,5.0,Lower Manhattan,28.0,2.0,Coffee,Gourmet brewed coffee,Columbian Medium Roast Sm
2061.0,04/01/2023,17:00:58,1.0,5.0,Lower Manhattan,74.0,3.5,Bakery,Biscotti,Ginger Biscotti
2062.0,04/01/2023,17:01:03,1.0,5.0,Lower Manhattan,22.0,2.0,Coffee,Drip coffee,Our Old Time Diner Blend Sm
2063.0,04/01/2023,17:04:20,1.0,3.0,Astoria,55.0,4.0,Tea,Brewed Chai tea,Morning Sunrise Chai Lg
2064.0,04/01/2023,17:05:39,1.0,3.0,Astoria,31.0,2.2,Coffee,Gourmet brewed coffee,Ethiopia Sm
2065.0,04/01/2023,17:05:39,1.0,3.0,Astoria,70.0,3.25,Bakery,Scone,Cranberry Scone
2066.0,04/01/2023,17:06:42,1.0,3.0,Astoria,36.0,3.75,Coffee,Premium brewed coffee,Jamaican Coffee River Lg
2067.0,04/01/2023,17:08:39,2.0,8.0,Hell's Kitchen,57.0,3.1,Tea,Brewed Chai tea,Spicy Eye Opener Chai Lg
2068.0,04/01/2023,17:08:53,1.0,3.0,Astoria,51.0,3.0,Tea,Brewed Black tea,Earl Grey Lg
2069.0,04/01/2023,17:09:28,1.0,3.0,Astoria,28.0,2.0,Coffee,Gourmet brewed coffee,Columbian Medium Roast Sm
2070.0,04/01/2023,17:09:31,2.0,5.0,Lower Manhattan,43.0,3.0,Tea,Brewed herbal tea,Lemon Grass Lg
2071.0,04/01/2023,17:11:57,2.0,8.0,Hell's Kitchen,32.0,3.0,Coffee,Gourmet brewed coffee,Ethiopia Rg
2072.0,04/01/2023,17:11:57,1.0,8.0,Hell's Kitchen,74.0,3.5,Bakery,Biscotti,Ginger Biscotti
2073.0,04/01/2023,17:12:09,2.0,5.0,Lower Manhattan,39.0,4.25,Coffee,Barista Espresso,Latte Rg
2074.0,04/01/2023,17:13:13,2.0,5.0,Lower Manhattan,29.0,2.5,Coffee,Gourmet brewed coffee,Columbian Medium Roast Rg
2075.0,04/01/2023,17:14:30,2.0,3.0,Astoria,46.0,2.5,Tea,Brewed Green tea,Serenity Green Tea Rg
2076.0,04/01/2023,17:14:56,1.0,8.0,Hell's Kitchen,56.0,2.55,Tea,Brewed Chai tea,Spicy Eye Opener Chai Rg
2077.0,04/01/2023,17:15:02,1.0,3.0,Astoria,55.0,4.0,Tea,Brewed Chai tea,Morning Sunrise Chai Lg
2078.0,04/01/2023,17:17:16,1.0,5.0,Lower Manhattan,45.0,3.0,Tea,Brewed herbal tea,Peppermint Lg
2079.0,04/01/2023,17:17:50,2.0,3.0,Astoria,43.0,3.0,Tea,Brewed herbal tea,Lemon Grass Lg
2080.0,04/01/2023,17:19:14,1.0,,Astoria,52.0,,Tea,Brewed Chai tea,Traditional Blend Chai Rg
2081.0,04/01/2023,17:19:53,2.0,8.0,Hell's Kitchen,34.0,2.45,Coffee,Premium brewed coffee,Jamaican Coffee River Sm
2082.0,04/01/2023,17:22:29,1.0,3.0,Astoria,36.0,3.75,Coffee,Premium brewed coffee,Jamaican Coffee River Lg
2083.0,04/01/2023,17:26:44,1.0,8.0,Hell's Kitchen,45.0,3.0,Tea,Brewed herbal tea,Peppermint Lg
2084.0,04/01/2023,17:27:18,2.0,3.0,Astoria,59.0,4.5,Drinking Chocolate,Hot chocolate,Dark chocolate Lg
2085.0,04/01/2023,17:28:24,2.0,5.0,Lower Manhattan,38.0,3.75,Coffee,Barista Espresso,Latte
2086.0,04/01/2023,17:28:46,2.0,3.0,Astoria,56.0,2.55,Tea,Brewed Chai tea,Spicy Eye Opener Chai Rg
2087.0,04/01/2023,17:28:46,1.0,3.0,Astoria,71.0,3.75,Bakery,Pastry,Chocolate Croissant
2088.0,04/01/2023,17:29:32,2.0,8.0,Hell's Kitchen,47.0,3.0,Tea,Brewed Green tea,Serenity Green Tea Lg
2089.0,04/01/2023,17:30:15,1.0,5.0,Lower Manhattan,42.0,2.5,Tea,Brewed herbal tea,Lemon Grass Rg
2090.0,04/01/2023,17:32:02,2.0,3.0,Astoria,56.0,2.55,Tea,Brewed Chai tea,Spicy Eye Opener Chai Rg
2091.0,04/01/2023,17:32:15,2.0,5.0,Lower Manhattan,51.0,3.0,Tea,Brewed Black tea,Earl Grey Lg
2092.0,04/01/2023,17:34:26,1.0,5.0,Lower Manhattan,40.0,3.75,Coffee,Barista Espresso,Cappuccino
2093.0,04/01/2023,17:36:27,1.0,3.0,Astoria,36.0,3.75,Coffee,Premium brewed coffee,Jamaican Coffee River Lg
2094.0,04/01/2023,17:36:35,2.0,8.0,Hell's Kitchen,46.0,2.5,Tea,Brewed Green tea,Serenity Green Tea Rg
2095.0,04/01/2023,17:36:44,2.0,5.0,Lower Manhattan,27.0,3.5,Coffee,Organic brewed coffee,Brazilian Lg
2096.0,04/01/2023,17:36:44,1.0,,Lower Manhattan,,3.75,Bakery,Pastry,Almond Croissant
2097.0,04/01/2023,17:41:06,1.0,3.0,Astoria,49.0,3.0,Tea,Brewed Black tea,English Breakfast Lg
2098.0,04/01/2023,17:41:18,1.0,3.0,Astoria,31.0,2.2,Coffee,Gourmet brewed coffee,Ethiopia Sm
2099.0,04/01/2023,17:42:33,1.0,3.0,Astoria,23.0,2.5,Coffee,Drip coffee,Our Old Time Diner Blend Rg
2100.0,04/01/2023,17:45:57,2.0,5.0,Lower Manhattan,50.0,2.5,Tea,Brewed Black tea,Earl Grey Rg
2101.0,04/01/2023,17:48:16,2.0,3.0,Astoria,37.0,3.0,Coffee,Barista Espresso,Espresso shot
2102.0,04/01/2023,17:48:33,1.0,3.0,Astoria,35.0,3.1,Coffee,Premium brewed coffee,Jamaican Coffee River Rg
2103.0,04/01/2023,17:48:53,2.0,3.0,Astoria,43.0,3.0,Tea,Brewed herbal tea,Lemon Grass Lg
2104.0,04/01/2023,17:53:30,1.0,3.0,Astoria,45.0,3.0,Tea,Brewed herbal tea,Peppermint Lg
2105.0,04/01/2023,17:55:41,1.0,5.0,Lower Manhattan,41.0,4.25,Coffee,Barista Espresso,Cappuccino Lg
2106.0,04/01/2023,17:56:04,1.0,3.0,Astoria,50.0,2.5,Tea,Brewed Black tea,Earl Grey Rg
2107.0,04/01/2023,17:57:07,2.0,8.0,Hell's Kitchen,25.0,2.2,Coffee,Organic brewed coffee,Brazilian Sm
2108.0,04/01/2023,17:57:20,1.0,3.0,Astoria,37.0,3.0,Coffee,Barista Espresso,Espresso shot
2109.0,04/01/2023,17:57:20,1.0,3.0,Astoria,73.0,3.75,Bakery,Pastry,Almond Croissant
2110.0,04/01/2023,18:01:25,1.0,3.0,Astoria,27.0,3.5,Coffee,Organic brewed coffee,Brazilian Lg
2111.0,04/01/2023,18:01:45,1.0,3.0,Astoria,46.0,2.5,Tea,Brewed Green tea,Serenity Green Tea Rg
2112.0,04/01/2023,18:01:55,2.0,8.0,Hell's Kitchen,46.0,2.5,Tea,Brewed Green tea,Serenity Green Tea Rg
2113.0,04/01/2023,18:05:27,1.0,3.0,Astoria,45.0,3.0,Tea,Brewed herbal tea,Peppermint Lg
2114.0,04/01/2023,18:05:27,1.0,3.0,Astoria,72.0,3.25,Bakery,Scone,Ginger Scone
2115.0,04/01/2023,18:07:01,2.0,8.0,Hell's Kitchen,22.0,2.0,Coffee,Drip coffee,Our Old Time Diner Blend Sm
2116.0,04/01/2023,18:07:35,2.0,3.0,Astoria,47.0,3.0,Tea,Brewed Green tea,Serenity Green Tea Lg
2117.0,04/01/2023,18:11:39,2.0,8.0,Hell's Kitchen,24.0,3.0,Coffee,Drip coffee,Our Old Time Diner Blend Lg
2118.0,04/01/2023,18:13:36,1.0,5.0,Lower Manhattan,27.0,3.5,Coffee,Organic brewed coffee,Brazilian Lg
2119.0,04/01/2023,18:13:36,1.0,5.0,Lower Manhattan,71.0,3.75,Bakery,Pastry,Chocolate Croissant
2120.0,04/01/2023,18:14:04,2.0,5.0,Lower Manhattan,49.0,3.0,Tea,Brewed Black tea,English Breakfast Lg
2121.0,04/01/2023,18:14:04,1.0,8.0,Hell's Kitchen,56.0,2.55,Tea,Brewed Chai tea,Spicy Eye Opener Chai Rg
2122.0,04/01/2023,18:15:43,2.0,5.0,Lower Manhattan,40.0,3.75,Coffee,Barista Espresso,Cappuccino
2123.0,04/01/2023,18:16:20,2.0,3.0,Astoria,50.0,2.5,Tea,Brewed Black tea,Earl Grey Rg
2124.0,04/01/2023,18:16:20,1.0,3.0,Astoria,23.0,2.5,Coffee,Drip coffee,Our Old Time Diner Blend Rg
2125.0,04/01/2023,18:18:00,2.0,8.0,Hell's Kitchen,57.0,3.1,Tea,Brewed Chai tea,Spicy Eye Opener Chai Lg
2126.0,04/01/2023,18:22:09,1.0,5.0,Lower Manhattan,35.0,3.1,Coffee,Premium brewed coffee,Jamaican Coffee River Rg
2127.0,04/01/2023,18:22:09,1.0,5.0,Lower Manhattan,69.0,3.25,Bakery,Biscotti,Hazelnut Biscotti
2128.0,04/01/2023,18:23:26,2.0,8.0,Hell's Kitchen,50.0,2.5,Tea,Brewed Black tea,Earl Grey Rg
2129.0,04/01/2023,18:24:17,1.0,3.0,Astoria,60.0,3.75,Drinking Chocolate,Hot chocolate,Sustainably Grown Organic Rg
2130.0,04/01/2023,18:25:40,1.0,8.0,Hell's Kitchen,47.0,3.0,Tea,Brewed Green tea,Serenity Green Tea Lg
2131.0,04/01/2023,18:26:05,1.0,3.0,Astoria,26.0,3.0,Coffee,Organic brewed coffee,Brazilian Rg
2132.0,04/01/2023,18:28:20,2.0,5.0,Lower Manhattan,22.0,2.0,Coffee,Drip coffee,Our Old Time Diner Blend Sm
2133.0,04/01/2023,18:28:20,1.0,5.0,Lower Manhattan,73.0,3.75,Bakery,Pastry,Almond Croissant
2134.0,04/01/2023,18:28:52,1.0,3.0,Astoria,52.0,2.5,Tea,Brewed Chai tea,Traditional Blend Chai Rg
2135.0,04/01/2023,18:29:20,2.0,8.0,Hell's Kitchen,53.0,3.0,Tea,Brewed Chai tea,Traditional Blend Chai Lg
2136.0,04/01/2023,18:32:45,2.0,3.0,Astoria,40.0,3.75,Coffee,Barista Espresso,Cappuccino
2137.0,04/01/2023,18:32:45,1.0,3.0,Astoria,79.0,3.75,Bakery,Scone,Jumbo Savory Scone
2138.0,04/01/2023,18:33:47,2.0,8.0,Hell's Kitchen,59.0,4.5,Drinking Chocolate,Hot chocolate,Dark chocolate Lg
2139.0,04/01/2023,18:37:55,2.0,3.0,Astoria,33.0,3.5,Coffee,Gourmet brewed coffee,Ethiopia Lg
2140.0,04/01/2023,18:42:34,1.0,3.0,Astoria,53.0,3.0,Tea,Brewed Chai tea,Traditional Blend Chai Lg
2141.0,04/01/2023,18:42:36,2.0,8.0,Hell's Kitchen,44.0,2.5,Tea,Brewed herbal tea,Peppermint Rg
2142.0,04/01/2023,18:42:36,1.0,8.0,Hell's Kitchen,69.0,3.25,Bakery,Biscotti,Hazelnut Biscotti
2143.0,04/01/2023,18:43:10,1.0,8.0,Hell's Kitchen,42.0,2.5,Tea,Brewed herbal tea,Lemon Grass Rg
2144.0,04/01/2023,18:43:10,1.0,8.0,Hell's Kitchen,72.0,3.25,Bakery,Scone,Ginger Scone
2145.0,04/01/2023,18:43:35,1.0,8.0,Hell's Kitchen,29.0,2.5,Coffee,Gourmet brewed coffee,Columbian Medium Roast Rg
2146.0,04/01/2023,18:45:28,2.0,3.0,Astoria,31.0,2.2,Coffee,Gourmet brewed coffee,Ethiopia Sm
2147.0,04/01/2023,18:47:31,1.0,8.0,Hell's Kitchen,41.0,4.25,Coffee,Barista Espresso,Cappuccino Lg
2148.0,04/01/2023,18:48:10,1.0,8.0,Hell's Kitchen,22.0,2.0,Coffee,Drip coffee,Our Old Time Diner Blend Sm
2149.0,04/01/2023,18:48:32,2.0,8.0,Hell's Kitchen,50.0,2.5,Tea,Brewed Black tea,Earl Grey Rg
2150.0,04/01/2023,18:49:27,2.0,8.0,Hell's Kitchen,57.0,3.1,Tea,Brewed Chai tea,Spicy Eye Opener Chai Lg
2151.0,04/01/2023,18:52:45,2.0,8.0,Hell's Kitchen,29.0,2.5,Coffee,Gourmet brewed coffee,Columbian Medium Roast Rg
2152.0,04/01/2023,18:54:31,1.0,8.0,Hell's Kitchen,87.0,3.0,Coffee,Barista Espresso,Ouro Brasileiro shot
2153.0,04/01/2023,18:55:51,2.0,8.0,Hell's Kitchen,51.0,3.0,Tea,Brewed Black tea,Earl Grey Lg
2154.0,04/01/2023,18:56:04,1.0,8.0,Hell's Kitchen,25.0,2.2,Coffee,Organic brewed coffee,Brazilian Sm
2155.0,04/01/2023,18:56:49,1.0,3.0,Astoria,25.0,2.2,Coffee,Organic brewed coffee,Brazilian Sm
2156.0,04/01/2023,18:57:24,1.0,8.0,Hell's Kitchen,45.0,3.0,Tea,Brewed herbal tea,Peppermint Lg
2157.0,04/01/2023,18:57:24,1.0,8.0,Hell's Kitchen,75.0,3.5,Bakery,Pastry,Croissant
2158.0,04/01/2023,18:57:45,2.0,8.0,Hell's Kitchen,47.0,3.0,Tea,Brewed Green tea,Serenity Green Tea Lg
2159.0,04/01/2023,18:59:44,2.0,8.0,Hell's Kitchen,59.0,4.5,Drinking Chocolate,Hot chocolate,Dark chocolate Lg
2160.0,04/01/2023,19:01:01,1.0,8.0,Hell's Kitchen,39.0,4.25,Coffee,Barista Espresso,Latte Rg
2161.0,04/01/2023,19:01:01,1.0,8.0,Hell's Kitchen,,,Bakery,Biscotti,Chocolate Chip Biscotti
2162.0,04/01/2023,19:04:52,1.0,3.0,Astoria,25.0,2.2,Coffee,Organic brewed coffee,Brazilian Sm
2163.0,04/01/2023,19:06:07,,,Astoria,,3.1,Tea,Brewed Chai tea,Spicy Eye Opener Chai Lg
2164.0,04/01/2023,19:09:24,1.0,3.0,Astoria,27.0,3.5,Coffee,Organic brewed coffee,Brazilian Lg
2165.0,04/01/2023,19:09:29,1.0,8.0,Hell's Kitchen,38.0,3.75,Coffee,Barista Espresso,Latte
2166.0,04/01/2023,19:09:34,1.0,8.0,Hell's Kitchen,61.0,4.75,Drinking Chocolate,Hot chocolate,Sustainably Grown Organic Lg
2167.0,04/01/2023,19:11:18,1.0,3.0,Astoria,39.0,4.25,Coffee,Barista Espresso,Latte Rg
2168.0,04/01/2023,19:13:09,1.0,3.0,Astoria,57.0,3.1,Tea,Brewed Chai tea,Spicy Eye Opener Chai Lg
2169.0,04/01/2023,19:18:23,2.0,3.0,Astoria,58.0,3.5,Drinking Chocolate,Hot chocolate,Dark chocolate Rg
2170.0,04/01/2023,19:18:23,1.0,3.0,Astoria,71.0,3.75,Bakery,Pastry,Chocolate Croissant
2171.0,04/01/2023,19:22:43,2.0,3.0,Astoria,30.0,3.0,Coffee,Gourmet brewed coffee,Columbian Medium Roast Lg
2172.0,04/01/2023,19:23:15,1.0,8.0,Hell's Kitchen,58.0,3.5,Drinking Chocolate,Hot chocolate,Dark chocolate Rg
2173.0,04/01/2023,19:24:27,1.0,8.0,Hell's Kitchen,59.0,4.5,Drinking Chocolate,Hot chocolate,Dark chocolate Lg
2174.0,04/01/2023,19:24:54,1.0,3.0,Astoria,54.0,2.5,Tea,Brewed Chai tea,Morning Sunrise Chai Rg
2175.0,04/01/2023,19:26:24,1.0,3.0,Astoria,59.0,4.5,Drinking Chocolate,Hot chocolate,Dark chocolate Lg
2176.0,04/01/2023,19:27:41,2.0,8.0,Hell's Kitchen,30.0,3.0,Coffee,Gourmet brewed coffee,Columbian Medium Roast Lg
2177.0,04/01/2023,19:36:05,1.0,3.0,Astoria,49.0,3.0,Tea,Brewed Black tea,English Breakfast Lg
2178.0,04/01/2023,19:37:52,1.0,3.0,Astoria,49.0,3.0,Tea,Brewed Black tea,English Breakfast Lg
2179.0,04/01/2023,19:39:24,1.0,3.0,Astoria,22.0,2.0,Coffee,Drip coffee,Our Old Time Diner Blend Sm
2180.0,04/01/2023,19:39:24,1.0,3.0,Astoria,72.0,3.25,Bakery,Scone,Ginger Scone
2181.0,04/01/2023,19:40:21,2.0,8.0,Hell's Kitchen,50.0,2.5,Tea,Brewed Black tea,Earl Grey Rg
2182.0,04/01/2023,19:41:01,1.0,8.0,Hell's Kitchen,60.0,3.75,Drinking Chocolate,Hot chocolate,Sustainably Grown Organic Rg
2183.0,04/01/2023,19:41:19,1.0,3.0,Astoria,59.0,4.5,Drinking Chocolate,Hot chocolate,Dark chocolate Lg
2184.0,04/01/2023,19:43:39,2.0,3.0,Astoria,51.0,3.0,Tea,Brewed Black tea,Earl Grey Lg
2185.0,04/01/2023,19:49:12,,8.0,Hell's Kitchen,,,Coffee,Barista Espresso,Espresso shot
2186.0,04/01/2023,19:49:12,1.0,8.0,Hell's Kitchen,70.0,3.25,Bakery,Scone,Cranberry Scone
2187.0,04/01/2023,19:49:13,1.0,3.0,Astoria,55.0,4.0,Tea,Brewed Chai tea,Morning Sunrise Chai Lg
2188.0,04/01/2023,19:49:24,2.0,3.0,Astoria,47.0,3.0,Tea,Brewed Green tea,Serenity Green Tea Lg
2189.0,04/01/2023,19:49:24,1.0,3.0,Astoria,74.0,3.5,Bakery,Biscotti,Ginger Biscotti
2190.0,04/01/2023,19:49:34,1.0,3.0,Astoria,57.0,3.1,Tea,Brewed Chai tea,Spicy Eye Opener Chai Lg
2191.0,04/01/2023,19:49:34,1.0,3.0,Astoria,74.0,3.5,Bakery,Biscotti,Ginger Biscotti
2192.0,04/01/2023,19:51:51,1.0,3.0,Astoria,33.0,3.5,Coffee,Gourmet brewed coffee,Ethiopia Lg
2193.0,04/01/2023,19:52:39,2.0,8.0,Hell's Kitchen,34.0,2.45,Coffee,Premium brewed coffee,Jamaican Coffee River Sm
2194.0,04/01/2023,19:57:35,2.0,8.0,Hell's Kitchen,44.0,2.5,Tea,Brewed herbal tea,Peppermint Rg
2195.0,04/01/2023,19:59:02,1.0,3.0,Astoria,57.0,3.1,Tea,Brewed Chai tea,Spicy Eye Opener Chai Lg
2196.0,05/01/2023,07:00:26,1.0,5.0,Lower Manhattan,48.0,2.5,Tea,Brewed Black tea,English Breakfast Rg
2197.0,05/01/2023,07:06:34,2.0,5.0,Lower Manhattan,54.0,2.5,Tea,Brewed Chai tea,Morning Sunrise Chai Rg
2198.0,05/01/2023,07:11:08,1.0,5.0,Lower Manhattan,49.0,3.0,Tea,Brewed Black tea,English Breakfast Lg
2199.0,05/01/2023,07:13:10,2.0,5.0,Lower Manhattan,87.0,3.0,Coffee,Barista Espresso,Ouro Brasileiro shot
2200.0,05/01/2023,07:17:50,1.0,5.0,Lower Manhattan,55.0,4.0,Tea,Brewed Chai tea,Morning Sunrise Chai Lg
2201.0,05/01/2023,07:18:44,1.0,5.0,Lower Manhattan,48.0,2.5,Tea,Brewed Black tea,English Breakfast Rg
2202.0,05/01/2023,07:26:29,1.0,5.0,Lower Manhattan,45.0,3.0,Tea,Brewed herbal tea,Peppermint Lg
2203.0,05/01/2023,07:30:10,1.0,5.0,Lower Manhattan,36.0,3.75,Coffee,Premium brewed coffee,Jamaican Coffee River Lg
2204.0,05/01/2023,07:34:02,1.0,5.0,Lower Manhattan,60.0,3.75,Drinking Chocolate,Hot chocolate,Sustainably Grown Organic Rg
2205.0,05/01/2023,07:42:52,2.0,5.0,Lower Manhattan,45.0,3.0,Tea,Brewed herbal tea,Peppermint Lg
2206.0,05/01/2023,07:45:17,1.0,5.0,Lower Manhattan,41.0,4.25,Coffee,Barista Espresso,Cappuccino Lg
2207.0,05/01/2023,07:56:15,2.0,5.0,Lower Manhattan,48.0,2.5,Tea,Brewed Black tea,English Breakfast Rg
2208.0,05/01/2023,07:56:31,1.0,5.0,Lower Manhattan,53.0,3.0,Tea,Brewed Chai tea,Traditional Blend Chai Lg
2209.0,05/01/2023,08:01:10,1.0,5.0,Lower Manhattan,49.0,3.0,Tea,Brewed Black tea,English Breakfast Lg
2210.0,05/01/2023,08:04:58,2.0,5.0,Lower Manhattan,35.0,3.1,Coffee,Premium brewed coffee,Jamaican Coffee River Rg
2211.0,05/01/2023,08:08:13,2.0,5.0,Lower Manhattan,33.0,3.5,Coffee,Gourmet brewed coffee,Ethiopia Lg
2212.0,05/01/2023,08:10:23,1.0,8.0,Hell's Kitchen,23.0,2.5,Coffee,Drip coffee,Our Old Time Diner Blend Rg
2213.0,05/01/2023,08:15:00,2.0,8.0,Hell's Kitchen,34.0,2.45,Coffee,Premium brewed coffee,Jamaican Coffee River Sm
2214.0,05/01/2023,08:20:57,1.0,5.0,Lower Manhattan,38.0,3.75,Coffee,Barista Espresso,Latte
2215.0,05/01/2023,08:20:57,1.0,5.0,Lower Manhattan,71.0,3.75,Bakery,Pastry,Chocolate Croissant
2216.0,05/01/2023,08:22:54,2.0,8.0,Hell's Kitchen,60.0,3.75,Drinking Chocolate,Hot chocolate,Sustainably Grown Organic Rg
2217.0,05/01/2023,08:23:13,1.0,5.0,Lower Manhattan,26.0,3.0,Coffee,Organic brewed coffee,Brazilian Rg
2218.0,05/01/2023,08:23:13,1.0,5.0,Lower Manhattan,76.0,3.5,Bakery,Biscotti,Chocolate Chip Biscotti
,05/01/2023,08:23:41,,5.0,Lower Manhattan,42.0,2.5,Tea,Brewed herbal tea,Lemon Grass Rg
2220.0,05/01/2023,08:24:13,2.0,8.0,Hell's Kitchen,56.0,2.55,Tea,Brewed Chai tea,Spicy Eye Opener Chai Rg
2221.0,05/01/2023,08:25:59,1.0,8.0,Hell's Kitchen,39.0,4.25,Coffee,Barista Espresso,Latte Rg
2222.0,05/01/2023,08:26:32,1.0,8.0,Hell's Kitchen,61.0,4.75,Drinking Chocolate,Hot chocolate,Sustainably Grown Organic Lg
2223.0,05/01/2023,08:27:37,1.0,5.0,Lower Manhattan,41.0,4.25,Coffee,Barista Espresso,Cappuccino Lg
2224.0,05/01/2023,08:27:37,1.0,5.0,Lower Manhattan,73.0,3.75,Bakery,Pastry,Almond Croissant
2225.0,05/01/2023,08:28:00,2.0,8.0,Hell's Kitchen,49.0,3.0,Tea,Brewed Black tea,English Breakfast Lg
2226.0,05/01/2023,08:29:08,1.0,8.0,Hell's Kitchen,47.0,3.0,Tea,Brewed Green tea,Serenity Green Tea Lg
2227.0,05/01/2023,08:32:59,2.0,8.0,Hell's Kitchen,52.0,2.5,Tea,Brewed Chai tea,Traditional Blend Chai Rg
2228.0,05/01/2023,08:36:05,1.0,5.0,Lower Manhattan,50.0,2.5,Tea,Brewed Black tea,Earl Grey Rg
2229.0,05/01/2023,08:36:36,1.0,8.0,Hell's Kitchen,24.0,3.0,Coffee,Drip coffee,Our Old Time Diner Blend Lg
2230.0,05/01/2023,08:38:48,1.0,5.0,Lower Manhattan,23.0,2.5,Coffee,Drip coffee,Our Old Time Diner Blend Rg
2231.0,05/01/2023,08:42:24,1.0,5.0,Lower Manhattan,27.0,3.5,Coffee,Organic brewed coffee,Brazilian Lg
2232.0,05/01/2023,08:44:32,1.0,5.0,Lower Manhattan,38.0,3.75,Coffee,Barista Espresso,Latte
2233.0,05/01/2023,08:44:47,2.0,5.0,Lower Manhattan,49.0,3.0,Tea,Brewed Black tea,English Breakfast Lg
2234.0,05/01/2023,08:46:08,2.0,8.0,Hell's Kitchen,22.0,2.0,Coffee,Drip coffee,Our Old Time Diner Blend Sm
2235.0,05/01/2023,08:46:08,1.0,8.0,Hell's Kitchen,73.0,3.75,Bakery,Pastry,Almond Croissant
2236.0,05/01/2023,08:46:33,1.0,8.0,Hell's Kitchen,27.0,3.5,Coffee,Organic brewed coffee,Brazilian Lg
2237.0,05/01/2023,08:48:56,2.0,5.0,Lower Manhattan,28.0,2.0,Coffee,Gourmet brewed coffee,Columbian Medium Roast Sm
2238.0,05/01/2023,08:50:10,2.0,5.0,Lower Manhattan,34.0,2.45,Coffee,Premium brewed coffee,Jamaican Coffee River Sm
2239.0,05/01/2023,08:50:22,2.0,8.0,Hell's Kitchen,43.0,3.0,Tea,Brewed herbal tea,Lemon Grass Lg
2240.0,05/01/2023,08:50:33,2.0,5.0,Lower Manhattan,61.0,4.75,Drinking Chocolate,Hot chocolate,Sustainably Grown Organic Lg
2241.0,05/01/2023,08:52:48,1.0,5.0,Lower Manhattan,60.0,3.75,Drinking Chocolate,Hot chocolate,Sustainably Grown Organic Rg
2242.0,05/01/2023,08:52:48,1.0,5.0,Lower Manhattan,77.0,3.0,Bakery,Scone,Oatmeal Scone
2243.0,05/01/2023,08:57:11,1.0,5.0,Lower Manhattan,28.0,2.0,Coffee,Gourmet brewed coffee,Columbian Medium Roast Sm
2244.0,05/01/2023,08:57:34,2.0,5.0,Lower Manhattan,51.0,3.0,Tea,Brewed Black tea,Earl Grey Lg
2245.0,05/01/2023,08:59:33,1.0,8.0,Hell's Kitchen,36.0,3.75,Coffee,Premium brewed coffee,Jamaican Coffee River Lg
2246.0,05/01/2023,09:01:38,2.0,5.0,Lower Manhattan,36.0,3.75,Coffee,Premium brewed coffee,Jamaican Coffee River Lg
2247.0,05/01/2023,09:01:38,1.0,5.0,Lower Manhattan,69.0,3.25,Bakery,Biscotti,Hazelnut Biscotti
2248.0,05/01/2023,09:02:51,1.0,8.0,Hell's Kitchen,58.0,3.5,Drinking Chocolate,Hot chocolate,Dark chocolate Rg
2249.0,05/01/2023,09:04:55,2.0,5.0,Lower Manhattan,31.0,2.2,Coffee,Gourmet brewed coffee,Ethiopia Sm
2250.0,05/01/2023,09:04:55,1.0,5.0,Lower Manhattan,72.0,3.25,Bakery,Scone,Ginger Scone
2251.0,05/01/2023,09:12:44,2.0,8.0,Hell's Kitchen,47.0,3.0,Tea,Brewed Green tea,Serenity Green Tea Lg
2252.0,05/01/2023,09:15:27,2.0,8.0,Hell's Kitchen,31.0,2.2,Coffee,Gourmet brewed coffee,Ethiopia Sm
2253.0,05/01/2023,09:16:18,2.0,5.0,Lower Manhattan,48.0,2.5,Tea,Brewed Black tea,English Breakfast Rg
2254.0,05/01/2023,09:18:17,2.0,5.0,Lower Manhattan,39.0,4.25,Coffee,Barista Espresso,Latte Rg
2255.0,05/01/2023,09:20:54,1.0,,Hell's Kitchen,,3.75,Coffee,Barista Espresso,Latte
2256.0,05/01/2023,09:23:37,,,Lower Manhattan,87.0,,Coffee,Barista Espresso,Ouro Brasileiro shot
2257.0,05/01/2023,09:26:10,1.0,5.0,Lower Manhattan,40.0,3.75,Coffee,Barista Espresso,Cappuccino
2258.0,05/01/2023,09:26:10,1.0,5.0,Lower Manhattan,79.0,3.75,Bakery,Scone,Jumbo Savory Scone
2259.0,05/01/2023,09:26:54,2.0,8.0,Hell's Kitchen,49.0,3.0,Tea,Brewed Black tea,English Breakfast Lg
2260.0,05/01/2023,09:27:28,2.0,5.0,Lower Manhattan,25.0,2.2,Coffee,Organic brewed coffee,Brazilian Sm
2261.0,05/01/2023,09:27:52,1.0,8.0,Hell's Kitchen,57.0,3.1,Tea,Brewed Chai tea,Spicy Eye Opener Chai Lg
2262.0,05/01/2023,09:34:13,1.0,8.0,Hell's Kitchen,43.0,3.0,Tea,Brewed herbal tea,Lemon Grass Lg
2263.0,05/01/2023,09:38:01,2.0,5.0,Lower Manhattan,52.0,2.5,Tea,Brewed Chai tea,Traditional Blend Chai Rg
2264.0,05/01/2023,09:38:01,1.0,5.0,Lower Manhattan,72.0,3.25,Bakery,Scone,Ginger Scone
2265.0,05/01/2023,09:41:47,2.0,8.0,Hell's Kitchen,29.0,2.5,Coffee,Gourmet brewed coffee,Columbian Medium Roast Rg
2266.0,05/01/2023,09:41:53,1.0,5.0,Lower Manhattan,57.0,3.1,Tea,Brewed Chai tea,Spicy Eye Opener Chai Lg
2267.0,05/01/2023,09:44:03,1.0,8.0,Hell's Kitchen,44.0,2.5,Tea,Brewed herbal tea,Peppermint Rg
2268.0,05/01/2023,09:47:57,2.0,8.0,Hell's Kitchen,32.0,3.0,Coffee,Gourmet brewed coffee,Ethiopia Rg
2269.0,05/01/2023,09:54:34,1.0,5.0,Lower Manhattan,29.0,2.5,Coffee,Gourmet brewed coffee,Columbian Medium Roast Rg
2270.0,05/01/2023,09:56:05,1.0,8.0,Hell's Kitchen,59.0,4.5,Drinking Chocolate,Hot chocolate,Dark chocolate Lg
2271.0,05/01/2023,10:08:29,2.0,5.0,Lower Manhattan,40.0,3.75,Coffee,Barista Espresso,Cappuccino
2272.0,05/01/2023,10:09:39,1.0,8.0,Hell's Kitchen,24.0,3.0,Coffee,Drip coffee,Our Old Time Diner Blend Lg
2273.0,05/01/2023,10:09:39,1.0,8.0,Hell's Kitchen,75.0,3.5,Bakery,Pastry,Croissant
,05/01/2023,10:12:26,2.0,5.0,Lower Manhattan,22.0,,Coffee,Drip coffee,Our Old Time Diner Blend Sm
2275.0,05/01/2023,10:16:59,1.0,5.0,Lower Manhattan,51.0,3.0,Tea,Brewed Black tea,Earl Grey Lg
2276.0,05/01/2023,10:16:59,1.0,5.0,Lower Manhattan,74.0,3.5,Bakery,Biscotti,Ginger Biscotti
2277.0,05/01/2023,10:20:39,1.0,8.0,Hell's Kitchen,29.0,2.5,Coffee,Gourmet brewed coffee,Columbian Medium Roast Rg
2278.0,05/01/2023,10:20:56,1.0,5.0,Lower Manhattan,53.0,3.0,Tea,Brewed Chai tea,Traditional Blend Chai Lg
2279.0,05/01/2023,10:20:56,1.0,5.0,Lower Manhattan,75.0,3.5,Bakery,Pastry,Croissant
2280.0,05/01/2023,10:21:40,1.0,5.0,Lower Manhattan,52.0,2.5,Tea,Brewed Chai tea,Traditional Blend Chai Rg
2281.0,05/01/2023,10:22:27,1.0,8.0,Hell's Kitchen,38.0,3.75,Coffee,Barista Espresso,Latte
2282.0,05/01/2023,10:27:21,1.0,8.0,Hell's Kitchen,29.0,2.5,Coffee,Gourmet brewed coffee,Columbian Medium Roast Rg
2283.0,05/01/2023,10:30:15,2.0,8.0,Hell's Kitchen,40.0,3.75,Coffee,Barista Espresso,Cappuccino
2284.0,05/01/2023,10:30:55,2.0,5.0,Lower Manhattan,26.0,3.0,Coffee,Organic brewed coffee,Brazilian Rg
2285.0,05/01/2023,10:31:18,2.0,8.0,Hell's Kitchen,45.0,3.0,Tea,Brewed herbal tea,Peppermint Lg
2286.0,05/01/2023,10:33:51,1.0,5.0,Lower Manhattan,39.0,4.25,Coffee,Barista Espresso,Latte Rg
2287.0,05/01/2023,10:33:53,2.0,8.0,Hell's Kitchen,30.0,3.0,Coffee,Gourmet brewed coffee,Columbian Medium Roast Lg
2288.0,05/01/2023,10:35:12,2.0,5.0,Lower Manhattan,41.0,4.25,Coffee,Barista Espresso,Cappuccino Lg
2289.0,05/01/2023,10:36:55,1.0,5.0,Lower Manhattan,49.0,3.0,Tea,Brewed Black tea,English Breakfast Lg
2290.0,05/01/2023,10:36:55,1.0,5.0,Lower Manhattan,77.0,3.0,Bakery,Scone,Oatmeal Scone
2291.0,05/01/2023,10:37:45,1.0,5.0,Lower Manhattan,44.0,2.5,Tea,Brewed herbal tea,Peppermint Rg
2292.0,05/01/2023,10:40:06,1.0,8.0,Hell's Kitchen,35.0,3.1,Coffee,Premium brewed coffee,Jamaican Coffee River Rg
2293.0,05/01/2023,10:40:16,1.0,5.0,Lower Manhattan,39.0,4.25,Coffee,Barista Espresso,Latte Rg
2294.0,05/01/2023,10:41:06,2.0,5.0,Lower Manhattan,46.0,2.5,Tea,Brewed Green tea,Serenity Green Tea Rg
2295.0,05/01/2023,10:46:52,2.0,8.0,Hell's Kitchen,35.0,3.1,Coffee,Premium brewed coffee,Jamaican Coffee River Rg
2296.0,05/01/2023,10:50:44,2.0,8.0,Hell's Kitchen,60.0,3.75,Drinking Chocolate,Hot chocolate,Sustainably Grown Organic Rg
2297.0,05/01/2023,10:50:46,1.0,8.0,Hell's Kitchen,32.0,3.0,Coffee,Gourmet brewed coffee,Ethiopia Rg
2298.0,05/01/2023,10:51:10,1.0,5.0,Lower Manhattan,45.0,3.0,Tea,Brewed herbal tea,Peppermint Lg
2299.0,05/01/2023,10:51:10,1.0,5.0,Lower Manhattan,71.0,3.75,Bakery,Pastry,Chocolate Croissant
2300.0,05/01/2023,10:51:48,2.0,5.0,Lower Manhattan,54.0,2.5,Tea,Brewed Chai tea,Morning Sunrise Chai Rg
2301.0,05/01/2023,10:56:39,2.0,8.0,Hell's Kitchen,48.0,2.5,Tea,Brewed Black tea,English Breakfast Rg
2302.0,05/01/2023,10:56:39,1.0,8.0,Hell's Kitchen,70.0,3.25,Bakery,Scone,Cranberry Scone
2303.0,05/01/2023,11:02:04,1.0,8.0,Hell's Kitchen,61.0,4.75,Drinking Chocolate,Hot chocolate,Sustainably Grown Organic Lg
2304.0,05/01/2023,11:02:09,1.0,5.0,Lower Manhattan,45.0,3.0,Tea,Brewed herbal tea,Peppermint Lg
2305.0,05/01/2023,11:02:54,1.0,3.0,Astoria,56.0,2.55,Tea,Brewed Chai tea,Spicy Eye Opener Chai Rg
2306.0,05/01/2023,11:03:05,1.0,3.0,Astoria,41.0,4.25,Coffee,Barista Espresso,Cappuccino Lg
2307.0,05/01/2023,11:06:45,1.0,8.0,Hell's Kitchen,38.0,3.75,Coffee,Barista Espresso,Latte
2308.0,05/01/2023,11:07:04,2.0,5.0,Lower Manhattan,61.0,4.75,Drinking Chocolate,Hot chocolate,Sustainably Grown Organic Lg
2309.0,05/01/2023,11:07:21,2.0,5.0,Lower Manhattan,38.0,3.75,Coffee,Barista Espresso,Latte
2310.0,05/01/2023,11:07:42,1.0,3.0,Astoria,36.0,3.75,Coffee,Premium brewed coffee,Jamaican Coffee River Lg
2311.0,05/01/2023,11:07:53,1.0,5.0,Lower Manhattan,29.0,2.5,Coffee,Gourmet brewed coffee,Columbian Medium Roast Rg
,05/01/2023,11:07:53,1.0,5.0,Lower Manhattan,72.0,,Bakery,Scone,Ginger Scone
2313.0,05/01/2023,11:12:35,1.0,3.0,Astoria,56.0,2.55,Tea,Brewed Chai tea,Spicy Eye Opener Chai Rg
2314.0,05/01/2023,11:12:35,1.0,3.0,Astoria,71.0,3.75,Bakery,Pastry,Chocolate Croissant
2315.0,05/01/2023,11:13:31,1.0,5.0,Lower Manhattan,29.0,2.5,Coffee,Gourmet brewed coffee,Columbian Medium Roast Rg
2316.0,05/01/2023,11:15:14,2.0,5.0,Lower Manhattan,27.0,3.5,Coffee,Organic brewed coffee,Brazilian Lg
2317.0,05/01/2023,11:15:59,1.0,3.0,Astoria,51.0,3.0,Tea,Brewed Black tea,Earl Grey Lg
2318.0,05/01/2023,11:19:06,1.0,3.0,Astoria,50.0,2.5,Tea,Brewed Black tea,Earl Grey Rg
2319.0,05/01/2023,11:20:52,1.0,8.0,Hell's Kitchen,27.0,3.5,Coffee,Organic brewed coffee,Brazilian Lg
2320.0,05/01/2023,11:20:55,1.0,8.0,Hell's Kitchen,49.0,3.0,Tea,Brewed Black tea,English Breakfast Lg
2321.0,05/01/2023,11:21:19,2.0,5.0,Lower Manhattan,26.0,3.0,Coffee,Organic brewed coffee,Brazilian Rg
2322.0,05/01/2023,11:21:28,2.0,8.0,Hell's Kitchen,41.0,4.25,Coffee,Barista Espresso,Cappuccino Lg
2323.0,05/01/2023,11:22:59,1.0,5.0,Lower Manhattan,49.0,3.0,Tea,Brewed Black tea,English Breakfast Lg
2324.0,05/01/2023,11:23:07,1.0,8.0,Hell's Kitchen,61.0,4.75,Drinking Chocolate,Hot chocolate,Sustainably Grown Organic Lg
2325.0,05/01/2023,11:23:29,1.0,5.0,Lower Manhattan,46.0,2.5,Tea,Brewed Green tea,Serenity Green Tea Rg
2326.0,05/01/2023,11:23:29,1.0,5.0,Lower Manhattan,73.0,3.75,Bakery,Pastry,Almond Croissant
2327.0,05/01/2023,11:23:46,1.0,3.0,Astoria,31.0,2.2,Coffee,Gourmet brewed coffee,Ethiopia Sm
2328.0,05/01/2023,11:24:27,1.0,3.0,Astoria,45.0,3.0,Tea,Brewed herbal tea,Peppermint Lg
2329.0,05/01/2023,11:24:27,1.0,3.0,Astoria,70.0,3.25,Bakery,Scone,Cranberry Scone
2330.0,05/01/2023,11:26:08,1.0,8.0,Hell's Kitchen,35.0,3.1,Coffee,Premium brewed coffee,Jamaican Coffee River Rg
2331.0,05/01/2023,11:26:08,1.0,8.0,Hell's Kitchen,70.0,3.25,Bakery,Scone,Cranberry Scone
2332.0,05/01/2023,11:27:14,1.0,8.0,Hell's Kitchen,55.0,4.0,Tea,Brewed Chai tea,Morning Sunrise Chai Lg
2333.0,05/01/2023,11:27:58,1.0,8.0,Hell's Kitchen,26.0,3.0,Coffee,Organic brewed coffee,Brazilian Rg
2334.0,05/01/2023,11:32:31,2.0,3.0,Astoria,36.0,3.75,Coffee,Premium brewed coffee,Jamaican Coffee River Lg
2335.0,05/01/2023,11:33:32,1.0,8.0,Hell's Kitchen,48.0,2.5,Tea,Brewed Black tea,English Breakfast Rg
2336.0,05/01/2023,11:36:32,1.0,8.0,Hell's Kitchen,29.0,2.5,Coffee,Gourmet brewed coffee,Columbian Medium Roast Rg
2337.0,05/01/2023,11:37:05,2.0,5.0,Lower Manhattan,43.0,3.0,Tea,Brewed herbal tea,Lemon Grass Lg
2338.0,05/01/2023,11:39:46,1.0,5.0,Lower Manhattan,56.0,2.55,Tea,Brewed Chai tea,Spicy Eye Opener Chai Rg
2339.0,05/01/2023,11:41:40,2.0,5.0,Lower Manhattan,87.0,3.0,Coffee,Barista Espresso,Ouro Brasileiro shot
2340.0,05/01/2023,11:43:12,1.0,3.0,Astoria,60.0,3.75,Drinking Chocolate,Hot chocolate,Sustainably Grown Organic Rg
2341.0,05/01/2023,11:46:21,1.0,5.0,Lower Manhattan,48.0,2.5,Tea,Brewed Black tea,English Breakfast Rg
2342.0,05/01/2023,11:47:27,1.0,3.0,Astoria,24.0,3.0,Coffee,Drip coffee,Our Old Time Diner Blend Lg
2343.0,05/01/2023,11:48:51,2.0,5.0,Lower Manhattan,58.0,3.5,Drinking Chocolate,Hot chocolate,Dark chocolate Rg
2344.0,05/01/2023,11:49:31,1.0,3.0,Astoria,27.0,3.5,Coffee,Organic brewed coffee,Brazilian Lg
2345.0,05/01/2023,11:51:26,2.0,5.0,Lower Manhattan,27.0,3.5,Coffee,Organic brewed coffee,Brazilian Lg
2346.0,05/01/2023,11:51:32,1.0,5.0,Lower Manhattan,87.0,3.0,Coffee,Barista Espresso,Ouro Brasileiro shot
2347.0,05/01/2023,11:51:47,1.0,5.0,Lower Manhattan,45.0,3.0,Tea,Brewed herbal tea,Peppermint Lg
2348.0,05/01/2023,11:51:47,1.0,5.0,Lower Manhattan,70.0,3.25,Bakery,Scone,Cranberry Scone
2349.0,05/01/2023,11:53:49,1.0,,Lower Manhattan,,,Coffee,Premium brewed coffee,Jamaican Coffee River Lg
2350.0,05/01/2023,11:53:49,1.0,5.0,Lower Manhattan,70.0,3.25,Bakery,Scone,Cranberry Scone
2351.0,05/01/2023,11:55:47,1.0,3.0,Astoria,58.0,3.5,Drinking Chocolate,Hot chocolate,Dark chocolate Rg
2352.0,05/01/2023,12:00:27,2.0,3.0,Astoria,45.0,3.0,Tea,Brewed herbal tea,Peppermint Lg
2353.0,05/01/2023,12:01:03,1.0,3.0,Astoria,45.0,3.0,Tea,Brewed herbal tea,Peppermint Lg
2354.0,05/01/2023,12:01:16,2.0,8.0,Hell's Kitchen,61.0,4.75,Drinking Chocolate,Hot chocolate,Sustainably Grown Organic Lg
2355.0,05/01/2023,12:04:18,2.0,3.0,Astoria,37.0,3.0,Coffee,Barista Espresso,Espresso shot
2356.0,05/01/2023,12:07:35,2.0,5.0,Lower Manhattan,35.0,3.1,Coffee,Premium brewed coffee,Jamaican Coffee River Rg
2357.0,05/01/2023,12:08:26,1.0,3.0,Astoria,52.0,2.5,Tea,Brewed Chai tea,Traditional Blend Chai Rg
2358.0,05/01/2023,12:09:11,1.0,3.0,Astoria,47.0,3.0,Tea,Brewed Green tea,Serenity Green Tea Lg
2359.0,05/01/2023,12:11:04,2.0,3.0,Astoria,50.0,2.5,Tea,Brewed Black tea,Earl Grey Rg
2360.0,05/01/2023,12:11:13,2.0,3.0,Astoria,48.0,2.5,Tea,Brewed Black tea,English Breakfast Rg
2361.0,05/01/2023,12:11:13,1.0,3.0,Astoria,75.0,3.5,Bakery,Pastry,Croissant
2362.0,05/01/2023,12:11:45,2.0,3.0,Astoria,46.0,2.5,Tea,Brewed Green tea,Serenity Green Tea Rg
2363.0,05/01/2023,12:11:47,2.0,3.0,Astoria,29.0,2.5,Coffee,Gourmet brewed coffee,Columbian Medium Roast Rg
2364.0,05/01/2023,12:13:35,1.0,3.0,Astoria,26.0,3.0,Coffee,Organic brewed coffee,Brazilian Rg
2365.0,05/01/2023,12:13:57,2.0,5.0,Lower Manhattan,30.0,3.0,Coffee,Gourmet brewed coffee,Columbian Medium Roast Lg
2366.0,05/01/2023,12:14:11,1.0,3.0,Astoria,60.0,3.75,Drinking Chocolate,Hot chocolate,Sustainably Grown Organic Rg
2367.0,05/01/2023,12:14:16,2.0,5.0,Lower Manhattan,56.0,2.55,Tea,Brewed Chai tea,Spicy Eye Opener Chai Rg
2368.0,05/01/2023,12:14:28,1.0,3.0,Astoria,57.0,3.1,Tea,Brewed Chai tea,Spicy Eye Opener Chai Lg
2369.0,05/01/2023,12:16:00,2.0,5.0,Lower Manhattan,43.0,3.0,Tea,Brewed herbal tea,Lemon Grass Lg
2370.0,05/01/2023,12:16:55,1.0,8.0,Hell's Kitchen,56.0,2.55,Tea,Brewed Chai tea,Spicy Eye Opener Chai Rg
2371.0,05/01/2023,12:18:01,2.0,,Lower Manhattan,,,Tea,Brewed Chai tea,Traditional Blend Chai Rg
2372.0,05/01/2023,12:18:39,2.0,5.0,Lower Manhattan,27.0,3.5,Coffee,Organic brewed coffee,Brazilian Lg
2373.0,05/01/2023,12:19:01,1.0,3.0,Astoria,57.0,3.1,Tea,Brewed Chai tea,Spicy Eye Opener Chai Lg
2374.0,05/01/2023,12:21:16,2.0,8.0,Hell's Kitchen,59.0,4.5,Drinking Chocolate,Hot chocolate,Dark chocolate Lg
2375.0,05/01/2023,12:21:21,1.0,5.0,Lower Manhattan,29.0,2.5,Coffee,Gourmet brewed coffee,Columbian Medium Roast Rg
2376.0,05/01/2023,12:22:51,1.0,5.0,Lower Manhattan,32.0,3.0,Coffee,Gourmet brewed coffee,Ethiopia Rg
2377.0,05/01/2023,12:24:25,2.0,8.0,Hell's Kitchen,32.0,3.0,Coffee,Gourmet brewed coffee,Ethiopia Rg
2378.0,05/01/2023,12:24:39,2.0,8.0,Hell's Kitchen,22.0,2.0,Coffee,Drip coffee,Our Old Time Diner Blend Sm
2379.0,05/01/2023,12:25:14,2.0,8.0,Hell's Kitchen,43.0,3.0,Tea,Brewed herbal tea,Lemon Grass Lg
2380.0,05/01/2023,12:25:31,2.0,3.0,Astoria,51.0,3.0,Tea,Brewed Black tea,Earl Grey Lg
2381.0,05/01/2023,12:26:29,1.0,5.0,Lower Manhattan,40.0,3.75,Coffee,Barista Espresso,Cappuccino
2382.0,05/01/2023,12:26:57,2.0,5.0,Lower Manhattan,25.0,2.2,Coffee,Organic brewed coffee,Brazilian Sm
2383.0,05/01/2023,12:28:08,2.0,8.0,Hell's Kitchen,55.0,4.0,Tea,Brewed Chai tea,Morning Sunrise Chai Lg
2384.0,05/01/2023,12:29:14,1.0,5.0,Lower Manhattan,59.0,4.5,Drinking Chocolate,Hot chocolate,Dark chocolate Lg
2385.0,05/01/2023,12:29:14,1.0,5.0,Lower Manhattan,79.0,3.75,Bakery,Scone,Jumbo Savory Scone
2386.0,05/01/2023,12:29:54,2.0,8.0,Hell's Kitchen,37.0,3.0,Coffee,Barista Espresso,Espresso shot
2387.0,05/01/2023,12:32:05,1.0,5.0,Lower Manhattan,50.0,2.5,Tea,Brewed Black tea,Earl Grey Rg
2388.0,05/01/2023,12:32:17,1.0,5.0,Lower Manhattan,59.0,4.5,Drinking Chocolate,Hot chocolate,Dark chocolate Lg
2389.0,05/01/2023,12:34:40,2.0,3.0,Astoria,59.0,4.5,Drinking Chocolate,Hot chocolate,Dark chocolate Lg
2390.0,05/01/2023,12:34:56,2.0,3.0,Astoria,50.0,2.5,Tea,Brewed Black tea,Earl Grey Rg
2391.0,05/01/2023,12:37:52,2.0,5.0,Lower Manhattan,45.0,3.0,Tea,Brewed herbal tea,Peppermint Lg
2392.0,05/01/2023,12:37:52,1.0,5.0,Lower Manhattan,78.0,4.5,Bakery,Scone,Scottish Cream Scone 
2393.0,05/01/2023,12:39:46,2.0,3.0,Astoria,,,Tea,Brewed herbal tea,Lemon Grass Lg
2394.0,05/01/2023,12:40:16,1.0,5.0,Lower Manhattan,35.0,3.1,Coffee,Premium brewed coffee,Jamaican Coffee River Rg
2395.0,05/01/2023,12:41:35,1.0,8.0,Hell's Kitchen,44.0,2.5,Tea,Brewed herbal tea,Peppermint Rg
2396.0,05/01/2023,12:41:36,2.0,3.0,Astoria,47.0,3.0,Tea,Brewed Green tea,Serenity Green Tea Lg
2397.0,05/01/2023,12:41:55,2.0,3.0,Astoria,25.0,2.2,Coffee,Organic brewed coffee,Brazilian Sm
2398.0,05/01/2023,12:42:06,1.0,3.0,Astoria,37.0,3.0,Coffee,Barista Espresso,Espresso shot
2399.0,05/01/2023,12:42:13,2.0,3.0,Astoria,26.0,3.0,Coffee,Organic brewed coffee,Brazilian Rg
2400.0,05/01/2023,12:42:34,2.0,3.0,Astoria,23.0,2.5,Coffee,Drip coffee,Our Old Time Diner Blend Rg
2401.0,05/01/2023,12:42:44,2.0,3.0,Astoria,36.0,3.75,Coffee,Premium brewed coffee,Jamaican Coffee River Lg
2402.0,05/01/2023,12:45:31,2.0,8.0,Hell's Kitchen,87.0,3.0,Coffee,Barista Espresso,Ouro Brasileiro shot
2403.0,05/01/2023,12:45:31,1.0,8.0,Hell's Kitchen,69.0,3.25,Bakery,Biscotti,Hazelnut Biscotti
2404.0,05/01/2023,12:45:56,1.0,3.0,Astoria,52.0,2.5,Tea,Brewed Chai tea,Traditional Blend Chai Rg
2405.0,05/01/2023,12:46:17,1.0,3.0,Astoria,22.0,2.0,Coffee,Drip coffee,Our Old Time Diner Blend Sm
2406.0,05/01/2023,12:48:53,2.0,5.0,Lower Manhattan,34.0,2.45,Coffee,Premium brewed coffee,Jamaican Coffee River Sm
2407.0,05/01/2023,12:49:21,2.0,3.0,Astoria,36.0,3.75,Coffee,Premium brewed coffee,Jamaican Coffee River Lg
2408.0,05/01/2023,12:50:41,1.0,8.0,Hell's Kitchen,28.0,2.0,Coffee,Gourmet brewed coffee,Columbian Medium Roast Sm
2409.0,05/01/2023,12:51:08,1.0,3.0,Astoria,32.0,3.0,Coffee,Gourmet brewed coffee,Ethiopia Rg
,05/01/2023,12:51:08,,3.0,Astoria,,3.0,Bakery,Scone,Oatmeal Scone
2411.0,05/01/2023,12:53:45,1.0,8.0,Hell's Kitchen,48.0,2.5,Tea,Brewed Black tea,English Breakfast Rg
2412.0,05/01/2023,12:55:54,2.0,3.0,Astoria,59.0,4.5,Drinking Chocolate,Hot chocolate,Dark chocolate Lg
2413.0,05/01/2023,12:56:37,,,Lower Manhattan,87.0,,Coffee,Barista Espresso,Ouro Brasileiro shot
2414.0,05/01/2023,12:56:48,1.0,3.0,Astoria,36.0,3.75,Coffee,Premium brewed coffee,Jamaican Coffee River Lg
2415.0,05/01/2023,13:00:31,2.0,8.0,Hell's Kitchen,46.0,2.5,Tea,Brewed Green tea,Serenity Green Tea Rg
2416.0,05/01/2023,13:04:02,2.0,5.0,Lower Manhattan,29.0,2.5,Coffee,Gourmet brewed coffee,Columbian Medium Roast Rg
2417.0,05/01/2023,13:05:23,2.0,8.0,Hell's Kitchen,51.0,3.0,Tea,Brewed Black tea,Earl Grey Lg
2418.0,05/01/2023,13:05:52,2.0,3.0,Astoria,31.0,2.2,Coffee,Gourmet brewed coffee,Ethiopia Sm
2419.0,05/01/2023,13:05:52,1.0,3.0,Astoria,69.0,3.25,Bakery,Biscotti,Hazelnut Biscotti
2420.0,05/01/2023,13:07:41,2.0,3.0,Astoria,23.0,2.5,Coffee,Drip coffee,Our Old Time Diner Blend Rg
2421.0,05/01/2023,13:08:10,1.0,8.0,Hell's Kitchen,41.0,4.25,Coffee,Barista Espresso,Cappuccino Lg
2422.0,05/01/2023,13:08:10,1.0,8.0,Hell's Kitchen,78.0,4.5,Bakery,Scone,Scottish Cream Scone 
2423.0,05/01/2023,13:08:46,2.0,5.0,Lower Manhattan,56.0,2.55,Tea,Brewed Chai tea,Spicy Eye Opener Chai Rg
2424.0,05/01/2023,13:11:00,1.0,5.0,Lower Manhattan,61.0,4.75,Drinking Chocolate,Hot chocolate,Sustainably Grown Organic Lg
2425.0,05/01/2023,13:11:35,1.0,8.0,Hell's Kitchen,61.0,4.75,Drinking Chocolate,Hot chocolate,Sustainably Grown Organic Lg
2426.0,05/01/2023,13:11:48,1.0,5.0,Lower Manhattan,37.0,3.0,Coffee,Barista Espresso,Espresso shot
2427.0,05/01/2023,13:11:48,1.0,5.0,Lower Manhattan,79.0,3.75,Bakery,Scone,Jumbo Savory Scone
2428.0,05/01/2023,13:13:55,2.0,3.0,Astoria,43.0,3.0,Tea,Brewed herbal tea,Lemon Grass Lg
2429.0,05/01/2023,13:13:55,1.0,3.0,Astoria,72.0,3.25,Bakery,Scone,Ginger Scone
2430.0,05/01/2023,13:14:12,1.0,5.0,Lower Manhattan,24.0,3.0,Coffee,Drip coffee,Our Old Time Diner Blend Lg
2431.0,05/01/2023,13:14:16,2.0,3.0,Astoria,44.0,2.5,Tea,Brewed herbal tea,Peppermint Rg
2432.0,05/01/2023,13:16:45,1.0,5.0,Lower Manhattan,23.0,2.5,Coffee,Drip coffee,Our Old Time Diner Blend Rg
2433.0,05/01/2023,13:17:14,2.0,5.0,Lower Manhattan,56.0,2.55,Tea,Brewed Chai tea,Spicy Eye Opener Chai Rg
2434.0,05/01/2023,13:17:25,1.0,5.0,Lower Manhattan,25.0,2.2,Coffee,Organic brewed coffee,Brazilian Sm
2435.0,05/01/2023,13:17:45,1.0,3.0,Astoria,53.0,3.0,Tea,Brewed Chai tea,Traditional Blend Chai Lg
2436.0,05/01/2023,13:17:45,1.0,3.0,Astoria,75.0,3.5,Bakery,Pastry,Croissant
2437.0,05/01/2023,13:21:04,2.0,3.0,Astoria,58.0,3.5,Drinking Chocolate,Hot chocolate,Dark chocolate Rg
2438.0,05/01/2023,13:22:07,1.0,3.0,Astoria,43.0,3.0,Tea,Brewed herbal tea,Lemon Grass Lg
2439.0,05/01/2023,13:22:07,1.0,3.0,Astoria,70.0,3.25,Bakery,Scone,Cranberry Scone
2440.0,05/01/2023,13:22:57,2.0,3.0,Astoria,25.0,2.2,Coffee,Organic brewed coffee,Brazilian Sm
2441.0,05/01/2023,13:23:24,1.0,3.0,Astoria,32.0,3.0,Coffee,Gourmet brewed coffee,Ethiopia Rg
2442.0,05/01/2023,13:24:46,2.0,5.0,Lower Manhattan,47.0,3.0,Tea,Brewed Green tea,Serenity Green Tea Lg
2443.0,05/01/2023,13:29:49,2.0,3.0,Astoria,49.0,3.0,Tea,Brewed Black tea,English Breakfast Lg
2444.0,05/01/2023,13:31:14,2.0,3.0,Astoria,34.0,2.45,Coffee,Premium brewed coffee,Jamaican Coffee River Sm
2445.0,05/01/2023,13:31:28,2.0,3.0,Astoria,49.0,3.0,Tea,Brewed Black tea,English Breakfast Lg
2446.0,05/01/2023,13:32:49,2.0,5.0,Lower Manhattan,54.0,2.5,Tea,Brewed Chai tea,Morning Sunrise Chai Rg
2447.0,05/01/2023,13:33:07,1.0,5.0,Lower Manhattan,23.0,2.5,Coffee,Drip coffee,Our Old Time Diner Blend Rg
2448.0,05/01/2023,13:34:37,2.0,3.0,Astoria,51.0,3.0,Tea,Brewed Black tea,Earl Grey Lg
2449.0,05/01/2023,13:39:15,1.0,3.0,Astoria,38.0,3.75,Coffee,Barista Espresso,Latte
2450.0,05/01/2023,13:39:31,2.0,3.0,Astoria,22.0,2.0,Coffee,Drip coffee,Our Old Time Diner Blend Sm
2451.0,05/01/2023,13:41:46,2.0,3.0,Astoria,61.0,4.75,Drinking Chocolate,Hot chocolate,Sustainably Grown Organic Lg
2452.0,05/01/2023,13:46:46,1.0,3.0,Astoria,23.0,2.5,Coffee,Drip coffee,Our Old Time Diner Blend Rg
2453.0,05/01/2023,13:47:15,2.0,3.0,Astoria,54.0,2.5,Tea,Brewed Chai tea,Morning Sunrise Chai Rg
2454.0,05/01/2023,13:47:21,1.0,8.0,Hell's Kitchen,47.0,3.0,Tea,Brewed Green tea,Serenity Green Tea Lg
2455.0,05/01/2023,13:49:25,1.0,3.0,Astoria,48.0,2.5,Tea,Brewed Black tea,English Breakfast Rg
2456.0,05/01/2023,13:49:25,1.0,3.0,Astoria,70.0,3.25,Bakery,Scone,Cranberry Scone
2457.0,05/01/2023,13:50:56,2.0,3.0,Astoria,37.0,3.0,Coffee,Barista Espresso,Espresso shot
2458.0,05/01/2023,13:51:49,2.0,3.0,Astoria,46.0,2.5,Tea,Brewed Green tea,Serenity Green Tea Rg
2459.0,05/01/2023,13:51:56,2.0,3.0,Astoria,28.0,2.0,Coffee,Gourmet brewed coffee,Columbian Medium Roast Sm
2460.0,05/01/2023,13:52:40,1.0,3.0,Astoria,38.0,3.75,Coffee,Barista Espresso,Latte
2461.0,05/01/2023,13:52:40,1.0,3.0,Astoria,72.0,3.25,Bakery,Scone,Ginger Scone
2462.0,05/01/2023,13:53:35,2.0,5.0,Lower Manhattan,35.0,3.1,Coffee,Premium brewed coffee,Jamaican Coffee River Rg
2463.0,05/01/2023,13:53:35,1.0,5.0,Lower Manhattan,71.0,3.75,Bakery,Pastry,Chocolate Croissant
2464.0,05/01/2023,13:56:12,1.0,5.0,Lower Manhattan,41.0,4.25,Coffee,Barista Espresso,Cappuccino Lg
2465.0,05/01/2023,13:56:33,1.0,8.0,Hell's Kitchen,40.0,3.75,Coffee,Barista Espresso,Cappuccino
2466.0,05/01/2023,13:58:24,1.0,8.0,Hell's Kitchen,28.0,2.0,Coffee,Gourmet brewed coffee,Columbian Medium Roast Sm
2467.0,05/01/2023,13:58:31,1.0,3.0,Astoria,29.0,2.5,Coffee,Gourmet brewed coffee,Columbian Medium Roast Rg
2468.0,05/01/2023,13:58:31,1.0,3.0,Astoria,72.0,3.25,Bakery,Scone,Ginger Scone
2469.0,05/01/2023,13:59:54,2.0,3.0,Astoria,29.0,2.5,Coffee,Gourmet brewed coffee,Columbian Medium Roast Rg
2470.0,05/01/2023,14:01:14,1.0,3.0,Astoria,61.0,4.75,Drinking Chocolate,Hot chocolate,Sustainably Grown Organic Lg
2471.0,05/01/2023,14:01:39,1.0,8.0,Hell's Kitchen,44.0,2.5,Tea,Brewed herbal tea,Peppermint Rg
2472.0,05/01/2023,14:02:02,1.0,8.0,Hell's Kitchen,53.0,3.0,Tea,Brewed Chai tea,Traditional Blend Chai Lg
2473.0,05/01/2023,14:07:48,2.0,5.0,Lower Manhattan,47.0,3.0,Tea,Brewed Green tea,Serenity Green Tea Lg
2474.0,05/01/2023,14:09:43,1.0,8.0,Hell's Kitchen,40.0,3.75,Coffee,Barista Espresso,Cappuccino
2475.0,05/01/2023,14:12:17,1.0,8.0,Hell's Kitchen,56.0,2.55,Tea,Brewed Chai tea,Spicy Eye Opener Chai Rg
2476.0,05/01/2023,14:12:36,2.0,8.0,Hell's Kitchen,34.0,2.45,Coffee,Premium brewed coffee,Jamaican Coffee River Sm
2477.0,05/01/2023,14:13:41,2.0,5.0,Lower Manhattan,39.0,4.25,Coffee,Barista Espresso,Latte Rg
2478.0,05/01/2023,14:13:41,1.0,5.0,Lower Manhattan,75.0,3.5,Bakery,Pastry,Croissant
2479.0,05/01/2023,14:14:57,2.0,3.0,Astoria,60.0,3.75,Drinking Chocolate,Hot chocolate,Sustainably Grown Organic Rg
2480.0,05/01/2023,14:14:57,1.0,3.0,Astoria,75.0,3.5,Bakery,Pastry,Croissant
2481.0,05/01/2023,14:15:54,2.0,5.0,Lower Manhattan,49.0,3.0,Tea,Brewed Black tea,English Breakfast Lg
2482.0,05/01/2023,14:19:19,1.0,8.0,Hell's Kitchen,28.0,2.0,Coffee,Gourmet brewed coffee,Columbian Medium Roast Sm
2483.0,05/01/2023,14:19:35,1.0,8.0,Hell's Kitchen,39.0,4.25,Coffee,Barista Espresso,Latte Rg
2484.0,05/01/2023,14:19:55,2.0,5.0,Lower Manhattan,50.0,2.5,Tea,Brewed Black tea,Earl Grey Rg
2485.0,05/01/2023,14:19:55,1.0,5.0,Lower Manhattan,72.0,3.25,Bakery,Scone,Ginger Scone
2486.0,05/01/2023,14:20:30,2.0,5.0,Lower Manhattan,57.0,3.1,Tea,Brewed Chai tea,Spicy Eye Opener Chai Lg
2487.0,05/01/2023,14:21:24,1.0,8.0,Hell's Kitchen,33.0,3.5,Coffee,Gourmet brewed coffee,Ethiopia Lg
2488.0,05/01/2023,14:24:57,2.0,5.0,Lower Manhattan,47.0,3.0,Tea,Brewed Green tea,Serenity Green Tea Lg
2489.0,05/01/2023,14:26:50,2.0,3.0,Astoria,60.0,3.75,Drinking Chocolate,Hot chocolate,Sustainably Grown Organic Rg
2490.0,05/01/2023,14:29:23,1.0,3.0,Astoria,28.0,2.0,Coffee,Gourmet brewed coffee,Columbian Medium Roast Sm
2491.0,05/01/2023,14:31:58,1.0,8.0,Hell's Kitchen,58.0,3.5,Drinking Chocolate,Hot chocolate,Dark chocolate Rg
2492.0,05/01/2023,14:32:07,2.0,3.0,Astoria,52.0,2.5,Tea,Brewed Chai tea,Traditional Blend Chai Rg
2493.0,05/01/2023,14:34:03,1.0,3.0,Astoria,23.0,2.5,Coffee,Drip coffee,Our Old Time Diner Blend Rg
2494.0,05/01/2023,14:34:03,1.0,3.0,Astoria,78.0,4.5,Bakery,Scone,Scottish Cream Scone 
2495.0,05/01/2023,14:34:57,1.0,5.0,Lower Manhattan,54.0,2.5,Tea,Brewed Chai tea,Morning Sunrise Chai Rg
2496.0,05/01/2023,14:35:07,2.0,3.0,Astoria,61.0,4.75,Drinking Chocolate,Hot chocolate,Sustainably Grown Organic Lg
2497.0,05/01/2023,14:37:08,1.0,8.0,Hell's Kitchen,49.0,3.0,Tea,Brewed Black tea,English Breakfast Lg
2498.0,05/01/2023,14:37:08,1.0,8.0,Hell's Kitchen,70.0,3.25,Bakery,Scone,Cranberry Scone
2499.0,05/01/2023,14:40:06,2.0,5.0,Lower Manhattan,52.0,2.5,Tea,Brewed Chai tea,Traditional Blend Chai Rg
2500.0,05/01/2023,14:40:13,2.0,3.0,Astoria,43.0,3.0,Tea,Brewed herbal tea,Lemon Grass Lg
2501.0,05/01/2023,14:41:14,1.0,8.0,Hell's Kitchen,48.0,2.5,Tea,Brewed Black tea,English Breakfast Rg
2502.0,05/01/2023,14:41:14,1.0,8.0,Hell's Kitchen,76.0,3.5,Bakery,Biscotti,Chocolate Chip Biscotti
2503.0,05/01/2023,14:42:50,1.0,8.0,Hell's Kitchen,59.0,4.5,Drinking Chocolate,Hot chocolate,Dark chocolate Lg
2504.0,05/01/2023,14:44:12,1.0,3.0,Astoria,32.0,3.0,Coffee,Gourmet brewed coffee,Ethiopia Rg
2505.0,05/01/2023,14:44:36,1.0,5.0,Lower Manhattan,34.0,2.45,Coffee,Premium brewed coffee,Jamaican Coffee River Sm
2506.0,05/01/2023,14:44:41,1.0,5.0,Lower Manhattan,23.0,2.5,Coffee,Drip coffee,Our Old Time Diner Blend Rg
2507.0,05/01/2023,14:45:40,2.0,3.0,Astoria,59.0,4.5,Drinking Chocolate,Hot chocolate,Dark chocolate Lg
2508.0,05/01/2023,14:46:51,1.0,8.0,Hell's Kitchen,26.0,3.0,Coffee,Organic brewed coffee,Brazilian Rg
2509.0,05/01/2023,14:47:00,1.0,5.0,Lower Manhattan,22.0,2.0,Coffee,Drip coffee,Our Old Time Diner Blend Sm
2510.0,05/01/2023,14:48:12,2.0,8.0,Hell's Kitchen,87.0,3.0,Coffee,Barista Espresso,Ouro Brasileiro shot
2511.0,05/01/2023,14:48:35,1.0,5.0,Lower Manhattan,87.0,3.0,Coffee,Barista Espresso,Ouro Brasileiro shot
2512.0,05/01/2023,14:49:25,2.0,5.0,Lower Manhattan,43.0,3.0,Tea,Brewed herbal tea,Lemon Grass Lg
2513.0,05/01/2023,14:49:53,1.0,3.0,Astoria,34.0,2.45,Coffee,Premium brewed coffee,Jamaican Coffee River Sm
,05/01/2023,14:49:53,,3.0,Astoria,75.0,3.5,Bakery,Pastry,Croissant
2515.0,05/01/2023,14:50:37,2.0,8.0,Hell's Kitchen,33.0,3.5,Coffee,Gourmet brewed coffee,Ethiopia Lg
2516.0,05/01/2023,14:51:32,2.0,8.0,Hell's Kitchen,50.0,2.5,Tea,Brewed Black tea,Earl Grey Rg
2517.0,05/01/2023,14:58:13,1.0,8.0,Hell's Kitchen,41.0,4.25,Coffee,Barista Espresso,Cappuccino Lg
2518.0,05/01/2023,14:58:40,2.0,5.0,Lower Manhattan,40.0,3.75,Coffee,Barista Espresso,Cappuccino
2519.0,05/01/2023,15:01:11,1.0,5.0,Lower Manhattan,28.0,2.0,Coffee,Gourmet brewed coffee,Columbian Medium Roast Sm
,05/01/2023,15:01:55,2.0,,Lower Manhattan,40.0,3.75,Coffee,Barista Espresso,Cappuccino
2521.0,05/01/2023,15:02:00,2.0,3.0,Astoria,58.0,3.5,Drinking Chocolate,Hot chocolate,Dark chocolate Rg
2522.0,05/01/2023,15:05:44,1.0,5.0,Lower Manhattan,39.0,4.25,Coffee,Barista Espresso,Latte Rg
2523.0,05/01/2023,15:05:44,1.0,5.0,Lower Manhattan,78.0,4.5,Bakery,Scone,Scottish Cream Scone 
2524.0,05/01/2023,15:07:20,2.0,8.0,Hell's Kitchen,34.0,2.45,Coffee,Premium brewed coffee,Jamaican Coffee River Sm
2525.0,05/01/2023,15:10:55,2.0,3.0,Astoria,35.0,3.1,Coffee,Premium brewed coffee,Jamaican Coffee River Rg
2526.0,05/01/2023,15:10:59,2.0,8.0,Hell's Kitchen,44.0,2.5,Tea,Brewed herbal tea,Peppermint Rg
2527.0,05/01/2023,15:11:33,1.0,8.0,Hell's Kitchen,51.0,3.0,Tea,Brewed Black tea,Earl Grey Lg
,05/01/2023,15:16:38,1.0,,Lower Manhattan,57.0,3.1,Tea,Brewed Chai tea,Spicy Eye Opener Chai Lg
2529.0,05/01/2023,15:18:48,2.0,5.0,Lower Manhattan,49.0,3.0,Tea,Brewed Black tea,English Breakfast Lg
2530.0,05/01/2023,15:18:48,1.0,5.0,Lower Manhattan,79.0,3.75,Bakery,Scone,Jumbo Savory Scone
2531.0,05/01/2023,15:19:12,2.0,3.0,Astoria,41.0,4.25,Coffee,Barista Espresso,Cappuccino Lg
2532.0,05/01/2023,15:20:40,1.0,5.0,Lower Manhattan,30.0,3.0,Coffee,Gourmet brewed coffee,Columbian Medium Roast Lg
2533.0,05/01/2023,15:21:25,2.0,3.0,Astoria,45.0,3.0,Tea,Brewed herbal tea,Peppermint Lg
2534.0,05/01/2023,15:21:38,1.0,3.0,Astoria,60.0,3.75,Drinking Chocolate,Hot chocolate,Sustainably Grown Organic Rg
2535.0,05/01/2023,15:21:39,2.0,5.0,Lower Manhattan,47.0,3.0,Tea,Brewed Green tea,Serenity Green Tea Lg
2536.0,05/01/2023,15:21:39,1.0,5.0,Lower Manhattan,74.0,3.5,Bakery,Biscotti,Ginger Biscotti
2537.0,05/01/2023,15:21:59,1.0,8.0,Hell's Kitchen,61.0,4.75,Drinking Chocolate,Hot chocolate,Sustainably Grown Organic Lg
2538.0,05/01/2023,15:28:40,2.0,5.0,Lower Manhattan,29.0,2.5,Coffee,Gourmet brewed coffee,Columbian Medium Roast Rg
2539.0,05/01/2023,15:28:54,2.0,3.0,Astoria,60.0,3.75,Drinking Chocolate,Hot chocolate,Sustainably Grown Organic Rg
2540.0,05/01/2023,15:30:31,1.0,5.0,Lower Manhattan,49.0,3.0,Tea,Brewed Black tea,English Breakfast Lg
2541.0,05/01/2023,15:30:50,1.0,3.0,Astoria,37.0,3.0,Coffee,Barista Espresso,Espresso shot
2542.0,05/01/2023,15:30:50,,3.0,Astoria,,3.0,Bakery,Scone,Oatmeal Scone
2543.0,05/01/2023,15:32:59,1.0,8.0,Hell's Kitchen,47.0,3.0,Tea,Brewed Green tea,Serenity Green Tea Lg
2544.0,05/01/2023,15:32:59,1.0,8.0,Hell's Kitchen,70.0,3.25,Bakery,Scone,Cranberry Scone
2545.0,05/01/2023,15:33:03,2.0,3.0,Astoria,23.0,2.5,Coffee,Drip coffee,Our Old Time Diner Blend Rg
2546.0,05/01/2023,15:33:56,1.0,8.0,Hell's Kitchen,31.0,2.2,Coffee,Gourmet brewed coffee,Ethiopia Sm
2547.0,05/01/2023,15:36:26,2.0,8.0,Hell's Kitchen,49.0,3.0,Tea,Brewed Black tea,English Breakfast Lg
2548.0,05/01/2023,15:37:48,1.0,3.0,Astoria,57.0,3.1,Tea,Brewed Chai tea,Spicy Eye Opener Chai Lg
2549.0,05/01/2023,15:37:48,1.0,3.0,Astoria,77.0,3.0,Bakery,Scone,Oatmeal Scone
,05/01/2023,15:38:14,2.0,,Hell's Kitchen,54.0,2.5,Tea,Brewed Chai tea,Morning Sunrise Chai Rg
2551.0,05/01/2023,15:38:23,,8.0,Hell's Kitchen,46.0,,Tea,Brewed Green tea,Serenity Green Tea Rg
2552.0,05/01/2023,15:43:42,2.0,3.0,Astoria,35.0,3.1,Coffee,Premium brewed coffee,Jamaican Coffee River Rg
2553.0,05/01/2023,15:45:52,2.0,5.0,Lower Manhattan,52.0,2.5,Tea,Brewed Chai tea,Traditional Blend Chai Rg
2554.0,05/01/2023,15:45:58,1.0,3.0,Astoria,60.0,3.75,Drinking Chocolate,Hot chocolate,Sustainably Grown Organic Rg
2555.0,05/01/2023,15:46:09,2.0,3.0,Astoria,45.0,3.0,Tea,Brewed herbal tea,Peppermint Lg
2556.0,05/01/2023,15:46:09,,3.0,Astoria,,3.75,Bakery,Scone,Jumbo Savory Scone
,05/01/2023,15:46:45,2.0,5.0,Lower Manhattan,,,Coffee,Barista Espresso,Latte
2558.0,05/01/2023,15:46:45,1.0,5.0,Lower Manhattan,75.0,3.5,Bakery,Pastry,Croissant
2559.0,05/01/2023,15:46:48,2.0,8.0,Hell's Kitchen,56.0,2.55,Tea,Brewed Chai tea,Spicy Eye Opener Chai Rg
,05/01/2023,15:48:02,2.0,5.0,Lower Manhattan,,3.0,Coffee,Gourmet brewed coffee,Columbian Medium Roast Lg
2561.0,05/01/2023,15:48:19,1.0,3.0,Astoria,57.0,3.1,Tea,Brewed Chai tea,Spicy Eye Opener Chai Lg
2562.0,05/01/2023,15:48:33,1.0,3.0,Astoria,39.0,4.25,Coffee,Barista Espresso,Latte Rg
2563.0,05/01/2023,15:49:30,,,Astoria,38.0,,Coffee,Barista Espresso,Latte
2564.0,05/01/2023,15:50:17,1.0,3.0,Astoria,38.0,3.75,Coffee,Barista Espresso,Latte
2565.0,05/01/2023,15:51:59,2.0,3.0,Astoria,27.0,3.5,Coffee,Organic brewed coffee,Brazilian Lg
2566.0,05/01/2023,15:52:46,1.0,5.0,Lower Manhattan,54.0,2.5,Tea,Brewed Chai tea,Morning Sunrise Chai Rg
2567.0,05/01/2023,15:52:59,1.0,3.0,Astoria,47.0,3.0,Tea,Brewed Green tea,Serenity Green Tea Lg
2568.0,05/01/2023,15:52:59,1.0,3.0,Astoria,79.0,3.75,Bakery,Scone,Jumbo Savory Scone
2569.0,05/01/2023,15:53:52,1.0,5.0,Lower Manhattan,24.0,3.0,Coffee,Drip coffee,Our Old Time Diner Blend Lg
2570.0,05/01/2023,15:54:25,2.0,3.0,Astoria,58.0,3.5,Drinking Chocolate,Hot chocolate,Dark chocolate Rg
2571.0,05/01/2023,15:54:55,2.0,3.0,Astoria,51.0,3.0,Tea,Brewed Black tea,Earl Grey Lg
2572.0,05/01/2023,15:56:34,2.0,5.0,Lower Manhattan,41.0,4.25,Coffee,Barista Espresso,Cappuccino Lg
2573.0,05/01/2023,15:57:13,1.0,5.0,Lower Manhattan,34.0,2.45,Coffee,Premium brewed coffee,Jamaican Coffee River Sm
2574.0,05/01/2023,15:57:19,2.0,8.0,Hell's Kitchen,32.0,3.0,Coffee,Gourmet brewed coffee,Ethiopia Rg
2575.0,05/01/2023,15:59:18,1.0,3.0,Astoria,26.0,3.0,Coffee,Organic brewed coffee,Brazilian Rg
2576.0,05/01/2023,15:59:23,2.0,8.0,Hell's Kitchen,35.0,3.1,Coffee,Premium brewed coffee,Jamaican Coffee River Rg
2577.0,05/01/2023,16:00:28,2.0,3.0,Astoria,43.0,3.0,Tea,Brewed herbal tea,Lemon Grass Lg
2578.0,05/01/2023,16:01:27,1.0,3.0,Astoria,42.0,2.5,Tea,Brewed herbal tea,Lemon Grass Rg
2579.0,05/01/2023,16:03:31,1.0,8.0,Hell's Kitchen,22.0,2.0,Coffee,Drip coffee,Our Old Time Diner Blend Sm
2580.0,05/01/2023,16:04:56,2.0,,Hell's Kitchen,60.0,,Drinking Chocolate,Hot chocolate,Sustainably Grown Organic Rg
2581.0,05/01/2023,16:04:56,1.0,8.0,Hell's Kitchen,71.0,3.75,Bakery,Pastry,Chocolate Croissant
2582.0,05/01/2023,16:06:31,1.0,8.0,Hell's Kitchen,24.0,3.0,Coffee,Drip coffee,Our Old Time Diner Blend Lg
2583.0,05/01/2023,16:07:38,2.0,8.0,Hell's Kitchen,42.0,2.5,Tea,Brewed herbal tea,Lemon Grass Rg
2584.0,05/01/2023,16:07:39,1.0,3.0,Astoria,46.0,2.5,Tea,Brewed Green tea,Serenity Green Tea Rg
2585.0,05/01/2023,16:08:39,2.0,3.0,Astoria,44.0,2.5,Tea,Brewed herbal tea,Peppermint Rg
2586.0,05/01/2023,16:08:42,1.0,8.0,Hell's Kitchen,31.0,2.2,Coffee,Gourmet brewed coffee,Ethiopia Sm
2587.0,05/01/2023,16:10:17,2.0,5.0,Lower Manhattan,35.0,3.1,Coffee,Premium brewed coffee,Jamaican Coffee River Rg
2588.0,05/01/2023,16:11:14,1.0,8.0,Hell's Kitchen,54.0,2.5,Tea,Brewed Chai tea,Morning Sunrise Chai Rg
2589.0,05/01/2023,16:12:51,2.0,3.0,Astoria,37.0,3.0,Coffee,Barista Espresso,Espresso shot
2590.0,05/01/2023,16:13:13,2.0,8.0,Hell's Kitchen,28.0,2.0,Coffee,Gourmet brewed coffee,Columbian Medium Roast Sm
2591.0,05/01/2023,16:15:05,1.0,5.0,Lower Manhattan,32.0,3.0,Coffee,Gourmet brewed coffee,Ethiopia Rg
2592.0,05/01/2023,16:21:57,1.0,3.0,Astoria,52.0,2.5,Tea,Brewed Chai tea,Traditional Blend Chai Rg
2593.0,05/01/2023,16:24:36,1.0,3.0,Astoria,35.0,3.1,Coffee,Premium brewed coffee,Jamaican Coffee River Rg
2594.0,05/01/2023,16:26:25,2.0,3.0,Astoria,60.0,3.75,Drinking Chocolate,Hot chocolate,Sustainably Grown Organic Rg
2595.0,05/01/2023,16:28:47,1.0,3.0,Astoria,50.0,2.5,Tea,Brewed Black tea,Earl Grey Rg
2596.0,05/01/2023,16:30:13,1.0,8.0,Hell's Kitchen,56.0,2.55,Tea,Brewed Chai tea,Spicy Eye Opener Chai Rg
2597.0,05/01/2023,16:31:30,1.0,3.0,Astoria,59.0,4.5,Drinking Chocolate,Hot chocolate,Dark chocolate Lg
2598.0,05/01/2023,16:31:46,1.0,5.0,Lower Manhattan,23.0,2.5,Coffee,Drip coffee,Our Old Time Diner Blend Rg
2599.0,05/01/2023,16:32:17,1.0,3.0,Astoria,57.0,3.1,Tea,Brewed Chai tea,Spicy Eye Opener Chai Lg
2600.0,05/01/2023,16:32:28,1.0,3.0,Astoria,47.0,3.0,Tea,Brewed Green tea,Serenity Green Tea Lg
2601.0,05/01/2023,16:32:40,2.0,5.0,Lower Manhattan,60.0,3.75,Drinking Chocolate,Hot chocolate,Sustainably Grown Organic Rg
2602.0,05/01/2023,16:32:55,1.0,8.0,Hell's Kitchen,28.0,2.0,Coffee,Gourmet brewed coffee,Columbian Medium Roast Sm
2603.0,05/01/2023,16:34:15,2.0,3.0,Astoria,49.0,3.0,Tea,Brewed Black tea,English Breakfast Lg
2604.0,05/01/2023,16:35:45,2.0,8.0,Hell's Kitchen,39.0,4.25,Coffee,Barista Espresso,Latte Rg
2605.0,05/01/2023,16:36:49,2.0,5.0,Lower Manhattan,43.0,3.0,Tea,Brewed herbal tea,Lemon Grass Lg
2606.0,05/01/2023,16:37:38,2.0,3.0,Astoria,50.0,2.5,Tea,Brewed Black tea,Earl Grey Rg
2607.0,05/01/2023,16:38:18,1.0,3.0,Astoria,52.0,2.5,Tea,Brewed Chai tea,Traditional Blend Chai Rg
2608.0,05/01/2023,16:38:39,2.0,5.0,Lower Manhattan,42.0,2.5,Tea,Brewed herbal tea,Lemon Grass Rg
2609.0,05/01/2023,16:40:03,1.0,5.0,Lower Manhattan,46.0,2.5,Tea,Brewed Green tea,Serenity Green Tea Rg
2610.0,05/01/2023,16:41:09,2.0,8.0,Hell's Kitchen,48.0,2.5,Tea,Brewed Black tea,English Breakfast Rg
2611.0,05/01/2023,16:42:49,1.0,3.0,Astoria,35.0,3.1,Coffee,Premium brewed coffee,Jamaican Coffee River Rg
2612.0,05/01/2023,16:43:36,1.0,8.0,Hell's Kitchen,40.0,3.75,Coffee,Barista Espresso,Cappuccino
2613.0,05/01/2023,16:45:22,1.0,8.0,Hell's Kitchen,42.0,2.5,Tea,Brewed herbal tea,Lemon Grass Rg
2614.0,05/01/2023,16:45:22,1.0,8.0,Hell's Kitchen,72.0,3.25,Bakery,Scone,Ginger Scone
2615.0,05/01/2023,16:45:43,1.0,3.0,Astoria,39.0,4.25,Coffee,Barista Espresso,Latte Rg
2616.0,05/01/2023,16:46:12,1.0,8.0,Hell's Kitchen,50.0,2.5,Tea,Brewed Black tea,Earl Grey Rg
2617.0,05/01/2023,16:48:38,1.0,5.0,Lower Manhattan,27.0,3.5,Coffee,Organic brewed coffee,Brazilian Lg
2618.0,05/01/2023,16:49:38,1.0,3.0,Astoria,42.0,2.5,Tea,Brewed herbal tea,Lemon Grass Rg
2619.0,05/01/2023,16:50:59,1.0,8.0,Hell's Kitchen,51.0,3.0,Tea,Brewed Black tea,Earl Grey Lg
2620.0,05/01/2023,16:52:28,1.0,3.0,Astoria,47.0,3.0,Tea,Brewed Green tea,Serenity Green Tea Lg
2621.0,05/01/2023,16:52:40,1.0,3.0,Astoria,45.0,3.0,Tea,Brewed herbal tea,Peppermint Lg
2622.0,05/01/2023,16:53:57,1.0,5.0,Lower Manhattan,46.0,2.5,Tea,Brewed Green tea,Serenity Green Tea Rg
2623.0,05/01/2023,16:55:26,2.0,8.0,Hell's Kitchen,45.0,3.0,Tea,Brewed herbal tea,Peppermint Lg
2624.0,05/01/2023,16:55:26,1.0,8.0,Hell's Kitchen,78.0,4.5,Bakery,Scone,Scottish Cream Scone 
2625.0,05/01/2023,16:55:47,1.0,3.0,Astoria,30.0,3.0,Coffee,Gourmet brewed coffee,Columbian Medium Roast Lg
2626.0,05/01/2023,16:57:09,2.0,5.0,Lower Manhattan,49.0,3.0,Tea,Brewed Black tea,English Breakfast Lg
2627.0,05/01/2023,16:57:49,2.0,8.0,Hell's Kitchen,45.0,3.0,Tea,Brewed herbal tea,Peppermint Lg
2628.0,05/01/2023,16:57:58,2.0,5.0,Lower Manhattan,36.0,3.75,Coffee,Premium brewed coffee,Jamaican Coffee River Lg
2629.0,05/01/2023,16:58:27,2.0,3.0,Astoria,60.0,3.75,Drinking Chocolate,Hot chocolate,Sustainably Grown Organic Rg
2630.0,05/01/2023,17:03:46,1.0,5.0,Lower Manhattan,48.0,2.5,Tea,Brewed Black tea,English Breakfast Rg
2631.0,05/01/2023,17:07:01,1.0,8.0,Hell's Kitchen,22.0,2.0,Coffee,Drip coffee,Our Old Time Diner Blend Sm
2632.0,05/01/2023,17:07:21,1.0,8.0,Hell's Kitchen,46.0,2.5,Tea,Brewed Green tea,Serenity Green Tea Rg
2633.0,05/01/2023,17:14:01,2.0,3.0,Astoria,51.0,3.0,Tea,Brewed Black tea,Earl Grey Lg
2634.0,05/01/2023,17:14:01,1.0,3.0,Astoria,78.0,4.5,Bakery,Scone,Scottish Cream Scone 
2635.0,05/01/2023,17:15:28,1.0,8.0,Hell's Kitchen,28.0,2.0,Coffee,Gourmet brewed coffee,Columbian Medium Roast Sm
2636.0,05/01/2023,17:15:40,1.0,8.0,Hell's Kitchen,48.0,2.5,Tea,Brewed Black tea,English Breakfast Rg
2637.0,05/01/2023,17:16:29,1.0,8.0,Hell's Kitchen,35.0,3.1,Coffee,Premium brewed coffee,Jamaican Coffee River Rg
2638.0,05/01/2023,17:17:06,2.0,8.0,Hell's Kitchen,51.0,3.0,Tea,Brewed Black tea,Earl Grey Lg
,05/01/2023,17:19:00,,8.0,Hell's Kitchen,40.0,3.75,Coffee,Barista Espresso,Cappuccino
2640.0,05/01/2023,17:19:00,1.0,8.0,Hell's Kitchen,70.0,3.25,Bakery,Scone,Cranberry Scone
2641.0,05/01/2023,17:19:42,1.0,5.0,Lower Manhattan,47.0,3.0,Tea,Brewed Green tea,Serenity Green Tea Lg
2642.0,05/01/2023,17:19:43,2.0,5.0,Lower Manhattan,31.0,2.2,Coffee,Gourmet brewed coffee,Ethiopia Sm
2643.0,05/01/2023,17:20:04,2.0,5.0,Lower Manhattan,31.0,2.2,Coffee,Gourmet brewed coffee,Ethiopia Sm
2644.0,05/01/2023,17:25:34,2.0,3.0,Astoria,29.0,2.5,Coffee,Gourmet brewed coffee,Columbian Medium Roast Rg
2645.0,05/01/2023,17:25:34,1.0,3.0,Astoria,71.0,3.75,Bakery,Pastry,Chocolate Croissant
2646.0,05/01/2023,17:26:24,2.0,3.0,Astoria,22.0,2.0,Coffee,Drip coffee,Our Old Time Diner Blend Sm
2647.0,05/01/2023,17:27:40,,3.0,Astoria,,2.55,Tea,Brewed Chai tea,Spicy Eye Opener Chai Rg
2648.0,05/01/2023,17:27:40,1.0,3.0,Astoria,70.0,3.25,Bakery,Scone,Cranberry Scone
2649.0,05/01/2023,17:28:08,1.0,8.0,Hell's Kitchen,48.0,2.5,Tea,Brewed Black tea,English Breakfast Rg
2650.0,05/01/2023,17:28:18,2.0,5.0,Lower Manhattan,56.0,2.55,Tea,Brewed Chai tea,Spicy Eye Opener Chai Rg
2651.0,05/01/2023,17:28:31,2.0,3.0,Astoria,37.0,3.0,Coffee,Barista Espresso,Espresso shot
2652.0,05/01/2023,17:29:15,1.0,3.0,Astoria,59.0,4.5,Drinking Chocolate,Hot chocolate,Dark chocolate Lg
2653.0,05/01/2023,17:29:52,1.0,3.0,Astoria,42.0,2.5,Tea,Brewed herbal tea,Lemon Grass Rg
2654.0,05/01/2023,17:31:28,1.0,8.0,Hell's Kitchen,44.0,2.5,Tea,Brewed herbal tea,Peppermint Rg
2655.0,05/01/2023,17:35:34,2.0,3.0,Astoria,39.0,4.25,Coffee,Barista Espresso,Latte Rg
2656.0,05/01/2023,17:37:48,2.0,3.0,Astoria,25.0,2.2,Coffee,Organic brewed coffee,Brazilian Sm
2657.0,05/01/2023,17:39:43,2.0,5.0,Lower Manhattan,42.0,2.5,Tea,Brewed herbal tea,Lemon Grass Rg
2658.0,05/01/2023,17:40:26,2.0,8.0,Hell's Kitchen,25.0,2.2,Coffee,Organic brewed coffee,Brazilian Sm
2659.0,05/01/2023,17:43:13,2.0,3.0,Astoria,34.0,2.45,Coffee,Premium brewed coffee,Jamaican Coffee River Sm
2660.0,05/01/2023,17:45:26,1.0,3.0,Astoria,47.0,3.0,Tea,Brewed Green tea,Serenity Green Tea Lg
2661.0,05/01/2023,17:45:26,1.0,3.0,Astoria,79.0,3.75,Bakery,Scone,Jumbo Savory Scone
2662.0,05/01/2023,17:51:28,2.0,8.0,Hell's Kitchen,59.0,4.5,Drinking Chocolate,Hot chocolate,Dark chocolate Lg
2663.0,05/01/2023,17:51:48,1.0,8.0,Hell's Kitchen,44.0,2.5,Tea,Brewed herbal tea,Peppermint Rg
2664.0,05/01/2023,17:52:03,1.0,5.0,Lower Manhattan,59.0,4.5,Drinking Chocolate,Hot chocolate,Dark chocolate Lg
2665.0,05/01/2023,17:54:00,2.0,8.0,Hell's Kitchen,54.0,2.5,Tea,Brewed Chai tea,Morning Sunrise Chai Rg
2666.0,05/01/2023,17:55:41,1.0,3.0,Astoria,50.0,2.5,Tea,Brewed Black tea,Earl Grey Rg
2667.0,05/01/2023,18:00:18,2.0,3.0,Astoria,48.0,2.5,Tea,Brewed Black tea,English Breakfast Rg
2668.0,05/01/2023,18:01:38,1.0,3.0,Astoria,41.0,4.25,Coffee,Barista Espresso,Cappuccino Lg
2669.0,05/01/2023,18:04:00,1.0,8.0,Hell's Kitchen,32.0,3.0,Coffee,Gourmet brewed coffee,Ethiopia Rg
2670.0,05/01/2023,18:04:00,1.0,8.0,Hell's Kitchen,78.0,4.5,Bakery,Scone,Scottish Cream Scone 
2671.0,05/01/2023,18:05:22,2.0,8.0,Hell's Kitchen,47.0,3.0,Tea,Brewed Green tea,Serenity Green Tea Lg
2672.0,05/01/2023,18:05:50,2.0,3.0,Astoria,40.0,3.75,Coffee,Barista Espresso,Cappuccino
2673.0,05/01/2023,18:05:54,2.0,3.0,Astoria,23.0,2.5,Coffee,Drip coffee,Our Old Time Diner Blend Rg
2674.0,05/01/2023,18:07:24,1.0,3.0,Astoria,28.0,2.0,Coffee,Gourmet brewed coffee,Columbian Medium Roast Sm
2675.0,05/01/2023,18:09:04,2.0,5.0,Lower Manhattan,41.0,4.25,Coffee,Barista Espresso,Cappuccino Lg
2676.0,05/01/2023,18:09:26,2.0,,Astoria,,,Tea,Brewed Black tea,Earl Grey Lg
2677.0,05/01/2023,18:11:33,1.0,3.0,Astoria,39.0,4.25,Coffee,Barista Espresso,Latte Rg
2678.0,05/01/2023,18:14:47,2.0,5.0,Lower Manhattan,38.0,3.75,Coffee,Barista Espresso,Latte
2679.0,05/01/2023,18:15:19,1.0,5.0,Lower Manhattan,37.0,3.0,Coffee,Barista Espresso,Espresso shot
2680.0,05/01/2023,18:16:44,1.0,3.0,Astoria,42.0,2.5,Tea,Brewed herbal tea,Lemon Grass Rg
2681.0,05/01/2023,18:17:42,2.0,3.0,Astoria,49.0,3.0,Tea,Brewed Black tea,English Breakfast Lg
2682.0,05/01/2023,18:18:43,2.0,3.0,Astoria,40.0,3.75,Coffee,Barista Espresso,Cappuccino
2683.0,05/01/2023,18:18:43,1.0,3.0,Astoria,77.0,3.0,Bakery,Scone,Oatmeal Scone
2684.0,05/01/2023,18:19:11,2.0,3.0,Astoria,57.0,3.1,Tea,Brewed Chai tea,Spicy Eye Opener Chai Lg
2685.0,05/01/2023,18:19:11,1.0,3.0,Astoria,72.0,3.25,Bakery,Scone,Ginger Scone
2686.0,05/01/2023,18:19:50,2.0,3.0,Astoria,57.0,3.1,Tea,Brewed Chai tea,Spicy Eye Opener Chai Lg
2687.0,05/01/2023,18:22:09,1.0,3.0,Astoria,50.0,2.5,Tea,Brewed Black tea,Earl Grey Rg
2688.0,05/01/2023,18:22:09,1.0,3.0,Astoria,74.0,3.5,Bakery,Biscotti,Ginger Biscotti
2689.0,05/01/2023,18:23:21,2.0,5.0,Lower Manhattan,36.0,3.75,Coffee,Premium brewed coffee,Jamaican Coffee River Lg
2690.0,05/01/2023,18:25:24,1.0,3.0,Astoria,60.0,3.75,Drinking Chocolate,Hot chocolate,Sustainably Grown Organic Rg
2691.0,05/01/2023,18:27:38,1.0,3.0,Astoria,41.0,4.25,Coffee,Barista Espresso,Cappuccino Lg
2692.0,05/01/2023,18:28:02,2.0,8.0,Hell's Kitchen,44.0,2.5,Tea,Brewed herbal tea,Peppermint Rg
2693.0,05/01/2023,18:30:24,2.0,8.0,Hell's Kitchen,53.0,3.0,Tea,Brewed Chai tea,Traditional Blend Chai Lg
2694.0,05/01/2023,18:30:55,2.0,3.0,Astoria,39.0,4.25,Coffee,Barista Espresso,Latte Rg
2695.0,05/01/2023,18:35:31,1.0,8.0,Hell's Kitchen,43.0,3.0,Tea,Brewed herbal tea,Lemon Grass Lg
2696.0,05/01/2023,18:36:58,2.0,3.0,Astoria,39.0,4.25,Coffee,Barista Espresso,Latte Rg
2697.0,05/01/2023,18:37:33,2.0,8.0,Hell's Kitchen,24.0,3.0,Coffee,Drip coffee,Our Old Time Diner Blend Lg
2698.0,05/01/2023,18:37:45,1.0,3.0,Astoria,39.0,4.25,Coffee,Barista Espresso,Latte Rg
2699.0,05/01/2023,18:39:05,1.0,8.0,Hell's Kitchen,38.0,3.75,Coffee,Barista Espresso,Latte
2700.0,05/01/2023,18:39:15,1.0,8.0,Hell's Kitchen,56.0,2.55,Tea,Brewed Chai tea,Spicy Eye Opener Chai Rg
2701.0,05/01/2023,18:40:48,2.0,8.0,Hell's Kitchen,24.0,3.0,Coffee,Drip coffee,Our Old Time Diner Blend Lg
2702.0,05/01/2023,18:46:48,2.0,,Astoria,,3.5,Coffee,Organic brewed coffee,Brazilian Lg
2703.0,05/01/2023,18:46:48,1.0,3.0,Astoria,77.0,3.0,Bakery,Scone,Oatmeal Scone
2704.0,05/01/2023,18:47:25,1.0,8.0,Hell's Kitchen,87.0,3.0,Coffee,Barista Espresso,Ouro Brasileiro shot
2705.0,05/01/2023,18:54:06,1.0,8.0,Hell's Kitchen,26.0,3.0,Coffee,Organic brewed coffee,Brazilian Rg
2706.0,05/01/2023,18:54:38,2.0,8.0,Hell's Kitchen,29.0,2.5,Coffee,Gourmet brewed coffee,Columbian Medium Roast Rg
2707.0,05/01/2023,19:02:41,2.0,8.0,Hell's Kitchen,25.0,2.2,Coffee,Organic brewed coffee,Brazilian Sm
2708.0,05/01/2023,19:02:41,1.0,8.0,Hell's Kitchen,71.0,3.75,Bakery,Pastry,Chocolate Croissant
2709.0,05/01/2023,19:03:13,1.0,8.0,Hell's Kitchen,27.0,3.5,Coffee,Organic brewed coffee,Brazilian Lg
2710.0,05/01/2023,19:06:50,2.0,8.0,Hell's Kitchen,29.0,2.5,Coffee,Gourmet brewed coffee,Columbian Medium Roast Rg
2711.0,05/01/2023,19:08:26,2.0,8.0,Hell's Kitchen,50.0,2.5,Tea,Brewed Black tea,Earl Grey Rg
2712.0,05/01/2023,19:08:26,1.0,8.0,Hell's Kitchen,75.0,3.5,Bakery,Pastry,Croissant
2713.0,05/01/2023,19:10:34,2.0,3.0,Astoria,41.0,4.25,Coffee,Barista Espresso,Cappuccino Lg
2714.0,05/01/2023,19:12:40,1.0,8.0,Hell's Kitchen,87.0,3.0,Coffee,Barista Espresso,Ouro Brasileiro shot
2715.0,05/01/2023,19:14:09,1.0,3.0,Astoria,55.0,4.0,Tea,Brewed Chai tea,Morning Sunrise Chai Lg
2716.0,05/01/2023,19:17:37,2.0,3.0,Astoria,42.0,2.5,Tea,Brewed herbal tea,Lemon Grass Rg
2717.0,05/01/2023,19:17:48,2.0,8.0,Hell's Kitchen,38.0,3.75,Coffee,Barista Espresso,Latte
2718.0,05/01/2023,19:18:02,2.0,3.0,Astoria,37.0,3.0,Coffee,Barista Espresso,Espresso shot
2719.0,05/01/2023,19:20:11,1.0,3.0,Astoria,56.0,2.55,Tea,Brewed Chai tea,Spicy Eye Opener Chai Rg
2720.0,05/01/2023,19:22:27,2.0,8.0,Hell's Kitchen,50.0,2.5,Tea,Brewed Black tea,Earl Grey Rg
2721.0,05/01/2023,19:22:40,2.0,3.0,Astoria,35.0,3.1,Coffee,Premium brewed coffee,Jamaican Coffee River Rg
2722.0,05/01/2023,19:22:40,1.0,3.0,Astoria,78.0,4.5,Bakery,Scone,Scottish Cream Scone 
2723.0,05/01/2023,19:24:25,2.0,3.0,Astoria,45.0,3.0,Tea,Brewed herbal tea,Peppermint Lg
2724.0,05/01/2023,19:25:20,2.0,3.0,Astoria,59.0,4.5,Drinking Chocolate,Hot chocolate,Dark chocolate Lg
2725.0,05/01/2023,19:27:38,1.0,3.0,Astoria,54.0,2.5,Tea,Brewed Chai tea,Morning Sunrise Chai Rg
2726.0,05/01/2023,19:27:38,1.0,3.0,Astoria,79.0,3.75,Bakery,Scone,Jumbo Savory Scone
2727.0,05/01/2023,19:28:11,2.0,3.0,Astoria,32.0,3.0,Coffee,Gourmet brewed coffee,Ethiopia Rg
2728.0,05/01/2023,19:30:16,1.0,3.0,Astoria,35.0,3.1,Coffee,Premium brewed coffee,Jamaican Coffee River Rg
2729.0,05/01/2023,19:31:06,1.0,3.0,Astoria,32.0,3.0,Coffee,Gourmet brewed coffee,Ethiopia Rg
2730.0,05/01/2023,19:31:06,1.0,3.0,Astoria,71.0,3.75,Bakery,Pastry,Chocolate Croissant
2731.0,05/01/2023,19:32:05,2.0,8.0,Hell's Kitchen,28.0,2.0,Coffee,Gourmet brewed coffee,Columbian Medium Roast Sm
2732.0,05/01/2023,19:44:11,1.0,8.0,Hell's Kitchen,22.0,2.0,Coffee,Drip coffee,Our Old Time Diner Blend Sm
2733.0,05/01/2023,19:47:40,2.0,8.0,Hell's Kitchen,25.0,2.2,Coffee,Organic brewed coffee,Brazilian Sm
2734.0,05/01/2023,19:47:40,1.0,8.0,Hell's Kitchen,74.0,3.5,Bakery,Biscotti,Ginger Biscotti
2735.0,05/01/2023,19:48:41,2.0,3.0,Astoria,30.0,3.0,Coffee,Gourmet brewed coffee,Columbian Medium Roast Lg
2736.0,05/01/2023,19:48:41,1.0,3.0,Astoria,71.0,3.75,Bakery,Pastry,Chocolate Croissant
2737.0,05/01/2023,19:48:48,1.0,8.0,Hell's Kitchen,32.0,3.0,Coffee,Gourmet brewed coffee,Ethiopia Rg
2738.0,05/01/2023,19:49:37,1.0,3.0,Astoria,51.0,3.0,Tea,Brewed Black tea,Earl Grey Lg
2739.0,05/01/2023,19:50:19,1.0,3.0,Astoria,39.0,4.25,Coffee,Barista Espresso,Latte Rg
2740.0,05/01/2023,19:52:51,2.0,8.0,Hell's Kitchen,24.0,3.0,Coffee,Drip coffee,Our Old Time Diner Blend Lg
,05/01/2023,19:57:57,1.0,,Hell's Kitchen,39.0,4.25,Coffee,Barista Espresso,Latte Rg
,05/01/2023,19:57:58,,3.0,Astoria,,4.25,Coffee,Barista Espresso,Latte Rg
2743.0,06/01/2023,07:02:23,1.0,5.0,Lower Manhattan,57.0,3.1,Tea,Brewed Chai tea,Spicy Eye Opener Chai Lg
2744.0,06/01/2023,07:02:23,1.0,5.0,Lower Manhattan,79.0,3.75,Bakery,Scone,Jumbo Savory Scone
2745.0,06/01/2023,07:02:58,2.0,5.0,Lower Manhattan,44.0,2.5,Tea,Brewed herbal tea,Peppermint Rg
2746.0,06/01/2023,07:05:49,2.0,5.0,Lower Manhattan,37.0,3.0,Coffee,Barista Espresso,Espresso shot
2747.0,06/01/2023,07:05:49,1.0,5.0,Lower Manhattan,71.0,3.75,Bakery,Pastry,Chocolate Croissant
2748.0,06/01/2023,07:08:48,1.0,5.0,Lower Manhattan,54.0,2.5,Tea,Brewed Chai tea,Morning Sunrise Chai Rg
2749.0,06/01/2023,07:16:48,1.0,5.0,Lower Manhattan,42.0,2.5,Tea,Brewed herbal tea,Lemon Grass Rg
2750.0,06/01/2023,07:17:17,2.0,5.0,Lower Manhattan,49.0,3.0,Tea,Brewed Black tea,English Breakfast Lg
2751.0,06/01/2023,07:19:47,1.0,5.0,Lower Manhattan,49.0,3.0,Tea,Brewed Black tea,English Breakfast Lg
2752.0,06/01/2023,07:28:37,1.0,5.0,Lower Manhattan,59.0,4.5,Drinking Chocolate,Hot chocolate,Dark chocolate Lg
2753.0,06/01/2023,07:34:45,,5.0,Lower Manhattan,,,Tea,Brewed herbal tea,Peppermint Lg
2754.0,06/01/2023,07:34:50,2.0,5.0,Lower Manhattan,27.0,3.5,Coffee,Organic brewed coffee,Brazilian Lg
2755.0,06/01/2023,07:34:50,1.0,5.0,Lower Manhattan,69.0,3.25,Bakery,Biscotti,Hazelnut Biscotti
2756.0,06/01/2023,07:38:51,2.0,5.0,Lower Manhattan,26.0,3.0,Coffee,Organic brewed coffee,Brazilian Rg
2757.0,06/01/2023,07:38:51,1.0,5.0,Lower Manhattan,70.0,3.25,Bakery,Scone,Cranberry Scone
2758.0,06/01/2023,07:47:35,1.0,5.0,Lower Manhattan,56.0,2.55,Tea,Brewed Chai tea,Spicy Eye Opener Chai Rg
2759.0,06/01/2023,07:50:03,2.0,5.0,Lower Manhattan,56.0,2.55,Tea,Brewed Chai tea,Spicy Eye Opener Chai Rg
2760.0,06/01/2023,07:51:07,1.0,5.0,Lower Manhattan,36.0,3.75,Coffee,Premium brewed coffee,Jamaican Coffee River Lg
2761.0,06/01/2023,07:56:38,1.0,5.0,Lower Manhattan,47.0,3.0,Tea,Brewed Green tea,Serenity Green Tea Lg
2762.0,06/01/2023,07:56:38,1.0,5.0,Lower Manhattan,71.0,3.75,Bakery,Pastry,Chocolate Croissant
2763.0,06/01/2023,07:59:54,2.0,5.0,Lower Manhattan,38.0,3.75,Coffee,Barista Espresso,Latte
2764.0,06/01/2023,07:59:54,1.0,5.0,Lower Manhattan,78.0,4.5,Bakery,Scone,Scottish Cream Scone 
2765.0,06/01/2023,08:00:14,2.0,5.0,Lower Manhattan,26.0,3.0,Coffee,Organic brewed coffee,Brazilian Rg
2766.0,06/01/2023,08:01:50,1.0,8.0,Hell's Kitchen,54.0,2.5,Tea,Brewed Chai tea,Morning Sunrise Chai Rg
2767.0,06/01/2023,08:01:50,1.0,8.0,Hell's Kitchen,74.0,3.5,Bakery,Biscotti,Ginger Biscotti
2768.0,06/01/2023,08:02:54,2.0,5.0,Lower Manhattan,37.0,3.0,Coffee,Barista Espresso,Espresso shot
2769.0,06/01/2023,08:02:57,2.0,5.0,Lower Manhattan,46.0,2.5,Tea,Brewed Green tea,Serenity Green Tea Rg
2770.0,06/01/2023,08:03:32,1.0,8.0,Hell's Kitchen,31.0,2.2,Coffee,Gourmet brewed coffee,Ethiopia Sm
2771.0,06/01/2023,08:04:14,2.0,5.0,Lower Manhattan,53.0,3.0,Tea,Brewed Chai tea,Traditional Blend Chai Lg
2772.0,06/01/2023,08:06:23,2.0,5.0,Lower Manhattan,40.0,3.75,Coffee,Barista Espresso,Cappuccino
2773.0,06/01/2023,08:07:51,1.0,5.0,Lower Manhattan,87.0,3.0,Coffee,Barista Espresso,Ouro Brasileiro shot
2774.0,06/01/2023,08:09:29,2.0,8.0,Hell's Kitchen,46.0,2.5,Tea,Brewed Green tea,Serenity Green Tea Rg
2775.0,06/01/2023,08:10:19,2.0,5.0,Lower Manhattan,42.0,2.5,Tea,Brewed herbal tea,Lemon Grass Rg
2776.0,06/01/2023,08:11:08,1.0,5.0,Lower Manhattan,23.0,2.5,Coffee,Drip coffee,Our Old Time Diner Blend Rg
2777.0,06/01/2023,08:11:44,1.0,8.0,Hell's Kitchen,50.0,2.5,Tea,Brewed Black tea,Earl Grey Rg
2778.0,06/01/2023,08:11:57,1.0,8.0,Hell's Kitchen,33.0,3.5,Coffee,Gourmet brewed coffee,Ethiopia Lg
2779.0,06/01/2023,08:13:41,2.0,5.0,Lower Manhattan,39.0,4.25,Coffee,Barista Espresso,Latte Rg
2780.0,06/01/2023,08:13:41,1.0,5.0,Lower Manhattan,72.0,3.25,Bakery,Scone,Ginger Scone
2781.0,06/01/2023,08:14:25,2.0,8.0,Hell's Kitchen,38.0,3.75,Coffee,Barista Espresso,Latte
2782.0,06/01/2023,08:14:25,1.0,8.0,Hell's Kitchen,74.0,3.5,Bakery,Biscotti,Ginger Biscotti
2783.0,06/01/2023,08:21:48,2.0,8.0,Hell's Kitchen,42.0,2.5,Tea,Brewed herbal tea,Lemon Grass Rg
2784.0,06/01/2023,08:23:58,1.0,5.0,Lower Manhattan,26.0,3.0,Coffee,Organic brewed coffee,Brazilian Rg
2785.0,06/01/2023,08:23:58,1.0,5.0,Lower Manhattan,74.0,3.5,Bakery,Biscotti,Ginger Biscotti
2786.0,06/01/2023,08:24:48,1.0,5.0,Lower Manhattan,42.0,2.5,Tea,Brewed herbal tea,Lemon Grass Rg
2787.0,06/01/2023,08:25:03,2.0,8.0,Hell's Kitchen,48.0,2.5,Tea,Brewed Black tea,English Breakfast Rg
2788.0,06/01/2023,08:26:55,1.0,5.0,Lower Manhattan,48.0,2.5,Tea,Brewed Black tea,English Breakfast Rg
2789.0,06/01/2023,08:26:55,1.0,5.0,Lower Manhattan,76.0,3.5,Bakery,Biscotti,Chocolate Chip Biscotti
2790.0,06/01/2023,08:30:10,2.0,5.0,Lower Manhattan,87.0,3.0,Coffee,Barista Espresso,Ouro Brasileiro shot
2791.0,06/01/2023,08:30:41,2.0,8.0,Hell's Kitchen,32.0,3.0,Coffee,Gourmet brewed coffee,Ethiopia Rg
2792.0,06/01/2023,08:32:12,1.0,8.0,Hell's Kitchen,56.0,2.55,Tea,Brewed Chai tea,Spicy Eye Opener Chai Rg
2793.0,06/01/2023,08:33:25,2.0,5.0,Lower Manhattan,57.0,3.1,Tea,Brewed Chai tea,Spicy Eye Opener Chai Lg
2794.0,06/01/2023,08:33:43,2.0,8.0,Hell's Kitchen,39.0,4.25,Coffee,Barista Espresso,Latte Rg
2795.0,06/01/2023,08:34:16,2.0,8.0,Hell's Kitchen,42.0,2.5,Tea,Brewed herbal tea,Lemon Grass Rg
2796.0,06/01/2023,08:34:16,1.0,8.0,Hell's Kitchen,71.0,3.75,Bakery,Pastry,Chocolate Croissant
2797.0,06/01/2023,08:34:34,1.0,8.0,Hell's Kitchen,48.0,2.5,Tea,Brewed Black tea,English Breakfast Rg
2798.0,06/01/2023,08:34:56,2.0,8.0,Hell's Kitchen,54.0,2.5,Tea,Brewed Chai tea,Morning Sunrise Chai Rg
2799.0,06/01/2023,08:44:01,1.0,5.0,Lower Manhattan,31.0,2.2,Coffee,Gourmet brewed coffee,Ethiopia Sm
2800.0,06/01/2023,08:44:42,2.0,8.0,Hell's Kitchen,43.0,3.0,Tea,Brewed herbal tea,Lemon Grass Lg
2801.0,06/01/2023,08:46:13,1.0,8.0,Hell's Kitchen,52.0,2.5,Tea,Brewed Chai tea,Traditional Blend Chai Rg
2802.0,06/01/2023,08:47:36,2.0,8.0,Hell's Kitchen,34.0,2.45,Coffee,Premium brewed coffee,Jamaican Coffee River Sm
2803.0,06/01/2023,08:52:57,1.0,8.0,Hell's Kitchen,30.0,3.0,Coffee,Gourmet brewed coffee,Columbian Medium Roast Lg
2804.0,06/01/2023,08:54:48,2.0,8.0,Hell's Kitchen,30.0,3.0,Coffee,Gourmet brewed coffee,Columbian Medium Roast Lg
2805.0,06/01/2023,08:57:05,1.0,8.0,Hell's Kitchen,26.0,3.0,Coffee,Organic brewed coffee,Brazilian Rg
2806.0,06/01/2023,08:57:28,2.0,8.0,Hell's Kitchen,57.0,3.1,Tea,Brewed Chai tea,Spicy Eye Opener Chai Lg
2807.0,06/01/2023,09:01:27,1.0,5.0,Lower Manhattan,45.0,3.0,Tea,Brewed herbal tea,Peppermint Lg
2808.0,06/01/2023,09:04:17,1.0,5.0,Lower Manhattan,61.0,4.75,Drinking Chocolate,Hot chocolate,Sustainably Grown Organic Lg
2809.0,06/01/2023,09:04:47,2.0,5.0,Lower Manhattan,34.0,2.45,Coffee,Premium brewed coffee,Jamaican Coffee River Sm
2810.0,06/01/2023,09:05:26,2.0,8.0,Hell's Kitchen,,,Coffee,Premium brewed coffee,Jamaican Coffee River Rg
2811.0,06/01/2023,09:05:32,1.0,5.0,Lower Manhattan,36.0,3.75,Coffee,Premium brewed coffee,Jamaican Coffee River Lg
,06/01/2023,09:06:37,2.0,,Hell's Kitchen,58.0,,Drinking Chocolate,Hot chocolate,Dark chocolate Rg
2813.0,06/01/2023,09:08:32,2.0,5.0,Lower Manhattan,29.0,2.5,Coffee,Gourmet brewed coffee,Columbian Medium Roast Rg
2814.0,06/01/2023,09:13:23,1.0,8.0,Hell's Kitchen,31.0,2.2,Coffee,Gourmet brewed coffee,Ethiopia Sm
2815.0,06/01/2023,09:18:01,1.0,5.0,Lower Manhattan,39.0,4.25,Coffee,Barista Espresso,Latte Rg
2816.0,06/01/2023,09:19:08,2.0,5.0,Lower Manhattan,58.0,3.5,Drinking Chocolate,Hot chocolate,Dark chocolate Rg
2817.0,06/01/2023,09:19:08,1.0,5.0,Lower Manhattan,69.0,3.25,Bakery,Biscotti,Hazelnut Biscotti
2818.0,06/01/2023,09:21:50,2.0,5.0,Lower Manhattan,31.0,2.2,Coffee,Gourmet brewed coffee,Ethiopia Sm
2819.0,06/01/2023,09:22:21,2.0,5.0,Lower Manhattan,25.0,2.2,Coffee,Organic brewed coffee,Brazilian Sm
2820.0,06/01/2023,09:25:27,2.0,8.0,Hell's Kitchen,47.0,3.0,Tea,Brewed Green tea,Serenity Green Tea Lg
2821.0,06/01/2023,09:25:27,1.0,8.0,Hell's Kitchen,72.0,3.25,Bakery,Scone,Ginger Scone
2822.0,06/01/2023,09:29:35,2.0,8.0,Hell's Kitchen,31.0,2.2,Coffee,Gourmet brewed coffee,Ethiopia Sm
2823.0,06/01/2023,09:29:35,1.0,8.0,Hell's Kitchen,74.0,3.5,Bakery,Biscotti,Ginger Biscotti
2824.0,06/01/2023,09:33:29,1.0,8.0,Hell's Kitchen,31.0,2.2,Coffee,Gourmet brewed coffee,Ethiopia Sm
2825.0,06/01/2023,09:37:01,1.0,8.0,Hell's Kitchen,30.0,3.0,Coffee,Gourmet brewed coffee,Columbian Medium Roast Lg
2826.0,06/01/2023,09:41:52,2.0,,Lower Manhattan,,,Tea,Brewed Black tea,English Breakfast Lg
2827.0,06/01/2023,09:42:13,,8.0,Hell's Kitchen,33.0,,Coffee,Gourmet brewed coffee,Ethiopia Lg
2828.0,06/01/2023,09:42:13,1.0,8.0,Hell's Kitchen,77.0,3.0,Bakery,Scone,Oatmeal Scone
2829.0,06/01/2023,09:49:27,1.0,8.0,Hell's Kitchen,48.0,2.5,Tea,Brewed Black tea,English Breakfast Rg
2830.0,06/01/2023,09:50:24,1.0,5.0,Lower Manhattan,22.0,2.0,Coffee,Drip coffee,Our Old Time Diner Blend Sm
2831.0,06/01/2023,09:51:31,1.0,8.0,Hell's Kitchen,49.0,3.0,Tea,Brewed Black tea,English Breakfast Lg
2832.0,06/01/2023,09:53:27,1.0,5.0,Lower Manhattan,37.0,3.0,Coffee,Barista Espresso,Espresso shot
2833.0,06/01/2023,09:54:50,1.0,8.0,Hell's Kitchen,29.0,2.5,Coffee,Gourmet brewed coffee,Columbian Medium Roast Rg
2834.0,06/01/2023,09:57:24,1.0,5.0,Lower Manhattan,44.0,2.5,Tea,Brewed herbal tea,Peppermint Rg
2835.0,06/01/2023,10:01:44,2.0,5.0,Lower Manhattan,48.0,2.5,Tea,Brewed Black tea,English Breakfast Rg
2836.0,06/01/2023,10:03:22,1.0,5.0,Lower Manhattan,26.0,3.0,Coffee,Organic brewed coffee,Brazilian Rg
2837.0,06/01/2023,10:12:39,1.0,5.0,Lower Manhattan,27.0,3.5,Coffee,Organic brewed coffee,Brazilian Lg
2838.0,06/01/2023,10:13:19,2.0,8.0,Hell's Kitchen,87.0,3.0,Coffee,Barista Espresso,Ouro Brasileiro shot
2839.0,06/01/2023,10:14:57,1.0,8.0,Hell's Kitchen,56.0,2.55,Tea,Brewed Chai tea,Spicy Eye Opener Chai Rg
2840.0,06/01/2023,10:15:51,2.0,8.0,Hell's Kitchen,87.0,3.0,Coffee,Barista Espresso,Ouro Brasileiro shot
2841.0,06/01/2023,10:15:56,1.0,5.0,Lower Manhattan,60.0,3.75,Drinking Chocolate,Hot chocolate,Sustainably Grown Organic Rg
2842.0,06/01/2023,10:27:09,1.0,5.0,Lower Manhattan,34.0,2.45,Coffee,Premium brewed coffee,Jamaican Coffee River Sm
2843.0,06/01/2023,10:29:01,2.0,8.0,Hell's Kitchen,40.0,3.75,Coffee,Barista Espresso,Cappuccino
2844.0,06/01/2023,10:29:02,1.0,5.0,Lower Manhattan,41.0,4.25,Coffee,Barista Espresso,Cappuccino Lg
2845.0,06/01/2023,10:30:08,2.0,8.0,Hell's Kitchen,27.0,3.5,Coffee,Organic brewed coffee,Brazilian Lg
2846.0,06/01/2023,10:40:42,2.0,5.0,Lower Manhattan,55.0,4.0,Tea,Brewed Chai tea,Morning Sunrise Chai Lg
2847.0,06/01/2023,10:41:31,1.0,5.0,Lower Manhattan,44.0,2.5,Tea,Brewed herbal tea,Peppermint Rg
2848.0,06/01/2023,10:42:00,1.0,5.0,Lower Manhattan,30.0,3.0,Coffee,Gourmet brewed coffee,Columbian Medium Roast Lg
2849.0,06/01/2023,10:47:58,2.0,8.0,Hell's Kitchen,25.0,2.2,Coffee,Organic brewed coffee,Brazilian Sm
2850.0,06/01/2023,10:48:19,2.0,5.0,Lower Manhattan,49.0,3.0,Tea,Brewed Black tea,English Breakfast Lg
2851.0,06/01/2023,10:50:09,2.0,8.0,Hell's Kitchen,37.0,3.0,Coffee,Barista Espresso,Espresso shot
2852.0,06/01/2023,10:50:48,1.0,8.0,Hell's Kitchen,50.0,2.5,Tea,Brewed Black tea,Earl Grey Rg
2853.0,06/01/2023,10:53:42,1.0,5.0,Lower Manhattan,50.0,2.5,Tea,Brewed Black tea,Earl Grey Rg
2854.0,06/01/2023,10:53:42,1.0,5.0,Lower Manhattan,72.0,3.25,Bakery,Scone,Ginger Scone
2855.0,06/01/2023,10:59:07,2.0,8.0,Hell's Kitchen,55.0,4.0,Tea,Brewed Chai tea,Morning Sunrise Chai Lg
2856.0,06/01/2023,10:59:07,1.0,8.0,Hell's Kitchen,71.0,3.75,Bakery,Pastry,Chocolate Croissant
2857.0,06/01/2023,11:01:05,1.0,5.0,Lower Manhattan,41.0,4.25,Coffee,Barista Espresso,Cappuccino Lg
2858.0,06/01/2023,11:01:20,1.0,8.0,Hell's Kitchen,45.0,3.0,Tea,Brewed herbal tea,Peppermint Lg
,06/01/2023,11:05:28,,8.0,Hell's Kitchen,36.0,3.75,Coffee,Premium brewed coffee,Jamaican Coffee River Lg
2860.0,06/01/2023,11:07:57,2.0,5.0,Lower Manhattan,60.0,3.75,Drinking Chocolate,Hot chocolate,Sustainably Grown Organic Rg
2861.0,06/01/2023,11:07:57,1.0,5.0,Lower Manhattan,79.0,3.75,Bakery,Scone,Jumbo Savory Scone
2862.0,06/01/2023,11:08:07,1.0,5.0,Lower Manhattan,31.0,2.2,Coffee,Gourmet brewed coffee,Ethiopia Sm
2863.0,06/01/2023,11:09:29,1.0,5.0,Lower Manhattan,45.0,3.0,Tea,Brewed herbal tea,Peppermint Lg
2864.0,06/01/2023,11:12:49,1.0,8.0,Hell's Kitchen,42.0,2.5,Tea,Brewed herbal tea,Lemon Grass Rg
2865.0,06/01/2023,11:12:49,1.0,8.0,Hell's Kitchen,78.0,4.5,Bakery,Scone,Scottish Cream Scone 
2866.0,06/01/2023,11:14:31,1.0,8.0,Hell's Kitchen,49.0,3.0,Tea,Brewed Black tea,English Breakfast Lg
2867.0,06/01/2023,11:14:35,2.0,5.0,Lower Manhattan,24.0,3.0,Coffee,Drip coffee,Our Old Time Diner Blend Lg
2868.0,06/01/2023,11:14:39,1.0,8.0,Hell's Kitchen,34.0,2.45,Coffee,Premium brewed coffee,Jamaican Coffee River Sm
2869.0,06/01/2023,11:16:53,1.0,3.0,Astoria,30.0,3.0,Coffee,Gourmet brewed coffee,Columbian Medium Roast Lg
2870.0,06/01/2023,11:16:53,1.0,3.0,Astoria,74.0,3.5,Bakery,Biscotti,Ginger Biscotti
2871.0,06/01/2023,11:19:16,1.0,8.0,Hell's Kitchen,24.0,3.0,Coffee,Drip coffee,Our Old Time Diner Blend Lg
2872.0,06/01/2023,11:21:55,1.0,8.0,Hell's Kitchen,87.0,3.0,Coffee,Barista Espresso,Ouro Brasileiro shot
2873.0,06/01/2023,11:22:26,1.0,5.0,Lower Manhattan,48.0,2.5,Tea,Brewed Black tea,English Breakfast Rg
2874.0,06/01/2023,11:22:26,1.0,,Lower Manhattan,74.0,,Bakery,Biscotti,Ginger Biscotti
2875.0,06/01/2023,11:24:05,1.0,5.0,Lower Manhattan,60.0,3.75,Drinking Chocolate,Hot chocolate,Sustainably Grown Organic Rg
2876.0,06/01/2023,11:24:49,2.0,5.0,Lower Manhattan,58.0,3.5,Drinking Chocolate,Hot chocolate,Dark chocolate Rg
,06/01/2023,11:26:14,2.0,,Lower Manhattan,39.0,4.25,Coffee,Barista Espresso,Latte Rg
2878.0,06/01/2023,11:27:25,,,Lower Manhattan,,3.0,Coffee,Gourmet brewed coffee,Ethiopia Rg
2879.0,06/01/2023,11:32:54,1.0,3.0,Astoria,48.0,2.5,Tea,Brewed Black tea,English Breakfast Rg
2880.0,06/01/2023,11:34:21,2.0,3.0,Astoria,44.0,2.5,Tea,Brewed herbal tea,Peppermint Rg
2881.0,06/01/2023,11:36:31,2.0,3.0,Astoria,38.0,3.75,Coffee,Barista Espresso,Latte
2882.0,06/01/2023,11:36:32,1.0,3.0,Astoria,40.0,3.75,Coffee,Barista Espresso,Cappuccino
2883.0,06/01/2023,11:36:42,2.0,3.0,Astoria,40.0,3.75,Coffee,Barista Espresso,Cappuccino
2884.0,06/01/2023,11:36:49,1.0,3.0,Astoria,28.0,2.0,Coffee,Gourmet brewed coffee,Columbian Medium Roast Sm
2885.0,06/01/2023,11:36:49,1.0,3.0,Astoria,72.0,3.25,Bakery,Scone,Ginger Scone
2886.0,06/01/2023,11:37:15,1.0,8.0,Hell's Kitchen,38.0,3.75,Coffee,Barista Espresso,Latte
2887.0,06/01/2023,11:37:22,1.0,8.0,Hell's Kitchen,31.0,2.2,Coffee,Gourmet brewed coffee,Ethiopia Sm
2888.0,06/01/2023,11:38:29,1.0,3.0,Astoria,36.0,3.75,Coffee,Premium brewed coffee,Jamaican Coffee River Lg
2889.0,06/01/2023,11:38:29,1.0,3.0,Astoria,72.0,3.25,Bakery,Scone,Ginger Scone
2890.0,06/01/2023,11:45:12,2.0,5.0,Lower Manhattan,34.0,2.45,Coffee,Premium brewed coffee,Jamaican Coffee River Sm
2891.0,06/01/2023,11:47:10,2.0,3.0,Astoria,48.0,2.5,Tea,Brewed Black tea,English Breakfast Rg
2892.0,06/01/2023,11:50:17,1.0,3.0,Astoria,55.0,4.0,Tea,Brewed Chai tea,Morning Sunrise Chai Lg
2893.0,06/01/2023,11:54:33,1.0,5.0,Lower Manhattan,51.0,3.0,Tea,Brewed Black tea,Earl Grey Lg
2894.0,06/01/2023,11:55:09,2.0,8.0,Hell's Kitchen,44.0,2.5,Tea,Brewed herbal tea,Peppermint Rg
2895.0,06/01/2023,11:56:39,2.0,5.0,Lower Manhattan,56.0,2.55,Tea,Brewed Chai tea,Spicy Eye Opener Chai Rg
2896.0,06/01/2023,11:58:01,2.0,3.0,Astoria,41.0,4.25,Coffee,Barista Espresso,Cappuccino Lg
2897.0,06/01/2023,11:59:23,1.0,5.0,Lower Manhattan,39.0,4.25,Coffee,Barista Espresso,Latte Rg
,06/01/2023,12:00:23,,5.0,Lower Manhattan,48.0,,Tea,Brewed Black tea,English Breakfast Rg
2899.0,06/01/2023,12:00:31,2.0,3.0,Astoria,49.0,3.0,Tea,Brewed Black tea,English Breakfast Lg
2900.0,06/01/2023,12:02:12,2.0,3.0,Astoria,41.0,4.25,Coffee,Barista Espresso,Cappuccino Lg
2901.0,06/01/2023,12:03:41,2.0,3.0,Astoria,23.0,2.5,Coffee,Drip coffee,Our Old Time Diner Blend Rg
2902.0,06/01/2023,12:04:14,2.0,3.0,Astoria,57.0,3.1,Tea,Brewed Chai tea,Spicy Eye Opener Chai Lg
2903.0,06/01/2023,12:04:21,1.0,8.0,Hell's Kitchen,41.0,4.25,Coffee,Barista Espresso,Cappuccino Lg
2904.0,06/01/2023,12:05:00,2.0,3.0,Astoria,31.0,2.2,Coffee,Gourmet brewed coffee,Ethiopia Sm
,06/01/2023,12:06:24,2.0,3.0,Astoria,,3.0,Tea,Brewed herbal tea,Lemon Grass Lg
2906.0,06/01/2023,12:06:24,1.0,3.0,Astoria,69.0,3.25,Bakery,Biscotti,Hazelnut Biscotti
2907.0,06/01/2023,12:10:40,2.0,8.0,Hell's Kitchen,27.0,3.5,Coffee,Organic brewed coffee,Brazilian Lg
2908.0,06/01/2023,12:11:23,1.0,3.0,Astoria,58.0,3.5,Drinking Chocolate,Hot chocolate,Dark chocolate Rg
2909.0,06/01/2023,12:14:02,2.0,5.0,Lower Manhattan,42.0,2.5,Tea,Brewed herbal tea,Lemon Grass Rg
2910.0,06/01/2023,12:15:49,1.0,5.0,Lower Manhattan,49.0,3.0,Tea,Brewed Black tea,English Breakfast Lg
2911.0,06/01/2023,12:17:07,2.0,8.0,Hell's Kitchen,53.0,3.0,Tea,Brewed Chai tea,Traditional Blend Chai Lg
2912.0,06/01/2023,12:23:17,1.0,3.0,Astoria,30.0,3.0,Coffee,Gourmet brewed coffee,Columbian Medium Roast Lg
2913.0,06/01/2023,12:23:31,1.0,3.0,Astoria,28.0,2.0,Coffee,Gourmet brewed coffee,Columbian Medium Roast Sm
2914.0,06/01/2023,12:23:31,1.0,3.0,Astoria,71.0,3.75,Bakery,Pastry,Chocolate Croissant
2915.0,06/01/2023,12:25:53,1.0,8.0,Hell's Kitchen,31.0,2.2,Coffee,Gourmet brewed coffee,Ethiopia Sm
,06/01/2023,12:25:53,,,Hell's Kitchen,77.0,3.0,Bakery,Scone,Oatmeal Scone
2917.0,06/01/2023,12:26:43,2.0,5.0,Lower Manhattan,23.0,2.5,Coffee,Drip coffee,Our Old Time Diner Blend Rg
2918.0,06/01/2023,12:26:46,2.0,8.0,Hell's Kitchen,50.0,2.5,Tea,Brewed Black tea,Earl Grey Rg
2919.0,06/01/2023,12:28:03,2.0,8.0,Hell's Kitchen,23.0,2.5,Coffee,Drip coffee,Our Old Time Diner Blend Rg
2920.0,06/01/2023,12:32:36,2.0,8.0,Hell's Kitchen,31.0,2.2,Coffee,Gourmet brewed coffee,Ethiopia Sm
2921.0,06/01/2023,12:34:02,2.0,8.0,Hell's Kitchen,25.0,2.2,Coffee,Organic brewed coffee,Brazilian Sm
2922.0,06/01/2023,12:34:02,1.0,8.0,Hell's Kitchen,73.0,3.75,Bakery,Pastry,Almond Croissant
2923.0,06/01/2023,12:35:08,1.0,3.0,Astoria,56.0,2.55,Tea,Brewed Chai tea,Spicy Eye Opener Chai Rg
2924.0,06/01/2023,12:35:08,1.0,3.0,Astoria,69.0,3.25,Bakery,Biscotti,Hazelnut Biscotti
2925.0,06/01/2023,12:36:25,2.0,3.0,Astoria,44.0,2.5,Tea,Brewed herbal tea,Peppermint Rg
2926.0,06/01/2023,12:36:56,2.0,3.0,Astoria,49.0,3.0,Tea,Brewed Black tea,English Breakfast Lg
2927.0,06/01/2023,12:37:52,2.0,8.0,Hell's Kitchen,24.0,3.0,Coffee,Drip coffee,Our Old Time Diner Blend Lg
2928.0,06/01/2023,12:38:11,2.0,5.0,Lower Manhattan,59.0,4.5,Drinking Chocolate,Hot chocolate,Dark chocolate Lg
2929.0,06/01/2023,12:39:35,2.0,3.0,Astoria,30.0,3.0,Coffee,Gourmet brewed coffee,Columbian Medium Roast Lg
,06/01/2023,12:39:58,,3.0,Astoria,29.0,,Coffee,Gourmet brewed coffee,Columbian Medium Roast Rg
2931.0,06/01/2023,12:42:41,2.0,3.0,Astoria,38.0,3.75,Coffee,Barista Espresso,Latte
2932.0,06/01/2023,12:42:56,1.0,8.0,Hell's Kitchen,29.0,2.5,Coffee,Gourmet brewed coffee,Columbian Medium Roast Rg
2933.0,06/01/2023,12:44:47,1.0,8.0,Hell's Kitchen,30.0,3.0,Coffee,Gourmet brewed coffee,Columbian Medium Roast Lg
2934.0,06/01/2023,12:51:22,2.0,3.0,Astoria,47.0,3.0,Tea,Brewed Green tea,Serenity Green Tea Lg
2935.0,06/01/2023,12:52:15,2.0,,Astoria,,2.5,Coffee,Gourmet brewed coffee,Columbian Medium Roast Rg
2936.0,06/01/2023,12:52:15,1.0,3.0,Astoria,79.0,3.75,Bakery,Scone,Jumbo Savory Scone
,06/01/2023,12:52:41,2.0,5.0,Lower Manhattan,40.0,,Coffee,Barista Espresso,Cappuccino
2938.0,06/01/2023,12:53:37,2.0,3.0,Astoria,47.0,3.0,Tea,Brewed Green tea,Serenity Green Tea Lg
2939.0,06/01/2023,12:53:48,2.0,8.0,Hell's Kitchen,32.0,3.0,Coffee,Gourmet brewed coffee,Ethiopia Rg
2940.0,06/01/2023,12:54:56,1.0,5.0,Lower Manhattan,29.0,2.5,Coffee,Gourmet brewed coffee,Columbian Medium Roast Rg
2941.0,06/01/2023,12:54:56,1.0,5.0,Lower Manhattan,77.0,3.0,Bakery,Scone,Oatmeal Scone
2942.0,06/01/2023,12:57:33,2.0,3.0,Astoria,40.0,3.75,Coffee,Barista Espresso,Cappuccino
2943.0,06/01/2023,12:57:33,1.0,3.0,Astoria,74.0,3.5,Bakery,Biscotti,Ginger Biscotti
2944.0,06/01/2023,12:58:02,2.0,5.0,Lower Manhattan,48.0,2.5,Tea,Brewed Black tea,English Breakfast Rg
2945.0,06/01/2023,12:58:22,1.0,8.0,Hell's Kitchen,53.0,3.0,Tea,Brewed Chai tea,Traditional Blend Chai Lg
2946.0,06/01/2023,12:59:23,2.0,5.0,Lower Manhattan,43.0,3.0,Tea,Brewed herbal tea,Lemon Grass Lg
2947.0,06/01/2023,12:59:46,2.0,3.0,Astoria,41.0,4.25,Coffee,Barista Espresso,Cappuccino Lg
2948.0,06/01/2023,13:00:12,2.0,3.0,Astoria,27.0,3.5,Coffee,Organic brewed coffee,Brazilian Lg
2949.0,06/01/2023,13:00:29,2.0,5.0,Lower Manhattan,30.0,3.0,Coffee,Gourmet brewed coffee,Columbian Medium Roast Lg
2950.0,06/01/2023,13:01:49,2.0,5.0,Lower Manhattan,58.0,3.5,Drinking Chocolate,Hot chocolate,Dark chocolate Rg
2951.0,06/01/2023,13:02:03,2.0,8.0,Hell's Kitchen,60.0,3.75,Drinking Chocolate,Hot chocolate,Sustainably Grown Organic Rg
2952.0,06/01/2023,13:02:03,1.0,8.0,Hell's Kitchen,72.0,3.25,Bakery,Scone,Ginger Scone
2953.0,06/01/2023,13:02:32,1.0,5.0,Lower Manhattan,23.0,2.5,Coffee,Drip coffee,Our Old Time Diner Blend Rg
2954.0,06/01/2023,13:04:32,1.0,3.0,Astoria,57.0,3.1,Tea,Brewed Chai tea,Spicy Eye Opener Chai Lg
2955.0,06/01/2023,13:06:38,1.0,5.0,Lower Manhattan,54.0,2.5,Tea,Brewed Chai tea,Morning Sunrise Chai Rg
2956.0,06/01/2023,13:07:59,1.0,5.0,Lower Manhattan,25.0,2.2,Coffee,Organic brewed coffee,Brazilian Sm
2957.0,06/01/2023,13:11:21,1.0,3.0,Astoria,36.0,3.75,Coffee,Premium brewed coffee,Jamaican Coffee River Lg
2958.0,06/01/2023,13:12:46,2.0,8.0,Hell's Kitchen,34.0,2.45,Coffee,Premium brewed coffee,Jamaican Coffee River Sm
2959.0,06/01/2023,13:12:46,1.0,8.0,Hell's Kitchen,69.0,3.25,Bakery,Biscotti,Hazelnut Biscotti
2960.0,06/01/2023,13:17:11,1.0,5.0,Lower Manhattan,28.0,2.0,Coffee,Gourmet brewed coffee,Columbian Medium Roast Sm
2961.0,06/01/2023,13:20:07,2.0,8.0,Hell's Kitchen,25.0,2.2,Coffee,Organic brewed coffee,Brazilian Sm
2962.0,06/01/2023,13:21:07,1.0,3.0,Astoria,24.0,3.0,Coffee,Drip coffee,Our Old Time Diner Blend Lg
2963.0,06/01/2023,13:22:52,1.0,5.0,Lower Manhattan,28.0,2.0,Coffee,Gourmet brewed coffee,Columbian Medium Roast Sm
2964.0,06/01/2023,13:23:59,1.0,5.0,Lower Manhattan,56.0,2.55,Tea,Brewed Chai tea,Spicy Eye Opener Chai Rg
2965.0,06/01/2023,13:24:48,2.0,3.0,Astoria,49.0,3.0,Tea,Brewed Black tea,English Breakfast Lg
2966.0,06/01/2023,13:24:50,,3.0,Astoria,,3.1,Tea,Brewed Chai tea,Spicy Eye Opener Chai Lg
2967.0,06/01/2023,13:24:50,1.0,3.0,Astoria,70.0,3.25,Bakery,Scone,Cranberry Scone
2968.0,06/01/2023,13:26:31,1.0,5.0,Lower Manhattan,60.0,3.75,Drinking Chocolate,Hot chocolate,Sustainably Grown Organic Rg
2969.0,06/01/2023,13:27:06,1.0,3.0,Astoria,46.0,2.5,Tea,Brewed Green tea,Serenity Green Tea Rg
2970.0,06/01/2023,13:27:06,1.0,3.0,Astoria,78.0,4.5,Bakery,Scone,Scottish Cream Scone 
2971.0,06/01/2023,13:27:22,1.0,3.0,Astoria,25.0,2.2,Coffee,Organic brewed coffee,Brazilian Sm
2972.0,06/01/2023,13:28:17,2.0,8.0,Hell's Kitchen,51.0,3.0,Tea,Brewed Black tea,Earl Grey Lg
2973.0,06/01/2023,13:28:17,1.0,8.0,Hell's Kitchen,70.0,3.25,Bakery,Scone,Cranberry Scone
2974.0,06/01/2023,13:28:48,2.0,8.0,Hell's Kitchen,24.0,3.0,Coffee,Drip coffee,Our Old Time Diner Blend Lg
2975.0,06/01/2023,13:28:48,1.0,8.0,Hell's Kitchen,76.0,3.5,Bakery,Biscotti,Chocolate Chip Biscotti
2976.0,06/01/2023,13:33:34,1.0,5.0,Lower Manhattan,59.0,4.5,Drinking Chocolate,Hot chocolate,Dark chocolate Lg
2977.0,06/01/2023,13:34:53,1.0,8.0,Hell's Kitchen,35.0,3.1,Coffee,Premium brewed coffee,Jamaican Coffee River Rg
,06/01/2023,13:38:41,,5.0,Lower Manhattan,22.0,2.0,Coffee,Drip coffee,Our Old Time Diner Blend Sm
2979.0,06/01/2023,13:39:18,1.0,3.0,Astoria,60.0,3.75,Drinking Chocolate,Hot chocolate,Sustainably Grown Organic Rg
2980.0,06/01/2023,13:41:34,1.0,5.0,Lower Manhattan,48.0,2.5,Tea,Brewed Black tea,English Breakfast Rg
2981.0,06/01/2023,13:48:48,1.0,3.0,Astoria,61.0,4.75,Drinking Chocolate,Hot chocolate,Sustainably Grown Organic Lg
2982.0,06/01/2023,13:49:35,2.0,5.0,Lower Manhattan,29.0,2.5,Coffee,Gourmet brewed coffee,Columbian Medium Roast Rg
2983.0,06/01/2023,13:52:13,1.0,5.0,Lower Manhattan,33.0,3.5,Coffee,Gourmet brewed coffee,Ethiopia Lg
2984.0,06/01/2023,13:56:35,1.0,8.0,Hell's Kitchen,30.0,3.0,Coffee,Gourmet brewed coffee,Columbian Medium Roast Lg
2985.0,06/01/2023,13:56:39,2.0,3.0,Astoria,59.0,4.5,Drinking Chocolate,Hot chocolate,Dark chocolate Lg
2986.0,06/01/2023,13:58:41,1.0,5.0,Lower Manhattan,55.0,4.0,Tea,Brewed Chai tea,Morning Sunrise Chai Lg
2987.0,06/01/2023,13:58:44,2.0,8.0,Hell's Kitchen,22.0,2.0,Coffee,Drip coffee,Our Old Time Diner Blend Sm
2988.0,06/01/2023,14:00:32,2.0,3.0,Astoria,51.0,3.0,Tea,Brewed Black tea,Earl Grey Lg
2989.0,06/01/2023,14:01:32,2.0,5.0,Lower Manhattan,22.0,2.0,Coffee,Drip coffee,Our Old Time Diner Blend Sm
2990.0,06/01/2023,14:04:52,2.0,8.0,Hell's Kitchen,53.0,3.0,Tea,Brewed Chai tea,Traditional Blend Chai Lg
2991.0,06/01/2023,14:06:32,2.0,8.0,Hell's Kitchen,32.0,3.0,Coffee,Gourmet brewed coffee,Ethiopia Rg
2992.0,06/01/2023,14:06:32,1.0,8.0,Hell's Kitchen,79.0,3.75,Bakery,Scone,Jumbo Savory Scone
2993.0,06/01/2023,14:06:54,1.0,3.0,Astoria,55.0,4.0,Tea,Brewed Chai tea,Morning Sunrise Chai Lg
2994.0,06/01/2023,14:06:54,1.0,3.0,Astoria,72.0,3.25,Bakery,Scone,Ginger Scone
2995.0,06/01/2023,14:07:44,1.0,5.0,Lower Manhattan,41.0,4.25,Coffee,Barista Espresso,Cappuccino Lg
2996.0,06/01/2023,14:08:17,2.0,5.0,Lower Manhattan,33.0,3.5,Coffee,Gourmet brewed coffee,Ethiopia Lg
2997.0,06/01/2023,14:09:32,1.0,8.0,Hell's Kitchen,31.0,2.2,Coffee,Gourmet brewed coffee,Ethiopia Sm
2998.0,06/01/2023,14:10:15,1.0,3.0,Astoria,57.0,3.1,Tea,Brewed Chai tea,Spicy Eye Opener Chai Lg
2999.0,06/01/2023,14:10:39,1.0,5.0,Lower Manhattan,28.0,2.0,Coffee,Gourmet brewed coffee,Columbian Medium Roast Sm
3000.0,06/01/2023,14:13:48,2.0,3.0,Astoria,32.0,3.0,Coffee,Gourmet brewed coffee,Ethiopia Rg
3001.0,06/01/2023,14:14:59,1.0,5.0,Lower Manhattan,51.0,3.0,Tea,Brewed Black tea,Earl Grey Lg
3002.0,06/01/2023,14:15:25,1.0,8.0,Hell's Kitchen,30.0,3.0,Coffee,Gourmet brewed coffee,Columbian Medium Roast Lg
3003.0,06/01/2023,14:16:03,,,Astoria,24.0,3.0,Coffee,Drip coffee,Our Old Time Diner Blend Lg
3004.0,06/01/2023,14:18:01,1.0,5.0,Lower Manhattan,41.0,4.25,Coffee,Barista Espresso,Cappuccino Lg
3005.0,06/01/2023,14:22:08,2.0,8.0,Hell's Kitchen,27.0,3.5,Coffee,Organic brewed coffee,Brazilian Lg
3006.0,06/01/2023,14:22:10,2.0,5.0,Lower Manhattan,32.0,3.0,Coffee,Gourmet brewed coffee,Ethiopia Rg
3007.0,06/01/2023,14:25:52,2.0,3.0,Astoria,51.0,3.0,Tea,Brewed Black tea,Earl Grey Lg
3008.0,06/01/2023,14:25:53,1.0,5.0,Lower Manhattan,47.0,3.0,Tea,Brewed Green tea,Serenity Green Tea Lg
3009.0,06/01/2023,14:26:33,2.0,8.0,Hell's Kitchen,59.0,4.5,Drinking Chocolate,Hot chocolate,Dark chocolate Lg
3010.0,06/01/2023,14:28:43,2.0,8.0,Hell's Kitchen,37.0,3.0,Coffee,Barista Espresso,Espresso shot
3011.0,06/01/2023,14:28:43,1.0,8.0,Hell's Kitchen,74.0,3.5,Bakery,Biscotti,Ginger Biscotti
,06/01/2023,14:29:05,2.0,,Lower Manhattan,,2.5,Coffee,Gourmet brewed coffee,Columbian Medium Roast Rg
3013.0,06/01/2023,14:31:02,1.0,3.0,Astoria,23.0,2.5,Coffee,Drip coffee,Our Old Time Diner Blend Rg
,06/01/2023,14:31:02,1.0,3.0,Astoria,73.0,,Bakery,Pastry,Almond Croissant
3015.0,06/01/2023,14:35:04,1.0,5.0,Lower Manhattan,23.0,2.5,Coffee,Drip coffee,Our Old Time Diner Blend Rg
3016.0,06/01/2023,14:37:01,1.0,5.0,Lower Manhattan,23.0,2.5,Coffee,Drip coffee,Our Old Time Diner Blend Rg
3017.0,06/01/2023,14:37:01,1.0,5.0,Lower Manhattan,70.0,3.25,Bakery,Scone,Cranberry Scone
3018.0,06/01/2023,14:37:57,1.0,8.0,Hell's Kitchen,61.0,4.75,Drinking Chocolate,Hot chocolate,Sustainably Grown Organic Lg
3019.0,06/01/2023,14:39:23,1.0,3.0,Astoria,49.0,3.0,Tea,Brewed Black tea,English Breakfast Lg
3020.0,06/01/2023,14:39:23,1.0,3.0,Astoria,72.0,3.25,Bakery,Scone,Ginger Scone
3021.0,06/01/2023,14:41:25,2.0,3.0,Astoria,32.0,3.0,Coffee,Gourmet brewed coffee,Ethiopia Rg
3022.0,06/01/2023,14:42:25,1.0,8.0,Hell's Kitchen,56.0,2.55,Tea,Brewed Chai tea,Spicy Eye Opener Chai Rg
3023.0,06/01/2023,14:43:16,2.0,8.0,Hell's Kitchen,41.0,4.25,Coffee,Barista Espresso,Cappuccino Lg
3024.0,06/01/2023,14:44:01,1.0,8.0,Hell's Kitchen,23.0,2.5,Coffee,Drip coffee,Our Old Time Diner Blend Rg
3025.0,06/01/2023,14:45:10,1.0,5.0,Lower Manhattan,59.0,4.5,Drinking Chocolate,Hot chocolate,Dark chocolate Lg
3026.0,06/01/2023,14:46:55,1.0,5.0,Lower Manhattan,54.0,2.5,Tea,Brewed Chai tea,Morning Sunrise Chai Rg
3027.0,06/01/2023,14:47:20,2.0,3.0,Astoria,61.0,4.75,Drinking Chocolate,Hot chocolate,Sustainably Grown Organic Lg
3028.0,06/01/2023,14:50:13,2.0,8.0,Hell's Kitchen,61.0,4.75,Drinking Chocolate,Hot chocolate,Sustainably Grown Organic Lg
3029.0,06/01/2023,14:52:45,2.0,5.0,Lower Manhattan,28.0,2.0,Coffee,Gourmet brewed coffee,Columbian Medium Roast Sm
3030.0,06/01/2023,14:54:05,1.0,3.0,Astoria,50.0,2.5,Tea,Brewed Black tea,Earl Grey Rg
3031.0,06/01/2023,14:54:27,1.0,3.0,Astoria,59.0,4.5,Drinking Chocolate,Hot chocolate,Dark chocolate Lg
3032.0,06/01/2023,14:54:57,2.0,5.0,Lower Manhattan,49.0,3.0,Tea,Brewed Black tea,English Breakfast Lg
3033.0,06/01/2023,14:58:53,,,Hell's Kitchen,,2.5,Tea,Brewed Green tea,Serenity Green Tea Rg
3034.0,06/01/2023,15:00:50,2.0,3.0,Astoria,56.0,2.55,Tea,Brewed Chai tea,Spicy Eye Opener Chai Rg
3035.0,06/01/2023,15:01:07,1.0,5.0,Lower Manhattan,25.0,2.2,Coffee,Organic brewed coffee,Brazilian Sm
3036.0,06/01/2023,15:02:13,1.0,5.0,Lower Manhattan,44.0,2.5,Tea,Brewed herbal tea,Peppermint Rg
,06/01/2023,15:02:25,1.0,5.0,Lower Manhattan,,3.1,Coffee,Premium brewed coffee,Jamaican Coffee River Rg
3038.0,06/01/2023,15:02:51,2.0,5.0,Lower Manhattan,60.0,3.75,Drinking Chocolate,Hot chocolate,Sustainably Grown Organic Rg
3039.0,06/01/2023,15:03:29,1.0,8.0,Hell's Kitchen,22.0,2.0,Coffee,Drip coffee,Our Old Time Diner Blend Sm
3040.0,06/01/2023,15:04:15,1.0,5.0,Lower Manhattan,56.0,2.55,Tea,Brewed Chai tea,Spicy Eye Opener Chai Rg
3041.0,06/01/2023,15:05:10,1.0,3.0,Astoria,55.0,4.0,Tea,Brewed Chai tea,Morning Sunrise Chai Lg
3042.0,06/01/2023,15:05:10,1.0,3.0,Astoria,69.0,3.25,Bakery,Biscotti,Hazelnut Biscotti
3043.0,06/01/2023,15:09:02,1.0,8.0,Hell's Kitchen,29.0,2.5,Coffee,Gourmet brewed coffee,Columbian Medium Roast Rg
3044.0,06/01/2023,15:10:20,2.0,5.0,Lower Manhattan,58.0,3.5,Drinking Chocolate,Hot chocolate,Dark chocolate Rg
3045.0,06/01/2023,15:14:15,1.0,5.0,Lower Manhattan,58.0,3.5,Drinking Chocolate,Hot chocolate,Dark chocolate Rg
3046.0,06/01/2023,15:14:15,1.0,5.0,Lower Manhattan,71.0,3.75,Bakery,Pastry,Chocolate Croissant
3047.0,06/01/2023,15:14:56,1.0,5.0,Lower Manhattan,37.0,3.0,Coffee,Barista Espresso,Espresso shot
,06/01/2023,15:16:02,1.0,,Hell's Kitchen,,2.5,Tea,Brewed herbal tea,Peppermint Rg
3049.0,06/01/2023,15:17:22,1.0,8.0,Hell's Kitchen,44.0,2.5,Tea,Brewed herbal tea,Peppermint Rg
3050.0,06/01/2023,15:17:29,2.0,5.0,Lower Manhattan,33.0,3.5,Coffee,Gourmet brewed coffee,Ethiopia Lg
3051.0,06/01/2023,15:18:14,2.0,8.0,Hell's Kitchen,44.0,2.5,Tea,Brewed herbal tea,Peppermint Rg
3052.0,06/01/2023,15:18:14,1.0,8.0,Hell's Kitchen,78.0,4.5,Bakery,Scone,Scottish Cream Scone 
3053.0,06/01/2023,15:19:52,2.0,3.0,Astoria,27.0,3.5,Coffee,Organic brewed coffee,Brazilian Lg
3054.0,06/01/2023,15:21:27,2.0,8.0,Hell's Kitchen,42.0,2.5,Tea,Brewed herbal tea,Lemon Grass Rg
3055.0,06/01/2023,15:21:27,1.0,8.0,Hell's Kitchen,77.0,3.0,Bakery,Scone,Oatmeal Scone
3056.0,06/01/2023,15:21:48,1.0,3.0,Astoria,49.0,3.0,Tea,Brewed Black tea,English Breakfast Lg
3057.0,06/01/2023,15:22:20,1.0,8.0,Hell's Kitchen,31.0,2.2,Coffee,Gourmet brewed coffee,Ethiopia Sm
3058.0,06/01/2023,15:22:40,2.0,3.0,Astoria,41.0,4.25,Coffee,Barista Espresso,Cappuccino Lg
3059.0,06/01/2023,15:25:13,1.0,3.0,Astoria,49.0,3.0,Tea,Brewed Black tea,English Breakfast Lg
3060.0,06/01/2023,15:25:48,1.0,3.0,Astoria,61.0,4.75,Drinking Chocolate,Hot chocolate,Sustainably Grown Organic Lg
3061.0,06/01/2023,15:25:57,2.0,5.0,Lower Manhattan,35.0,3.1,Coffee,Premium brewed coffee,Jamaican Coffee River Rg
3062.0,06/01/2023,15:25:57,1.0,5.0,Lower Manhattan,75.0,3.5,Bakery,Pastry,Croissant
3063.0,06/01/2023,15:26:52,2.0,8.0,Hell's Kitchen,61.0,4.75,Drinking Chocolate,Hot chocolate,Sustainably Grown Organic Lg
3064.0,06/01/2023,15:26:52,1.0,8.0,Hell's Kitchen,75.0,3.5,Bakery,Pastry,Croissant
3065.0,06/01/2023,15:28:46,2.0,5.0,Lower Manhattan,59.0,4.5,Drinking Chocolate,Hot chocolate,Dark chocolate Lg
3066.0,06/01/2023,15:29:06,2.0,3.0,Astoria,52.0,2.5,Tea,Brewed Chai tea,Traditional Blend Chai Rg
3067.0,06/01/2023,15:30:53,2.0,8.0,Hell's Kitchen,49.0,3.0,Tea,Brewed Black tea,English Breakfast Lg
3068.0,06/01/2023,15:31:18,1.0,8.0,Hell's Kitchen,22.0,2.0,Coffee,Drip coffee,Our Old Time Diner Blend Sm
3069.0,06/01/2023,15:32:45,1.0,3.0,Astoria,28.0,2.0,Coffee,Gourmet brewed coffee,Columbian Medium Roast Sm
3070.0,06/01/2023,15:32:52,2.0,3.0,Astoria,26.0,3.0,Coffee,Organic brewed coffee,Brazilian Rg
3071.0,06/01/2023,15:32:52,1.0,3.0,Astoria,79.0,3.75,Bakery,Scone,Jumbo Savory Scone
3072.0,06/01/2023,15:37:14,2.0,8.0,Hell's Kitchen,54.0,2.5,Tea,Brewed Chai tea,Morning Sunrise Chai Rg
3073.0,06/01/2023,15:37:14,1.0,8.0,Hell's Kitchen,77.0,3.0,Bakery,Scone,Oatmeal Scone
3074.0,06/01/2023,15:38:07,2.0,5.0,Lower Manhattan,45.0,3.0,Tea,Brewed herbal tea,Peppermint Lg
3075.0,06/01/2023,15:38:40,1.0,5.0,Lower Manhattan,34.0,2.45,Coffee,Premium brewed coffee,Jamaican Coffee River Sm
3076.0,06/01/2023,15:38:40,1.0,5.0,Lower Manhattan,69.0,3.25,Bakery,Biscotti,Hazelnut Biscotti
3077.0,06/01/2023,15:40:57,1.0,5.0,Lower Manhattan,39.0,4.25,Coffee,Barista Espresso,Latte Rg
3078.0,06/01/2023,15:41:49,1.0,8.0,Hell's Kitchen,42.0,2.5,Tea,Brewed herbal tea,Lemon Grass Rg
3079.0,06/01/2023,15:41:49,1.0,8.0,Hell's Kitchen,78.0,4.5,Bakery,Scone,Scottish Cream Scone 
3080.0,06/01/2023,15:42:13,1.0,5.0,Lower Manhattan,57.0,3.1,Tea,Brewed Chai tea,Spicy Eye Opener Chai Lg
3081.0,06/01/2023,15:42:29,1.0,5.0,Lower Manhattan,31.0,2.2,Coffee,Gourmet brewed coffee,Ethiopia Sm
3082.0,06/01/2023,15:43:22,2.0,5.0,Lower Manhattan,29.0,2.5,Coffee,Gourmet brewed coffee,Columbian Medium Roast Rg
3083.0,06/01/2023,15:45:48,1.0,8.0,Hell's Kitchen,33.0,3.5,Coffee,Gourmet brewed coffee,Ethiopia Lg
3084.0,06/01/2023,15:45:48,1.0,8.0,Hell's Kitchen,69.0,3.25,Bakery,Biscotti,Hazelnut Biscotti
3085.0,06/01/2023,15:46:56,2.0,5.0,Lower Manhattan,59.0,4.5,Drinking Chocolate,Hot chocolate,Dark chocolate Lg
3086.0,06/01/2023,15:47:18,2.0,3.0,Astoria,44.0,2.5,Tea,Brewed herbal tea,Peppermint Rg
3087.0,06/01/2023,15:47:18,1.0,3.0,Astoria,74.0,3.5,Bakery,Biscotti,Ginger Biscotti
3088.0,06/01/2023,15:47:20,1.0,5.0,Lower Manhattan,23.0,2.5,Coffee,Drip coffee,Our Old Time Diner Blend Rg
3089.0,06/01/2023,15:47:20,1.0,5.0,Lower Manhattan,69.0,3.25,Bakery,Biscotti,Hazelnut Biscotti
3090.0,06/01/2023,15:47:42,2.0,8.0,Hell's Kitchen,57.0,3.1,Tea,Brewed Chai tea,Spicy Eye Opener Chai Lg
3091.0,06/01/2023,15:49:14,2.0,8.0,Hell's Kitchen,35.0,3.1,Coffee,Premium brewed coffee,Jamaican Coffee River Rg
3092.0,06/01/2023,15:50:31,2.0,5.0,Lower Manhattan,42.0,2.5,Tea,Brewed herbal tea,Lemon Grass Rg
3093.0,06/01/2023,15:50:31,1.0,5.0,Lower Manhattan,71.0,3.75,Bakery,Pastry,Chocolate Croissant
3094.0,06/01/2023,15:52:48,2.0,3.0,Astoria,59.0,4.5,Drinking Chocolate,Hot chocolate,Dark chocolate Lg
3095.0,06/01/2023,15:54:21,2.0,8.0,Hell's Kitchen,34.0,2.45,Coffee,Premium brewed coffee,Jamaican Coffee River Sm
3096.0,06/01/2023,15:55:34,1.0,3.0,Astoria,29.0,2.5,Coffee,Gourmet brewed coffee,Columbian Medium Roast Rg
3097.0,06/01/2023,15:55:34,1.0,3.0,Astoria,71.0,3.75,Bakery,Pastry,Chocolate Croissant
3098.0,06/01/2023,15:59:48,1.0,5.0,Lower Manhattan,31.0,2.2,Coffee,Gourmet brewed coffee,Ethiopia Sm
3099.0,06/01/2023,16:01:15,2.0,3.0,Astoria,52.0,2.5,Tea,Brewed Chai tea,Traditional Blend Chai Rg
3100.0,06/01/2023,16:01:38,2.0,3.0,Astoria,61.0,4.75,Drinking Chocolate,Hot chocolate,Sustainably Grown Organic Lg
3101.0,06/01/2023,16:04:00,1.0,8.0,Hell's Kitchen,32.0,3.0,Coffee,Gourmet brewed coffee,Ethiopia Rg
3102.0,06/01/2023,16:06:32,1.0,5.0,Lower Manhattan,55.0,4.0,Tea,Brewed Chai tea,Morning Sunrise Chai Lg
3103.0,06/01/2023,16:06:32,1.0,5.0,Lower Manhattan,69.0,3.25,Bakery,Biscotti,Hazelnut Biscotti
3104.0,06/01/2023,16:07:08,2.0,5.0,Lower Manhattan,60.0,3.75,Drinking Chocolate,Hot chocolate,Sustainably Grown Organic Rg
3105.0,06/01/2023,16:09:20,2.0,8.0,Hell's Kitchen,22.0,2.0,Coffee,Drip coffee,Our Old Time Diner Blend Sm
3106.0,06/01/2023,16:09:48,1.0,3.0,Astoria,54.0,2.5,Tea,Brewed Chai tea,Morning Sunrise Chai Rg
3107.0,06/01/2023,16:09:48,2.0,5.0,Lower Manhattan,51.0,3.0,Tea,Brewed Black tea,Earl Grey Lg
3108.0,06/01/2023,16:10:40,1.0,8.0,Hell's Kitchen,46.0,2.5,Tea,Brewed Green tea,Serenity Green Tea Rg
3109.0,06/01/2023,16:11:53,2.0,8.0,Hell's Kitchen,35.0,3.1,Coffee,Premium brewed coffee,Jamaican Coffee River Rg
3110.0,06/01/2023,16:12:52,2.0,8.0,Hell's Kitchen,28.0,2.0,Coffee,Gourmet brewed coffee,Columbian Medium Roast Sm
3111.0,06/01/2023,16:13:51,2.0,3.0,Astoria,53.0,3.0,Tea,Brewed Chai tea,Traditional Blend Chai Lg
3112.0,06/01/2023,16:13:51,1.0,3.0,Astoria,77.0,3.0,Bakery,Scone,Oatmeal Scone
3113.0,06/01/2023,16:14:53,1.0,8.0,Hell's Kitchen,27.0,3.5,Coffee,Organic brewed coffee,Brazilian Lg
3114.0,06/01/2023,16:16:48,2.0,,Lower Manhattan,38.0,,Coffee,Barista Espresso,Latte
3115.0,06/01/2023,16:16:48,,5.0,Lower Manhattan,72.0,,Bakery,Scone,Ginger Scone
3116.0,06/01/2023,16:18:33,2.0,8.0,Hell's Kitchen,46.0,2.5,Tea,Brewed Green tea,Serenity Green Tea Rg
3117.0,06/01/2023,16:20:00,2.0,3.0,Astoria,39.0,4.25,Coffee,Barista Espresso,Latte Rg
3118.0,06/01/2023,16:20:01,1.0,5.0,Lower Manhattan,26.0,3.0,Coffee,Organic brewed coffee,Brazilian Rg
3119.0,06/01/2023,16:22:18,2.0,8.0,Hell's Kitchen,23.0,2.5,Coffee,Drip coffee,Our Old Time Diner Blend Rg
3120.0,06/01/2023,16:24:16,1.0,8.0,Hell's Kitchen,24.0,3.0,Coffee,Drip coffee,Our Old Time Diner Blend Lg
3121.0,06/01/2023,16:24:46,2.0,3.0,Astoria,61.0,4.75,Drinking Chocolate,Hot chocolate,Sustainably Grown Organic Lg
3122.0,06/01/2023,16:24:57,1.0,3.0,Astoria,41.0,4.25,Coffee,Barista Espresso,Cappuccino Lg
3123.0,06/01/2023,16:24:57,1.0,3.0,Astoria,79.0,3.75,Bakery,Scone,Jumbo Savory Scone
3124.0,06/01/2023,16:25:11,2.0,3.0,Astoria,30.0,3.0,Coffee,Gourmet brewed coffee,Columbian Medium Roast Lg
3125.0,06/01/2023,16:25:44,1.0,8.0,Hell's Kitchen,48.0,2.5,Tea,Brewed Black tea,English Breakfast Rg
3126.0,06/01/2023,16:28:02,2.0,5.0,Lower Manhattan,49.0,3.0,Tea,Brewed Black tea,English Breakfast Lg
3127.0,06/01/2023,16:31:21,,,Hell's Kitchen,56.0,2.55,Tea,Brewed Chai tea,Spicy Eye Opener Chai Rg
3128.0,06/01/2023,16:31:43,1.0,5.0,Lower Manhattan,31.0,2.2,Coffee,Gourmet brewed coffee,Ethiopia Sm
3129.0,06/01/2023,16:32:58,2.0,5.0,Lower Manhattan,36.0,3.75,Coffee,Premium brewed coffee,Jamaican Coffee River Lg
3130.0,06/01/2023,16:33:58,2.0,3.0,Astoria,36.0,3.75,Coffee,Premium brewed coffee,Jamaican Coffee River Lg
,06/01/2023,16:35:32,,5.0,Lower Manhattan,50.0,,Tea,Brewed Black tea,Earl Grey Rg
3132.0,06/01/2023,16:36:16,2.0,8.0,Hell's Kitchen,23.0,2.5,Coffee,Drip coffee,Our Old Time Diner Blend Rg
3133.0,06/01/2023,16:36:59,1.0,8.0,Hell's Kitchen,29.0,2.5,Coffee,Gourmet brewed coffee,Columbian Medium Roast Rg
3134.0,06/01/2023,16:38:11,1.0,3.0,Astoria,33.0,3.5,Coffee,Gourmet brewed coffee,Ethiopia Lg
3135.0,06/01/2023,16:38:11,1.0,3.0,Astoria,70.0,3.25,Bakery,Scone,Cranberry Scone
3136.0,06/01/2023,16:41:34,2.0,8.0,Hell's Kitchen,24.0,3.0,Coffee,Drip coffee,Our Old Time Diner Blend Lg
3137.0,06/01/2023,16:42:21,1.0,5.0,Lower Manhattan,52.0,2.5,Tea,Brewed Chai tea,Traditional Blend Chai Rg
3138.0,06/01/2023,16:43:09,2.0,8.0,Hell's Kitchen,24.0,3.0,Coffee,Drip coffee,Our Old Time Diner Blend Lg
3139.0,06/01/2023,16:45:35,2.0,8.0,Hell's Kitchen,46.0,2.5,Tea,Brewed Green tea,Serenity Green Tea Rg
3140.0,06/01/2023,16:53:26,2.0,3.0,Astoria,22.0,2.0,Coffee,Drip coffee,Our Old Time Diner Blend Sm
3141.0,06/01/2023,16:53:29,2.0,5.0,Lower Manhattan,27.0,3.5,Coffee,Organic brewed coffee,Brazilian Lg
3142.0,06/01/2023,16:54:34,2.0,8.0,Hell's Kitchen,31.0,2.2,Coffee,Gourmet brewed coffee,Ethiopia Sm
3143.0,06/01/2023,17:00:54,1.0,5.0,Lower Manhattan,30.0,3.0,Coffee,Gourmet brewed coffee,Columbian Medium Roast Lg
3144.0,06/01/2023,17:00:54,1.0,5.0,Lower Manhattan,73.0,3.75,Bakery,Pastry,Almond Croissant
3145.0,06/01/2023,17:01:53,2.0,8.0,Hell's Kitchen,38.0,3.75,Coffee,Barista Espresso,Latte
3146.0,06/01/2023,17:03:56,2.0,3.0,Astoria,47.0,3.0,Tea,Brewed Green tea,Serenity Green Tea Lg
3147.0,06/01/2023,17:03:56,1.0,3.0,Astoria,78.0,4.5,Bakery,Scone,Scottish Cream Scone 
3148.0,06/01/2023,17:06:09,2.0,8.0,Hell's Kitchen,34.0,2.45,Coffee,Premium brewed coffee,Jamaican Coffee River Sm
3149.0,06/01/2023,17:09:19,2.0,5.0,Lower Manhattan,25.0,2.2,Coffee,Organic brewed coffee,Brazilian Sm
3150.0,06/01/2023,17:14:32,1.0,8.0,Hell's Kitchen,87.0,3.0,Coffee,Barista Espresso,Ouro Brasileiro shot
3151.0,06/01/2023,17:14:32,1.0,8.0,Hell's Kitchen,76.0,3.5,Bakery,Biscotti,Chocolate Chip Biscotti
3152.0,06/01/2023,17:18:22,2.0,3.0,Astoria,33.0,3.5,Coffee,Gourmet brewed coffee,Ethiopia Lg
3153.0,06/01/2023,17:19:08,2.0,3.0,Astoria,58.0,3.5,Drinking Chocolate,Hot chocolate,Dark chocolate Rg
3154.0,06/01/2023,17:19:22,2.0,5.0,Lower Manhattan,51.0,3.0,Tea,Brewed Black tea,Earl Grey Lg
3155.0,06/01/2023,17:20:38,1.0,3.0,Astoria,36.0,3.75,Coffee,Premium brewed coffee,Jamaican Coffee River Lg
3156.0,06/01/2023,17:22:32,2.0,5.0,Lower Manhattan,58.0,3.5,Drinking Chocolate,Hot chocolate,Dark chocolate Rg
3157.0,06/01/2023,17:23:25,2.0,8.0,Hell's Kitchen,43.0,3.0,Tea,Brewed herbal tea,Lemon Grass Lg
3158.0,06/01/2023,17:24:08,1.0,8.0,Hell's Kitchen,57.0,3.1,Tea,Brewed Chai tea,Spicy Eye Opener Chai Lg
3159.0,06/01/2023,17:24:34,2.0,5.0,Lower Manhattan,50.0,2.5,Tea,Brewed Black tea,Earl Grey Rg
3160.0,06/01/2023,17:25:38,2.0,5.0,Lower Manhattan,29.0,2.5,Coffee,Gourmet brewed coffee,Columbian Medium Roast Rg
3161.0,06/01/2023,17:26:46,2.0,8.0,Hell's Kitchen,87.0,3.0,Coffee,Barista Espresso,Ouro Brasileiro shot
3162.0,06/01/2023,17:28:23,1.0,8.0,Hell's Kitchen,44.0,2.5,Tea,Brewed herbal tea,Peppermint Rg
3163.0,06/01/2023,17:31:41,2.0,3.0,Astoria,36.0,3.75,Coffee,Premium brewed coffee,Jamaican Coffee River Lg
3164.0,06/01/2023,17:32:53,2.0,3.0,Astoria,25.0,2.2,Coffee,Organic brewed coffee,Brazilian Sm
3165.0,06/01/2023,17:33:47,2.0,5.0,Lower Manhattan,27.0,3.5,Coffee,Organic brewed coffee,Brazilian Lg
3166.0,06/01/2023,17:35:28,1.0,3.0,Astoria,31.0,2.2,Coffee,Gourmet brewed coffee,Ethiopia Sm
3167.0,06/01/2023,17:35:51,1.0,8.0,Hell's Kitchen,57.0,3.1,Tea,Brewed Chai tea,Spicy Eye Opener Chai Lg
3168.0,06/01/2023,17:36:05,1.0,8.0,Hell's Kitchen,33.0,3.5,Coffee,Gourmet brewed coffee,Ethiopia Lg
3169.0,06/01/2023,17:37:52,1.0,3.0,Astoria,56.0,2.55,Tea,Brewed Chai tea,Spicy Eye Opener Chai Rg
3170.0,06/01/2023,17:37:52,1.0,3.0,Astoria,69.0,3.25,Bakery,Biscotti,Hazelnut Biscotti
3171.0,06/01/2023,17:38:48,2.0,5.0,Lower Manhattan,29.0,2.5,Coffee,Gourmet brewed coffee,Columbian Medium Roast Rg
3172.0,06/01/2023,17:38:56,2.0,3.0,Astoria,44.0,2.5,Tea,Brewed herbal tea,Peppermint Rg
3173.0,06/01/2023,17:40:03,2.0,5.0,Lower Manhattan,29.0,2.5,Coffee,Gourmet brewed coffee,Columbian Medium Roast Rg
3174.0,06/01/2023,17:40:18,2.0,8.0,Hell's Kitchen,54.0,2.5,Tea,Brewed Chai tea,Morning Sunrise Chai Rg
3175.0,06/01/2023,17:42:37,2.0,3.0,Astoria,58.0,3.5,Drinking Chocolate,Hot chocolate,Dark chocolate Rg
3176.0,06/01/2023,17:44:00,2.0,3.0,Astoria,30.0,3.0,Coffee,Gourmet brewed coffee,Columbian Medium Roast Lg
,06/01/2023,17:46:02,1.0,8.0,Hell's Kitchen,,,Tea,Brewed Chai tea,Morning Sunrise Chai Rg
3178.0,06/01/2023,17:49:08,2.0,3.0,Astoria,56.0,2.55,Tea,Brewed Chai tea,Spicy Eye Opener Chai Rg
3179.0,06/01/2023,17:49:08,,,Astoria,78.0,4.5,Bakery,Scone,Scottish Cream Scone 
3180.0,06/01/2023,17:52:25,2.0,5.0,Lower Manhattan,,,Coffee,Drip coffee,Our Old Time Diner Blend Rg
3181.0,06/01/2023,17:53:09,1.0,3.0,Astoria,42.0,2.5,Tea,Brewed herbal tea,Lemon Grass Rg
,06/01/2023,17:54:31,1.0,,Lower Manhattan,,4.25,Coffee,Barista Espresso,Cappuccino Lg
3183.0,06/01/2023,17:55:31,2.0,3.0,Astoria,30.0,3.0,Coffee,Gourmet brewed coffee,Columbian Medium Roast Lg
3184.0,06/01/2023,17:57:35,1.0,5.0,Lower Manhattan,45.0,3.0,Tea,Brewed herbal tea,Peppermint Lg
3185.0,06/01/2023,17:59:49,2.0,8.0,Hell's Kitchen,47.0,3.0,Tea,Brewed Green tea,Serenity Green Tea Lg
3186.0,06/01/2023,17:59:58,1.0,5.0,Lower Manhattan,27.0,3.5,Coffee,Organic brewed coffee,Brazilian Lg
3187.0,06/01/2023,18:00:30,1.0,3.0,Astoria,31.0,2.2,Coffee,Gourmet brewed coffee,Ethiopia Sm
3188.0,06/01/2023,18:00:30,1.0,3.0,Astoria,74.0,3.5,Bakery,Biscotti,Ginger Biscotti
3189.0,06/01/2023,18:02:12,1.0,3.0,Astoria,42.0,2.5,Tea,Brewed herbal tea,Lemon Grass Rg
3190.0,06/01/2023,18:02:34,1.0,3.0,Astoria,23.0,2.5,Coffee,Drip coffee,Our Old Time Diner Blend Rg
3191.0,06/01/2023,18:03:12,1.0,8.0,Hell's Kitchen,37.0,3.0,Coffee,Barista Espresso,Espresso shot
3192.0,06/01/2023,18:07:17,2.0,8.0,Hell's Kitchen,43.0,3.0,Tea,Brewed herbal tea,Lemon Grass Lg
3193.0,06/01/2023,18:07:19,1.0,3.0,Astoria,30.0,3.0,Coffee,Gourmet brewed coffee,Columbian Medium Roast Lg
3194.0,06/01/2023,18:07:19,1.0,3.0,Astoria,78.0,4.5,Bakery,Scone,Scottish Cream Scone 
3195.0,06/01/2023,18:07:49,2.0,3.0,Astoria,55.0,4.0,Tea,Brewed Chai tea,Morning Sunrise Chai Lg
3196.0,06/01/2023,18:08:50,2.0,5.0,Lower Manhattan,51.0,3.0,Tea,Brewed Black tea,Earl Grey Lg
3197.0,06/01/2023,18:09:21,1.0,8.0,Hell's Kitchen,24.0,3.0,Coffee,Drip coffee,Our Old Time Diner Blend Lg
3198.0,06/01/2023,18:11:01,1.0,,Lower Manhattan,,4.0,Tea,Brewed Chai tea,Morning Sunrise Chai Lg
3199.0,06/01/2023,18:13:30,2.0,3.0,Astoria,22.0,2.0,Coffee,Drip coffee,Our Old Time Diner Blend Sm
3200.0,06/01/2023,18:13:51,2.0,3.0,Astoria,34.0,2.45,Coffee,Premium brewed coffee,Jamaican Coffee River Sm
3201.0,06/01/2023,18:15:27,1.0,3.0,Astoria,29.0,2.5,Coffee,Gourmet brewed coffee,Columbian Medium Roast Rg
3202.0,06/01/2023,18:15:27,1.0,3.0,Astoria,77.0,3.0,Bakery,Scone,Oatmeal Scone
3203.0,06/01/2023,18:16:02,2.0,8.0,Hell's Kitchen,36.0,3.75,Coffee,Premium brewed coffee,Jamaican Coffee River Lg
3204.0,06/01/2023,18:19:25,1.0,5.0,Lower Manhattan,41.0,4.25,Coffee,Barista Espresso,Cappuccino Lg
3205.0,06/01/2023,18:21:46,1.0,3.0,Astoria,60.0,3.75,Drinking Chocolate,Hot chocolate,Sustainably Grown Organic Rg
3206.0,06/01/2023,18:22:14,1.0,3.0,Astoria,24.0,3.0,Coffee,Drip coffee,Our Old Time Diner Blend Lg
3207.0,06/01/2023,18:23:27,1.0,3.0,Astoria,43.0,3.0,Tea,Brewed herbal tea,Lemon Grass Lg
3208.0,06/01/2023,18:24:05,1.0,8.0,Hell's Kitchen,35.0,3.1,Coffee,Premium brewed coffee,Jamaican Coffee River Rg
3209.0,06/01/2023,18:24:52,2.0,5.0,Lower Manhattan,37.0,3.0,Coffee,Barista Espresso,Espresso shot
3210.0,06/01/2023,18:24:52,1.0,5.0,Lower Manhattan,71.0,3.75,Bakery,Pastry,Chocolate Croissant
3211.0,06/01/2023,18:28:43,1.0,3.0,Astoria,46.0,2.5,Tea,Brewed Green tea,Serenity Green Tea Rg
3212.0,06/01/2023,18:28:50,2.0,8.0,Hell's Kitchen,32.0,3.0,Coffee,Gourmet brewed coffee,Ethiopia Rg
3213.0,06/01/2023,18:31:14,2.0,3.0,Astoria,47.0,3.0,Tea,Brewed Green tea,Serenity Green Tea Lg
3214.0,06/01/2023,18:36:15,2.0,3.0,Astoria,43.0,3.0,Tea,Brewed herbal tea,Lemon Grass Lg
3215.0,06/01/2023,18:37:07,2.0,3.0,Astoria,43.0,3.0,Tea,Brewed herbal tea,Lemon Grass Lg
3216.0,06/01/2023,18:37:39,2.0,3.0,Astoria,42.0,2.5,Tea,Brewed herbal tea,Lemon Grass Rg
3217.0,06/01/2023,18:41:16,2.0,8.0,Hell's Kitchen,52.0,2.5,Tea,Brewed Chai tea,Traditional Blend Chai Rg
3218.0,06/01/2023,18:49:01,2.0,8.0,Hell's Kitchen,26.0,3.0,Coffee,Organic brewed coffee,Brazilian Rg
3219.0,06/01/2023,18:50:00,1.0,8.0,Hell's Kitchen,43.0,3.0,Tea,Brewed herbal tea,Lemon Grass Lg
3220.0,06/01/2023,18:50:40,1.0,8.0,Hell's Kitchen,27.0,3.5,Coffee,Organic brewed coffee,Brazilian Lg
3221.0,06/01/2023,18:52:10,2.0,3.0,Astoria,37.0,3.0,Coffee,Barista Espresso,Espresso shot
3222.0,06/01/2023,18:53:01,2.0,3.0,Astoria,52.0,2.5,Tea,Brewed Chai tea,Traditional Blend Chai Rg
3223.0,06/01/2023,18:53:01,1.0,3.0,Astoria,70.0,3.25,Bakery,Scone,Cranberry Scone
3224.0,06/01/2023,18:53:18,1.0,8.0,Hell's Kitchen,24.0,3.0,Coffee,Drip coffee,Our Old Time Diner Blend Lg
3225.0,06/01/2023,18:53:18,1.0,8.0,Hell's Kitchen,73.0,3.75,Bakery,Pastry,Almond Croissant
3226.0,06/01/2023,19:00:11,2.0,8.0,Hell's Kitchen,36.0,3.75,Coffee,Premium brewed coffee,Jamaican Coffee River Lg
3227.0,06/01/2023,19:04:04,1.0,3.0,Astoria,49.0,3.0,Tea,Brewed Black tea,English Breakfast Lg
3228.0,06/01/2023,19:04:52,2.0,3.0,Astoria,42.0,2.5,Tea,Brewed herbal tea,Lemon Grass Rg
3229.0,06/01/2023,19:06:30,2.0,8.0,Hell's Kitchen,30.0,3.0,Coffee,Gourmet brewed coffee,Columbian Medium Roast Lg
3230.0,06/01/2023,19:06:30,1.0,8.0,Hell's Kitchen,73.0,3.75,Bakery,Pastry,Almond Croissant
3231.0,06/01/2023,19:08:42,2.0,3.0,Astoria,36.0,3.75,Coffee,Premium brewed coffee,Jamaican Coffee River Lg
3232.0,06/01/2023,19:09:13,2.0,3.0,Astoria,56.0,2.55,Tea,Brewed Chai tea,Spicy Eye Opener Chai Rg
3233.0,06/01/2023,19:13:01,2.0,8.0,Hell's Kitchen,43.0,3.0,Tea,Brewed herbal tea,Lemon Grass Lg
3234.0,06/01/2023,19:13:31,2.0,3.0,Astoria,27.0,3.5,Coffee,Organic brewed coffee,Brazilian Lg
3235.0,06/01/2023,19:13:31,1.0,3.0,Astoria,74.0,3.5,Bakery,Biscotti,Ginger Biscotti
,06/01/2023,19:15:19,,8.0,Hell's Kitchen,27.0,,Coffee,Organic brewed coffee,Brazilian Lg
3237.0,06/01/2023,19:26:20,1.0,8.0,Hell's Kitchen,26.0,3.0,Coffee,Organic brewed coffee,Brazilian Rg
3238.0,06/01/2023,19:27:50,2.0,3.0,Astoria,40.0,3.75,Coffee,Barista Espresso,Cappuccino
3239.0,06/01/2023,19:29:11,1.0,3.0,Astoria,29.0,2.5,Coffee,Gourmet brewed coffee,Columbian Medium Roast Rg
3240.0,06/01/2023,19:31:02,2.0,3.0,Astoria,56.0,2.55,Tea,Brewed Chai tea,Spicy Eye Opener Chai Rg
3241.0,06/01/2023,19:31:02,1.0,3.0,Astoria,70.0,3.25,Bakery,Scone,Cranberry Scone
3242.0,06/01/2023,19:31:50,1.0,8.0,Hell's Kitchen,44.0,2.5,Tea,Brewed herbal tea,Peppermint Rg
3243.0,06/01/2023,19:34:16,2.0,3.0,Astoria,28.0,2.0,Coffee,Gourmet brewed coffee,Columbian Medium Roast Sm
3244.0,06/01/2023,19:37:19,2.0,8.0,Hell's Kitchen,58.0,3.5,Drinking Chocolate,Hot chocolate,Dark chocolate Rg
3245.0,06/01/2023,19:40:33,1.0,3.0,Astoria,59.0,4.5,Drinking Chocolate,Hot chocolate,Dark chocolate Lg
3246.0,06/01/2023,19:40:40,1.0,8.0,Hell's Kitchen,33.0,3.5,Coffee,Gourmet brewed coffee,Ethiopia Lg
3247.0,06/01/2023,19:42:00,2.0,8.0,Hell's Kitchen,87.0,3.0,Coffee,Barista Espresso,Ouro Brasileiro shot
3248.0,06/01/2023,19:44:52,1.0,8.0,Hell's Kitchen,59.0,4.5,Drinking Chocolate,Hot chocolate,Dark chocolate Lg
3249.0,06/01/2023,19:50:55,2.0,3.0,Astoria,54.0,2.5,Tea,Brewed Chai tea,Morning Sunrise Chai Rg
3250.0,06/01/2023,19:55:10,,,Astoria,,3.75,Coffee,Barista Espresso,Latte
3251.0,06/01/2023,19:57:06,1.0,3.0,Astoria,55.0,4.0,Tea,Brewed Chai tea,Morning Sunrise Chai Lg
3281.0,07/01/2023,06:08:57,2.0,5.0,Lower Manhattan,61.0,4.75,Drinking Chocolate,Hot chocolate,Sustainably Grown Organic Lg
3282.0,07/01/2023,06:09:45,2.0,5.0,Lower Manhattan,36.0,3.75,Coffee,Premium brewed coffee,Jamaican Coffee River Lg
3283.0,07/01/2023,06:27:23,1.0,5.0,Lower Manhattan,38.0,3.75,Coffee,Barista Espresso,Latte
3284.0,07/01/2023,06:27:23,2.0,5.0,Lower Manhattan,64.0,0.8,Flavours,Regular syrup,Hazelnut syrup
3285.0,07/01/2023,07:00:50,1.0,5.0,Lower Manhattan,71.0,3.75,Bakery,Pastry,Chocolate Croissant
3286.0,07/01/2023,07:00:50,1.0,5.0,Lower Manhattan,71.0,3.75,Bakery,Pastry,Chocolate Croissant
3287.0,07/01/2023,07:01:52,1.0,3.0,Astoria,28.0,2.0,Coffee,Gourmet brewed coffee,Columbian Medium Roast Sm
3288.0,07/01/2023,07:02:40,2.0,5.0,Lower Manhattan,45.0,3.0,Tea,Brewed herbal tea,Peppermint Lg
3289.0,07/01/2023,07:04:43,1.0,5.0,Lower Manhattan,40.0,3.75,Coffee,Barista Espresso,Cappuccino
3290.0,07/01/2023,07:04:51,2.0,3.0,Astoria,31.0,2.2,Coffee,Gourmet brewed coffee,Ethiopia Sm
3291.0,07/01/2023,07:05:31,1.0,3.0,Astoria,38.0,3.75,Coffee,Barista Espresso,Latte
3292.0,07/01/2023,07:07:56,1.0,5.0,Lower Manhattan,46.0,2.5,Tea,Brewed Green tea,Serenity Green Tea Rg
3293.0,07/01/2023,07:07:56,1.0,5.0,Lower Manhattan,12.0,8.95,Loose Tea,Herbal tea,Peppermint
3294.0,07/01/2023,07:09:45,1.0,3.0,Astoria,58.0,3.5,Drinking Chocolate,Hot chocolate,Dark chocolate Rg
3295.0,07/01/2023,07:12:07,2.0,3.0,Astoria,36.0,3.75,Coffee,Premium brewed coffee,Jamaican Coffee River Lg
3296.0,07/01/2023,07:12:59,2.0,5.0,Lower Manhattan,57.0,3.1,Tea,Brewed Chai tea,Spicy Eye Opener Chai Lg
3297.0,07/01/2023,07:14:02,2.0,5.0,Lower Manhattan,56.0,2.55,Tea,Brewed Chai tea,Spicy Eye Opener Chai Rg
3298.0,07/01/2023,07:14:02,1.0,5.0,Lower Manhattan,72.0,3.25,Bakery,Scone,Ginger Scone
3299.0,07/01/2023,07:20:01,2.0,3.0,Astoria,48.0,2.5,Tea,Brewed Black tea,English Breakfast Rg
3300.0,07/01/2023,07:21:33,1.0,,Lower Manhattan,,2.45,Coffee,Premium brewed coffee,Jamaican Coffee River Sm
3301.0,07/01/2023,07:21:33,1.0,5.0,Lower Manhattan,74.0,3.5,Bakery,Biscotti,Ginger Biscotti
3302.0,07/01/2023,07:22:11,2.0,5.0,Lower Manhattan,26.0,3.0,Coffee,Organic brewed coffee,Brazilian Rg
3303.0,07/01/2023,07:22:28,1.0,5.0,Lower Manhattan,54.0,2.5,Tea,Brewed Chai tea,Morning Sunrise Chai Rg
3304.0,07/01/2023,07:22:28,1.0,5.0,Lower Manhattan,76.0,3.5,Bakery,Biscotti,Chocolate Chip Biscotti
3305.0,07/01/2023,07:26:45,1.0,5.0,Lower Manhattan,52.0,2.5,Tea,Brewed Chai tea,Traditional Blend Chai Rg
3306.0,07/01/2023,07:29:52,2.0,3.0,Astoria,38.0,3.75,Coffee,Barista Espresso,Latte
,07/01/2023,07:30:09,,3.0,Astoria,,2.5,Tea,Brewed Black tea,Earl Grey Rg
3308.0,07/01/2023,07:30:09,1.0,3.0,Astoria,71.0,3.75,Bakery,Pastry,Chocolate Croissant
3309.0,07/01/2023,07:30:22,2.0,3.0,Astoria,23.0,2.5,Coffee,Drip coffee,Our Old Time Diner Blend Rg
3310.0,07/01/2023,07:32:36,1.0,3.0,Astoria,55.0,4.0,Tea,Brewed Chai tea,Morning Sunrise Chai Lg
3311.0,07/01/2023,07:37:17,1.0,5.0,Lower Manhattan,42.0,2.5,Tea,Brewed herbal tea,Lemon Grass Rg
3312.0,07/01/2023,07:37:20,2.0,3.0,Astoria,34.0,2.45,Coffee,Premium brewed coffee,Jamaican Coffee River Sm
3313.0,07/01/2023,07:37:21,2.0,5.0,Lower Manhattan,54.0,2.5,Tea,Brewed Chai tea,Morning Sunrise Chai Rg
3314.0,07/01/2023,07:37:21,1.0,5.0,Lower Manhattan,71.0,3.75,Bakery,Pastry,Chocolate Croissant
3315.0,07/01/2023,07:39:14,,3.0,Astoria,,3.1,Tea,Brewed Chai tea,Spicy Eye Opener Chai Lg
3316.0,07/01/2023,07:39:29,1.0,5.0,Lower Manhattan,31.0,2.2,Coffee,Gourmet brewed coffee,Ethiopia Sm
3317.0,07/01/2023,07:39:29,1.0,5.0,Lower Manhattan,69.0,3.25,Bakery,Biscotti,Hazelnut Biscotti
3318.0,07/01/2023,07:42:21,2.0,5.0,Lower Manhattan,57.0,3.1,Tea,Brewed Chai tea,Spicy Eye Opener Chai Lg
3319.0,07/01/2023,07:43:33,1.0,3.0,Astoria,58.0,3.5,Drinking Chocolate,Hot chocolate,Dark chocolate Rg
3320.0,07/01/2023,07:44:17,1.0,5.0,Lower Manhattan,41.0,4.25,Coffee,Barista Espresso,Cappuccino Lg
3321.0,07/01/2023,07:44:17,1.0,5.0,Lower Manhattan,63.0,0.8,Flavours,Regular syrup,Carmel syrup
3322.0,07/01/2023,07:44:17,1.0,5.0,Lower Manhattan,70.0,3.25,Bakery,Scone,Cranberry Scone
3323.0,07/01/2023,07:44:17,1.0,5.0,Lower Manhattan,6.0,21.0,Coffee beans,Gourmet Beans,Ethiopia
3324.0,07/01/2023,07:44:20,2.0,3.0,Astoria,24.0,3.0,Coffee,Drip coffee,Our Old Time Diner Blend Lg
3325.0,07/01/2023,07:45:15,1.0,5.0,Lower Manhattan,34.0,2.45,Coffee,Premium brewed coffee,Jamaican Coffee River Sm
3326.0,07/01/2023,07:45:15,1.0,5.0,Lower Manhattan,9.0,28.0,Coffee beans,Organic Beans,Organic Decaf Blend
3327.0,07/01/2023,07:47:34,2.0,3.0,Astoria,54.0,2.5,Tea,Brewed Chai tea,Morning Sunrise Chai Rg
3328.0,07/01/2023,07:49:59,2.0,5.0,Lower Manhattan,50.0,2.5,Tea,Brewed Black tea,Earl Grey Rg
3329.0,07/01/2023,07:50:42,1.0,3.0,Astoria,34.0,2.45,Coffee,Premium brewed coffee,Jamaican Coffee River Sm
3330.0,07/01/2023,07:50:42,1.0,3.0,Astoria,76.0,3.5,Bakery,Biscotti,Chocolate Chip Biscotti
3331.0,07/01/2023,07:50:42,2.0,5.0,Lower Manhattan,31.0,2.2,Coffee,Gourmet brewed coffee,Ethiopia Sm
3332.0,07/01/2023,07:50:42,1.0,5.0,Lower Manhattan,9.0,28.0,Coffee beans,Organic Beans,Organic Decaf Blend
3333.0,07/01/2023,07:53:15,2.0,3.0,Astoria,53.0,3.0,Tea,Brewed Chai tea,Traditional Blend Chai Lg
3334.0,07/01/2023,07:54:14,2.0,5.0,Lower Manhattan,25.0,2.2,Coffee,Organic brewed coffee,Brazilian Sm
3335.0,07/01/2023,07:55:28,1.0,5.0,Lower Manhattan,53.0,3.0,Tea,Brewed Chai tea,Traditional Blend Chai Lg
3336.0,07/01/2023,07:58:14,2.0,5.0,Lower Manhattan,23.0,2.5,Coffee,Drip coffee,Our Old Time Diner Blend Rg
3337.0,07/01/2023,07:58:14,1.0,5.0,Lower Manhattan,77.0,3.0,Bakery,Scone,Oatmeal Scone
3338.0,07/01/2023,08:01:24,2.0,8.0,Hell's Kitchen,41.0,4.25,Coffee,Barista Espresso,Cappuccino Lg
3339.0,07/01/2023,08:02:29,1.0,5.0,Lower Manhattan,43.0,3.0,Tea,Brewed herbal tea,Lemon Grass Lg
3340.0,07/01/2023,08:03:02,1.0,3.0,Astoria,49.0,3.0,Tea,Brewed Black tea,English Breakfast Lg
3341.0,07/01/2023,08:03:27,1.0,3.0,Astoria,34.0,2.45,Coffee,Premium brewed coffee,Jamaican Coffee River Sm
3342.0,07/01/2023,08:03:40,1.0,3.0,Astoria,60.0,3.75,Drinking Chocolate,Hot chocolate,Sustainably Grown Organic Rg
3343.0,07/01/2023,08:03:40,1.0,3.0,Astoria,73.0,3.75,Bakery,Pastry,Almond Croissant
3344.0,07/01/2023,08:03:46,2.0,5.0,Lower Manhattan,39.0,4.25,Coffee,Barista Espresso,Latte Rg
3345.0,07/01/2023,08:08:47,2.0,8.0,Hell's Kitchen,32.0,3.0,Coffee,Gourmet brewed coffee,Ethiopia Rg
3346.0,07/01/2023,08:09:37,1.0,3.0,Astoria,48.0,2.5,Tea,Brewed Black tea,English Breakfast Rg
3347.0,07/01/2023,08:09:37,1.0,8.0,Hell's Kitchen,41.0,4.25,Coffee,Barista Espresso,Cappuccino Lg
3348.0,07/01/2023,08:09:37,1.0,8.0,Hell's Kitchen,65.0,0.8,Flavours,Sugar free syrup,Sugar Free Vanilla syrup
3349.0,07/01/2023,08:14:20,2.0,8.0,Hell's Kitchen,54.0,2.5,Tea,Brewed Chai tea,Morning Sunrise Chai Rg
3350.0,07/01/2023,08:17:07,2.0,8.0,Hell's Kitchen,36.0,3.75,Coffee,Premium brewed coffee,Jamaican Coffee River Lg
3351.0,07/01/2023,08:17:07,1.0,8.0,Hell's Kitchen,75.0,3.5,Bakery,Pastry,Croissant
3352.0,07/01/2023,08:17:28,2.0,3.0,Astoria,56.0,2.55,Tea,Brewed Chai tea,Spicy Eye Opener Chai Rg
3353.0,07/01/2023,08:17:52,2.0,5.0,Lower Manhattan,26.0,3.0,Coffee,Organic brewed coffee,Brazilian Rg
3354.0,07/01/2023,08:18:07,1.0,5.0,Lower Manhattan,37.0,3.0,Coffee,Barista Espresso,Espresso shot
3355.0,07/01/2023,08:18:07,1.0,5.0,Lower Manhattan,65.0,0.8,Flavours,Sugar free syrup,Sugar Free Vanilla syrup
3356.0,07/01/2023,08:18:15,2.0,8.0,Hell's Kitchen,26.0,3.0,Coffee,Organic brewed coffee,Brazilian Rg
3357.0,07/01/2023,08:18:19,2.0,3.0,Astoria,26.0,3.0,Coffee,Organic brewed coffee,Brazilian Rg
3358.0,07/01/2023,08:18:26,1.0,8.0,Hell's Kitchen,47.0,3.0,Tea,Brewed Green tea,Serenity Green Tea Lg
3359.0,07/01/2023,08:18:30,2.0,3.0,Astoria,39.0,4.25,Coffee,Barista Espresso,Latte Rg
3360.0,07/01/2023,08:20:30,1.0,5.0,Lower Manhattan,37.0,3.0,Coffee,Barista Espresso,Espresso shot
3361.0,07/01/2023,08:20:30,1.0,5.0,Lower Manhattan,64.0,0.8,Flavours,Regular syrup,Hazelnut syrup
3362.0,07/01/2023,08:20:52,1.0,5.0,Lower Manhattan,42.0,2.5,Tea,Brewed herbal tea,Lemon Grass Rg
3363.0,07/01/2023,08:21:36,1.0,3.0,Astoria,46.0,2.5,Tea,Brewed Green tea,Serenity Green Tea Rg
3364.0,07/01/2023,08:21:36,1.0,3.0,Astoria,78.0,4.5,Bakery,Scone,Scottish Cream Scone 
3365.0,07/01/2023,08:23:10,2.0,8.0,Hell's Kitchen,27.0,3.5,Coffee,Organic brewed coffee,Brazilian Lg
3366.0,07/01/2023,08:24:24,2.0,8.0,Hell's Kitchen,55.0,4.0,Tea,Brewed Chai tea,Morning Sunrise Chai Lg
3367.0,07/01/2023,08:25:03,2.0,5.0,Lower Manhattan,55.0,4.0,Tea,Brewed Chai tea,Morning Sunrise Chai Lg
,07/01/2023,08:25:38,,8.0,Hell's Kitchen,35.0,,Coffee,Premium brewed coffee,Jamaican Coffee River Rg
3369.0,07/01/2023,08:26:11,1.0,8.0,Hell's Kitchen,71.0,3.75,Bakery,Pastry,Chocolate Croissant
3370.0,07/01/2023,08:27:02,2.0,5.0,Lower Manhattan,52.0,2.5,Tea,Brewed Chai tea,Traditional Blend Chai Rg
3371.0,07/01/2023,08:27:39,1.0,8.0,Hell's Kitchen,47.0,3.0,Tea,Brewed Green tea,Serenity Green Tea Lg
3372.0,07/01/2023,08:27:46,2.0,8.0,Hell's Kitchen,35.0,3.1,Coffee,Premium brewed coffee,Jamaican Coffee River Rg
3373.0,07/01/2023,08:30:51,1.0,3.0,Astoria,32.0,3.0,Coffee,Gourmet brewed coffee,Ethiopia Rg
3374.0,07/01/2023,08:31:36,2.0,8.0,Hell's Kitchen,36.0,3.75,Coffee,Premium brewed coffee,Jamaican Coffee River Lg
,07/01/2023,08:31:52,2.0,,Lower Manhattan,25.0,2.2,Coffee,Organic brewed coffee,Brazilian Sm
3376.0,07/01/2023,08:32:16,2.0,3.0,Astoria,28.0,2.0,Coffee,Gourmet brewed coffee,Columbian Medium Roast Sm
3377.0,07/01/2023,08:32:16,1.0,8.0,Hell's Kitchen,39.0,4.25,Coffee,Barista Espresso,Latte Rg
3378.0,07/01/2023,08:32:16,1.0,8.0,Hell's Kitchen,64.0,0.8,Flavours,Regular syrup,Hazelnut syrup
,07/01/2023,08:34:42,,5.0,Lower Manhattan,,2.0,Coffee,Drip coffee,Our Old Time Diner Blend Sm
3380.0,07/01/2023,08:34:42,1.0,5.0,Lower Manhattan,79.0,3.75,Bakery,Scone,Jumbo Savory Scone
3381.0,07/01/2023,08:35:18,2.0,8.0,Hell's Kitchen,41.0,4.25,Coffee,Barista Espresso,Cappuccino Lg
3382.0,07/01/2023,08:35:18,2.0,8.0,Hell's Kitchen,84.0,0.8,Flavours,Regular syrup,Chocolate syrup
3383.0,07/01/2023,08:35:18,1.0,8.0,Hell's Kitchen,75.0,3.5,Bakery,Pastry,Croissant
3384.0,07/01/2023,08:35:21,2.0,5.0,Lower Manhattan,32.0,3.0,Coffee,Gourmet brewed coffee,Ethiopia Rg
3385.0,07/01/2023,08:35:21,1.0,5.0,Lower Manhattan,70.0,3.25,Bakery,Scone,Cranberry Scone
3386.0,07/01/2023,08:35:23,1.0,8.0,Hell's Kitchen,55.0,4.0,Tea,Brewed Chai tea,Morning Sunrise Chai Lg
3387.0,07/01/2023,08:35:26,1.0,5.0,Lower Manhattan,42.0,2.5,Tea,Brewed herbal tea,Lemon Grass Rg
3388.0,07/01/2023,08:35:35,2.0,5.0,Lower Manhattan,39.0,4.25,Coffee,Barista Espresso,Latte Rg
3389.0,07/01/2023,08:35:35,2.0,5.0,Lower Manhattan,84.0,0.8,Flavours,Regular syrup,Chocolate syrup
3390.0,07/01/2023,08:35:35,1.0,5.0,Lower Manhattan,77.0,3.0,Bakery,Scone,Oatmeal Scone
3391.0,07/01/2023,08:35:40,2.0,8.0,Hell's Kitchen,35.0,3.1,Coffee,Premium brewed coffee,Jamaican Coffee River Rg
3392.0,07/01/2023,08:36:17,2.0,5.0,Lower Manhattan,40.0,3.75,Coffee,Barista Espresso,Cappuccino
3393.0,07/01/2023,08:36:17,2.0,5.0,Lower Manhattan,65.0,0.8,Flavours,Sugar free syrup,Sugar Free Vanilla syrup
3394.0,07/01/2023,08:36:53,2.0,5.0,Lower Manhattan,45.0,3.0,Tea,Brewed herbal tea,Peppermint Lg
3395.0,07/01/2023,08:38:09,1.0,3.0,Astoria,22.0,2.0,Coffee,Drip coffee,Our Old Time Diner Blend Sm
3396.0,07/01/2023,08:38:12,2.0,5.0,Lower Manhattan,48.0,2.5,Tea,Brewed Black tea,English Breakfast Rg
3397.0,07/01/2023,08:38:46,1.0,5.0,Lower Manhattan,46.0,2.5,Tea,Brewed Green tea,Serenity Green Tea Rg
3398.0,07/01/2023,08:38:54,1.0,5.0,Lower Manhattan,51.0,3.0,Tea,Brewed Black tea,Earl Grey Lg
3399.0,07/01/2023,08:39:02,1.0,8.0,Hell's Kitchen,50.0,2.5,Tea,Brewed Black tea,Earl Grey Rg
3400.0,07/01/2023,08:39:05,2.0,8.0,Hell's Kitchen,,,Coffee,Drip coffee,Our Old Time Diner Blend Lg
3401.0,07/01/2023,08:39:18,1.0,5.0,Lower Manhattan,53.0,3.0,Tea,Brewed Chai tea,Traditional Blend Chai Lg
3402.0,07/01/2023,08:39:52,2.0,8.0,Hell's Kitchen,34.0,2.45,Coffee,Premium brewed coffee,Jamaican Coffee River Sm
3403.0,07/01/2023,08:41:35,1.0,8.0,Hell's Kitchen,44.0,2.5,Tea,Brewed herbal tea,Peppermint Rg
3404.0,07/01/2023,08:41:35,1.0,8.0,Hell's Kitchen,70.0,3.25,Bakery,Scone,Cranberry Scone
3405.0,07/01/2023,08:42:11,1.0,3.0,Astoria,38.0,3.75,Coffee,Barista Espresso,Latte
3406.0,07/01/2023,08:42:14,2.0,8.0,Hell's Kitchen,24.0,3.0,Coffee,Drip coffee,Our Old Time Diner Blend Lg
3407.0,07/01/2023,08:46:10,2.0,5.0,Lower Manhattan,40.0,3.75,Coffee,Barista Espresso,Cappuccino
3408.0,07/01/2023,08:46:10,2.0,5.0,Lower Manhattan,64.0,0.8,Flavours,Regular syrup,Hazelnut syrup
3409.0,07/01/2023,08:49:16,1.0,,Hell's Kitchen,39.0,,Coffee,Barista Espresso,Latte Rg
3410.0,07/01/2023,08:49:16,2.0,8.0,Hell's Kitchen,65.0,0.8,Flavours,Sugar free syrup,Sugar Free Vanilla syrup
3411.0,07/01/2023,08:50:43,1.0,5.0,Lower Manhattan,36.0,3.75,Coffee,Premium brewed coffee,Jamaican Coffee River Lg
3412.0,07/01/2023,08:52:26,2.0,3.0,Astoria,38.0,3.75,Coffee,Barista Espresso,Latte
3413.0,07/01/2023,08:53:13,2.0,3.0,Astoria,59.0,4.5,Drinking Chocolate,Hot chocolate,Dark chocolate Lg
3414.0,07/01/2023,08:54:23,1.0,3.0,Astoria,56.0,2.55,Tea,Brewed Chai tea,Spicy Eye Opener Chai Rg
3415.0,07/01/2023,08:54:23,1.0,3.0,Astoria,79.0,3.75,Bakery,Scone,Jumbo Savory Scone
3416.0,07/01/2023,08:54:48,2.0,8.0,Hell's Kitchen,45.0,3.0,Tea,Brewed herbal tea,Peppermint Lg
3417.0,07/01/2023,08:54:48,1.0,8.0,Hell's Kitchen,69.0,3.25,Bakery,Biscotti,Hazelnut Biscotti
3418.0,07/01/2023,08:56:03,1.0,5.0,Lower Manhattan,25.0,2.2,Coffee,Organic brewed coffee,Brazilian Sm
3419.0,07/01/2023,08:56:03,1.0,8.0,Hell's Kitchen,29.0,2.5,Coffee,Gourmet brewed coffee,Columbian Medium Roast Rg
3420.0,07/01/2023,08:56:45,1.0,8.0,Hell's Kitchen,35.0,3.1,Coffee,Premium brewed coffee,Jamaican Coffee River Rg
3421.0,07/01/2023,08:57:19,2.0,8.0,Hell's Kitchen,28.0,2.0,Coffee,Gourmet brewed coffee,Columbian Medium Roast Sm
3422.0,07/01/2023,08:57:22,1.0,3.0,Astoria,31.0,2.2,Coffee,Gourmet brewed coffee,Ethiopia Sm
3423.0,07/01/2023,08:58:13,2.0,8.0,Hell's Kitchen,35.0,3.1,Coffee,Premium brewed coffee,Jamaican Coffee River Rg
3424.0,07/01/2023,08:58:42,2.0,3.0,Astoria,61.0,4.75,Drinking Chocolate,Hot chocolate,Sustainably Grown Organic Lg
3425.0,07/01/2023,08:58:42,1.0,3.0,Astoria,69.0,3.25,Bakery,Biscotti,Hazelnut Biscotti
3426.0,07/01/2023,08:59:09,2.0,5.0,Lower Manhattan,40.0,3.75,Coffee,Barista Espresso,Cappuccino
3427.0,07/01/2023,08:59:09,2.0,5.0,Lower Manhattan,63.0,0.8,Flavours,Regular syrup,Carmel syrup
3428.0,07/01/2023,09:00:23,1.0,3.0,Astoria,29.0,2.5,Coffee,Gourmet brewed coffee,Columbian Medium Roast Rg
3429.0,07/01/2023,09:02:02,2.0,8.0,Hell's Kitchen,27.0,3.5,Coffee,Organic brewed coffee,Brazilian Lg
3430.0,07/01/2023,09:03:52,2.0,8.0,Hell's Kitchen,36.0,3.75,Coffee,Premium brewed coffee,Jamaican Coffee River Lg
3431.0,07/01/2023,09:04:06,2.0,8.0,Hell's Kitchen,36.0,3.75,Coffee,Premium brewed coffee,Jamaican Coffee River Lg
3432.0,07/01/2023,09:04:12,2.0,5.0,Lower Manhattan,44.0,2.5,Tea,Brewed herbal tea,Peppermint Rg
3433.0,07/01/2023,09:04:31,2.0,8.0,Hell's Kitchen,28.0,2.0,Coffee,Gourmet brewed coffee,Columbian Medium Roast Sm
3434.0,07/01/2023,09:04:39,1.0,8.0,Hell's Kitchen,61.0,4.75,Drinking Chocolate,Hot chocolate,Sustainably Grown Organic Lg
3435.0,07/01/2023,09:04:51,2.0,8.0,Hell's Kitchen,22.0,2.0,Coffee,Drip coffee,Our Old Time Diner Blend Sm
3436.0,07/01/2023,09:05:19,1.0,5.0,Lower Manhattan,41.0,4.25,Coffee,Barista Espresso,Cappuccino Lg
3437.0,07/01/2023,09:05:19,1.0,5.0,Lower Manhattan,64.0,0.8,Flavours,Regular syrup,Hazelnut syrup
3438.0,07/01/2023,09:05:19,1.0,5.0,Lower Manhattan,9.0,28.0,Coffee beans,Organic Beans,Organic Decaf Blend
3439.0,07/01/2023,09:06:16,2.0,8.0,Hell's Kitchen,34.0,2.45,Coffee,Premium brewed coffee,Jamaican Coffee River Sm
3440.0,07/01/2023,09:06:26,2.0,5.0,Lower Manhattan,24.0,3.0,Coffee,Drip coffee,Our Old Time Diner Blend Lg
3441.0,07/01/2023,09:06:36,1.0,8.0,Hell's Kitchen,30.0,3.0,Coffee,Gourmet brewed coffee,Columbian Medium Roast Lg
3442.0,07/01/2023,09:07:23,1.0,5.0,Lower Manhattan,36.0,3.75,Coffee,Premium brewed coffee,Jamaican Coffee River Lg
3443.0,07/01/2023,09:07:23,1.0,5.0,Lower Manhattan,69.0,3.25,Bakery,Biscotti,Hazelnut Biscotti
3444.0,07/01/2023,09:08:57,2.0,8.0,Hell's Kitchen,60.0,3.75,Drinking Chocolate,Hot chocolate,Sustainably Grown Organic Rg
3445.0,07/01/2023,09:09:10,2.0,8.0,Hell's Kitchen,48.0,2.5,Tea,Brewed Black tea,English Breakfast Rg
3446.0,07/01/2023,09:10:06,1.0,8.0,Hell's Kitchen,40.0,3.75,Coffee,Barista Espresso,Cappuccino
3447.0,07/01/2023,09:10:06,1.0,8.0,Hell's Kitchen,63.0,0.8,Flavours,Regular syrup,Carmel syrup
3448.0,07/01/2023,09:13:58,1.0,3.0,Astoria,30.0,3.0,Coffee,Gourmet brewed coffee,Columbian Medium Roast Lg
3449.0,07/01/2023,09:14:46,2.0,5.0,Lower Manhattan,34.0,2.45,Coffee,Premium brewed coffee,Jamaican Coffee River Sm
3450.0,07/01/2023,09:14:46,1.0,5.0,Lower Manhattan,76.0,3.5,Bakery,Biscotti,Chocolate Chip Biscotti
3451.0,07/01/2023,09:18:36,2.0,5.0,Lower Manhattan,43.0,3.0,Tea,Brewed herbal tea,Lemon Grass Lg
3452.0,07/01/2023,09:19:48,1.0,8.0,Hell's Kitchen,41.0,4.25,Coffee,Barista Espresso,Cappuccino Lg
3453.0,07/01/2023,09:19:48,2.0,8.0,Hell's Kitchen,84.0,0.8,Flavours,Regular syrup,Chocolate syrup
3454.0,07/01/2023,09:22:17,2.0,5.0,Lower Manhattan,46.0,2.5,Tea,Brewed Green tea,Serenity Green Tea Rg
3455.0,07/01/2023,09:22:43,1.0,5.0,Lower Manhattan,26.0,3.0,Coffee,Organic brewed coffee,Brazilian Rg
3456.0,07/01/2023,09:22:44,2.0,8.0,Hell's Kitchen,48.0,2.5,Tea,Brewed Black tea,English Breakfast Rg
3457.0,07/01/2023,09:23:04,2.0,5.0,Lower Manhattan,50.0,2.5,Tea,Brewed Black tea,Earl Grey Rg
3458.0,07/01/2023,09:23:23,1.0,3.0,Astoria,60.0,3.75,Drinking Chocolate,Hot chocolate,Sustainably Grown Organic Rg
3459.0,07/01/2023,09:23:49,2.0,8.0,Hell's Kitchen,59.0,4.5,Drinking Chocolate,Hot chocolate,Dark chocolate Lg
3460.0,07/01/2023,09:24:33,2.0,5.0,Lower Manhattan,45.0,3.0,Tea,Brewed herbal tea,Peppermint Lg
3461.0,07/01/2023,09:29:10,1.0,8.0,Hell's Kitchen,45.0,3.0,Tea,Brewed herbal tea,Peppermint Lg
3462.0,07/01/2023,09:29:32,1.0,8.0,Hell's Kitchen,54.0,2.5,Tea,Brewed Chai tea,Morning Sunrise Chai Rg
3463.0,07/01/2023,09:29:36,1.0,8.0,Hell's Kitchen,44.0,2.5,Tea,Brewed herbal tea,Peppermint Rg
3464.0,07/01/2023,09:29:53,1.0,8.0,Hell's Kitchen,28.0,2.0,Coffee,Gourmet brewed coffee,Columbian Medium Roast Sm
3465.0,07/01/2023,09:30:59,1.0,8.0,Hell's Kitchen,60.0,3.75,Drinking Chocolate,Hot chocolate,Sustainably Grown Organic Rg
3466.0,07/01/2023,09:30:59,1.0,8.0,Hell's Kitchen,74.0,3.5,Bakery,Biscotti,Ginger Biscotti
3467.0,07/01/2023,09:31:48,1.0,8.0,Hell's Kitchen,71.0,3.75,Bakery,Pastry,Chocolate Croissant
3468.0,07/01/2023,09:31:48,1.0,8.0,Hell's Kitchen,71.0,3.75,Bakery,Pastry,Chocolate Croissant
3469.0,07/01/2023,09:31:57,1.0,5.0,Lower Manhattan,44.0,2.5,Tea,Brewed herbal tea,Peppermint Rg
3470.0,07/01/2023,09:31:57,1.0,5.0,Lower Manhattan,19.0,6.4,Packaged Chocolate,Drinking Chocolate,Dark chocolate
3471.0,07/01/2023,09:33:15,2.0,8.0,Hell's Kitchen,61.0,4.75,Drinking Chocolate,Hot chocolate,Sustainably Grown Organic Lg
3472.0,07/01/2023,09:37:41,2.0,8.0,Hell's Kitchen,61.0,4.75,Drinking Chocolate,Hot chocolate,Sustainably Grown Organic Lg
3473.0,07/01/2023,09:37:41,1.0,8.0,Hell's Kitchen,75.0,3.5,Bakery,Pastry,Croissant
3474.0,07/01/2023,09:40:36,2.0,8.0,Hell's Kitchen,28.0,2.0,Coffee,Gourmet brewed coffee,Columbian Medium Roast Sm
3475.0,07/01/2023,09:40:55,1.0,5.0,Lower Manhattan,24.0,3.0,Coffee,Drip coffee,Our Old Time Diner Blend Lg
3476.0,07/01/2023,09:42:52,1.0,5.0,Lower Manhattan,57.0,3.1,Tea,Brewed Chai tea,Spicy Eye Opener Chai Lg
3477.0,07/01/2023,09:42:52,1.0,5.0,Lower Manhattan,7.0,19.75,Coffee beans,Premium Beans,Jamacian Coffee River
3478.0,07/01/2023,09:42:52,1.0,5.0,Lower Manhattan,9.0,12.0,Coffee beans,Organic Beans,Organic Decaf Blend
3479.0,07/01/2023,09:44:57,2.0,8.0,Hell's Kitchen,25.0,2.2,Coffee,Organic brewed coffee,Brazilian Sm
3480.0,07/01/2023,09:44:57,1.0,8.0,Hell's Kitchen,71.0,3.75,Bakery,Pastry,Chocolate Croissant
3481.0,07/01/2023,09:44:57,1.0,8.0,Hell's Kitchen,1.0,18.0,Coffee beans,Organic Beans,Brazilian - Organic
3482.0,07/01/2023,09:46:24,1.0,3.0,Astoria,24.0,3.0,Coffee,Drip coffee,Our Old Time Diner Blend Lg
3483.0,07/01/2023,09:47:30,2.0,8.0,Hell's Kitchen,51.0,3.0,Tea,Brewed Black tea,Earl Grey Lg
3484.0,07/01/2023,09:48:19,2.0,5.0,Lower Manhattan,47.0,3.0,Tea,Brewed Green tea,Serenity Green Tea Lg
3485.0,07/01/2023,09:49:02,1.0,5.0,Lower Manhattan,58.0,3.5,Drinking Chocolate,Hot chocolate,Dark chocolate Rg
3486.0,07/01/2023,09:53:35,1.0,5.0,Lower Manhattan,33.0,3.5,Coffee,Gourmet brewed coffee,Ethiopia Lg
3487.0,07/01/2023,09:55:05,1.0,8.0,Hell's Kitchen,54.0,2.5,Tea,Brewed Chai tea,Morning Sunrise Chai Rg
3488.0,07/01/2023,09:55:20,1.0,5.0,Lower Manhattan,43.0,3.0,Tea,Brewed herbal tea,Lemon Grass Lg
3489.0,07/01/2023,09:57:15,2.0,5.0,Lower Manhattan,52.0,2.5,Tea,Brewed Chai tea,Traditional Blend Chai Rg
3490.0,07/01/2023,09:57:28,1.0,8.0,Hell's Kitchen,31.0,2.2,Coffee,Gourmet brewed coffee,Ethiopia Sm
3491.0,07/01/2023,09:59:35,2.0,5.0,Lower Manhattan,27.0,3.5,Coffee,Organic brewed coffee,Brazilian Lg
3492.0,07/01/2023,10:00:37,2.0,8.0,Hell's Kitchen,53.0,3.0,Tea,Brewed Chai tea,Traditional Blend Chai Lg
3493.0,07/01/2023,10:00:41,2.0,8.0,Hell's Kitchen,52.0,2.5,Tea,Brewed Chai tea,Traditional Blend Chai Rg
3494.0,07/01/2023,10:00:41,1.0,8.0,Hell's Kitchen,71.0,3.75,Bakery,Pastry,Chocolate Croissant
3495.0,07/01/2023,10:01:05,1.0,5.0,Lower Manhattan,27.0,3.5,Coffee,Organic brewed coffee,Brazilian Lg
3496.0,07/01/2023,10:01:15,2.0,8.0,Hell's Kitchen,36.0,3.75,Coffee,Premium brewed coffee,Jamaican Coffee River Lg
3497.0,07/01/2023,10:01:43,1.0,5.0,Lower Manhattan,36.0,3.75,Coffee,Premium brewed coffee,Jamaican Coffee River Lg
3498.0,07/01/2023,10:01:43,1.0,5.0,Lower Manhattan,77.0,3.0,Bakery,Scone,Oatmeal Scone
3499.0,07/01/2023,10:03:00,2.0,8.0,Hell's Kitchen,40.0,3.75,Coffee,Barista Espresso,Cappuccino
3500.0,07/01/2023,10:03:00,2.0,8.0,Hell's Kitchen,63.0,0.8,Flavours,Regular syrup,Carmel syrup
3501.0,07/01/2023,10:03:16,2.0,8.0,Hell's Kitchen,50.0,2.5,Tea,Brewed Black tea,Earl Grey Rg
3502.0,07/01/2023,10:03:16,1.0,8.0,Hell's Kitchen,71.0,3.75,Bakery,Pastry,Chocolate Croissant
3503.0,07/01/2023,10:04:24,1.0,5.0,Lower Manhattan,25.0,2.2,Coffee,Organic brewed coffee,Brazilian Sm
3504.0,07/01/2023,10:05:43,1.0,5.0,Lower Manhattan,27.0,3.5,Coffee,Organic brewed coffee,Brazilian Lg
3505.0,07/01/2023,10:06:54,2.0,8.0,Hell's Kitchen,43.0,3.0,Tea,Brewed herbal tea,Lemon Grass Lg
3506.0,07/01/2023,10:06:54,1.0,8.0,Hell's Kitchen,73.0,3.75,Bakery,Pastry,Almond Croissant
3507.0,07/01/2023,10:08:21,1.0,8.0,Hell's Kitchen,24.0,3.0,Coffee,Drip coffee,Our Old Time Diner Blend Lg
3508.0,07/01/2023,10:09:33,1.0,8.0,Hell's Kitchen,53.0,3.0,Tea,Brewed Chai tea,Traditional Blend Chai Lg
3509.0,07/01/2023,10:10:10,1.0,8.0,Hell's Kitchen,50.0,2.5,Tea,Brewed Black tea,Earl Grey Rg
3510.0,07/01/2023,10:10:10,1.0,8.0,Hell's Kitchen,74.0,3.5,Bakery,Biscotti,Ginger Biscotti
3511.0,07/01/2023,10:10:10,1.0,8.0,Hell's Kitchen,17.0,9.5,Loose Tea,Chai tea,Morning Sunrise Chai
3512.0,07/01/2023,10:10:12,2.0,8.0,Hell's Kitchen,59.0,4.5,Drinking Chocolate,Hot chocolate,Dark chocolate Lg
3513.0,07/01/2023,10:11:01,1.0,8.0,Hell's Kitchen,33.0,3.5,Coffee,Gourmet brewed coffee,Ethiopia Lg
3514.0,07/01/2023,10:11:28,1.0,8.0,Hell's Kitchen,53.0,3.0,Tea,Brewed Chai tea,Traditional Blend Chai Lg
3515.0,07/01/2023,10:11:45,1.0,8.0,Hell's Kitchen,52.0,2.5,Tea,Brewed Chai tea,Traditional Blend Chai Rg
3516.0,07/01/2023,10:11:48,2.0,8.0,Hell's Kitchen,45.0,3.0,Tea,Brewed herbal tea,Peppermint Lg
,07/01/2023,10:12:14,1.0,,Hell's Kitchen,,2.55,Tea,Brewed Chai tea,Spicy Eye Opener Chai Rg
3518.0,07/01/2023,10:12:14,1.0,8.0,Hell's Kitchen,70.0,3.25,Bakery,Scone,Cranberry Scone
3519.0,07/01/2023,10:13:09,1.0,8.0,Hell's Kitchen,35.0,3.1,Coffee,Premium brewed coffee,Jamaican Coffee River Rg
3520.0,07/01/2023,10:14:15,2.0,5.0,Lower Manhattan,53.0,3.0,Tea,Brewed Chai tea,Traditional Blend Chai Lg
3521.0,07/01/2023,10:14:20,2.0,5.0,Lower Manhattan,39.0,4.25,Coffee,Barista Espresso,Latte Rg
3522.0,07/01/2023,10:14:20,2.0,5.0,Lower Manhattan,84.0,0.8,Flavours,Regular syrup,Chocolate syrup
3523.0,07/01/2023,10:14:20,1.0,5.0,Lower Manhattan,6.0,21.0,Coffee beans,Gourmet Beans,Ethiopia
3524.0,07/01/2023,10:15:38,2.0,8.0,Hell's Kitchen,59.0,4.5,Drinking Chocolate,Hot chocolate,Dark chocolate Lg
3525.0,07/01/2023,10:16:40,1.0,3.0,Astoria,45.0,3.0,Tea,Brewed herbal tea,Peppermint Lg
3526.0,07/01/2023,10:19:44,1.0,3.0,Astoria,39.0,4.25,Coffee,Barista Espresso,Latte Rg
3527.0,07/01/2023,10:21:28,1.0,8.0,Hell's Kitchen,52.0,2.5,Tea,Brewed Chai tea,Traditional Blend Chai Rg
3528.0,07/01/2023,10:21:47,2.0,8.0,Hell's Kitchen,56.0,2.55,Tea,Brewed Chai tea,Spicy Eye Opener Chai Rg
3529.0,07/01/2023,10:22:06,1.0,5.0,Lower Manhattan,53.0,3.0,Tea,Brewed Chai tea,Traditional Blend Chai Lg
3530.0,07/01/2023,10:23:15,2.0,8.0,Hell's Kitchen,61.0,4.75,Drinking Chocolate,Hot chocolate,Sustainably Grown Organic Lg
3531.0,07/01/2023,10:23:15,1.0,8.0,Hell's Kitchen,74.0,3.5,Bakery,Biscotti,Ginger Biscotti
3532.0,07/01/2023,10:25:49,2.0,5.0,Lower Manhattan,37.0,3.0,Coffee,Barista Espresso,Espresso shot
3533.0,07/01/2023,10:25:49,1.0,5.0,Lower Manhattan,84.0,0.8,Flavours,Regular syrup,Chocolate syrup
3534.0,07/01/2023,10:26:52,1.0,5.0,Lower Manhattan,33.0,3.5,Coffee,Gourmet brewed coffee,Ethiopia Lg
3535.0,07/01/2023,10:28:18,1.0,3.0,Astoria,27.0,3.5,Coffee,Organic brewed coffee,Brazilian Lg
3536.0,07/01/2023,10:28:43,2.0,5.0,Lower Manhattan,43.0,3.0,Tea,Brewed herbal tea,Lemon Grass Lg
3537.0,07/01/2023,10:29:12,1.0,5.0,Lower Manhattan,71.0,3.75,Bakery,Pastry,Chocolate Croissant
3538.0,07/01/2023,10:29:12,1.0,5.0,Lower Manhattan,71.0,3.75,Bakery,Pastry,Chocolate Croissant
3539.0,07/01/2023,10:29:12,1.0,5.0,Lower Manhattan,71.0,3.75,Bakery,Pastry,Chocolate Croissant
3540.0,07/01/2023,10:29:17,2.0,3.0,Astoria,39.0,4.25,Coffee,Barista Espresso,Latte Rg
3541.0,07/01/2023,10:29:47,2.0,8.0,Hell's Kitchen,24.0,3.0,Coffee,Drip coffee,Our Old Time Diner Blend Lg
3542.0,07/01/2023,10:30:16,1.0,8.0,Hell's Kitchen,31.0,2.2,Coffee,Gourmet brewed coffee,Ethiopia Sm
3543.0,07/01/2023,10:30:17,1.0,5.0,Lower Manhattan,60.0,3.75,Drinking Chocolate,Hot chocolate,Sustainably Grown Organic Rg
3544.0,07/01/2023,10:30:56,2.0,5.0,Lower Manhattan,31.0,2.2,Coffee,Gourmet brewed coffee,Ethiopia Sm
3545.0,07/01/2023,10:30:57,1.0,8.0,Hell's Kitchen,59.0,4.5,Drinking Chocolate,Hot chocolate,Dark chocolate Lg
3546.0,07/01/2023,10:30:59,2.0,8.0,Hell's Kitchen,49.0,3.0,Tea,Brewed Black tea,English Breakfast Lg
3547.0,07/01/2023,10:31:28,2.0,8.0,Hell's Kitchen,36.0,3.75,Coffee,Premium brewed coffee,Jamaican Coffee River Lg
3548.0,07/01/2023,10:32:10,,,Lower Manhattan,46.0,2.5,Tea,Brewed Green tea,Serenity Green Tea Rg
3549.0,07/01/2023,10:32:10,1.0,5.0,Lower Manhattan,10.0,10.0,Coffee beans,Green beans,Guatemalan Sustainably Grown
3550.0,07/01/2023,10:32:22,2.0,5.0,Lower Manhattan,44.0,2.5,Tea,Brewed herbal tea,Peppermint Rg
3551.0,07/01/2023,10:32:22,,5.0,Lower Manhattan,,3.5,Bakery,Biscotti,Chocolate Chip Biscotti
3552.0,07/01/2023,10:32:37,2.0,8.0,Hell's Kitchen,26.0,3.0,Coffee,Organic brewed coffee,Brazilian Rg
3553.0,07/01/2023,10:34:04,1.0,3.0,Astoria,44.0,2.5,Tea,Brewed herbal tea,Peppermint Rg
3554.0,07/01/2023,10:34:38,1.0,3.0,Astoria,51.0,3.0,Tea,Brewed Black tea,Earl Grey Lg
3555.0,07/01/2023,10:35:30,2.0,5.0,Lower Manhattan,51.0,3.0,Tea,Brewed Black tea,Earl Grey Lg
3556.0,07/01/2023,10:35:38,1.0,8.0,Hell's Kitchen,38.0,3.75,Coffee,Barista Espresso,Latte
3557.0,07/01/2023,10:35:38,1.0,8.0,Hell's Kitchen,65.0,0.8,Flavours,Sugar free syrup,Sugar Free Vanilla syrup
3558.0,07/01/2023,10:36:25,1.0,5.0,Lower Manhattan,43.0,3.0,Tea,Brewed herbal tea,Lemon Grass Lg
3559.0,07/01/2023,10:36:38,2.0,3.0,Astoria,41.0,4.25,Coffee,Barista Espresso,Cappuccino Lg
3560.0,07/01/2023,10:36:41,1.0,8.0,Hell's Kitchen,60.0,3.75,Drinking Chocolate,Hot chocolate,Sustainably Grown Organic Rg
3561.0,07/01/2023,10:36:48,1.0,3.0,Astoria,48.0,2.5,Tea,Brewed Black tea,English Breakfast Rg
3562.0,07/01/2023,10:36:48,1.0,3.0,Astoria,69.0,3.25,Bakery,Biscotti,Hazelnut Biscotti
3563.0,07/01/2023,10:37:13,2.0,5.0,Lower Manhattan,23.0,2.5,Coffee,Drip coffee,Our Old Time Diner Blend Rg
3564.0,07/01/2023,10:37:13,1.0,5.0,Lower Manhattan,79.0,3.75,Bakery,Scone,Jumbo Savory Scone
3565.0,07/01/2023,10:37:20,2.0,5.0,Lower Manhattan,27.0,3.5,Coffee,Organic brewed coffee,Brazilian Lg
3566.0,07/01/2023,10:38:40,1.0,8.0,Hell's Kitchen,22.0,2.0,Coffee,Drip coffee,Our Old Time Diner Blend Sm
3567.0,07/01/2023,10:38:40,1.0,8.0,Hell's Kitchen,79.0,3.75,Bakery,Scone,Jumbo Savory Scone
3568.0,07/01/2023,10:39:45,1.0,5.0,Lower Manhattan,40.0,3.75,Coffee,Barista Espresso,Cappuccino
3569.0,07/01/2023,10:41:25,1.0,5.0,Lower Manhattan,28.0,2.0,Coffee,Gourmet brewed coffee,Columbian Medium Roast Sm
3570.0,07/01/2023,10:42:24,1.0,,Lower Manhattan,,2.55,Tea,Brewed Chai tea,Spicy Eye Opener Chai Rg
3571.0,07/01/2023,10:42:28,2.0,5.0,Lower Manhattan,55.0,4.0,Tea,Brewed Chai tea,Morning Sunrise Chai Lg
3572.0,07/01/2023,10:43:14,2.0,8.0,Hell's Kitchen,22.0,2.0,Coffee,Drip coffee,Our Old Time Diner Blend Sm
3573.0,07/01/2023,10:44:03,2.0,5.0,Lower Manhattan,40.0,3.75,Coffee,Barista Espresso,Cappuccino
3574.0,07/01/2023,10:44:03,1.0,5.0,Lower Manhattan,64.0,0.8,Flavours,Regular syrup,Hazelnut syrup
3575.0,07/01/2023,10:45:01,2.0,3.0,Astoria,23.0,2.5,Coffee,Drip coffee,Our Old Time Diner Blend Rg
3576.0,07/01/2023,10:45:01,1.0,3.0,Astoria,79.0,3.75,Bakery,Scone,Jumbo Savory Scone
3577.0,07/01/2023,10:46:21,1.0,3.0,Astoria,47.0,3.0,Tea,Brewed Green tea,Serenity Green Tea Lg
3578.0,07/01/2023,10:46:35,2.0,5.0,Lower Manhattan,24.0,3.0,Coffee,Drip coffee,Our Old Time Diner Blend Lg
3579.0,07/01/2023,10:47:22,2.0,5.0,Lower Manhattan,37.0,3.0,Coffee,Barista Espresso,Espresso shot
3580.0,07/01/2023,10:47:22,1.0,5.0,Lower Manhattan,65.0,0.8,Flavours,Sugar free syrup,Sugar Free Vanilla syrup
3581.0,07/01/2023,10:48:34,1.0,8.0,Hell's Kitchen,26.0,3.0,Coffee,Organic brewed coffee,Brazilian Rg
3582.0,07/01/2023,10:48:54,1.0,8.0,Hell's Kitchen,25.0,2.2,Coffee,Organic brewed coffee,Brazilian Sm
3583.0,07/01/2023,10:49:08,1.0,8.0,Hell's Kitchen,23.0,2.5,Coffee,Drip coffee,Our Old Time Diner Blend Rg
3584.0,07/01/2023,10:49:08,1.0,8.0,Hell's Kitchen,4.0,20.45,Coffee beans,Espresso Beans,Primo Espresso Roast
3585.0,07/01/2023,10:49:27,2.0,,Astoria,,,Tea,Brewed Chai tea,Morning Sunrise Chai Lg
3586.0,07/01/2023,10:49:37,2.0,8.0,Hell's Kitchen,36.0,3.75,Coffee,Premium brewed coffee,Jamaican Coffee River Lg
3587.0,07/01/2023,10:49:37,1.0,8.0,Hell's Kitchen,69.0,3.25,Bakery,Biscotti,Hazelnut Biscotti
3588.0,07/01/2023,10:51:19,1.0,8.0,Hell's Kitchen,33.0,3.5,Coffee,Gourmet brewed coffee,Ethiopia Lg
3589.0,07/01/2023,10:52:50,2.0,8.0,Hell's Kitchen,38.0,3.75,Coffee,Barista Espresso,Latte
3590.0,07/01/2023,10:52:50,2.0,8.0,Hell's Kitchen,64.0,0.8,Flavours,Regular syrup,Hazelnut syrup
3591.0,07/01/2023,10:52:50,1.0,8.0,Hell's Kitchen,78.0,4.5,Bakery,Scone,Scottish Cream Scone 
3592.0,07/01/2023,10:53:35,2.0,8.0,Hell's Kitchen,48.0,2.5,Tea,Brewed Black tea,English Breakfast Rg
3593.0,07/01/2023,10:53:56,1.0,5.0,Lower Manhattan,35.0,3.1,Coffee,Premium brewed coffee,Jamaican Coffee River Rg
3594.0,07/01/2023,10:54:49,2.0,3.0,Astoria,49.0,3.0,Tea,Brewed Black tea,English Breakfast Lg
3595.0,07/01/2023,10:55:16,2.0,8.0,Hell's Kitchen,44.0,2.5,Tea,Brewed herbal tea,Peppermint Rg
3596.0,07/01/2023,10:55:25,2.0,8.0,Hell's Kitchen,40.0,3.75,Coffee,Barista Espresso,Cappuccino
3597.0,07/01/2023,10:55:25,1.0,8.0,Hell's Kitchen,65.0,0.8,Flavours,Sugar free syrup,Sugar Free Vanilla syrup
3598.0,07/01/2023,10:55:25,1.0,8.0,Hell's Kitchen,4.0,20.45,Coffee beans,Espresso Beans,Primo Espresso Roast
3599.0,07/01/2023,10:56:05,1.0,5.0,Lower Manhattan,39.0,4.25,Coffee,Barista Espresso,Latte Rg
3600.0,07/01/2023,10:56:05,2.0,5.0,Lower Manhattan,65.0,0.8,Flavours,Sugar free syrup,Sugar Free Vanilla syrup
3601.0,07/01/2023,10:56:05,1.0,5.0,Lower Manhattan,9.0,12.0,Coffee beans,Organic Beans,Organic Decaf Blend
3602.0,07/01/2023,10:56:46,2.0,8.0,Hell's Kitchen,27.0,3.5,Coffee,Organic brewed coffee,Brazilian Lg
3603.0,07/01/2023,11:00:03,1.0,8.0,Hell's Kitchen,40.0,3.75,Coffee,Barista Espresso,Cappuccino
3604.0,07/01/2023,11:00:03,2.0,8.0,Hell's Kitchen,63.0,0.8,Flavours,Regular syrup,Carmel syrup
3605.0,07/01/2023,11:00:03,1.0,8.0,Hell's Kitchen,74.0,3.5,Bakery,Biscotti,Ginger Biscotti
3606.0,07/01/2023,11:02:58,1.0,8.0,Hell's Kitchen,50.0,2.5,Tea,Brewed Black tea,Earl Grey Rg
3607.0,07/01/2023,11:03:14,1.0,8.0,Hell's Kitchen,32.0,3.0,Coffee,Gourmet brewed coffee,Ethiopia Rg
3608.0,07/01/2023,11:03:20,2.0,8.0,Hell's Kitchen,56.0,2.55,Tea,Brewed Chai tea,Spicy Eye Opener Chai Rg
3609.0,07/01/2023,11:03:20,1.0,8.0,Hell's Kitchen,72.0,3.25,Bakery,Scone,Ginger Scone
3610.0,07/01/2023,11:05:30,2.0,3.0,Astoria,52.0,2.5,Tea,Brewed Chai tea,Traditional Blend Chai Rg
3611.0,07/01/2023,11:05:30,1.0,3.0,Astoria,78.0,4.5,Bakery,Scone,Scottish Cream Scone 
3612.0,07/01/2023,11:07:14,1.0,5.0,Lower Manhattan,30.0,3.0,Coffee,Gourmet brewed coffee,Columbian Medium Roast Lg
3613.0,07/01/2023,11:07:48,1.0,8.0,Hell's Kitchen,25.0,2.2,Coffee,Organic brewed coffee,Brazilian Sm
3614.0,07/01/2023,11:07:54,1.0,8.0,Hell's Kitchen,24.0,3.0,Coffee,Drip coffee,Our Old Time Diner Blend Lg
,07/01/2023,11:09:54,,,Lower Manhattan,57.0,3.1,Tea,Brewed Chai tea,Spicy Eye Opener Chai Lg
3616.0,07/01/2023,11:10:06,2.0,3.0,Astoria,33.0,3.5,Coffee,Gourmet brewed coffee,Ethiopia Lg
3617.0,07/01/2023,11:10:06,1.0,3.0,Astoria,75.0,3.5,Bakery,Pastry,Croissant
3618.0,07/01/2023,11:13:18,1.0,8.0,Hell's Kitchen,24.0,3.0,Coffee,Drip coffee,Our Old Time Diner Blend Lg
3619.0,07/01/2023,11:14:16,2.0,8.0,Hell's Kitchen,33.0,3.5,Coffee,Gourmet brewed coffee,Ethiopia Lg
3620.0,07/01/2023,11:15:49,1.0,3.0,Astoria,52.0,2.5,Tea,Brewed Chai tea,Traditional Blend Chai Rg
3621.0,07/01/2023,11:15:54,2.0,8.0,Hell's Kitchen,25.0,2.2,Coffee,Organic brewed coffee,Brazilian Sm
3622.0,07/01/2023,11:17:49,2.0,3.0,Astoria,53.0,3.0,Tea,Brewed Chai tea,Traditional Blend Chai Lg
3623.0,07/01/2023,11:17:49,1.0,3.0,Astoria,71.0,3.75,Bakery,Pastry,Chocolate Croissant
3624.0,07/01/2023,11:26:18,2.0,8.0,Hell's Kitchen,42.0,2.5,Tea,Brewed herbal tea,Lemon Grass Rg
3625.0,07/01/2023,11:26:56,2.0,8.0,Hell's Kitchen,49.0,3.0,Tea,Brewed Black tea,English Breakfast Lg
3626.0,07/01/2023,11:28:54,2.0,5.0,Lower Manhattan,23.0,2.5,Coffee,Drip coffee,Our Old Time Diner Blend Rg
3627.0,07/01/2023,11:29:17,1.0,3.0,Astoria,53.0,3.0,Tea,Brewed Chai tea,Traditional Blend Chai Lg
3628.0,07/01/2023,11:30:44,2.0,3.0,Astoria,37.0,3.0,Coffee,Barista Espresso,Espresso shot
3629.0,07/01/2023,11:32:00,2.0,3.0,Astoria,60.0,3.75,Drinking Chocolate,Hot chocolate,Sustainably Grown Organic Rg
3630.0,07/01/2023,11:32:00,1.0,3.0,Astoria,71.0,3.75,Bakery,Pastry,Chocolate Croissant
3631.0,07/01/2023,11:32:37,2.0,3.0,Astoria,50.0,2.5,Tea,Brewed Black tea,Earl Grey Rg
3632.0,07/01/2023,11:38:37,1.0,8.0,Hell's Kitchen,27.0,3.5,Coffee,Organic brewed coffee,Brazilian Lg
3633.0,07/01/2023,11:39:41,1.0,3.0,Astoria,41.0,4.25,Coffee,Barista Espresso,Cappuccino Lg
3634.0,07/01/2023,11:41:26,2.0,8.0,Hell's Kitchen,48.0,2.5,Tea,Brewed Black tea,English Breakfast Rg
3635.0,07/01/2023,11:43:21,1.0,5.0,Lower Manhattan,29.0,2.5,Coffee,Gourmet brewed coffee,Columbian Medium Roast Rg
3636.0,07/01/2023,11:44:13,1.0,5.0,Lower Manhattan,27.0,3.5,Coffee,Organic brewed coffee,Brazilian Lg
3637.0,07/01/2023,11:44:13,1.0,5.0,Lower Manhattan,76.0,3.5,Bakery,Biscotti,Chocolate Chip Biscotti
3638.0,07/01/2023,11:46:43,2.0,3.0,Astoria,38.0,3.75,Coffee,Barista Espresso,Latte
3639.0,07/01/2023,11:53:13,,,Hell's Kitchen,,3.1,Coffee,Premium brewed coffee,Jamaican Coffee River Rg
3640.0,07/01/2023,11:54:38,,,Hell's Kitchen,,2.55,Tea,Brewed Chai tea,Spicy Eye Opener Chai Rg
3641.0,07/01/2023,11:54:38,1.0,8.0,Hell's Kitchen,78.0,4.5,Bakery,Scone,Scottish Cream Scone 
3642.0,07/01/2023,11:55:57,2.0,5.0,Lower Manhattan,25.0,2.2,Coffee,Organic brewed coffee,Brazilian Sm
3643.0,07/01/2023,11:59:07,1.0,5.0,Lower Manhattan,32.0,3.0,Coffee,Gourmet brewed coffee,Ethiopia Rg
3644.0,07/01/2023,12:05:19,2.0,3.0,Astoria,61.0,4.75,Drinking Chocolate,Hot chocolate,Sustainably Grown Organic Lg
3645.0,07/01/2023,12:07:17,1.0,5.0,Lower Manhattan,28.0,2.0,Coffee,Gourmet brewed coffee,Columbian Medium Roast Sm
3646.0,07/01/2023,12:07:31,1.0,3.0,Astoria,55.0,4.0,Tea,Brewed Chai tea,Morning Sunrise Chai Lg
3647.0,07/01/2023,12:07:44,1.0,3.0,Astoria,38.0,3.75,Coffee,Barista Espresso,Latte
3648.0,07/01/2023,12:08:35,1.0,3.0,Astoria,27.0,3.5,Coffee,Organic brewed coffee,Brazilian Lg
3649.0,07/01/2023,12:09:13,2.0,3.0,Astoria,50.0,2.5,Tea,Brewed Black tea,Earl Grey Rg
3650.0,07/01/2023,12:10:19,2.0,8.0,Hell's Kitchen,39.0,4.25,Coffee,Barista Espresso,Latte Rg
3651.0,07/01/2023,12:11:26,2.0,5.0,Lower Manhattan,43.0,3.0,Tea,Brewed herbal tea,Lemon Grass Lg
3652.0,07/01/2023,12:11:26,1.0,5.0,Lower Manhattan,72.0,3.25,Bakery,Scone,Ginger Scone
3653.0,07/01/2023,12:16:21,1.0,5.0,Lower Manhattan,29.0,2.5,Coffee,Gourmet brewed coffee,Columbian Medium Roast Rg
3654.0,07/01/2023,12:17:09,1.0,5.0,Lower Manhattan,40.0,3.75,Coffee,Barista Espresso,Cappuccino
3655.0,07/01/2023,12:17:09,1.0,5.0,Lower Manhattan,73.0,3.75,Bakery,Pastry,Almond Croissant
3656.0,07/01/2023,12:18:01,1.0,3.0,Astoria,23.0,2.5,Coffee,Drip coffee,Our Old Time Diner Blend Rg
3657.0,07/01/2023,12:23:20,2.0,3.0,Astoria,34.0,2.45,Coffee,Premium brewed coffee,Jamaican Coffee River Sm
3658.0,07/01/2023,12:24:00,2.0,3.0,Astoria,50.0,2.5,Tea,Brewed Black tea,Earl Grey Rg
3659.0,07/01/2023,12:26:42,2.0,8.0,Hell's Kitchen,22.0,2.0,Coffee,Drip coffee,Our Old Time Diner Blend Sm
3660.0,07/01/2023,12:26:42,1.0,8.0,Hell's Kitchen,19.0,6.4,Packaged Chocolate,Drinking Chocolate,Dark chocolate
3661.0,07/01/2023,12:28:26,2.0,3.0,Astoria,44.0,2.5,Tea,Brewed herbal tea,Peppermint Rg
3662.0,07/01/2023,12:28:26,1.0,3.0,Astoria,71.0,3.75,Bakery,Pastry,Chocolate Croissant
3663.0,07/01/2023,12:34:55,1.0,3.0,Astoria,28.0,2.0,Coffee,Gourmet brewed coffee,Columbian Medium Roast Sm
3664.0,07/01/2023,12:38:40,2.0,5.0,Lower Manhattan,45.0,3.0,Tea,Brewed herbal tea,Peppermint Lg
3665.0,07/01/2023,12:40:33,1.0,3.0,Astoria,29.0,2.5,Coffee,Gourmet brewed coffee,Columbian Medium Roast Rg
3666.0,07/01/2023,12:42:49,2.0,8.0,Hell's Kitchen,29.0,2.5,Coffee,Gourmet brewed coffee,Columbian Medium Roast Rg
3667.0,07/01/2023,12:43:13,2.0,5.0,Lower Manhattan,54.0,2.5,Tea,Brewed Chai tea,Morning Sunrise Chai Rg
3668.0,07/01/2023,12:44:24,2.0,3.0,Astoria,59.0,4.5,Drinking Chocolate,Hot chocolate,Dark chocolate Lg
,07/01/2023,12:44:32,2.0,,Astoria,43.0,3.0,Tea,Brewed herbal tea,Lemon Grass Lg
3670.0,07/01/2023,12:45:11,1.0,5.0,Lower Manhattan,32.0,3.0,Coffee,Gourmet brewed coffee,Ethiopia Rg
3671.0,07/01/2023,12:45:11,2.0,5.0,Lower Manhattan,44.0,2.5,Tea,Brewed herbal tea,Peppermint Rg
3672.0,07/01/2023,12:47:36,1.0,3.0,Astoria,38.0,3.75,Coffee,Barista Espresso,Latte
3673.0,07/01/2023,12:50:28,1.0,3.0,Astoria,48.0,2.5,Tea,Brewed Black tea,English Breakfast Rg
3674.0,07/01/2023,12:52:20,1.0,3.0,Astoria,39.0,4.25,Coffee,Barista Espresso,Latte Rg
3675.0,07/01/2023,12:53:48,2.0,5.0,Lower Manhattan,61.0,4.75,Drinking Chocolate,Hot chocolate,Sustainably Grown Organic Lg
3676.0,07/01/2023,12:54:18,,3.0,Astoria,,2.5,Tea,Brewed Chai tea,Morning Sunrise Chai Rg
3677.0,07/01/2023,12:54:18,1.0,3.0,Astoria,74.0,3.5,Bakery,Biscotti,Ginger Biscotti
3678.0,07/01/2023,12:58:25,,3.0,Astoria,32.0,,Coffee,Gourmet brewed coffee,Ethiopia Rg
3679.0,07/01/2023,13:05:03,2.0,8.0,Hell's Kitchen,31.0,2.2,Coffee,Gourmet brewed coffee,Ethiopia Sm
3680.0,07/01/2023,13:07:13,2.0,8.0,Hell's Kitchen,36.0,3.75,Coffee,Premium brewed coffee,Jamaican Coffee River Lg
3681.0,07/01/2023,13:07:13,1.0,8.0,Hell's Kitchen,76.0,3.5,Bakery,Biscotti,Chocolate Chip Biscotti
3682.0,07/01/2023,13:10:17,2.0,3.0,Astoria,61.0,4.75,Drinking Chocolate,Hot chocolate,Sustainably Grown Organic Lg
3683.0,07/01/2023,13:10:17,1.0,3.0,Astoria,76.0,3.5,Bakery,Biscotti,Chocolate Chip Biscotti
3684.0,07/01/2023,13:14:09,2.0,3.0,Astoria,47.0,3.0,Tea,Brewed Green tea,Serenity Green Tea Lg
3685.0,07/01/2023,13:17:13,1.0,3.0,Astoria,28.0,2.0,Coffee,Gourmet brewed coffee,Columbian Medium Roast Sm
3686.0,07/01/2023,13:24:10,1.0,3.0,Astoria,42.0,2.5,Tea,Brewed herbal tea,Lemon Grass Rg
3687.0,07/01/2023,13:25:18,1.0,3.0,Astoria,57.0,3.1,Tea,Brewed Chai tea,Spicy Eye Opener Chai Lg
3688.0,07/01/2023,13:26:37,2.0,8.0,Hell's Kitchen,47.0,3.0,Tea,Brewed Green tea,Serenity Green Tea Lg
3689.0,07/01/2023,13:29:08,,3.0,Astoria,,,Coffee,Premium brewed coffee,Jamaican Coffee River Rg
3690.0,07/01/2023,13:29:25,1.0,3.0,Astoria,26.0,3.0,Coffee,Organic brewed coffee,Brazilian Rg
3691.0,07/01/2023,13:29:25,1.0,3.0,Astoria,72.0,3.25,Bakery,Scone,Ginger Scone
3692.0,07/01/2023,13:33:21,2.0,8.0,Hell's Kitchen,46.0,2.5,Tea,Brewed Green tea,Serenity Green Tea Rg
3693.0,07/01/2023,13:38:18,1.0,3.0,Astoria,35.0,3.1,Coffee,Premium brewed coffee,Jamaican Coffee River Rg
3694.0,07/01/2023,13:38:54,2.0,3.0,Astoria,59.0,4.5,Drinking Chocolate,Hot chocolate,Dark chocolate Lg
3695.0,07/01/2023,13:45:04,2.0,8.0,Hell's Kitchen,34.0,2.45,Coffee,Premium brewed coffee,Jamaican Coffee River Sm
3696.0,07/01/2023,13:45:05,1.0,8.0,Hell's Kitchen,49.0,3.0,Tea,Brewed Black tea,English Breakfast Lg
3697.0,07/01/2023,13:46:21,1.0,8.0,Hell's Kitchen,53.0,3.0,Tea,Brewed Chai tea,Traditional Blend Chai Lg
3698.0,07/01/2023,13:46:48,1.0,3.0,Astoria,60.0,3.75,Drinking Chocolate,Hot chocolate,Sustainably Grown Organic Rg
3699.0,07/01/2023,13:49:35,1.0,3.0,Astoria,59.0,4.5,Drinking Chocolate,Hot chocolate,Dark chocolate Lg
3700.0,07/01/2023,13:50:41,2.0,3.0,Astoria,27.0,3.5,Coffee,Organic brewed coffee,Brazilian Lg
3701.0,07/01/2023,13:52:13,1.0,3.0,Astoria,53.0,3.0,Tea,Brewed Chai tea,Traditional Blend Chai Lg
3702.0,07/01/2023,13:53:24,1.0,3.0,Astoria,48.0,2.5,Tea,Brewed Black tea,English Breakfast Rg
3703.0,07/01/2023,14:01:55,1.0,3.0,Astoria,44.0,2.5,Tea,Brewed herbal tea,Peppermint Rg
3704.0,07/01/2023,14:02:48,2.0,3.0,Astoria,32.0,3.0,Coffee,Gourmet brewed coffee,Ethiopia Rg
3705.0,07/01/2023,14:07:08,2.0,3.0,Astoria,32.0,3.0,Coffee,Gourmet brewed coffee,Ethiopia Rg
3706.0,07/01/2023,14:09:59,2.0,8.0,Hell's Kitchen,61.0,4.75,Drinking Chocolate,Hot chocolate,Sustainably Grown Organic Lg
3707.0,07/01/2023,14:16:15,1.0,3.0,Astoria,50.0,2.5,Tea,Brewed Black tea,Earl Grey Rg
3708.0,07/01/2023,14:16:15,1.0,3.0,Astoria,69.0,3.25,Bakery,Biscotti,Hazelnut Biscotti
3709.0,07/01/2023,14:20:34,2.0,8.0,Hell's Kitchen,47.0,3.0,Tea,Brewed Green tea,Serenity Green Tea Lg
3710.0,07/01/2023,14:23:54,2.0,3.0,Astoria,22.0,2.0,Coffee,Drip coffee,Our Old Time Diner Blend Sm
3711.0,07/01/2023,14:25:40,1.0,8.0,Hell's Kitchen,43.0,3.0,Tea,Brewed herbal tea,Lemon Grass Lg
3712.0,07/01/2023,14:27:49,1.0,3.0,Astoria,49.0,3.0,Tea,Brewed Black tea,English Breakfast Lg
3713.0,07/01/2023,14:27:49,1.0,3.0,Astoria,71.0,3.75,Bakery,Pastry,Chocolate Croissant
3714.0,07/01/2023,14:40:42,1.0,3.0,Astoria,41.0,4.25,Coffee,Barista Espresso,Cappuccino Lg
3715.0,07/01/2023,14:42:23,1.0,3.0,Astoria,49.0,3.0,Tea,Brewed Black tea,English Breakfast Lg
3716.0,07/01/2023,14:51:43,1.0,8.0,Hell's Kitchen,57.0,3.1,Tea,Brewed Chai tea,Spicy Eye Opener Chai Lg
3717.0,07/01/2023,14:53:35,1.0,3.0,Astoria,51.0,3.0,Tea,Brewed Black tea,Earl Grey Lg
3718.0,07/01/2023,14:53:35,1.0,3.0,Astoria,71.0,3.75,Bakery,Pastry,Chocolate Croissant
3719.0,07/01/2023,15:05:47,1.0,3.0,Astoria,45.0,3.0,Tea,Brewed herbal tea,Peppermint Lg
3720.0,07/01/2023,15:15:10,1.0,8.0,Hell's Kitchen,26.0,3.0,Coffee,Organic brewed coffee,Brazilian Rg
3721.0,07/01/2023,15:17:18,2.0,3.0,Astoria,56.0,2.55,Tea,Brewed Chai tea,Spicy Eye Opener Chai Rg
3722.0,07/01/2023,15:20:43,1.0,3.0,Astoria,37.0,3.0,Coffee,Barista Espresso,Espresso shot
3723.0,07/01/2023,15:20:43,1.0,3.0,Astoria,77.0,3.0,Bakery,Scone,Oatmeal Scone
3724.0,07/01/2023,15:21:45,1.0,8.0,Hell's Kitchen,54.0,2.5,Tea,Brewed Chai tea,Morning Sunrise Chai Rg
3725.0,07/01/2023,15:22:21,2.0,3.0,Astoria,44.0,2.5,Tea,Brewed herbal tea,Peppermint Rg
,07/01/2023,15:22:54,,,Astoria,28.0,2.0,Coffee,Gourmet brewed coffee,Columbian Medium Roast Sm
3727.0,07/01/2023,15:28:09,1.0,3.0,Astoria,57.0,3.1,Tea,Brewed Chai tea,Spicy Eye Opener Chai Lg
3728.0,07/01/2023,15:29:56,1.0,3.0,Astoria,58.0,3.5,Drinking Chocolate,Hot chocolate,Dark chocolate Rg
3729.0,07/01/2023,15:29:56,1.0,3.0,Astoria,78.0,4.5,Bakery,Scone,Scottish Cream Scone 
3730.0,07/01/2023,15:38:19,1.0,8.0,Hell's Kitchen,33.0,3.5,Coffee,Gourmet brewed coffee,Ethiopia Lg
3731.0,07/01/2023,15:38:25,1.0,3.0,Astoria,48.0,2.5,Tea,Brewed Black tea,English Breakfast Rg
3732.0,07/01/2023,15:40:10,1.0,3.0,Astoria,53.0,3.0,Tea,Brewed Chai tea,Traditional Blend Chai Lg
3733.0,07/01/2023,15:41:44,1.0,3.0,Astoria,56.0,2.55,Tea,Brewed Chai tea,Spicy Eye Opener Chai Rg
3734.0,07/01/2023,15:50:27,2.0,3.0,Astoria,34.0,2.45,Coffee,Premium brewed coffee,Jamaican Coffee River Sm
3735.0,07/01/2023,15:52:39,2.0,8.0,Hell's Kitchen,47.0,3.0,Tea,Brewed Green tea,Serenity Green Tea Lg
3736.0,07/01/2023,15:52:55,2.0,8.0,Hell's Kitchen,32.0,3.0,Coffee,Gourmet brewed coffee,Ethiopia Rg
3737.0,07/01/2023,15:57:16,2.0,3.0,Astoria,32.0,3.0,Coffee,Gourmet brewed coffee,Ethiopia Rg
3738.0,07/01/2023,15:57:16,1.0,3.0,Astoria,77.0,3.0,Bakery,Scone,Oatmeal Scone
3739.0,07/01/2023,15:57:17,2.0,3.0,Astoria,55.0,4.0,Tea,Brewed Chai tea,Morning Sunrise Chai Lg
3740.0,07/01/2023,15:59:32,1.0,8.0,Hell's Kitchen,25.0,2.2,Coffee,Organic brewed coffee,Brazilian Sm
3741.0,07/01/2023,16:07:02,2.0,3.0,Astoria,35.0,3.1,Coffee,Premium brewed coffee,Jamaican Coffee River Rg
3742.0,07/01/2023,16:14:29,2.0,3.0,Astoria,25.0,2.2,Coffee,Organic brewed coffee,Brazilian Sm
3743.0,07/01/2023,16:16:48,1.0,3.0,Astoria,28.0,2.0,Coffee,Gourmet brewed coffee,Columbian Medium Roast Sm
3744.0,07/01/2023,16:18:43,1.0,8.0,Hell's Kitchen,26.0,3.0,Coffee,Organic brewed coffee,Brazilian Rg
3745.0,07/01/2023,16:19:36,1.0,8.0,Hell's Kitchen,45.0,3.0,Tea,Brewed herbal tea,Peppermint Lg
3746.0,07/01/2023,16:24:34,1.0,8.0,Hell's Kitchen,23.0,2.5,Coffee,Drip coffee,Our Old Time Diner Blend Rg
3747.0,07/01/2023,16:35:34,2.0,8.0,Hell's Kitchen,26.0,3.0,Coffee,Organic brewed coffee,Brazilian Rg
3748.0,07/01/2023,16:40:58,2.0,3.0,Astoria,57.0,3.1,Tea,Brewed Chai tea,Spicy Eye Opener Chai Lg
3749.0,07/01/2023,16:44:24,2.0,3.0,Astoria,60.0,3.75,Drinking Chocolate,Hot chocolate,Sustainably Grown Organic Rg
3750.0,07/01/2023,16:51:21,1.0,3.0,Astoria,37.0,3.0,Coffee,Barista Espresso,Espresso shot
3751.0,07/01/2023,16:51:42,2.0,8.0,Hell's Kitchen,52.0,2.5,Tea,Brewed Chai tea,Traditional Blend Chai Rg
3752.0,07/01/2023,16:51:42,1.0,8.0,Hell's Kitchen,69.0,3.25,Bakery,Biscotti,Hazelnut Biscotti
3753.0,07/01/2023,16:57:01,1.0,3.0,Astoria,60.0,3.75,Drinking Chocolate,Hot chocolate,Sustainably Grown Organic Rg
3754.0,07/01/2023,17:01:44,2.0,8.0,Hell's Kitchen,22.0,2.0,Coffee,Drip coffee,Our Old Time Diner Blend Sm
3755.0,07/01/2023,17:01:44,1.0,8.0,Hell's Kitchen,74.0,3.5,Bakery,Biscotti,Ginger Biscotti
3756.0,07/01/2023,17:02:45,1.0,3.0,Astoria,52.0,2.5,Tea,Brewed Chai tea,Traditional Blend Chai Rg
3757.0,07/01/2023,17:07:58,1.0,8.0,Hell's Kitchen,34.0,2.45,Coffee,Premium brewed coffee,Jamaican Coffee River Sm
3758.0,07/01/2023,17:08:54,1.0,8.0,Hell's Kitchen,23.0,2.5,Coffee,Drip coffee,Our Old Time Diner Blend Rg
3759.0,07/01/2023,17:08:54,1.0,8.0,Hell's Kitchen,79.0,3.75,Bakery,Scone,Jumbo Savory Scone
3760.0,07/01/2023,17:16:59,2.0,8.0,Hell's Kitchen,34.0,2.45,Coffee,Premium brewed coffee,Jamaican Coffee River Sm
3761.0,07/01/2023,17:17:49,2.0,3.0,Astoria,35.0,3.1,Coffee,Premium brewed coffee,Jamaican Coffee River Rg
3762.0,07/01/2023,17:28:11,1.0,8.0,Hell's Kitchen,27.0,3.5,Coffee,Organic brewed coffee,Brazilian Lg
3763.0,07/01/2023,17:35:08,1.0,3.0,Astoria,38.0,3.75,Coffee,Barista Espresso,Latte
3764.0,07/01/2023,17:41:48,1.0,3.0,Astoria,50.0,2.5,Tea,Brewed Black tea,Earl Grey Rg
3765.0,07/01/2023,17:48:58,2.0,8.0,Hell's Kitchen,52.0,2.5,Tea,Brewed Chai tea,Traditional Blend Chai Rg
3766.0,07/01/2023,17:49:50,2.0,3.0,Astoria,51.0,3.0,Tea,Brewed Black tea,Earl Grey Lg
3767.0,07/01/2023,17:53:42,1.0,,Hell's Kitchen,,,Coffee,Premium brewed coffee,Jamaican Coffee River Lg
3768.0,07/01/2023,17:53:42,1.0,8.0,Hell's Kitchen,73.0,3.75,Bakery,Pastry,Almond Croissant
,07/01/2023,17:54:34,1.0,8.0,Hell's Kitchen,,3.0,Tea,Brewed Black tea,Earl Grey Lg
3770.0,07/01/2023,17:58:15,2.0,8.0,Hell's Kitchen,31.0,2.2,Coffee,Gourmet brewed coffee,Ethiopia Sm
3771.0,07/01/2023,18:00:50,1.0,3.0,Astoria,51.0,3.0,Tea,Brewed Black tea,Earl Grey Lg
3772.0,07/01/2023,18:01:23,1.0,,Hell's Kitchen,,,Drinking Chocolate,Hot chocolate,Sustainably Grown Organic Lg
,07/01/2023,18:03:40,,3.0,Astoria,,3.0,Tea,Brewed Green tea,Serenity Green Tea Lg
3774.0,07/01/2023,18:04:35,1.0,3.0,Astoria,50.0,2.5,Tea,Brewed Black tea,Earl Grey Rg
3775.0,07/01/2023,18:04:35,1.0,3.0,Astoria,75.0,3.5,Bakery,Pastry,Croissant
3776.0,07/01/2023,18:05:15,1.0,8.0,Hell's Kitchen,46.0,2.5,Tea,Brewed Green tea,Serenity Green Tea Rg
3777.0,07/01/2023,18:06:25,1.0,8.0,Hell's Kitchen,39.0,4.25,Coffee,Barista Espresso,Latte Rg
3778.0,07/01/2023,18:06:25,1.0,8.0,Hell's Kitchen,84.0,0.8,Flavours,Regular syrup,Chocolate syrup
3779.0,07/01/2023,18:06:25,1.0,8.0,Hell's Kitchen,79.0,3.75,Bakery,Scone,Jumbo Savory Scone
3780.0,07/01/2023,18:06:33,1.0,3.0,Astoria,61.0,4.75,Drinking Chocolate,Hot chocolate,Sustainably Grown Organic Lg
3781.0,07/01/2023,18:07:09,1.0,3.0,Astoria,45.0,3.0,Tea,Brewed herbal tea,Peppermint Lg
3782.0,07/01/2023,18:16:48,2.0,3.0,Astoria,43.0,3.0,Tea,Brewed herbal tea,Lemon Grass Lg
3783.0,07/01/2023,18:18:28,1.0,8.0,Hell's Kitchen,24.0,3.0,Coffee,Drip coffee,Our Old Time Diner Blend Lg
3784.0,07/01/2023,18:19:42,2.0,8.0,Hell's Kitchen,45.0,3.0,Tea,Brewed herbal tea,Peppermint Lg
3785.0,07/01/2023,18:20:53,2.0,3.0,Astoria,50.0,2.5,Tea,Brewed Black tea,Earl Grey Rg
3786.0,07/01/2023,18:20:53,1.0,3.0,Astoria,76.0,3.5,Bakery,Biscotti,Chocolate Chip Biscotti
3787.0,07/01/2023,18:21:09,1.0,8.0,Hell's Kitchen,46.0,2.5,Tea,Brewed Green tea,Serenity Green Tea Rg
3788.0,07/01/2023,18:22:22,2.0,8.0,Hell's Kitchen,45.0,3.0,Tea,Brewed herbal tea,Peppermint Lg
3789.0,07/01/2023,18:23:43,2.0,3.0,Astoria,54.0,2.5,Tea,Brewed Chai tea,Morning Sunrise Chai Rg
3790.0,07/01/2023,18:24:31,2.0,8.0,Hell's Kitchen,22.0,2.0,Coffee,Drip coffee,Our Old Time Diner Blend Sm
3791.0,07/01/2023,18:26:54,1.0,8.0,Hell's Kitchen,23.0,2.5,Coffee,Drip coffee,Our Old Time Diner Blend Rg
3792.0,07/01/2023,18:30:14,1.0,3.0,Astoria,58.0,3.5,Drinking Chocolate,Hot chocolate,Dark chocolate Rg
3793.0,07/01/2023,18:31:19,1.0,8.0,Hell's Kitchen,35.0,3.1,Coffee,Premium brewed coffee,Jamaican Coffee River Rg
3794.0,07/01/2023,18:35:35,2.0,3.0,Astoria,37.0,3.0,Coffee,Barista Espresso,Espresso shot
3795.0,07/01/2023,18:35:35,1.0,3.0,Astoria,69.0,3.25,Bakery,Biscotti,Hazelnut Biscotti
3796.0,07/01/2023,18:37:28,2.0,3.0,Astoria,39.0,4.25,Coffee,Barista Espresso,Latte Rg
3797.0,07/01/2023,18:37:56,1.0,8.0,Hell's Kitchen,45.0,3.0,Tea,Brewed herbal tea,Peppermint Lg
3798.0,07/01/2023,18:39:07,2.0,3.0,Astoria,24.0,3.0,Coffee,Drip coffee,Our Old Time Diner Blend Lg
3799.0,07/01/2023,18:40:03,1.0,3.0,Astoria,42.0,2.5,Tea,Brewed herbal tea,Lemon Grass Rg
3800.0,07/01/2023,18:40:03,1.0,3.0,Astoria,78.0,4.5,Bakery,Scone,Scottish Cream Scone 
3801.0,07/01/2023,18:40:09,1.0,3.0,Astoria,60.0,3.75,Drinking Chocolate,Hot chocolate,Sustainably Grown Organic Rg
3802.0,07/01/2023,18:40:40,2.0,3.0,Astoria,35.0,3.1,Coffee,Premium brewed coffee,Jamaican Coffee River Rg
3803.0,07/01/2023,18:45:25,2.0,3.0,Astoria,50.0,2.5,Tea,Brewed Black tea,Earl Grey Rg
3804.0,07/01/2023,18:46:50,1.0,3.0,Astoria,42.0,2.5,Tea,Brewed herbal tea,Lemon Grass Rg
3805.0,07/01/2023,18:47:28,2.0,8.0,Hell's Kitchen,52.0,2.5,Tea,Brewed Chai tea,Traditional Blend Chai Rg
3806.0,07/01/2023,18:55:49,2.0,3.0,Astoria,52.0,2.5,Tea,Brewed Chai tea,Traditional Blend Chai Rg
3807.0,07/01/2023,18:58:58,2.0,3.0,Astoria,34.0,2.45,Coffee,Premium brewed coffee,Jamaican Coffee River Sm
3808.0,07/01/2023,19:01:14,2.0,3.0,Astoria,32.0,3.0,Coffee,Gourmet brewed coffee,Ethiopia Rg
3809.0,07/01/2023,19:04:12,2.0,8.0,Hell's Kitchen,60.0,3.75,Drinking Chocolate,Hot chocolate,Sustainably Grown Organic Rg
3810.0,07/01/2023,19:04:35,1.0,8.0,Hell's Kitchen,32.0,3.0,Coffee,Gourmet brewed coffee,Ethiopia Rg
3811.0,07/01/2023,19:06:46,2.0,8.0,Hell's Kitchen,27.0,3.5,Coffee,Organic brewed coffee,Brazilian Lg
3812.0,07/01/2023,19:10:34,2.0,3.0,Astoria,25.0,2.2,Coffee,Organic brewed coffee,Brazilian Sm
3813.0,07/01/2023,19:12:01,1.0,3.0,Astoria,36.0,3.75,Coffee,Premium brewed coffee,Jamaican Coffee River Lg
3814.0,07/01/2023,19:12:13,2.0,8.0,Hell's Kitchen,58.0,3.5,Drinking Chocolate,Hot chocolate,Dark chocolate Rg
3815.0,07/01/2023,19:17:30,1.0,3.0,Astoria,54.0,2.5,Tea,Brewed Chai tea,Morning Sunrise Chai Rg
3816.0,07/01/2023,19:21:45,1.0,8.0,Hell's Kitchen,33.0,3.5,Coffee,Gourmet brewed coffee,Ethiopia Lg
3817.0,07/01/2023,19:22:08,2.0,3.0,Astoria,56.0,2.55,Tea,Brewed Chai tea,Spicy Eye Opener Chai Rg
3818.0,07/01/2023,19:25:04,2.0,8.0,Hell's Kitchen,45.0,3.0,Tea,Brewed herbal tea,Peppermint Lg
3819.0,07/01/2023,19:27:02,2.0,3.0,Astoria,53.0,3.0,Tea,Brewed Chai tea,Traditional Blend Chai Lg
3820.0,07/01/2023,19:28:02,1.0,3.0,Astoria,24.0,3.0,Coffee,Drip coffee,Our Old Time Diner Blend Lg
3821.0,07/01/2023,19:29:23,2.0,3.0,Astoria,46.0,2.5,Tea,Brewed Green tea,Serenity Green Tea Rg
3822.0,07/01/2023,19:30:18,2.0,3.0,Astoria,33.0,3.5,Coffee,Gourmet brewed coffee,Ethiopia Lg
3823.0,07/01/2023,19:30:18,1.0,3.0,Astoria,79.0,3.75,Bakery,Scone,Jumbo Savory Scone
3824.0,07/01/2023,19:38:50,2.0,8.0,Hell's Kitchen,27.0,3.5,Coffee,Organic brewed coffee,Brazilian Lg
3825.0,07/01/2023,19:38:50,1.0,8.0,Hell's Kitchen,77.0,3.0,Bakery,Scone,Oatmeal Scone
3826.0,07/01/2023,19:39:13,2.0,8.0,Hell's Kitchen,48.0,2.5,Tea,Brewed Black tea,English Breakfast Rg
3827.0,07/01/2023,19:43:24,2.0,3.0,Astoria,48.0,2.5,Tea,Brewed Black tea,English Breakfast Rg
3828.0,07/01/2023,19:43:29,1.0,8.0,Hell's Kitchen,46.0,2.5,Tea,Brewed Green tea,Serenity Green Tea Rg
3829.0,07/01/2023,19:47:59,1.0,3.0,Astoria,61.0,4.75,Drinking Chocolate,Hot chocolate,Sustainably Grown Organic Lg
3830.0,07/01/2023,19:52:14,2.0,3.0,Astoria,57.0,3.1,Tea,Brewed Chai tea,Spicy Eye Opener Chai Lg
3831.0,07/01/2023,20:05:39,2.0,8.0,Hell's Kitchen,24.0,3.0,Coffee,Drip coffee,Our Old Time Diner Blend Lg
3832.0,07/01/2023,20:15:28,2.0,8.0,Hell's Kitchen,34.0,2.45,Coffee,Premium brewed coffee,Jamaican Coffee River Sm
3833.0,07/01/2023,20:18:19,1.0,8.0,Hell's Kitchen,44.0,2.5,Tea,Brewed herbal tea,Peppermint Rg
3834.0,07/01/2023,20:18:41,2.0,8.0,Hell's Kitchen,44.0,2.5,Tea,Brewed herbal tea,Peppermint Rg
3835.0,07/01/2023,20:19:10,1.0,8.0,Hell's Kitchen,37.0,3.0,Coffee,Barista Espresso,Espresso shot
3836.0,07/01/2023,20:20:35,2.0,8.0,Hell's Kitchen,22.0,2.0,Coffee,Drip coffee,Our Old Time Diner Blend Sm
3837.0,07/01/2023,20:30:31,1.0,8.0,Hell's Kitchen,53.0,3.0,Tea,Brewed Chai tea,Traditional Blend Chai Lg
3838.0,07/01/2023,20:31:37,1.0,8.0,Hell's Kitchen,43.0,3.0,Tea,Brewed herbal tea,Lemon Grass Lg
3839.0,07/01/2023,20:33:42,2.0,8.0,Hell's Kitchen,58.0,3.5,Drinking Chocolate,Hot chocolate,Dark chocolate Rg
3840.0,07/01/2023,20:41:43,2.0,8.0,Hell's Kitchen,24.0,3.0,Coffee,Drip coffee,Our Old Time Diner Blend Lg
3841.0,07/01/2023,20:53:03,1.0,8.0,Hell's Kitchen,58.0,3.5,Drinking Chocolate,Hot chocolate,Dark chocolate Rg
3842.0,07/01/2023,20:53:03,1.0,8.0,Hell's Kitchen,71.0,3.75,Bakery,Pastry,Chocolate Croissant
3843.0,08/01/2023,06:42:16,2.0,8.0,Hell's Kitchen,58.0,3.5,Drinking Chocolate,Hot chocolate,Dark chocolate Rg
3844.0,08/01/2023,06:48:41,2.0,8.0,Hell's Kitchen,51.0,3.0,Tea,Brewed Black tea,Earl Grey Lg
3845.0,08/01/2023,06:48:43,2.0,8.0,Hell's Kitchen,31.0,2.2,Coffee,Gourmet brewed coffee,Ethiopia Sm
3846.0,08/01/2023,06:53:09,2.0,8.0,Hell's Kitchen,28.0,2.0,Coffee,Gourmet brewed coffee,Columbian Medium Roast Sm
3847.0,08/01/2023,07:00:42,1.0,8.0,Hell's Kitchen,51.0,3.0,Tea,Brewed Black tea,Earl Grey Lg
3848.0,08/01/2023,07:02:40,2.0,8.0,Hell's Kitchen,61.0,4.75,Drinking Chocolate,Hot chocolate,Sustainably Grown Organic Lg
3849.0,08/01/2023,07:03:42,2.0,8.0,Hell's Kitchen,48.0,2.5,Tea,Brewed Black tea,English Breakfast Rg
3850.0,08/01/2023,07:08:40,1.0,3.0,Astoria,47.0,3.0,Tea,Brewed Green tea,Serenity Green Tea Lg
3851.0,08/01/2023,07:11:13,1.0,8.0,Hell's Kitchen,28.0,2.0,Coffee,Gourmet brewed coffee,Columbian Medium Roast Sm
3852.0,08/01/2023,07:11:13,1.0,8.0,Hell's Kitchen,78.0,4.5,Bakery,Scone,Scottish Cream Scone 
3853.0,08/01/2023,07:12:48,1.0,8.0,Hell's Kitchen,38.0,3.75,Coffee,Barista Espresso,Latte
3854.0,08/01/2023,07:12:48,2.0,8.0,Hell's Kitchen,63.0,0.8,Flavours,Regular syrup,Carmel syrup
3855.0,08/01/2023,07:14:25,2.0,8.0,Hell's Kitchen,27.0,3.5,Coffee,Organic brewed coffee,Brazilian Lg
3856.0,08/01/2023,07:17:44,2.0,8.0,Hell's Kitchen,49.0,3.0,Tea,Brewed Black tea,English Breakfast Lg
,08/01/2023,07:21:28,1.0,,Astoria,47.0,3.0,Tea,Brewed Green tea,Serenity Green Tea Lg
3858.0,08/01/2023,07:22:37,1.0,3.0,Astoria,38.0,3.75,Coffee,Barista Espresso,Latte
3859.0,08/01/2023,07:26:44,2.0,8.0,Hell's Kitchen,47.0,3.0,Tea,Brewed Green tea,Serenity Green Tea Lg
3860.0,08/01/2023,07:28:36,2.0,8.0,Hell's Kitchen,39.0,4.25,Coffee,Barista Espresso,Latte Rg
3861.0,08/01/2023,07:28:36,1.0,8.0,Hell's Kitchen,65.0,0.8,Flavours,Sugar free syrup,Sugar Free Vanilla syrup
3862.0,08/01/2023,07:29:55,2.0,8.0,Hell's Kitchen,61.0,4.75,Drinking Chocolate,Hot chocolate,Sustainably Grown Organic Lg
,08/01/2023,07:30:17,1.0,,Lower Manhattan,39.0,,Coffee,Barista Espresso,Latte Rg
3864.0,08/01/2023,07:30:17,1.0,5.0,Lower Manhattan,64.0,0.8,Flavours,Regular syrup,Hazelnut syrup
3865.0,08/01/2023,07:30:17,1.0,5.0,Lower Manhattan,39.0,4.25,Coffee,Barista Espresso,Latte Rg
3866.0,08/01/2023,07:30:17,1.0,5.0,Lower Manhattan,1.0,18.0,Coffee beans,Organic Beans,Brazilian - Organic
3867.0,08/01/2023,07:31:23,1.0,8.0,Hell's Kitchen,52.0,2.5,Tea,Brewed Chai tea,Traditional Blend Chai Rg
3868.0,08/01/2023,07:31:24,2.0,8.0,Hell's Kitchen,31.0,2.2,Coffee,Gourmet brewed coffee,Ethiopia Sm
3869.0,08/01/2023,07:31:44,2.0,8.0,Hell's Kitchen,58.0,3.5,Drinking Chocolate,Hot chocolate,Dark chocolate Rg
3870.0,08/01/2023,07:36:18,1.0,3.0,Astoria,22.0,2.0,Coffee,Drip coffee,Our Old Time Diner Blend Sm
3871.0,08/01/2023,07:37:12,1.0,5.0,Lower Manhattan,40.0,3.75,Coffee,Barista Espresso,Cappuccino
3872.0,08/01/2023,07:37:12,3.0,5.0,Lower Manhattan,63.0,0.8,Flavours,Regular syrup,Carmel syrup
3873.0,08/01/2023,07:39:04,2.0,8.0,Hell's Kitchen,35.0,3.1,Coffee,Premium brewed coffee,Jamaican Coffee River Rg
3874.0,08/01/2023,07:39:41,2.0,5.0,Lower Manhattan,59.0,4.5,Drinking Chocolate,Hot chocolate,Dark chocolate Lg
3875.0,08/01/2023,07:39:47,1.0,3.0,Astoria,38.0,3.75,Coffee,Barista Espresso,Latte
3876.0,08/01/2023,07:40:01,1.0,3.0,Astoria,52.0,2.5,Tea,Brewed Chai tea,Traditional Blend Chai Rg
3877.0,08/01/2023,07:40:22,2.0,8.0,Hell's Kitchen,52.0,2.5,Tea,Brewed Chai tea,Traditional Blend Chai Rg
3878.0,08/01/2023,07:40:35,1.0,5.0,Lower Manhattan,60.0,3.75,Drinking Chocolate,Hot chocolate,Sustainably Grown Organic Rg
3879.0,08/01/2023,07:43:08,1.0,8.0,Hell's Kitchen,33.0,3.5,Coffee,Gourmet brewed coffee,Ethiopia Lg
3880.0,08/01/2023,07:46:29,2.0,5.0,Lower Manhattan,26.0,3.0,Coffee,Organic brewed coffee,Brazilian Rg
3881.0,08/01/2023,07:52:12,1.0,8.0,Hell's Kitchen,48.0,2.5,Tea,Brewed Black tea,English Breakfast Rg
3882.0,08/01/2023,07:52:12,1.0,8.0,Hell's Kitchen,78.0,4.5,Bakery,Scone,Scottish Cream Scone 
3883.0,08/01/2023,07:53:00,2.0,8.0,Hell's Kitchen,48.0,2.5,Tea,Brewed Black tea,English Breakfast Rg
3884.0,08/01/2023,07:53:11,2.0,5.0,Lower Manhattan,34.0,2.45,Coffee,Premium brewed coffee,Jamaican Coffee River Sm
3885.0,08/01/2023,07:53:11,1.0,5.0,Lower Manhattan,69.0,3.25,Bakery,Biscotti,Hazelnut Biscotti
3886.0,08/01/2023,07:53:43,1.0,8.0,Hell's Kitchen,49.0,3.0,Tea,Brewed Black tea,English Breakfast Lg
3887.0,08/01/2023,07:53:44,1.0,,Lower Manhattan,,3.0,Coffee,Barista Espresso,Espresso shot
3888.0,08/01/2023,07:55:17,2.0,8.0,Hell's Kitchen,33.0,3.5,Coffee,Gourmet brewed coffee,Ethiopia Lg
3889.0,08/01/2023,07:59:01,1.0,5.0,Lower Manhattan,57.0,3.1,Tea,Brewed Chai tea,Spicy Eye Opener Chai Lg
3890.0,08/01/2023,07:59:50,1.0,8.0,Hell's Kitchen,51.0,3.0,Tea,Brewed Black tea,Earl Grey Lg
3891.0,08/01/2023,08:00:04,1.0,5.0,Lower Manhattan,49.0,3.0,Tea,Brewed Black tea,English Breakfast Lg
3892.0,08/01/2023,08:00:32,2.0,8.0,Hell's Kitchen,45.0,3.0,Tea,Brewed herbal tea,Peppermint Lg
3893.0,08/01/2023,08:00:32,1.0,8.0,Hell's Kitchen,74.0,3.5,Bakery,Biscotti,Ginger Biscotti
3894.0,08/01/2023,08:03:13,2.0,8.0,Hell's Kitchen,38.0,3.75,Coffee,Barista Espresso,Latte
3895.0,08/01/2023,08:03:13,,8.0,Hell's Kitchen,,0.8,Flavours,Regular syrup,Hazelnut syrup
3896.0,08/01/2023,08:03:28,2.0,8.0,Hell's Kitchen,40.0,3.75,Coffee,Barista Espresso,Cappuccino
3897.0,08/01/2023,08:07:10,1.0,5.0,Lower Manhattan,35.0,3.1,Coffee,Premium brewed coffee,Jamaican Coffee River Rg
3898.0,08/01/2023,08:07:10,1.0,5.0,Lower Manhattan,6.0,21.0,Coffee beans,Gourmet Beans,Ethiopia
3899.0,08/01/2023,08:07:41,2.0,5.0,Lower Manhattan,22.0,2.0,Coffee,Drip coffee,Our Old Time Diner Blend Sm
3900.0,08/01/2023,08:08:17,1.0,5.0,Lower Manhattan,37.0,3.0,Coffee,Barista Espresso,Espresso shot
3901.0,08/01/2023,08:08:17,2.0,5.0,Lower Manhattan,,,Flavours,Regular syrup,Hazelnut syrup
3902.0,08/01/2023,08:09:07,1.0,3.0,Astoria,22.0,2.0,Coffee,Drip coffee,Our Old Time Diner Blend Sm
3903.0,08/01/2023,08:10:25,2.0,3.0,Astoria,54.0,2.5,Tea,Brewed Chai tea,Morning Sunrise Chai Rg
3904.0,08/01/2023,08:10:25,1.0,3.0,Astoria,57.0,3.1,Tea,Brewed Chai tea,Spicy Eye Opener Chai Lg
3905.0,08/01/2023,08:12:28,1.0,8.0,Hell's Kitchen,51.0,3.0,Tea,Brewed Black tea,Earl Grey Lg
3906.0,08/01/2023,08:12:57,1.0,5.0,Lower Manhattan,35.0,3.1,Coffee,Premium brewed coffee,Jamaican Coffee River Rg
3907.0,08/01/2023,08:12:57,1.0,5.0,Lower Manhattan,71.0,3.75,Bakery,Pastry,Chocolate Croissant
3908.0,08/01/2023,08:12:58,2.0,8.0,Hell's Kitchen,27.0,3.5,Coffee,Organic brewed coffee,Brazilian Lg
3909.0,08/01/2023,08:13:57,1.0,3.0,Astoria,32.0,3.0,Coffee,Gourmet brewed coffee,Ethiopia Rg
3910.0,08/01/2023,08:13:57,1.0,3.0,Astoria,15.0,9.25,Loose Tea,Green tea,Serenity Green Tea
3911.0,08/01/2023,08:14:49,,,Lower Manhattan,33.0,3.5,Coffee,Gourmet brewed coffee,Ethiopia Lg
3912.0,08/01/2023,08:17:35,2.0,5.0,Lower Manhattan,57.0,3.1,Tea,Brewed Chai tea,Spicy Eye Opener Chai Lg
3913.0,08/01/2023,08:17:35,1.0,5.0,Lower Manhattan,6.0,21.0,Coffee beans,Gourmet Beans,Ethiopia
,08/01/2023,08:17:50,1.0,8.0,Hell's Kitchen,40.0,,Coffee,Barista Espresso,Cappuccino
3915.0,08/01/2023,08:18:21,2.0,5.0,Lower Manhattan,45.0,3.0,Tea,Brewed herbal tea,Peppermint Lg
3916.0,08/01/2023,08:20:50,1.0,5.0,Lower Manhattan,55.0,4.0,Tea,Brewed Chai tea,Morning Sunrise Chai Lg
3917.0,08/01/2023,08:20:50,1.0,5.0,Lower Manhattan,77.0,3.0,Bakery,Scone,Oatmeal Scone
3918.0,08/01/2023,08:21:00,2.0,5.0,Lower Manhattan,33.0,3.5,Coffee,Gourmet brewed coffee,Ethiopia Lg
3919.0,08/01/2023,08:21:01,2.0,3.0,Astoria,56.0,2.55,Tea,Brewed Chai tea,Spicy Eye Opener Chai Rg
3920.0,08/01/2023,08:21:01,2.0,3.0,Astoria,78.0,4.5,Bakery,Scone,Scottish Cream Scone 
3921.0,08/01/2023,08:22:29,2.0,5.0,Lower Manhattan,45.0,3.0,Tea,Brewed herbal tea,Peppermint Lg
3922.0,08/01/2023,08:23:24,1.0,3.0,Astoria,58.0,3.5,Drinking Chocolate,Hot chocolate,Dark chocolate Rg
3923.0,08/01/2023,08:23:30,1.0,5.0,Lower Manhattan,42.0,2.5,Tea,Brewed herbal tea,Lemon Grass Rg
3924.0,08/01/2023,08:24:39,1.0,3.0,Astoria,56.0,2.55,Tea,Brewed Chai tea,Spicy Eye Opener Chai Rg
3925.0,08/01/2023,08:26:31,1.0,8.0,Hell's Kitchen,29.0,2.5,Coffee,Gourmet brewed coffee,Columbian Medium Roast Rg
3926.0,08/01/2023,08:26:31,1.0,8.0,Hell's Kitchen,16.0,8.95,Loose Tea,Chai tea,Traditional Blend Chai
3927.0,08/01/2023,08:30:44,2.0,5.0,Lower Manhattan,31.0,2.2,Coffee,Gourmet brewed coffee,Ethiopia Sm
3928.0,08/01/2023,08:31:00,1.0,5.0,Lower Manhattan,71.0,3.75,Bakery,Pastry,Chocolate Croissant
3929.0,08/01/2023,08:31:00,1.0,5.0,Lower Manhattan,71.0,3.75,Bakery,Pastry,Chocolate Croissant
3930.0,08/01/2023,08:31:00,1.0,5.0,Lower Manhattan,71.0,3.75,Bakery,Pastry,Chocolate Croissant
3931.0,08/01/2023,08:31:47,2.0,5.0,Lower Manhattan,32.0,3.0,Coffee,Gourmet brewed coffee,Ethiopia Rg
3932.0,08/01/2023,08:33:55,1.0,3.0,Astoria,35.0,3.1,Coffee,Premium brewed coffee,Jamaican Coffee River Rg
3933.0,08/01/2023,08:34:30,1.0,3.0,Astoria,59.0,4.5,Drinking Chocolate,Hot chocolate,Dark chocolate Lg
3934.0,08/01/2023,08:35:33,2.0,8.0,Hell's Kitchen,48.0,2.5,Tea,Brewed Black tea,English Breakfast Rg
3935.0,08/01/2023,08:36:40,1.0,5.0,Lower Manhattan,32.0,3.0,Coffee,Gourmet brewed coffee,Ethiopia Rg
3936.0,08/01/2023,08:38:43,1.0,8.0,Hell's Kitchen,49.0,3.0,Tea,Brewed Black tea,English Breakfast Lg
3937.0,08/01/2023,08:39:36,,,Lower Manhattan,53.0,,Tea,Brewed Chai tea,Traditional Blend Chai Lg
3938.0,08/01/2023,08:41:40,1.0,5.0,Lower Manhattan,61.0,4.75,Drinking Chocolate,Hot chocolate,Sustainably Grown Organic Lg
3939.0,08/01/2023,08:41:40,1.0,5.0,Lower Manhattan,70.0,3.25,Bakery,Scone,Cranberry Scone
3940.0,08/01/2023,08:42:08,2.0,5.0,Lower Manhattan,48.0,2.5,Tea,Brewed Black tea,English Breakfast Rg
3941.0,08/01/2023,08:42:32,1.0,3.0,Astoria,49.0,3.0,Tea,Brewed Black tea,English Breakfast Lg
3942.0,08/01/2023,08:42:38,1.0,8.0,Hell's Kitchen,29.0,2.5,Coffee,Gourmet brewed coffee,Columbian Medium Roast Rg
3943.0,08/01/2023,08:43:05,2.0,5.0,Lower Manhattan,51.0,3.0,Tea,Brewed Black tea,Earl Grey Lg
3944.0,08/01/2023,08:47:56,1.0,8.0,Hell's Kitchen,46.0,2.5,Tea,Brewed Green tea,Serenity Green Tea Rg
3945.0,08/01/2023,08:49:04,2.0,5.0,Lower Manhattan,31.0,2.2,Coffee,Gourmet brewed coffee,Ethiopia Sm
3946.0,08/01/2023,08:49:04,1.0,5.0,Lower Manhattan,9.0,22.5,Coffee beans,Organic Beans,Organic Decaf Blend
3947.0,08/01/2023,08:55:29,2.0,3.0,Astoria,37.0,3.0,Coffee,Barista Espresso,Espresso shot
3948.0,08/01/2023,08:56:12,1.0,8.0,Hell's Kitchen,47.0,3.0,Tea,Brewed Green tea,Serenity Green Tea Lg
3949.0,08/01/2023,08:57:11,1.0,5.0,Lower Manhattan,38.0,3.75,Coffee,Barista Espresso,Latte
3950.0,08/01/2023,08:57:11,2.0,5.0,Lower Manhattan,63.0,0.8,Flavours,Regular syrup,Carmel syrup
3951.0,08/01/2023,08:57:28,1.0,5.0,Lower Manhattan,55.0,4.0,Tea,Brewed Chai tea,Morning Sunrise Chai Lg
3952.0,08/01/2023,08:57:28,2.0,5.0,Lower Manhattan,23.0,2.5,Coffee,Drip coffee,Our Old Time Diner Blend Rg
3953.0,08/01/2023,08:57:28,1.0,5.0,Lower Manhattan,74.0,3.5,Bakery,Biscotti,Ginger Biscotti
3954.0,08/01/2023,08:57:28,1.0,8.0,Hell's Kitchen,57.0,3.1,Tea,Brewed Chai tea,Spicy Eye Opener Chai Lg
3955.0,08/01/2023,08:57:44,1.0,3.0,Astoria,59.0,4.5,Drinking Chocolate,Hot chocolate,Dark chocolate Lg
3956.0,08/01/2023,08:58:14,1.0,3.0,Astoria,38.0,3.75,Coffee,Barista Espresso,Latte
3957.0,08/01/2023,08:58:14,1.0,3.0,Astoria,38.0,3.75,Coffee,Barista Espresso,Latte
3958.0,08/01/2023,08:58:14,1.0,3.0,Astoria,38.0,3.75,Coffee,Barista Espresso,Latte
3959.0,08/01/2023,08:59:55,2.0,8.0,Hell's Kitchen,52.0,2.5,Tea,Brewed Chai tea,Traditional Blend Chai Rg
3960.0,08/01/2023,09:01:29,1.0,8.0,Hell's Kitchen,22.0,2.0,Coffee,Drip coffee,Our Old Time Diner Blend Sm
3961.0,08/01/2023,09:02:00,1.0,5.0,Lower Manhattan,33.0,3.5,Coffee,Gourmet brewed coffee,Ethiopia Lg
3962.0,08/01/2023,09:03:07,2.0,5.0,Lower Manhattan,23.0,2.5,Coffee,Drip coffee,Our Old Time Diner Blend Rg
3963.0,08/01/2023,09:04:52,1.0,5.0,Lower Manhattan,53.0,3.0,Tea,Brewed Chai tea,Traditional Blend Chai Lg
3964.0,08/01/2023,09:05:15,1.0,,Lower Manhattan,,2.0,Coffee,Drip coffee,Our Old Time Diner Blend Sm
3965.0,08/01/2023,09:10:50,2.0,5.0,Lower Manhattan,38.0,3.75,Coffee,Barista Espresso,Latte
3966.0,08/01/2023,09:10:50,2.0,5.0,Lower Manhattan,63.0,0.8,Flavours,Regular syrup,Carmel syrup
3967.0,08/01/2023,09:10:50,1.0,5.0,Lower Manhattan,78.0,4.5,Bakery,Scone,Scottish Cream Scone 
3968.0,08/01/2023,09:12:05,1.0,8.0,Hell's Kitchen,59.0,4.5,Drinking Chocolate,Hot chocolate,Dark chocolate Lg
3969.0,08/01/2023,09:12:22,1.0,5.0,Lower Manhattan,36.0,3.75,Coffee,Premium brewed coffee,Jamaican Coffee River Lg
3970.0,08/01/2023,09:13:06,1.0,5.0,Lower Manhattan,39.0,4.25,Coffee,Barista Espresso,Latte Rg
3971.0,08/01/2023,09:13:06,2.0,5.0,Lower Manhattan,1.0,18.0,Coffee beans,Organic Beans,Brazilian - Organic
3972.0,08/01/2023,09:13:19,2.0,8.0,Hell's Kitchen,32.0,3.0,Coffee,Gourmet brewed coffee,Ethiopia Rg
3973.0,08/01/2023,09:13:52,1.0,3.0,Astoria,43.0,3.0,Tea,Brewed herbal tea,Lemon Grass Lg
3974.0,08/01/2023,09:14:13,1.0,5.0,Lower Manhattan,43.0,3.0,Tea,Brewed herbal tea,Lemon Grass Lg
3975.0,08/01/2023,09:14:13,1.0,5.0,Lower Manhattan,77.0,3.0,Bakery,Scone,Oatmeal Scone
3976.0,08/01/2023,09:14:15,1.0,8.0,Hell's Kitchen,49.0,3.0,Tea,Brewed Black tea,English Breakfast Lg
3977.0,08/01/2023,09:15:22,2.0,5.0,Lower Manhattan,48.0,2.5,Tea,Brewed Black tea,English Breakfast Rg
3978.0,08/01/2023,09:15:45,2.0,8.0,Hell's Kitchen,56.0,2.55,Tea,Brewed Chai tea,Spicy Eye Opener Chai Rg
3979.0,08/01/2023,09:15:45,1.0,8.0,Hell's Kitchen,75.0,3.5,Bakery,Pastry,Croissant
3980.0,08/01/2023,09:16:27,2.0,5.0,Lower Manhattan,35.0,3.1,Coffee,Premium brewed coffee,Jamaican Coffee River Rg
3981.0,08/01/2023,09:19:09,1.0,5.0,Lower Manhattan,30.0,3.0,Coffee,Gourmet brewed coffee,Columbian Medium Roast Lg
3982.0,08/01/2023,09:19:09,1.0,5.0,Lower Manhattan,78.0,4.5,Bakery,Scone,Scottish Cream Scone 
3983.0,08/01/2023,09:19:14,2.0,8.0,Hell's Kitchen,53.0,3.0,Tea,Brewed Chai tea,Traditional Blend Chai Lg
3984.0,08/01/2023,09:20:53,2.0,8.0,Hell's Kitchen,29.0,2.5,Coffee,Gourmet brewed coffee,Columbian Medium Roast Rg
3985.0,08/01/2023,09:21:59,2.0,8.0,Hell's Kitchen,25.0,2.2,Coffee,Organic brewed coffee,Brazilian Sm
3986.0,08/01/2023,09:21:59,1.0,8.0,Hell's Kitchen,71.0,3.75,Bakery,Pastry,Chocolate Croissant
3987.0,08/01/2023,09:24:25,1.0,5.0,Lower Manhattan,47.0,3.0,Tea,Brewed Green tea,Serenity Green Tea Lg
3988.0,08/01/2023,09:24:25,1.0,5.0,Lower Manhattan,79.0,3.75,Bakery,Scone,Jumbo Savory Scone
3989.0,08/01/2023,09:24:38,1.0,3.0,Astoria,42.0,2.5,Tea,Brewed herbal tea,Lemon Grass Rg
3990.0,08/01/2023,09:24:38,2.0,3.0,Astoria,75.0,3.5,Bakery,Pastry,Croissant
3991.0,08/01/2023,09:25:30,2.0,8.0,Hell's Kitchen,28.0,2.0,Coffee,Gourmet brewed coffee,Columbian Medium Roast Sm
3992.0,08/01/2023,09:25:59,2.0,5.0,Lower Manhattan,22.0,2.0,Coffee,Drip coffee,Our Old Time Diner Blend Sm
3993.0,08/01/2023,09:26:37,1.0,3.0,Astoria,50.0,2.5,Tea,Brewed Black tea,Earl Grey Rg
3994.0,08/01/2023,09:26:37,1.0,3.0,Astoria,56.0,2.55,Tea,Brewed Chai tea,Spicy Eye Opener Chai Rg
3995.0,08/01/2023,09:27:09,1.0,5.0,Lower Manhattan,37.0,3.0,Coffee,Barista Espresso,Espresso shot
3996.0,08/01/2023,09:27:09,1.0,5.0,Lower Manhattan,37.0,3.0,Coffee,Barista Espresso,Espresso shot
3997.0,08/01/2023,09:27:26,1.0,5.0,Lower Manhattan,26.0,3.0,Coffee,Organic brewed coffee,Brazilian Rg
,08/01/2023,09:27:26,,,Lower Manhattan,3.0,14.75,Coffee beans,Espresso Beans,Espresso Roast
,08/01/2023,09:28:27,1.0,5.0,Lower Manhattan,,,Bakery,Pastry,Chocolate Croissant
4000.0,08/01/2023,09:32:48,2.0,5.0,Lower Manhattan,28.0,2.0,Coffee,Gourmet brewed coffee,Columbian Medium Roast Sm
4001.0,08/01/2023,09:32:48,1.0,5.0,Lower Manhattan,74.0,3.5,Bakery,Biscotti,Ginger Biscotti
4002.0,08/01/2023,09:33:31,2.0,5.0,Lower Manhattan,52.0,2.5,Tea,Brewed Chai tea,Traditional Blend Chai Rg
4003.0,08/01/2023,09:33:37,2.0,5.0,Lower Manhattan,50.0,2.5,Tea,Brewed Black tea,Earl Grey Rg
,08/01/2023,09:33:43,1.0,5.0,Lower Manhattan,,4.5,Drinking Chocolate,Hot chocolate,Dark chocolate Lg
4005.0,08/01/2023,09:33:43,1.0,5.0,Lower Manhattan,79.0,3.75,Bakery,Scone,Jumbo Savory Scone
4006.0,08/01/2023,09:34:26,1.0,5.0,Lower Manhattan,41.0,4.25,Coffee,Barista Espresso,Cappuccino Lg
4007.0,08/01/2023,09:34:26,3.0,5.0,Lower Manhattan,63.0,0.8,Flavours,Regular syrup,Carmel syrup
4008.0,08/01/2023,09:36:07,2.0,8.0,Hell's Kitchen,23.0,2.5,Coffee,Drip coffee,Our Old Time Diner Blend Rg
4009.0,08/01/2023,09:38:02,,,Lower Manhattan,25.0,2.2,Coffee,Organic brewed coffee,Brazilian Sm
4010.0,08/01/2023,09:38:14,1.0,8.0,Hell's Kitchen,56.0,2.55,Tea,Brewed Chai tea,Spicy Eye Opener Chai Rg
4011.0,08/01/2023,09:40:37,2.0,8.0,Hell's Kitchen,26.0,3.0,Coffee,Organic brewed coffee,Brazilian Rg
4012.0,08/01/2023,09:40:37,1.0,8.0,Hell's Kitchen,17.0,9.5,Loose Tea,Chai tea,Morning Sunrise Chai
4013.0,08/01/2023,09:40:45,2.0,5.0,Lower Manhattan,54.0,2.5,Tea,Brewed Chai tea,Morning Sunrise Chai Rg
4014.0,08/01/2023,09:41:01,2.0,5.0,Lower Manhattan,29.0,2.5,Coffee,Gourmet brewed coffee,Columbian Medium Roast Rg
4015.0,08/01/2023,09:44:23,2.0,8.0,Hell's Kitchen,33.0,3.5,Coffee,Gourmet brewed coffee,Ethiopia Lg
4016.0,08/01/2023,09:46:13,1.0,5.0,Lower Manhattan,60.0,3.75,Drinking Chocolate,Hot chocolate,Sustainably Grown Organic Rg
4017.0,08/01/2023,09:46:47,1.0,5.0,Lower Manhattan,43.0,3.0,Tea,Brewed herbal tea,Lemon Grass Lg
4018.0,08/01/2023,09:47:40,1.0,8.0,Hell's Kitchen,61.0,4.75,Drinking Chocolate,Hot chocolate,Sustainably Grown Organic Lg
4019.0,08/01/2023,09:47:40,1.0,8.0,Hell's Kitchen,76.0,3.5,Bakery,Biscotti,Chocolate Chip Biscotti
4020.0,08/01/2023,09:47:40,1.0,8.0,Hell's Kitchen,4.0,20.45,Coffee beans,Espresso Beans,Primo Espresso Roast
,08/01/2023,09:49:23,2.0,,Lower Manhattan,30.0,,Coffee,Gourmet brewed coffee,Columbian Medium Roast Lg
4022.0,08/01/2023,09:49:23,1.0,5.0,Lower Manhattan,77.0,3.0,Bakery,Scone,Oatmeal Scone
4023.0,08/01/2023,09:50:57,2.0,5.0,Lower Manhattan,36.0,3.75,Coffee,Premium brewed coffee,Jamaican Coffee River Lg
4024.0,08/01/2023,09:52:22,2.0,3.0,Astoria,25.0,2.2,Coffee,Organic brewed coffee,Brazilian Sm
4025.0,08/01/2023,09:53:06,2.0,3.0,Astoria,35.0,3.1,Coffee,Premium brewed coffee,Jamaican Coffee River Rg
4026.0,08/01/2023,09:53:06,1.0,3.0,Astoria,70.0,3.25,Bakery,Scone,Cranberry Scone
4027.0,08/01/2023,09:58:06,1.0,8.0,Hell's Kitchen,43.0,3.0,Tea,Brewed herbal tea,Lemon Grass Lg
4028.0,08/01/2023,09:58:21,2.0,8.0,Hell's Kitchen,28.0,2.0,Coffee,Gourmet brewed coffee,Columbian Medium Roast Sm
4029.0,08/01/2023,09:58:21,1.0,8.0,Hell's Kitchen,73.0,3.75,Bakery,Pastry,Almond Croissant
4030.0,08/01/2023,10:00:02,2.0,5.0,Lower Manhattan,50.0,2.5,Tea,Brewed Black tea,Earl Grey Rg
4031.0,08/01/2023,10:02:21,1.0,5.0,Lower Manhattan,24.0,3.0,Coffee,Drip coffee,Our Old Time Diner Blend Lg
4032.0,08/01/2023,10:02:21,1.0,5.0,Lower Manhattan,79.0,3.75,Bakery,Scone,Jumbo Savory Scone
4033.0,08/01/2023,10:03:14,2.0,3.0,Astoria,30.0,3.0,Coffee,Gourmet brewed coffee,Columbian Medium Roast Lg
4034.0,08/01/2023,10:03:14,1.0,8.0,Hell's Kitchen,30.0,3.0,Coffee,Gourmet brewed coffee,Columbian Medium Roast Lg
4035.0,08/01/2023,10:03:26,1.0,5.0,Lower Manhattan,37.0,3.0,Coffee,Barista Espresso,Espresso shot
4036.0,08/01/2023,10:03:26,2.0,5.0,Lower Manhattan,63.0,0.8,Flavours,Regular syrup,Carmel syrup
4037.0,08/01/2023,10:03:58,1.0,3.0,Astoria,50.0,2.5,Tea,Brewed Black tea,Earl Grey Rg
4038.0,08/01/2023,10:05:17,2.0,5.0,Lower Manhattan,51.0,3.0,Tea,Brewed Black tea,Earl Grey Lg
4039.0,08/01/2023,10:06:06,1.0,8.0,Hell's Kitchen,46.0,2.5,Tea,Brewed Green tea,Serenity Green Tea Rg
4040.0,08/01/2023,10:06:06,1.0,8.0,Hell's Kitchen,75.0,3.5,Bakery,Pastry,Croissant
4041.0,08/01/2023,10:06:52,2.0,3.0,Astoria,56.0,2.55,Tea,Brewed Chai tea,Spicy Eye Opener Chai Rg
4042.0,08/01/2023,10:07:16,2.0,8.0,Hell's Kitchen,36.0,3.75,Coffee,Premium brewed coffee,Jamaican Coffee River Lg
4043.0,08/01/2023,10:08:52,2.0,3.0,Astoria,57.0,3.1,Tea,Brewed Chai tea,Spicy Eye Opener Chai Lg
4044.0,08/01/2023,10:10:02,2.0,8.0,Hell's Kitchen,39.0,4.25,Coffee,Barista Espresso,Latte Rg
4045.0,08/01/2023,10:10:10,1.0,8.0,Hell's Kitchen,33.0,3.5,Coffee,Gourmet brewed coffee,Ethiopia Lg
4046.0,08/01/2023,10:10:20,1.0,5.0,Lower Manhattan,38.0,3.75,Coffee,Barista Espresso,Latte
4047.0,08/01/2023,10:10:20,2.0,5.0,Lower Manhattan,64.0,0.8,Flavours,Regular syrup,Hazelnut syrup
4048.0,08/01/2023,10:10:55,1.0,3.0,Astoria,55.0,4.0,Tea,Brewed Chai tea,Morning Sunrise Chai Lg
4049.0,08/01/2023,10:12:05,1.0,8.0,Hell's Kitchen,37.0,3.0,Coffee,Barista Espresso,Espresso shot
4050.0,08/01/2023,10:12:05,2.0,8.0,Hell's Kitchen,84.0,0.8,Flavours,Regular syrup,Chocolate syrup
4051.0,08/01/2023,10:12:05,1.0,8.0,Hell's Kitchen,70.0,3.25,Bakery,Scone,Cranberry Scone
4052.0,08/01/2023,10:12:05,1.0,8.0,Hell's Kitchen,20.0,7.6,Packaged Chocolate,Organic Chocolate,Sustainably Grown Organic
4053.0,08/01/2023,10:13:42,1.0,8.0,Hell's Kitchen,30.0,3.0,Coffee,Gourmet brewed coffee,Columbian Medium Roast Lg
4054.0,08/01/2023,10:13:42,1.0,8.0,Hell's Kitchen,70.0,3.25,Bakery,Scone,Cranberry Scone
4055.0,08/01/2023,10:14:53,2.0,8.0,Hell's Kitchen,32.0,3.0,Coffee,Gourmet brewed coffee,Ethiopia Rg
,08/01/2023,10:14:53,1.0,,Hell's Kitchen,,3.0,Bakery,Scone,Oatmeal Scone
4057.0,08/01/2023,10:16:56,2.0,5.0,Lower Manhattan,36.0,3.75,Coffee,Premium brewed coffee,Jamaican Coffee River Lg
4058.0,08/01/2023,10:19:01,2.0,5.0,Lower Manhattan,51.0,3.0,Tea,Brewed Black tea,Earl Grey Lg
4059.0,08/01/2023,10:20:47,2.0,5.0,Lower Manhattan,35.0,3.1,Coffee,Premium brewed coffee,Jamaican Coffee River Rg
4060.0,08/01/2023,10:22:03,1.0,8.0,Hell's Kitchen,71.0,3.75,Bakery,Pastry,Chocolate Croissant
4061.0,08/01/2023,10:22:03,1.0,8.0,Hell's Kitchen,71.0,3.75,Bakery,Pastry,Chocolate Croissant
4062.0,08/01/2023,10:22:32,2.0,5.0,Lower Manhattan,54.0,2.5,Tea,Brewed Chai tea,Morning Sunrise Chai Rg
4063.0,08/01/2023,10:22:32,1.0,5.0,Lower Manhattan,83.0,14.0,Branded,Housewares,I Need My Bean! Latte cup
4064.0,08/01/2023,10:23:37,1.0,8.0,Hell's Kitchen,29.0,2.5,Coffee,Gourmet brewed coffee,Columbian Medium Roast Rg
4065.0,08/01/2023,10:24:30,2.0,5.0,Lower Manhattan,35.0,3.1,Coffee,Premium brewed coffee,Jamaican Coffee River Rg
4066.0,08/01/2023,10:25:38,2.0,5.0,Lower Manhattan,22.0,2.0,Coffee,Drip coffee,Our Old Time Diner Blend Sm
4067.0,08/01/2023,10:25:39,1.0,8.0,Hell's Kitchen,35.0,3.1,Coffee,Premium brewed coffee,Jamaican Coffee River Rg
4068.0,08/01/2023,10:26:06,1.0,8.0,Hell's Kitchen,43.0,3.0,Tea,Brewed herbal tea,Lemon Grass Lg
4069.0,08/01/2023,10:27:16,1.0,5.0,Lower Manhattan,71.0,3.75,Bakery,Pastry,Chocolate Croissant
4070.0,08/01/2023,10:27:16,1.0,5.0,Lower Manhattan,71.0,3.75,Bakery,Pastry,Chocolate Croissant
4071.0,08/01/2023,10:27:36,1.0,5.0,Lower Manhattan,48.0,2.5,Tea,Brewed Black tea,English Breakfast Rg
4072.0,08/01/2023,10:28:10,2.0,8.0,Hell's Kitchen,41.0,4.25,Coffee,Barista Espresso,Cappuccino Lg
4073.0,08/01/2023,10:28:10,2.0,8.0,Hell's Kitchen,84.0,0.8,Flavours,Regular syrup,Chocolate syrup
4074.0,08/01/2023,10:32:44,2.0,5.0,Lower Manhattan,50.0,2.5,Tea,Brewed Black tea,Earl Grey Rg
4075.0,08/01/2023,10:32:44,1.0,8.0,Hell's Kitchen,24.0,3.0,Coffee,Drip coffee,Our Old Time Diner Blend Lg
4076.0,08/01/2023,10:36:29,1.0,8.0,Hell's Kitchen,41.0,4.25,Coffee,Barista Espresso,Cappuccino Lg
4077.0,08/01/2023,10:36:29,1.0,8.0,Hell's Kitchen,84.0,0.8,Flavours,Regular syrup,Chocolate syrup
4078.0,08/01/2023,10:37:59,1.0,5.0,Lower Manhattan,49.0,3.0,Tea,Brewed Black tea,English Breakfast Lg
4079.0,08/01/2023,10:37:59,1.0,5.0,Lower Manhattan,15.0,9.25,Loose Tea,Green tea,Serenity Green Tea
4080.0,08/01/2023,10:38:30,1.0,8.0,Hell's Kitchen,48.0,2.5,Tea,Brewed Black tea,English Breakfast Rg
4081.0,08/01/2023,10:38:44,2.0,5.0,Lower Manhattan,58.0,3.5,Drinking Chocolate,Hot chocolate,Dark chocolate Rg
,08/01/2023,10:39:25,1.0,,Hell's Kitchen,56.0,,Tea,Brewed Chai tea,Spicy Eye Opener Chai Rg
4083.0,08/01/2023,10:39:38,1.0,3.0,Astoria,22.0,2.0,Coffee,Drip coffee,Our Old Time Diner Blend Sm
4084.0,08/01/2023,10:40:16,1.0,8.0,Hell's Kitchen,35.0,3.1,Coffee,Premium brewed coffee,Jamaican Coffee River Rg
4085.0,08/01/2023,10:40:23,2.0,5.0,Lower Manhattan,48.0,2.5,Tea,Brewed Black tea,English Breakfast Rg
4086.0,08/01/2023,10:40:37,2.0,8.0,Hell's Kitchen,61.0,4.75,Drinking Chocolate,Hot chocolate,Sustainably Grown Organic Lg
4087.0,08/01/2023,10:42:13,2.0,8.0,Hell's Kitchen,26.0,3.0,Coffee,Organic brewed coffee,Brazilian Rg
4088.0,08/01/2023,10:42:25,2.0,8.0,Hell's Kitchen,52.0,2.5,Tea,Brewed Chai tea,Traditional Blend Chai Rg
4089.0,08/01/2023,10:42:25,1.0,8.0,Hell's Kitchen,74.0,3.5,Bakery,Biscotti,Ginger Biscotti
4090.0,08/01/2023,10:42:26,2.0,5.0,Lower Manhattan,28.0,2.0,Coffee,Gourmet brewed coffee,Columbian Medium Roast Sm
,08/01/2023,10:42:26,1.0,,Lower Manhattan,79.0,,Bakery,Scone,Jumbo Savory Scone
4092.0,08/01/2023,10:43:40,2.0,8.0,Hell's Kitchen,38.0,3.75,Coffee,Barista Espresso,Latte
4093.0,08/01/2023,10:43:40,1.0,8.0,Hell's Kitchen,84.0,0.8,Flavours,Regular syrup,Chocolate syrup
4094.0,08/01/2023,10:43:53,1.0,8.0,Hell's Kitchen,71.0,3.75,Bakery,Pastry,Chocolate Croissant
4095.0,08/01/2023,10:43:53,1.0,8.0,Hell's Kitchen,71.0,3.75,Bakery,Pastry,Chocolate Croissant
4096.0,08/01/2023,10:44:10,1.0,3.0,Astoria,30.0,3.0,Coffee,Gourmet brewed coffee,Columbian Medium Roast Lg
4097.0,08/01/2023,10:44:10,1.0,3.0,Astoria,3.0,14.75,Coffee beans,Espresso Beans,Espresso Roast
4098.0,08/01/2023,10:44:12,2.0,3.0,Astoria,54.0,2.5,Tea,Brewed Chai tea,Morning Sunrise Chai Rg
4099.0,08/01/2023,10:44:31,1.0,8.0,Hell's Kitchen,34.0,2.45,Coffee,Premium brewed coffee,Jamaican Coffee River Sm
4100.0,08/01/2023,10:44:31,1.0,8.0,Hell's Kitchen,74.0,3.5,Bakery,Biscotti,Ginger Biscotti
4101.0,08/01/2023,10:44:54,2.0,8.0,Hell's Kitchen,53.0,3.0,Tea,Brewed Chai tea,Traditional Blend Chai Lg
4102.0,08/01/2023,10:44:54,1.0,8.0,Hell's Kitchen,77.0,3.0,Bakery,Scone,Oatmeal Scone
4103.0,08/01/2023,10:45:57,2.0,3.0,Astoria,54.0,2.5,Tea,Brewed Chai tea,Morning Sunrise Chai Rg
4104.0,08/01/2023,10:45:57,1.0,3.0,Astoria,16.0,8.95,Loose Tea,Chai tea,Traditional Blend Chai
4105.0,08/01/2023,10:46:35,2.0,5.0,Lower Manhattan,29.0,2.5,Coffee,Gourmet brewed coffee,Columbian Medium Roast Rg
4106.0,08/01/2023,10:48:06,2.0,3.0,Astoria,26.0,3.0,Coffee,Organic brewed coffee,Brazilian Rg
4107.0,08/01/2023,10:50:15,2.0,5.0,Lower Manhattan,61.0,4.75,Drinking Chocolate,Hot chocolate,Sustainably Grown Organic Lg
4108.0,08/01/2023,10:50:30,1.0,8.0,Hell's Kitchen,36.0,3.75,Coffee,Premium brewed coffee,Jamaican Coffee River Lg
4109.0,08/01/2023,10:51:39,1.0,5.0,Lower Manhattan,24.0,3.0,Coffee,Drip coffee,Our Old Time Diner Blend Lg
4110.0,08/01/2023,10:51:39,1.0,5.0,Lower Manhattan,77.0,3.0,Bakery,Scone,Oatmeal Scone
4111.0,08/01/2023,10:51:50,1.0,8.0,Hell's Kitchen,57.0,3.1,Tea,Brewed Chai tea,Spicy Eye Opener Chai Lg
4112.0,08/01/2023,10:53:56,1.0,5.0,Lower Manhattan,32.0,3.0,Coffee,Gourmet brewed coffee,Ethiopia Rg
4113.0,08/01/2023,10:53:56,1.0,5.0,Lower Manhattan,72.0,3.25,Bakery,Scone,Ginger Scone
4114.0,08/01/2023,10:54:37,2.0,5.0,Lower Manhattan,31.0,2.2,Coffee,Gourmet brewed coffee,Ethiopia Sm
4115.0,08/01/2023,10:56:40,2.0,3.0,Astoria,29.0,2.5,Coffee,Gourmet brewed coffee,Columbian Medium Roast Rg
4116.0,08/01/2023,10:58:51,1.0,5.0,Lower Manhattan,29.0,2.5,Coffee,Gourmet brewed coffee,Columbian Medium Roast Rg
4117.0,08/01/2023,10:59:55,2.0,5.0,Lower Manhattan,41.0,4.25,Coffee,Barista Espresso,Cappuccino Lg
4118.0,08/01/2023,10:59:55,,5.0,Lower Manhattan,,0.8,Flavours,Sugar free syrup,Sugar Free Vanilla syrup
4119.0,08/01/2023,10:59:55,,5.0,Lower Manhattan,,3.0,Bakery,Scone,Oatmeal Scone
4120.0,08/01/2023,11:01:18,2.0,5.0,Lower Manhattan,57.0,3.1,Tea,Brewed Chai tea,Spicy Eye Opener Chai Lg
4121.0,08/01/2023,11:01:41,,,Lower Manhattan,35.0,3.1,Coffee,Premium brewed coffee,Jamaican Coffee River Rg
4122.0,08/01/2023,11:04:19,2.0,8.0,Hell's Kitchen,35.0,3.1,Coffee,Premium brewed coffee,Jamaican Coffee River Rg
4123.0,08/01/2023,11:04:19,1.0,8.0,Hell's Kitchen,74.0,3.5,Bakery,Biscotti,Ginger Biscotti
4124.0,08/01/2023,11:07:08,2.0,8.0,Hell's Kitchen,22.0,2.0,Coffee,Drip coffee,Our Old Time Diner Blend Sm
4125.0,08/01/2023,11:09:39,2.0,8.0,Hell's Kitchen,22.0,2.0,Coffee,Drip coffee,Our Old Time Diner Blend Sm
4126.0,08/01/2023,11:09:59,1.0,3.0,Astoria,24.0,3.0,Coffee,Drip coffee,Our Old Time Diner Blend Lg
4127.0,08/01/2023,11:09:59,2.0,3.0,Astoria,78.0,4.5,Bakery,Scone,Scottish Cream Scone 
4128.0,08/01/2023,11:10:58,2.0,3.0,Astoria,34.0,2.45,Coffee,Premium brewed coffee,Jamaican Coffee River Sm
4129.0,08/01/2023,11:10:58,2.0,3.0,Astoria,73.0,3.75,Bakery,Pastry,Almond Croissant
4130.0,08/01/2023,11:11:04,1.0,3.0,Astoria,39.0,4.25,Coffee,Barista Espresso,Latte Rg
4131.0,08/01/2023,11:11:39,1.0,5.0,Lower Manhattan,39.0,4.25,Coffee,Barista Espresso,Latte Rg
4132.0,08/01/2023,11:11:39,2.0,5.0,Lower Manhattan,65.0,0.8,Flavours,Sugar free syrup,Sugar Free Vanilla syrup
4133.0,08/01/2023,11:12:30,2.0,3.0,Astoria,50.0,2.5,Tea,Brewed Black tea,Earl Grey Rg
4134.0,08/01/2023,11:13:35,2.0,8.0,Hell's Kitchen,58.0,3.5,Drinking Chocolate,Hot chocolate,Dark chocolate Rg
4135.0,08/01/2023,11:13:35,1.0,8.0,Hell's Kitchen,69.0,3.25,Bakery,Biscotti,Hazelnut Biscotti
4136.0,08/01/2023,11:17:35,1.0,8.0,Hell's Kitchen,24.0,3.0,Coffee,Drip coffee,Our Old Time Diner Blend Lg
4137.0,08/01/2023,11:17:35,1.0,8.0,Hell's Kitchen,74.0,3.5,Bakery,Biscotti,Ginger Biscotti
4138.0,08/01/2023,11:17:50,1.0,8.0,Hell's Kitchen,87.0,3.0,Coffee,Barista Espresso,Ouro Brasileiro shot
4139.0,08/01/2023,11:17:50,1.0,8.0,Hell's Kitchen,77.0,3.0,Bakery,Scone,Oatmeal Scone
4140.0,08/01/2023,11:22:13,1.0,3.0,Astoria,38.0,3.75,Coffee,Barista Espresso,Latte
4141.0,08/01/2023,11:22:13,2.0,3.0,Astoria,71.0,3.75,Bakery,Pastry,Chocolate Croissant
4142.0,08/01/2023,11:22:22,2.0,5.0,Lower Manhattan,42.0,2.5,Tea,Brewed herbal tea,Lemon Grass Rg
4143.0,08/01/2023,11:23:19,1.0,3.0,Astoria,43.0,3.0,Tea,Brewed herbal tea,Lemon Grass Lg
4144.0,08/01/2023,11:23:36,1.0,3.0,Astoria,71.0,3.75,Bakery,Pastry,Chocolate Croissant
4145.0,08/01/2023,11:25:47,2.0,8.0,Hell's Kitchen,33.0,3.5,Coffee,Gourmet brewed coffee,Ethiopia Lg
4146.0,08/01/2023,11:26:17,1.0,8.0,Hell's Kitchen,27.0,3.5,Coffee,Organic brewed coffee,Brazilian Lg
4147.0,08/01/2023,11:26:18,2.0,5.0,Lower Manhattan,52.0,2.5,Tea,Brewed Chai tea,Traditional Blend Chai Rg
4148.0,08/01/2023,11:26:44,2.0,5.0,Lower Manhattan,34.0,2.45,Coffee,Premium brewed coffee,Jamaican Coffee River Sm
4149.0,08/01/2023,11:27:36,2.0,8.0,Hell's Kitchen,25.0,2.2,Coffee,Organic brewed coffee,Brazilian Sm
4150.0,08/01/2023,11:29:17,1.0,3.0,Astoria,38.0,3.75,Coffee,Barista Espresso,Latte
,08/01/2023,11:29:38,,3.0,Astoria,43.0,3.0,Tea,Brewed herbal tea,Lemon Grass Lg
4152.0,08/01/2023,11:34:06,2.0,3.0,Astoria,59.0,4.5,Drinking Chocolate,Hot chocolate,Dark chocolate Lg
4153.0,08/01/2023,11:34:25,2.0,5.0,Lower Manhattan,30.0,3.0,Coffee,Gourmet brewed coffee,Columbian Medium Roast Lg
4154.0,08/01/2023,11:36:50,1.0,8.0,Hell's Kitchen,55.0,4.0,Tea,Brewed Chai tea,Morning Sunrise Chai Lg
4155.0,08/01/2023,11:38:50,1.0,5.0,Lower Manhattan,46.0,2.5,Tea,Brewed Green tea,Serenity Green Tea Rg
4156.0,08/01/2023,11:39:39,1.0,8.0,Hell's Kitchen,44.0,2.5,Tea,Brewed herbal tea,Peppermint Rg
4157.0,08/01/2023,11:41:18,2.0,8.0,Hell's Kitchen,30.0,3.0,Coffee,Gourmet brewed coffee,Columbian Medium Roast Lg
4158.0,08/01/2023,11:41:18,1.0,8.0,Hell's Kitchen,71.0,3.75,Bakery,Pastry,Chocolate Croissant
4159.0,08/01/2023,11:47:05,1.0,5.0,Lower Manhattan,49.0,3.0,Tea,Brewed Black tea,English Breakfast Lg
4160.0,08/01/2023,11:47:05,1.0,5.0,Lower Manhattan,76.0,3.5,Bakery,Biscotti,Chocolate Chip Biscotti
4161.0,08/01/2023,11:50:44,1.0,8.0,Hell's Kitchen,42.0,2.5,Tea,Brewed herbal tea,Lemon Grass Rg
4162.0,08/01/2023,11:51:05,2.0,8.0,Hell's Kitchen,25.0,2.2,Coffee,Organic brewed coffee,Brazilian Sm
,08/01/2023,11:51:05,,8.0,Hell's Kitchen,79.0,,Bakery,Scone,Jumbo Savory Scone
4164.0,08/01/2023,11:55:06,1.0,8.0,Hell's Kitchen,23.0,2.5,Coffee,Drip coffee,Our Old Time Diner Blend Rg
4165.0,08/01/2023,11:55:52,1.0,3.0,Astoria,38.0,3.75,Coffee,Barista Espresso,Latte
4166.0,08/01/2023,11:59:14,1.0,3.0,Astoria,26.0,3.0,Coffee,Organic brewed coffee,Brazilian Rg
4167.0,08/01/2023,12:03:25,,,Hell's Kitchen,29.0,2.5,Coffee,Gourmet brewed coffee,Columbian Medium Roast Rg
4168.0,08/01/2023,12:09:12,2.0,,Astoria,,,Tea,Brewed Black tea,Earl Grey Rg
4169.0,08/01/2023,12:10:17,1.0,8.0,Hell's Kitchen,57.0,3.1,Tea,Brewed Chai tea,Spicy Eye Opener Chai Lg
4170.0,08/01/2023,12:10:23,2.0,3.0,Astoria,26.0,3.0,Coffee,Organic brewed coffee,Brazilian Rg
4171.0,08/01/2023,12:11:38,2.0,5.0,Lower Manhattan,33.0,3.5,Coffee,Gourmet brewed coffee,Ethiopia Lg
4172.0,08/01/2023,12:13:24,2.0,3.0,Astoria,52.0,2.5,Tea,Brewed Chai tea,Traditional Blend Chai Rg
4173.0,08/01/2023,12:13:27,1.0,3.0,Astoria,59.0,4.5,Drinking Chocolate,Hot chocolate,Dark chocolate Lg
4174.0,08/01/2023,12:14:25,1.0,8.0,Hell's Kitchen,51.0,3.0,Tea,Brewed Black tea,Earl Grey Lg
4175.0,08/01/2023,12:15:01,1.0,3.0,Astoria,41.0,4.25,Coffee,Barista Espresso,Cappuccino Lg
4176.0,08/01/2023,12:15:13,2.0,5.0,Lower Manhattan,54.0,2.5,Tea,Brewed Chai tea,Morning Sunrise Chai Rg
4177.0,08/01/2023,12:18:11,1.0,5.0,Lower Manhattan,37.0,3.0,Coffee,Barista Espresso,Espresso shot
4178.0,08/01/2023,12:19:01,1.0,8.0,Hell's Kitchen,56.0,2.55,Tea,Brewed Chai tea,Spicy Eye Opener Chai Rg
4179.0,08/01/2023,12:21:18,1.0,3.0,Astoria,55.0,4.0,Tea,Brewed Chai tea,Morning Sunrise Chai Lg
4180.0,08/01/2023,12:22:49,2.0,8.0,Hell's Kitchen,54.0,2.5,Tea,Brewed Chai tea,Morning Sunrise Chai Rg
4181.0,08/01/2023,12:28:26,2.0,5.0,Lower Manhattan,38.0,3.75,Coffee,Barista Espresso,Latte
4182.0,08/01/2023,12:28:26,1.0,5.0,Lower Manhattan,65.0,0.8,Flavours,Sugar free syrup,Sugar Free Vanilla syrup
4183.0,08/01/2023,12:28:50,1.0,3.0,Astoria,54.0,2.5,Tea,Brewed Chai tea,Morning Sunrise Chai Rg
4184.0,08/01/2023,12:37:24,,8.0,Hell's Kitchen,31.0,,Coffee,Gourmet brewed coffee,Ethiopia Sm
4185.0,08/01/2023,12:38:31,1.0,8.0,Hell's Kitchen,30.0,3.0,Coffee,Gourmet brewed coffee,Columbian Medium Roast Lg
4186.0,08/01/2023,12:40:55,1.0,5.0,Lower Manhattan,25.0,2.2,Coffee,Organic brewed coffee,Brazilian Sm
4187.0,08/01/2023,12:50:56,2.0,3.0,Astoria,40.0,3.75,Coffee,Barista Espresso,Cappuccino
4188.0,08/01/2023,12:50:56,2.0,3.0,Astoria,76.0,3.5,Bakery,Biscotti,Chocolate Chip Biscotti
4189.0,08/01/2023,12:57:06,,,Hell's Kitchen,39.0,,Coffee,Barista Espresso,Latte Rg
4190.0,08/01/2023,12:57:06,1.0,8.0,Hell's Kitchen,65.0,0.8,Flavours,Sugar free syrup,Sugar Free Vanilla syrup
4191.0,08/01/2023,12:57:39,1.0,3.0,Astoria,43.0,3.0,Tea,Brewed herbal tea,Lemon Grass Lg
4192.0,08/01/2023,12:58:32,2.0,5.0,Lower Manhattan,41.0,4.25,Coffee,Barista Espresso,Cappuccino Lg
4193.0,08/01/2023,12:58:32,4.0,5.0,Lower Manhattan,65.0,0.8,Flavours,Sugar free syrup,Sugar Free Vanilla syrup
4194.0,08/01/2023,12:58:32,1.0,5.0,Lower Manhattan,74.0,3.5,Bakery,Biscotti,Ginger Biscotti
4195.0,08/01/2023,13:04:28,1.0,3.0,Astoria,51.0,3.0,Tea,Brewed Black tea,Earl Grey Lg
4196.0,08/01/2023,13:05:59,1.0,8.0,Hell's Kitchen,43.0,3.0,Tea,Brewed herbal tea,Lemon Grass Lg
4197.0,08/01/2023,13:06:30,2.0,3.0,Astoria,58.0,3.5,Drinking Chocolate,Hot chocolate,Dark chocolate Rg
4198.0,08/01/2023,13:06:30,2.0,3.0,Astoria,76.0,3.5,Bakery,Biscotti,Chocolate Chip Biscotti
4199.0,08/01/2023,13:07:18,1.0,5.0,Lower Manhattan,23.0,2.5,Coffee,Drip coffee,Our Old Time Diner Blend Rg
4200.0,08/01/2023,13:15:58,1.0,3.0,Astoria,40.0,3.75,Coffee,Barista Espresso,Cappuccino
4201.0,08/01/2023,13:15:58,1.0,3.0,Astoria,41.0,4.25,Coffee,Barista Espresso,Cappuccino Lg
4202.0,08/01/2023,13:15:58,1.0,3.0,Astoria,42.0,2.5,Tea,Brewed herbal tea,Lemon Grass Rg
4203.0,08/01/2023,13:17:02,2.0,5.0,Lower Manhattan,32.0,3.0,Coffee,Gourmet brewed coffee,Ethiopia Rg
4204.0,08/01/2023,13:17:15,1.0,3.0,Astoria,34.0,2.45,Coffee,Premium brewed coffee,Jamaican Coffee River Sm
4205.0,08/01/2023,13:18:17,1.0,3.0,Astoria,28.0,2.0,Coffee,Gourmet brewed coffee,Columbian Medium Roast Sm
4206.0,08/01/2023,13:19:03,2.0,3.0,Astoria,44.0,2.5,Tea,Brewed herbal tea,Peppermint Rg
4207.0,08/01/2023,13:19:10,2.0,3.0,Astoria,43.0,3.0,Tea,Brewed herbal tea,Lemon Grass Lg
4208.0,08/01/2023,13:20:43,1.0,3.0,Astoria,56.0,2.55,Tea,Brewed Chai tea,Spicy Eye Opener Chai Rg
4209.0,08/01/2023,13:20:43,2.0,,Astoria,,3.5,Bakery,Biscotti,Chocolate Chip Biscotti
4210.0,08/01/2023,13:21:46,1.0,3.0,Astoria,29.0,2.5,Coffee,Gourmet brewed coffee,Columbian Medium Roast Rg
4211.0,08/01/2023,13:21:46,2.0,3.0,Astoria,70.0,3.25,Bakery,Scone,Cranberry Scone
4212.0,08/01/2023,13:24:44,1.0,3.0,Astoria,52.0,2.5,Tea,Brewed Chai tea,Traditional Blend Chai Rg
4213.0,08/01/2023,13:25:08,2.0,5.0,Lower Manhattan,43.0,3.0,Tea,Brewed herbal tea,Lemon Grass Lg
4214.0,08/01/2023,13:26:57,2.0,3.0,Astoria,44.0,2.5,Tea,Brewed herbal tea,Peppermint Rg
4215.0,08/01/2023,13:33:39,1.0,3.0,Astoria,54.0,2.5,Tea,Brewed Chai tea,Morning Sunrise Chai Rg
4216.0,08/01/2023,13:35:32,2.0,5.0,Lower Manhattan,49.0,3.0,Tea,Brewed Black tea,English Breakfast Lg
4217.0,08/01/2023,13:38:24,1.0,3.0,Astoria,41.0,4.25,Coffee,Barista Espresso,Cappuccino Lg
4218.0,08/01/2023,13:40:23,1.0,5.0,Lower Manhattan,25.0,2.2,Coffee,Organic brewed coffee,Brazilian Sm
4219.0,08/01/2023,13:40:23,1.0,5.0,Lower Manhattan,72.0,3.25,Bakery,Scone,Ginger Scone
4220.0,08/01/2023,13:42:05,2.0,8.0,Hell's Kitchen,30.0,3.0,Coffee,Gourmet brewed coffee,Columbian Medium Roast Lg
4221.0,08/01/2023,13:43:24,1.0,3.0,Astoria,50.0,2.5,Tea,Brewed Black tea,Earl Grey Rg
4222.0,08/01/2023,13:45:09,1.0,5.0,Lower Manhattan,37.0,3.0,Coffee,Barista Espresso,Espresso shot
4223.0,08/01/2023,13:45:09,1.0,5.0,Lower Manhattan,63.0,0.8,Flavours,Regular syrup,Carmel syrup
4224.0,08/01/2023,13:48:00,1.0,8.0,Hell's Kitchen,51.0,3.0,Tea,Brewed Black tea,Earl Grey Lg
4225.0,08/01/2023,13:57:35,1.0,5.0,Lower Manhattan,32.0,3.0,Coffee,Gourmet brewed coffee,Ethiopia Rg
4226.0,08/01/2023,14:01:00,2.0,5.0,Lower Manhattan,61.0,4.75,Drinking Chocolate,Hot chocolate,Sustainably Grown Organic Lg
4227.0,08/01/2023,14:02:53,2.0,3.0,Astoria,58.0,3.5,Drinking Chocolate,Hot chocolate,Dark chocolate Rg
4228.0,08/01/2023,14:02:53,2.0,3.0,Astoria,69.0,3.25,Bakery,Biscotti,Hazelnut Biscotti
4229.0,08/01/2023,14:02:53,1.0,3.0,Astoria,18.0,10.95,Loose Tea,Chai tea,Spicy Eye Opener Chai
4230.0,08/01/2023,14:03:58,1.0,8.0,Hell's Kitchen,27.0,3.5,Coffee,Organic brewed coffee,Brazilian Lg
4231.0,08/01/2023,14:04:45,1.0,5.0,Lower Manhattan,46.0,2.5,Tea,Brewed Green tea,Serenity Green Tea Rg
4232.0,08/01/2023,14:10:37,2.0,8.0,Hell's Kitchen,56.0,2.55,Tea,Brewed Chai tea,Spicy Eye Opener Chai Rg
4233.0,08/01/2023,14:11:34,1.0,5.0,Lower Manhattan,49.0,3.0,Tea,Brewed Black tea,English Breakfast Lg
4234.0,08/01/2023,14:12:38,1.0,3.0,Astoria,59.0,4.5,Drinking Chocolate,Hot chocolate,Dark chocolate Lg
4235.0,08/01/2023,14:14:31,1.0,3.0,Astoria,57.0,3.1,Tea,Brewed Chai tea,Spicy Eye Opener Chai Lg
4236.0,08/01/2023,14:19:54,2.0,3.0,Astoria,32.0,3.0,Coffee,Gourmet brewed coffee,Ethiopia Rg
4237.0,08/01/2023,14:23:49,2.0,8.0,Hell's Kitchen,61.0,4.75,Drinking Chocolate,Hot chocolate,Sustainably Grown Organic Lg
4238.0,08/01/2023,14:23:49,1.0,8.0,Hell's Kitchen,76.0,3.5,Bakery,Biscotti,Chocolate Chip Biscotti
4239.0,08/01/2023,14:27:20,2.0,8.0,Hell's Kitchen,40.0,3.75,Coffee,Barista Espresso,Cappuccino
4240.0,08/01/2023,14:27:20,2.0,8.0,Hell's Kitchen,63.0,0.8,Flavours,Regular syrup,Carmel syrup
4241.0,08/01/2023,14:28:31,2.0,8.0,Hell's Kitchen,42.0,2.5,Tea,Brewed herbal tea,Lemon Grass Rg
4242.0,08/01/2023,14:31:37,2.0,5.0,Lower Manhattan,48.0,2.5,Tea,Brewed Black tea,English Breakfast Rg
4243.0,08/01/2023,14:34:56,2.0,3.0,Astoria,29.0,2.5,Coffee,Gourmet brewed coffee,Columbian Medium Roast Rg
4244.0,08/01/2023,14:42:36,2.0,3.0,Astoria,22.0,2.0,Coffee,Drip coffee,Our Old Time Diner Blend Sm
4245.0,08/01/2023,14:43:38,2.0,8.0,Hell's Kitchen,35.0,3.1,Coffee,Premium brewed coffee,Jamaican Coffee River Rg
4246.0,08/01/2023,14:46:48,1.0,5.0,Lower Manhattan,46.0,2.5,Tea,Brewed Green tea,Serenity Green Tea Rg
4247.0,08/01/2023,14:48:37,1.0,8.0,Hell's Kitchen,29.0,2.5,Coffee,Gourmet brewed coffee,Columbian Medium Roast Rg
4248.0,08/01/2023,14:49:27,2.0,3.0,Astoria,33.0,3.5,Coffee,Gourmet brewed coffee,Ethiopia Lg
4249.0,08/01/2023,14:49:40,2.0,3.0,Astoria,24.0,3.0,Coffee,Drip coffee,Our Old Time Diner Blend Lg
4250.0,08/01/2023,14:49:40,2.0,3.0,Astoria,71.0,3.75,Bakery,Pastry,Chocolate Croissant
4251.0,08/01/2023,14:51:23,1.0,8.0,Hell's Kitchen,37.0,3.0,Coffee,Barista Espresso,Espresso shot
,08/01/2023,14:51:23,,,Hell's Kitchen,65.0,0.8,Flavours,Sugar free syrup,Sugar Free Vanilla syrup
4253.0,08/01/2023,14:55:34,1.0,3.0,Astoria,46.0,2.5,Tea,Brewed Green tea,Serenity Green Tea Rg
4254.0,08/01/2023,14:56:10,1.0,8.0,Hell's Kitchen,29.0,2.5,Coffee,Gourmet brewed coffee,Columbian Medium Roast Rg
4255.0,08/01/2023,14:56:10,1.0,,Hell's Kitchen,73.0,,Bakery,Pastry,Almond Croissant
4256.0,08/01/2023,14:59:58,1.0,3.0,Astoria,35.0,3.1,Coffee,Premium brewed coffee,Jamaican Coffee River Rg
4257.0,08/01/2023,15:03:13,1.0,3.0,Astoria,47.0,3.0,Tea,Brewed Green tea,Serenity Green Tea Lg
4258.0,08/01/2023,15:05:45,2.0,5.0,Lower Manhattan,24.0,3.0,Coffee,Drip coffee,Our Old Time Diner Blend Lg
4259.0,08/01/2023,15:06:06,1.0,3.0,Astoria,37.0,3.0,Coffee,Barista Espresso,Espresso shot
4260.0,08/01/2023,15:07:54,1.0,3.0,Astoria,49.0,3.0,Tea,Brewed Black tea,English Breakfast Lg
4261.0,08/01/2023,15:07:54,,3.0,Astoria,,3.75,Bakery,Pastry,Chocolate Croissant
4262.0,08/01/2023,15:09:53,,3.0,Astoria,,,Tea,Brewed Green tea,Serenity Green Tea Rg
4263.0,08/01/2023,15:10:23,2.0,3.0,Astoria,55.0,4.0,Tea,Brewed Chai tea,Morning Sunrise Chai Lg
4264.0,08/01/2023,15:10:25,1.0,5.0,Lower Manhattan,52.0,2.5,Tea,Brewed Chai tea,Traditional Blend Chai Rg
4265.0,08/01/2023,15:12:03,1.0,3.0,Astoria,50.0,2.5,Tea,Brewed Black tea,Earl Grey Rg
4266.0,08/01/2023,15:16:46,2.0,5.0,Lower Manhattan,40.0,3.75,Coffee,Barista Espresso,Cappuccino
4267.0,08/01/2023,15:18:18,1.0,,Astoria,34.0,,Coffee,Premium brewed coffee,Jamaican Coffee River Sm
4268.0,08/01/2023,15:26:22,2.0,3.0,Astoria,56.0,2.55,Tea,Brewed Chai tea,Spicy Eye Opener Chai Rg
4269.0,08/01/2023,15:26:51,1.0,3.0,Astoria,57.0,3.1,Tea,Brewed Chai tea,Spicy Eye Opener Chai Lg
4270.0,08/01/2023,15:33:09,1.0,5.0,Lower Manhattan,51.0,3.0,Tea,Brewed Black tea,Earl Grey Lg
,08/01/2023,15:35:42,2.0,3.0,Astoria,,,Drinking Chocolate,Hot chocolate,Dark chocolate Rg
4272.0,08/01/2023,15:36:47,2.0,3.0,Astoria,47.0,3.0,Tea,Brewed Green tea,Serenity Green Tea Lg
4273.0,08/01/2023,15:38:46,2.0,8.0,Hell's Kitchen,52.0,2.5,Tea,Brewed Chai tea,Traditional Blend Chai Rg
4274.0,08/01/2023,15:44:32,1.0,5.0,Lower Manhattan,56.0,2.55,Tea,Brewed Chai tea,Spicy Eye Opener Chai Rg
4275.0,08/01/2023,15:44:32,,5.0,Lower Manhattan,,,Bakery,Biscotti,Chocolate Chip Biscotti
4276.0,08/01/2023,15:48:30,,8.0,Hell's Kitchen,,,Coffee,Gourmet brewed coffee,Columbian Medium Roast Rg
4277.0,08/01/2023,15:50:48,1.0,3.0,Astoria,71.0,3.75,Bakery,Pastry,Chocolate Croissant
4278.0,08/01/2023,15:51:16,2.0,5.0,Lower Manhattan,52.0,2.5,Tea,Brewed Chai tea,Traditional Blend Chai Rg
4279.0,08/01/2023,15:51:16,1.0,5.0,Lower Manhattan,73.0,3.75,Bakery,Pastry,Almond Croissant
4280.0,08/01/2023,15:51:34,1.0,8.0,Hell's Kitchen,22.0,2.0,Coffee,Drip coffee,Our Old Time Diner Blend Sm
4281.0,08/01/2023,16:01:25,2.0,5.0,Lower Manhattan,40.0,3.75,Coffee,Barista Espresso,Cappuccino
4282.0,08/01/2023,16:01:25,2.0,5.0,Lower Manhattan,65.0,0.8,Flavours,Sugar free syrup,Sugar Free Vanilla syrup
4283.0,08/01/2023,16:01:53,,,Lower Manhattan,,2.5,Tea,Brewed Chai tea,Morning Sunrise Chai Rg
4284.0,08/01/2023,16:12:35,2.0,8.0,Hell's Kitchen,39.0,4.25,Coffee,Barista Espresso,Latte Rg
4285.0,08/01/2023,16:12:35,2.0,8.0,Hell's Kitchen,63.0,0.8,Flavours,Regular syrup,Carmel syrup
4286.0,08/01/2023,16:12:35,1.0,8.0,Hell's Kitchen,78.0,4.5,Bakery,Scone,Scottish Cream Scone 
4287.0,08/01/2023,16:12:35,1.0,8.0,Hell's Kitchen,21.0,13.33,Packaged Chocolate,Drinking Chocolate,Chili Mayan
4288.0,08/01/2023,16:13:54,1.0,3.0,Astoria,36.0,3.75,Coffee,Premium brewed coffee,Jamaican Coffee River Lg
4289.0,08/01/2023,16:17:06,1.0,8.0,Hell's Kitchen,22.0,2.0,Coffee,Drip coffee,Our Old Time Diner Blend Sm
4290.0,08/01/2023,16:17:11,1.0,8.0,Hell's Kitchen,32.0,3.0,Coffee,Gourmet brewed coffee,Ethiopia Rg
4291.0,08/01/2023,16:20:21,1.0,8.0,Hell's Kitchen,57.0,3.1,Tea,Brewed Chai tea,Spicy Eye Opener Chai Lg
4292.0,08/01/2023,16:24:03,1.0,3.0,Astoria,50.0,2.5,Tea,Brewed Black tea,Earl Grey Rg
4293.0,08/01/2023,16:24:03,1.0,3.0,Astoria,76.0,3.5,Bakery,Biscotti,Chocolate Chip Biscotti
4294.0,08/01/2023,16:25:59,1.0,8.0,Hell's Kitchen,36.0,3.75,Coffee,Premium brewed coffee,Jamaican Coffee River Lg
,08/01/2023,16:27:14,1.0,,Hell's Kitchen,27.0,3.5,Coffee,Organic brewed coffee,Brazilian Lg
4296.0,08/01/2023,16:29:42,1.0,8.0,Hell's Kitchen,52.0,2.5,Tea,Brewed Chai tea,Traditional Blend Chai Rg
4297.0,08/01/2023,16:31:13,2.0,3.0,Astoria,58.0,3.5,Drinking Chocolate,Hot chocolate,Dark chocolate Rg
4298.0,08/01/2023,16:31:13,1.0,3.0,Astoria,22.0,2.0,Coffee,Drip coffee,Our Old Time Diner Blend Sm
4299.0,08/01/2023,16:31:13,1.0,5.0,Lower Manhattan,61.0,4.75,Drinking Chocolate,Hot chocolate,Sustainably Grown Organic Lg
4300.0,08/01/2023,16:31:49,2.0,8.0,Hell's Kitchen,55.0,4.0,Tea,Brewed Chai tea,Morning Sunrise Chai Lg
4301.0,08/01/2023,16:34:33,2.0,5.0,Lower Manhattan,38.0,3.75,Coffee,Barista Espresso,Latte
4302.0,08/01/2023,16:38:12,1.0,5.0,Lower Manhattan,45.0,3.0,Tea,Brewed herbal tea,Peppermint Lg
4303.0,08/01/2023,16:38:12,1.0,5.0,Lower Manhattan,69.0,3.25,Bakery,Biscotti,Hazelnut Biscotti
4304.0,08/01/2023,16:44:59,2.0,3.0,Astoria,58.0,3.5,Drinking Chocolate,Hot chocolate,Dark chocolate Rg
4305.0,08/01/2023,16:44:59,2.0,3.0,Astoria,78.0,4.5,Bakery,Scone,Scottish Cream Scone 
4306.0,08/01/2023,16:46:24,2.0,,Lower Manhattan,48.0,,Tea,Brewed Black tea,English Breakfast Rg
4307.0,08/01/2023,16:47:53,1.0,8.0,Hell's Kitchen,34.0,2.45,Coffee,Premium brewed coffee,Jamaican Coffee River Sm
4308.0,08/01/2023,16:55:45,1.0,8.0,Hell's Kitchen,30.0,3.0,Coffee,Gourmet brewed coffee,Columbian Medium Roast Lg
4309.0,08/01/2023,16:55:48,1.0,8.0,Hell's Kitchen,28.0,2.0,Coffee,Gourmet brewed coffee,Columbian Medium Roast Sm
4310.0,08/01/2023,16:55:48,1.0,8.0,Hell's Kitchen,71.0,3.75,Bakery,Pastry,Chocolate Croissant
4311.0,08/01/2023,16:56:14,2.0,5.0,Lower Manhattan,29.0,2.5,Coffee,Gourmet brewed coffee,Columbian Medium Roast Rg
4312.0,08/01/2023,16:56:42,1.0,5.0,Lower Manhattan,54.0,2.5,Tea,Brewed Chai tea,Morning Sunrise Chai Rg
4313.0,08/01/2023,16:58:52,2.0,8.0,Hell's Kitchen,45.0,3.0,Tea,Brewed herbal tea,Peppermint Lg
4314.0,08/01/2023,17:03:35,1.0,8.0,Hell's Kitchen,87.0,3.0,Coffee,Barista Espresso,Ouro Brasileiro shot
4315.0,08/01/2023,17:03:52,1.0,3.0,Astoria,38.0,3.75,Coffee,Barista Espresso,Latte
4316.0,08/01/2023,17:03:52,2.0,3.0,Astoria,75.0,3.5,Bakery,Pastry,Croissant
4317.0,08/01/2023,17:04:51,2.0,8.0,Hell's Kitchen,28.0,2.0,Coffee,Gourmet brewed coffee,Columbian Medium Roast Sm
4318.0,08/01/2023,17:04:51,1.0,8.0,Hell's Kitchen,13.0,8.95,Loose Tea,Black tea,English Breakfast
4319.0,08/01/2023,17:09:44,1.0,8.0,Hell's Kitchen,87.0,3.0,Coffee,Barista Espresso,Ouro Brasileiro shot
4320.0,08/01/2023,17:15:57,2.0,8.0,Hell's Kitchen,54.0,2.5,Tea,Brewed Chai tea,Morning Sunrise Chai Rg
4321.0,08/01/2023,17:17:43,2.0,5.0,Lower Manhattan,29.0,2.5,Coffee,Gourmet brewed coffee,Columbian Medium Roast Rg
4322.0,08/01/2023,17:20:42,1.0,3.0,Astoria,55.0,4.0,Tea,Brewed Chai tea,Morning Sunrise Chai Lg
,08/01/2023,17:23:26,2.0,,Astoria,,4.5,Drinking Chocolate,Hot chocolate,Dark chocolate Lg
4324.0,08/01/2023,17:23:26,1.0,3.0,Astoria,11.0,8.95,Loose Tea,Herbal tea,Lemon Grass
4325.0,08/01/2023,17:26:04,1.0,5.0,Lower Manhattan,51.0,3.0,Tea,Brewed Black tea,Earl Grey Lg
4326.0,08/01/2023,17:27:12,2.0,3.0,Astoria,32.0,3.0,Coffee,Gourmet brewed coffee,Ethiopia Rg
4327.0,08/01/2023,17:28:41,1.0,3.0,Astoria,44.0,2.5,Tea,Brewed herbal tea,Peppermint Rg
4328.0,08/01/2023,17:48:46,1.0,3.0,Astoria,26.0,3.0,Coffee,Organic brewed coffee,Brazilian Rg
4329.0,08/01/2023,17:48:46,1.0,3.0,Astoria,1.0,18.0,Coffee beans,Organic Beans,Brazilian - Organic
4330.0,08/01/2023,17:49:22,1.0,5.0,Lower Manhattan,42.0,2.5,Tea,Brewed herbal tea,Lemon Grass Rg
,08/01/2023,17:53:10,1.0,5.0,Lower Manhattan,,,Tea,Brewed Black tea,English Breakfast Lg
4332.0,08/01/2023,17:55:16,1.0,8.0,Hell's Kitchen,50.0,2.5,Tea,Brewed Black tea,Earl Grey Rg
4333.0,08/01/2023,17:58:28,2.0,3.0,Astoria,23.0,2.5,Coffee,Drip coffee,Our Old Time Diner Blend Rg
4334.0,08/01/2023,17:58:28,2.0,3.0,Astoria,79.0,3.75,Bakery,Scone,Jumbo Savory Scone
4335.0,08/01/2023,17:59:49,1.0,3.0,Astoria,49.0,3.0,Tea,Brewed Black tea,English Breakfast Lg
4336.0,08/01/2023,17:59:49,2.0,3.0,Astoria,79.0,3.75,Bakery,Scone,Jumbo Savory Scone
4337.0,08/01/2023,18:01:22,1.0,3.0,Astoria,41.0,4.25,Coffee,Barista Espresso,Cappuccino Lg
4338.0,08/01/2023,18:06:26,1.0,5.0,Lower Manhattan,34.0,2.45,Coffee,Premium brewed coffee,Jamaican Coffee River Sm
,08/01/2023,18:07:49,1.0,5.0,Lower Manhattan,,2.0,Coffee,Drip coffee,Our Old Time Diner Blend Sm
4340.0,08/01/2023,18:10:45,1.0,3.0,Astoria,56.0,2.55,Tea,Brewed Chai tea,Spicy Eye Opener Chai Rg
4341.0,08/01/2023,18:13:50,1.0,5.0,Lower Manhattan,33.0,3.5,Coffee,Gourmet brewed coffee,Ethiopia Lg
4342.0,08/01/2023,18:19:59,2.0,8.0,Hell's Kitchen,36.0,3.75,Coffee,Premium brewed coffee,Jamaican Coffee River Lg
4343.0,08/01/2023,18:21:16,2.0,5.0,Lower Manhattan,23.0,2.5,Coffee,Drip coffee,Our Old Time Diner Blend Rg
4344.0,08/01/2023,18:21:17,2.0,8.0,Hell's Kitchen,48.0,2.5,Tea,Brewed Black tea,English Breakfast Rg
4345.0,08/01/2023,18:23:39,2.0,3.0,Astoria,30.0,3.0,Coffee,Gourmet brewed coffee,Columbian Medium Roast Lg
4346.0,08/01/2023,18:25:31,2.0,8.0,Hell's Kitchen,49.0,3.0,Tea,Brewed Black tea,English Breakfast Lg
4347.0,08/01/2023,18:26:29,2.0,8.0,Hell's Kitchen,46.0,2.5,Tea,Brewed Green tea,Serenity Green Tea Rg
4348.0,08/01/2023,18:29:26,2.0,8.0,Hell's Kitchen,51.0,3.0,Tea,Brewed Black tea,Earl Grey Lg
4349.0,08/01/2023,18:29:30,2.0,8.0,Hell's Kitchen,48.0,2.5,Tea,Brewed Black tea,English Breakfast Rg
4350.0,08/01/2023,18:32:55,2.0,5.0,Lower Manhattan,54.0,2.5,Tea,Brewed Chai tea,Morning Sunrise Chai Rg
4351.0,08/01/2023,18:38:48,1.0,3.0,Astoria,29.0,2.5,Coffee,Gourmet brewed coffee,Columbian Medium Roast Rg
4352.0,08/01/2023,18:39:35,1.0,5.0,Lower Manhattan,49.0,3.0,Tea,Brewed Black tea,English Breakfast Lg
4353.0,08/01/2023,18:41:02,1.0,8.0,Hell's Kitchen,54.0,2.5,Tea,Brewed Chai tea,Morning Sunrise Chai Rg
4354.0,08/01/2023,18:43:38,1.0,8.0,Hell's Kitchen,38.0,3.75,Coffee,Barista Espresso,Latte
4355.0,08/01/2023,18:43:38,1.0,8.0,Hell's Kitchen,84.0,0.8,Flavours,Regular syrup,Chocolate syrup
4356.0,08/01/2023,18:43:43,1.0,3.0,Astoria,44.0,2.5,Tea,Brewed herbal tea,Peppermint Rg
4357.0,08/01/2023,18:46:56,1.0,8.0,Hell's Kitchen,30.0,3.0,Coffee,Gourmet brewed coffee,Columbian Medium Roast Lg
4358.0,08/01/2023,18:46:56,1.0,8.0,Hell's Kitchen,5.0,15.0,Coffee beans,Gourmet Beans,Columbian Medium Roast
4359.0,08/01/2023,18:48:08,2.0,3.0,Astoria,50.0,2.5,Tea,Brewed Black tea,Earl Grey Rg
4360.0,08/01/2023,18:48:39,2.0,3.0,Astoria,61.0,4.75,Drinking Chocolate,Hot chocolate,Sustainably Grown Organic Lg
4361.0,08/01/2023,18:49:18,1.0,5.0,Lower Manhattan,43.0,3.0,Tea,Brewed herbal tea,Lemon Grass Lg
4362.0,08/01/2023,18:50:38,2.0,8.0,Hell's Kitchen,37.0,3.0,Coffee,Barista Espresso,Espresso shot
4363.0,08/01/2023,18:50:38,2.0,,Hell's Kitchen,64.0,,Flavours,Regular syrup,Hazelnut syrup
4364.0,08/01/2023,18:52:32,2.0,3.0,Astoria,29.0,2.5,Coffee,Gourmet brewed coffee,Columbian Medium Roast Rg
4365.0,08/01/2023,18:52:57,1.0,3.0,Astoria,36.0,3.75,Coffee,Premium brewed coffee,Jamaican Coffee River Lg
4366.0,08/01/2023,18:55:41,2.0,5.0,Lower Manhattan,48.0,2.5,Tea,Brewed Black tea,English Breakfast Rg
4367.0,08/01/2023,19:01:24,2.0,8.0,Hell's Kitchen,34.0,2.45,Coffee,Premium brewed coffee,Jamaican Coffee River Sm
4368.0,08/01/2023,19:07:30,2.0,5.0,Lower Manhattan,60.0,3.75,Drinking Chocolate,Hot chocolate,Sustainably Grown Organic Rg
4369.0,08/01/2023,19:08:59,1.0,3.0,Astoria,59.0,4.5,Drinking Chocolate,Hot chocolate,Dark chocolate Lg
4370.0,08/01/2023,19:11:56,1.0,5.0,Lower Manhattan,47.0,3.0,Tea,Brewed Green tea,Serenity Green Tea Lg
4371.0,08/01/2023,19:17:12,2.0,3.0,Astoria,49.0,3.0,Tea,Brewed Black tea,English Breakfast Lg
4372.0,08/01/2023,19:17:28,2.0,8.0,Hell's Kitchen,52.0,2.5,Tea,Brewed Chai tea,Traditional Blend Chai Rg
4373.0,08/01/2023,19:20:15,2.0,5.0,Lower Manhattan,41.0,4.25,Coffee,Barista Espresso,Cappuccino Lg
4374.0,08/01/2023,19:20:15,2.0,5.0,Lower Manhattan,65.0,0.8,Flavours,Sugar free syrup,Sugar Free Vanilla syrup
4375.0,08/01/2023,19:20:15,1.0,5.0,Lower Manhattan,74.0,3.5,Bakery,Biscotti,Ginger Biscotti
4376.0,08/01/2023,19:24:28,2.0,3.0,Astoria,58.0,3.5,Drinking Chocolate,Hot chocolate,Dark chocolate Rg
4377.0,08/01/2023,19:24:28,2.0,3.0,Astoria,74.0,3.5,Bakery,Biscotti,Ginger Biscotti
4378.0,08/01/2023,19:25:58,1.0,3.0,Astoria,22.0,2.0,Coffee,Drip coffee,Our Old Time Diner Blend Sm
4379.0,08/01/2023,19:25:58,2.0,3.0,Astoria,69.0,3.25,Bakery,Biscotti,Hazelnut Biscotti
4380.0,08/01/2023,19:28:26,2.0,3.0,Astoria,48.0,2.5,Tea,Brewed Black tea,English Breakfast Rg
4381.0,08/01/2023,19:32:15,1.0,5.0,Lower Manhattan,40.0,3.75,Coffee,Barista Espresso,Cappuccino
4382.0,08/01/2023,19:32:15,4.0,5.0,Lower Manhattan,64.0,0.8,Flavours,Regular syrup,Hazelnut syrup
4383.0,08/01/2023,19:36:20,2.0,3.0,Astoria,24.0,3.0,Coffee,Drip coffee,Our Old Time Diner Blend Lg
4384.0,08/01/2023,19:44:46,1.0,3.0,Astoria,60.0,3.75,Drinking Chocolate,Hot chocolate,Sustainably Grown Organic Rg
4385.0,08/01/2023,19:44:46,2.0,3.0,Astoria,72.0,3.25,Bakery,Scone,Ginger Scone
4386.0,08/01/2023,19:47:25,1.0,3.0,Astoria,32.0,3.0,Coffee,Gourmet brewed coffee,Ethiopia Rg
4387.0,08/01/2023,19:47:25,1.0,3.0,Astoria,10.0,10.0,Coffee beans,Green beans,Guatemalan Sustainably Grown
4388.0,08/01/2023,19:54:56,1.0,3.0,Astoria,45.0,3.0,Tea,Brewed herbal tea,Peppermint Lg
4389.0,08/01/2023,19:54:56,1.0,3.0,Astoria,83.0,14.0,Branded,Housewares,I Need My Bean! Latte cup
,08/01/2023,19:54:56,1.0,,Astoria,,3.0,Tea,Brewed Green tea,Serenity Green Tea Lg
4391.0,08/01/2023,19:55:15,1.0,3.0,Astoria,28.0,2.0,Coffee,Gourmet brewed coffee,Columbian Medium Roast Sm
4392.0,08/01/2023,19:58:16,2.0,3.0,Astoria,29.0,2.5,Coffee,Gourmet brewed coffee,Columbian Medium Roast Rg
4393.0,08/01/2023,19:58:16,1.0,3.0,Astoria,12.0,8.95,Loose Tea,Herbal tea,Peppermint
4394.0,08/01/2023,19:59:24,2.0,8.0,Hell's Kitchen,61.0,4.75,Drinking Chocolate,Hot chocolate,Sustainably Grown Organic Lg
4395.0,08/01/2023,20:02:55,1.0,5.0,Lower Manhattan,49.0,3.0,Tea,Brewed Black tea,English Breakfast Lg
4396.0,08/01/2023,20:03:08,2.0,5.0,Lower Manhattan,42.0,2.5,Tea,Brewed herbal tea,Lemon Grass Rg
4397.0,08/01/2023,20:03:55,1.0,5.0,Lower Manhattan,35.0,3.1,Coffee,Premium brewed coffee,Jamaican Coffee River Rg
4398.0,08/01/2023,20:11:38,1.0,5.0,Lower Manhattan,57.0,3.1,Tea,Brewed Chai tea,Spicy Eye Opener Chai Lg
4399.0,08/01/2023,20:13:21,1.0,5.0,Lower Manhattan,32.0,3.0,Coffee,Gourmet brewed coffee,Ethiopia Rg
4400.0,08/01/2023,20:15:36,2.0,5.0,Lower Manhattan,47.0,3.0,Tea,Brewed Green tea,Serenity Green Tea Lg
,08/01/2023,20:16:31,,5.0,Lower Manhattan,42.0,2.5,Tea,Brewed herbal tea,Lemon Grass Rg
4402.0,08/01/2023,20:18:39,2.0,5.0,Lower Manhattan,50.0,2.5,Tea,Brewed Black tea,Earl Grey Rg
4403.0,08/01/2023,20:18:39,1.0,5.0,Lower Manhattan,79.0,3.75,Bakery,Scone,Jumbo Savory Scone
4404.0,08/01/2023,20:23:34,1.0,5.0,Lower Manhattan,34.0,2.45,Coffee,Premium brewed coffee,Jamaican Coffee River Sm
4405.0,09/01/2023,06:34:18,2.0,8.0,Hell's Kitchen,59.0,4.5,Drinking Chocolate,Hot chocolate,Dark chocolate Lg
4406.0,09/01/2023,06:36:36,1.0,8.0,Hell's Kitchen,47.0,3.0,Tea,Brewed Green tea,Serenity Green Tea Lg
4407.0,09/01/2023,06:39:11,1.0,8.0,Hell's Kitchen,34.0,2.45,Coffee,Premium brewed coffee,Jamaican Coffee River Sm
4408.0,09/01/2023,06:39:11,1.0,8.0,Hell's Kitchen,76.0,3.5,Bakery,Biscotti,Chocolate Chip Biscotti
4409.0,09/01/2023,06:42:20,2.0,8.0,Hell's Kitchen,46.0,2.5,Tea,Brewed Green tea,Serenity Green Tea Rg
4410.0,09/01/2023,06:45:12,2.0,8.0,Hell's Kitchen,61.0,4.75,Drinking Chocolate,Hot chocolate,Sustainably Grown Organic Lg
4411.0,09/01/2023,06:48:55,1.0,8.0,Hell's Kitchen,35.0,3.1,Coffee,Premium brewed coffee,Jamaican Coffee River Rg
4412.0,09/01/2023,06:48:55,1.0,8.0,Hell's Kitchen,78.0,4.5,Bakery,Scone,Scottish Cream Scone 
4413.0,09/01/2023,06:49:13,2.0,8.0,Hell's Kitchen,61.0,4.75,Drinking Chocolate,Hot chocolate,Sustainably Grown Organic Lg
4414.0,09/01/2023,06:50:14,1.0,8.0,Hell's Kitchen,47.0,3.0,Tea,Brewed Green tea,Serenity Green Tea Lg
4415.0,09/01/2023,06:51:12,1.0,8.0,Hell's Kitchen,28.0,2.0,Coffee,Gourmet brewed coffee,Columbian Medium Roast Sm
4416.0,09/01/2023,06:52:54,1.0,8.0,Hell's Kitchen,44.0,2.5,Tea,Brewed herbal tea,Peppermint Rg
4417.0,09/01/2023,06:56:32,1.0,8.0,Hell's Kitchen,26.0,3.0,Coffee,Organic brewed coffee,Brazilian Rg
4418.0,09/01/2023,06:56:32,1.0,8.0,Hell's Kitchen,74.0,3.5,Bakery,Biscotti,Ginger Biscotti
4419.0,09/01/2023,06:56:55,1.0,8.0,Hell's Kitchen,53.0,3.0,Tea,Brewed Chai tea,Traditional Blend Chai Lg
4420.0,09/01/2023,06:57:56,2.0,8.0,Hell's Kitchen,56.0,2.55,Tea,Brewed Chai tea,Spicy Eye Opener Chai Rg
4421.0,09/01/2023,06:58:57,2.0,8.0,Hell's Kitchen,51.0,3.0,Tea,Brewed Black tea,Earl Grey Lg
4422.0,09/01/2023,07:00:13,1.0,3.0,Astoria,36.0,3.75,Coffee,Premium brewed coffee,Jamaican Coffee River Lg
4423.0,09/01/2023,07:00:58,1.0,3.0,Astoria,54.0,2.5,Tea,Brewed Chai tea,Morning Sunrise Chai Rg
4424.0,09/01/2023,07:05:00,1.0,8.0,Hell's Kitchen,58.0,3.5,Drinking Chocolate,Hot chocolate,Dark chocolate Rg
4425.0,09/01/2023,07:05:00,1.0,8.0,Hell's Kitchen,71.0,3.75,Bakery,Pastry,Chocolate Croissant
4426.0,09/01/2023,07:09:08,1.0,3.0,Astoria,52.0,2.5,Tea,Brewed Chai tea,Traditional Blend Chai Rg
4427.0,09/01/2023,07:10:20,2.0,8.0,Hell's Kitchen,46.0,2.5,Tea,Brewed Green tea,Serenity Green Tea Rg
4428.0,09/01/2023,07:10:44,1.0,3.0,Astoria,59.0,4.5,Drinking Chocolate,Hot chocolate,Dark chocolate Lg
4429.0,09/01/2023,07:12:39,1.0,3.0,Astoria,61.0,4.75,Drinking Chocolate,Hot chocolate,Sustainably Grown Organic Lg
,09/01/2023,07:13:35,1.0,3.0,Astoria,,3.75,Coffee,Barista Espresso,Latte
4431.0,09/01/2023,07:15:40,2.0,8.0,Hell's Kitchen,23.0,2.5,Coffee,Drip coffee,Our Old Time Diner Blend Rg
4432.0,09/01/2023,07:15:42,1.0,3.0,Astoria,24.0,3.0,Coffee,Drip coffee,Our Old Time Diner Blend Lg
4433.0,09/01/2023,07:15:46,1.0,3.0,Astoria,71.0,3.75,Bakery,Pastry,Chocolate Croissant
4434.0,09/01/2023,07:20:13,1.0,3.0,Astoria,26.0,3.0,Coffee,Organic brewed coffee,Brazilian Rg
4435.0,09/01/2023,07:20:38,1.0,3.0,Astoria,31.0,2.2,Coffee,Gourmet brewed coffee,Ethiopia Sm
4436.0,09/01/2023,07:21:05,1.0,8.0,Hell's Kitchen,24.0,3.0,Coffee,Drip coffee,Our Old Time Diner Blend Lg
4437.0,09/01/2023,07:23:35,2.0,8.0,Hell's Kitchen,33.0,3.5,Coffee,Gourmet brewed coffee,Ethiopia Lg
4438.0,09/01/2023,07:27:27,2.0,8.0,Hell's Kitchen,54.0,2.5,Tea,Brewed Chai tea,Morning Sunrise Chai Rg
4439.0,09/01/2023,07:27:48,1.0,8.0,Hell's Kitchen,28.0,2.0,Coffee,Gourmet brewed coffee,Columbian Medium Roast Sm
4440.0,09/01/2023,07:29:02,1.0,3.0,Astoria,29.0,2.5,Coffee,Gourmet brewed coffee,Columbian Medium Roast Rg
4441.0,09/01/2023,07:30:23,,8.0,Hell's Kitchen,54.0,,Tea,Brewed Chai tea,Morning Sunrise Chai Rg
,09/01/2023,07:30:38,,5.0,Lower Manhattan,39.0,4.25,Coffee,Barista Espresso,Latte Rg
4443.0,09/01/2023,07:31:51,1.0,5.0,Lower Manhattan,26.0,3.0,Coffee,Organic brewed coffee,Brazilian Rg
4444.0,09/01/2023,07:32:17,1.0,8.0,Hell's Kitchen,51.0,3.0,Tea,Brewed Black tea,Earl Grey Lg
4445.0,09/01/2023,07:32:52,1.0,3.0,Astoria,55.0,4.0,Tea,Brewed Chai tea,Morning Sunrise Chai Lg
4446.0,09/01/2023,07:33:08,2.0,5.0,Lower Manhattan,52.0,2.5,Tea,Brewed Chai tea,Traditional Blend Chai Rg
4447.0,09/01/2023,07:33:08,1.0,5.0,Lower Manhattan,75.0,4.38,Bakery,Pastry,Croissant
4448.0,09/01/2023,07:33:34,2.0,3.0,Astoria,55.0,4.0,Tea,Brewed Chai tea,Morning Sunrise Chai Lg
4449.0,09/01/2023,07:35:31,1.0,5.0,Lower Manhattan,43.0,3.0,Tea,Brewed herbal tea,Lemon Grass Lg
4450.0,09/01/2023,07:35:46,2.0,5.0,Lower Manhattan,39.0,4.25,Coffee,Barista Espresso,Latte Rg
4451.0,09/01/2023,07:36:06,1.0,3.0,Astoria,24.0,3.0,Coffee,Drip coffee,Our Old Time Diner Blend Lg
4452.0,09/01/2023,07:36:06,1.0,3.0,Astoria,72.0,3.25,Bakery,Scone,Ginger Scone
4453.0,09/01/2023,07:36:32,2.0,5.0,Lower Manhattan,31.0,2.2,Coffee,Gourmet brewed coffee,Ethiopia Sm
4454.0,09/01/2023,07:36:32,1.0,5.0,Lower Manhattan,13.0,8.95,Loose Tea,Black tea,English Breakfast
4455.0,09/01/2023,07:36:59,1.0,3.0,Astoria,57.0,3.1,Tea,Brewed Chai tea,Spicy Eye Opener Chai Lg
4456.0,09/01/2023,07:37:53,2.0,8.0,Hell's Kitchen,35.0,3.1,Coffee,Premium brewed coffee,Jamaican Coffee River Rg
4457.0,09/01/2023,07:37:53,1.0,8.0,Hell's Kitchen,75.0,3.5,Bakery,Pastry,Croissant
4458.0,09/01/2023,07:38:22,1.0,3.0,Astoria,35.0,3.1,Coffee,Premium brewed coffee,Jamaican Coffee River Rg
4459.0,09/01/2023,07:38:22,1.0,3.0,Astoria,59.0,4.5,Drinking Chocolate,Hot chocolate,Dark chocolate Lg
4460.0,09/01/2023,07:38:22,1.0,3.0,Astoria,60.0,3.75,Drinking Chocolate,Hot chocolate,Sustainably Grown Organic Rg
4461.0,09/01/2023,07:38:22,1.0,3.0,Astoria,20.0,7.6,Packaged Chocolate,Organic Chocolate,Sustainably Grown Organic
4462.0,09/01/2023,07:40:11,1.0,8.0,Hell's Kitchen,39.0,4.25,Coffee,Barista Espresso,Latte Rg
4463.0,09/01/2023,07:40:11,1.0,8.0,Hell's Kitchen,64.0,0.8,Flavours,Regular syrup,Hazelnut syrup
4464.0,09/01/2023,07:40:37,2.0,5.0,Lower Manhattan,26.0,3.0,Coffee,Organic brewed coffee,Brazilian Rg
4465.0,09/01/2023,07:46:22,2.0,5.0,Lower Manhattan,22.0,2.0,Coffee,Drip coffee,Our Old Time Diner Blend Sm
4466.0,09/01/2023,07:47:13,2.0,3.0,Astoria,38.0,3.75,Coffee,Barista Espresso,Latte
4467.0,09/01/2023,07:47:13,1.0,3.0,Astoria,71.0,3.75,Bakery,Pastry,Chocolate Croissant
4468.0,09/01/2023,07:47:35,2.0,5.0,Lower Manhattan,35.0,3.1,Coffee,Premium brewed coffee,Jamaican Coffee River Rg
4469.0,09/01/2023,07:47:50,2.0,5.0,Lower Manhattan,42.0,2.5,Tea,Brewed herbal tea,Lemon Grass Rg
4470.0,09/01/2023,07:48:14,1.0,8.0,Hell's Kitchen,36.0,3.75,Coffee,Premium brewed coffee,Jamaican Coffee River Lg
4471.0,09/01/2023,07:49:08,2.0,3.0,Astoria,32.0,3.0,Coffee,Gourmet brewed coffee,Ethiopia Rg
4472.0,09/01/2023,07:50:24,2.0,3.0,Astoria,38.0,3.75,Coffee,Barista Espresso,Latte
4473.0,09/01/2023,07:52:18,2.0,5.0,Lower Manhattan,41.0,4.25,Coffee,Barista Espresso,Cappuccino Lg
4474.0,09/01/2023,07:52:18,1.0,5.0,Lower Manhattan,13.0,8.95,Loose Tea,Black tea,English Breakfast
4475.0,09/01/2023,07:52:22,1.0,8.0,Hell's Kitchen,52.0,2.5,Tea,Brewed Chai tea,Traditional Blend Chai Rg
4476.0,09/01/2023,07:52:52,2.0,5.0,Lower Manhattan,34.0,2.45,Coffee,Premium brewed coffee,Jamaican Coffee River Sm
4477.0,09/01/2023,07:52:52,1.0,5.0,Lower Manhattan,70.0,4.06,Bakery,Scone,Cranberry Scone
4478.0,09/01/2023,07:53:15,2.0,5.0,Lower Manhattan,22.0,2.0,Coffee,Drip coffee,Our Old Time Diner Blend Sm
4479.0,09/01/2023,07:53:58,2.0,8.0,Hell's Kitchen,56.0,2.55,Tea,Brewed Chai tea,Spicy Eye Opener Chai Rg
4480.0,09/01/2023,07:54:37,2.0,3.0,Astoria,25.0,2.2,Coffee,Organic brewed coffee,Brazilian Sm
4481.0,09/01/2023,07:55:02,2.0,5.0,Lower Manhattan,43.0,3.0,Tea,Brewed herbal tea,Lemon Grass Lg
4482.0,09/01/2023,07:55:09,1.0,5.0,Lower Manhattan,56.0,2.55,Tea,Brewed Chai tea,Spicy Eye Opener Chai Rg
4483.0,09/01/2023,07:56:13,1.0,5.0,Lower Manhattan,24.0,3.0,Coffee,Drip coffee,Our Old Time Diner Blend Lg
4484.0,09/01/2023,07:56:27,1.0,3.0,Astoria,46.0,2.5,Tea,Brewed Green tea,Serenity Green Tea Rg
4485.0,09/01/2023,07:56:44,1.0,5.0,Lower Manhattan,50.0,2.5,Tea,Brewed Black tea,Earl Grey Rg
4486.0,09/01/2023,07:57:11,1.0,5.0,Lower Manhattan,25.0,2.2,Coffee,Organic brewed coffee,Brazilian Sm
4487.0,09/01/2023,07:57:11,1.0,5.0,Lower Manhattan,69.0,4.06,Bakery,Biscotti,Hazelnut Biscotti
4488.0,09/01/2023,07:57:40,1.0,5.0,Lower Manhattan,47.0,3.0,Tea,Brewed Green tea,Serenity Green Tea Lg
4489.0,09/01/2023,07:58:52,1.0,8.0,Hell's Kitchen,61.0,4.75,Drinking Chocolate,Hot chocolate,Sustainably Grown Organic Lg
4490.0,09/01/2023,07:59:11,1.0,3.0,Astoria,71.0,3.75,Bakery,Pastry,Chocolate Croissant
4491.0,09/01/2023,07:59:55,1.0,3.0,Astoria,50.0,2.5,Tea,Brewed Black tea,Earl Grey Rg
4492.0,09/01/2023,07:59:55,1.0,3.0,Astoria,6.0,21.0,Coffee beans,Gourmet Beans,Ethiopia
4493.0,09/01/2023,08:00:49,1.0,3.0,Astoria,34.0,2.45,Coffee,Premium brewed coffee,Jamaican Coffee River Sm
4494.0,09/01/2023,08:01:26,1.0,5.0,Lower Manhattan,44.0,2.5,Tea,Brewed herbal tea,Peppermint Rg
4495.0,09/01/2023,08:02:30,1.0,5.0,Lower Manhattan,59.0,4.5,Drinking Chocolate,Hot chocolate,Dark chocolate Lg
4496.0,09/01/2023,08:02:30,1.0,5.0,Lower Manhattan,83.0,14.0,Branded,Housewares,I Need My Bean! Latte cup
4497.0,09/01/2023,08:04:46,1.0,8.0,Hell's Kitchen,43.0,3.0,Tea,Brewed herbal tea,Lemon Grass Lg
4498.0,09/01/2023,08:06:25,2.0,5.0,Lower Manhattan,31.0,2.2,Coffee,Gourmet brewed coffee,Ethiopia Sm
4499.0,09/01/2023,08:07:33,1.0,3.0,Astoria,24.0,3.0,Coffee,Drip coffee,Our Old Time Diner Blend Lg
4500.0,09/01/2023,08:08:13,2.0,3.0,Astoria,60.0,3.75,Drinking Chocolate,Hot chocolate,Sustainably Grown Organic Rg
4501.0,09/01/2023,08:08:13,2.0,3.0,Astoria,76.0,3.5,Bakery,Biscotti,Chocolate Chip Biscotti
4502.0,09/01/2023,08:11:32,1.0,5.0,Lower Manhattan,26.0,3.0,Coffee,Organic brewed coffee,Brazilian Rg
4503.0,09/01/2023,08:14:07,2.0,5.0,Lower Manhattan,29.0,2.5,Coffee,Gourmet brewed coffee,Columbian Medium Roast Rg
4504.0,09/01/2023,08:14:57,2.0,3.0,Astoria,38.0,3.75,Coffee,Barista Espresso,Latte
4505.0,09/01/2023,08:14:57,1.0,3.0,Astoria,75.0,3.5,Bakery,Pastry,Croissant
4506.0,09/01/2023,08:15:12,1.0,3.0,Astoria,49.0,3.0,Tea,Brewed Black tea,English Breakfast Lg
4507.0,09/01/2023,08:15:32,1.0,5.0,Lower Manhattan,34.0,2.45,Coffee,Premium brewed coffee,Jamaican Coffee River Sm
4508.0,09/01/2023,08:15:34,1.0,3.0,Astoria,59.0,4.5,Drinking Chocolate,Hot chocolate,Dark chocolate Lg
4509.0,09/01/2023,08:15:34,1.0,3.0,Astoria,70.0,3.25,Bakery,Scone,Cranberry Scone
4510.0,09/01/2023,08:15:41,1.0,3.0,Astoria,40.0,3.75,Coffee,Barista Espresso,Cappuccino
4511.0,09/01/2023,08:15:41,1.0,3.0,Astoria,71.0,3.75,Bakery,Pastry,Chocolate Croissant
4512.0,09/01/2023,08:15:41,1.0,3.0,Astoria,40.0,3.75,Coffee,Barista Espresso,Cappuccino
4513.0,09/01/2023,08:15:41,1.0,3.0,Astoria,53.0,3.0,Tea,Brewed Chai tea,Traditional Blend Chai Lg
4514.0,09/01/2023,08:15:41,1.0,3.0,Astoria,54.0,2.5,Tea,Brewed Chai tea,Morning Sunrise Chai Rg
4515.0,09/01/2023,08:15:41,1.0,3.0,Astoria,39.0,4.25,Coffee,Barista Espresso,Latte Rg
4516.0,09/01/2023,08:16:26,1.0,8.0,Hell's Kitchen,36.0,3.75,Coffee,Premium brewed coffee,Jamaican Coffee River Lg
4517.0,09/01/2023,08:16:26,1.0,8.0,Hell's Kitchen,74.0,3.5,Bakery,Biscotti,Ginger Biscotti
4518.0,09/01/2023,08:19:42,1.0,3.0,Astoria,56.0,2.55,Tea,Brewed Chai tea,Spicy Eye Opener Chai Rg
4519.0,09/01/2023,08:19:57,2.0,5.0,Lower Manhattan,29.0,2.5,Coffee,Gourmet brewed coffee,Columbian Medium Roast Rg
4520.0,09/01/2023,08:20:35,2.0,3.0,Astoria,42.0,2.5,Tea,Brewed herbal tea,Lemon Grass Rg
4521.0,09/01/2023,08:21:25,1.0,5.0,Lower Manhattan,30.0,3.0,Coffee,Gourmet brewed coffee,Columbian Medium Roast Lg
4522.0,09/01/2023,08:21:37,2.0,8.0,Hell's Kitchen,46.0,2.5,Tea,Brewed Green tea,Serenity Green Tea Rg
4523.0,09/01/2023,08:23:35,2.0,8.0,Hell's Kitchen,52.0,2.5,Tea,Brewed Chai tea,Traditional Blend Chai Rg
4524.0,09/01/2023,08:23:35,1.0,8.0,Hell's Kitchen,2.0,18.0,Coffee beans,House blend Beans,Our Old Time Diner Blend
4525.0,09/01/2023,08:23:39,2.0,5.0,Lower Manhattan,55.0,4.0,Tea,Brewed Chai tea,Morning Sunrise Chai Lg
4526.0,09/01/2023,08:23:46,2.0,5.0,Lower Manhattan,56.0,2.55,Tea,Brewed Chai tea,Spicy Eye Opener Chai Rg
4527.0,09/01/2023,08:23:59,1.0,3.0,Astoria,55.0,4.0,Tea,Brewed Chai tea,Morning Sunrise Chai Lg
4528.0,09/01/2023,08:24:23,2.0,,Astoria,,3.0,Tea,Brewed Green tea,Serenity Green Tea Lg
4529.0,09/01/2023,08:24:23,1.0,3.0,Astoria,75.0,3.5,Bakery,Pastry,Croissant
4530.0,09/01/2023,08:25:53,1.0,5.0,Lower Manhattan,44.0,2.5,Tea,Brewed herbal tea,Peppermint Rg
4531.0,09/01/2023,08:26:23,2.0,8.0,Hell's Kitchen,27.0,3.5,Coffee,Organic brewed coffee,Brazilian Lg
4532.0,09/01/2023,08:29:13,2.0,8.0,Hell's Kitchen,55.0,4.0,Tea,Brewed Chai tea,Morning Sunrise Chai Lg
4533.0,09/01/2023,08:30:51,1.0,3.0,Astoria,49.0,3.0,Tea,Brewed Black tea,English Breakfast Lg
4534.0,09/01/2023,08:31:18,1.0,3.0,Astoria,34.0,2.45,Coffee,Premium brewed coffee,Jamaican Coffee River Sm
4535.0,09/01/2023,08:31:18,2.0,3.0,Astoria,33.0,3.5,Coffee,Gourmet brewed coffee,Ethiopia Lg
4536.0,09/01/2023,08:31:18,1.0,3.0,Astoria,4.0,20.45,Coffee beans,Espresso Beans,Primo Espresso Roast
4537.0,09/01/2023,08:31:48,1.0,3.0,Astoria,51.0,3.0,Tea,Brewed Black tea,Earl Grey Lg
4538.0,09/01/2023,08:33:01,2.0,3.0,Astoria,40.0,3.75,Coffee,Barista Espresso,Cappuccino
4539.0,09/01/2023,08:33:20,2.0,8.0,Hell's Kitchen,56.0,2.55,Tea,Brewed Chai tea,Spicy Eye Opener Chai Rg
4540.0,09/01/2023,08:33:55,2.0,5.0,Lower Manhattan,53.0,3.0,Tea,Brewed Chai tea,Traditional Blend Chai Lg
4541.0,09/01/2023,08:37:57,2.0,8.0,Hell's Kitchen,30.0,3.0,Coffee,Gourmet brewed coffee,Columbian Medium Roast Lg
4542.0,09/01/2023,08:38:12,1.0,3.0,Astoria,42.0,2.5,Tea,Brewed herbal tea,Lemon Grass Rg
4543.0,09/01/2023,08:38:39,1.0,3.0,Astoria,26.0,3.0,Coffee,Organic brewed coffee,Brazilian Rg
4544.0,09/01/2023,08:38:39,1.0,3.0,Astoria,75.0,3.5,Bakery,Pastry,Croissant
,09/01/2023,08:39:00,2.0,,Astoria,52.0,2.5,Tea,Brewed Chai tea,Traditional Blend Chai Rg
4546.0,09/01/2023,08:39:00,1.0,3.0,Astoria,78.0,4.5,Bakery,Scone,Scottish Cream Scone 
4547.0,09/01/2023,08:39:51,1.0,3.0,Astoria,38.0,3.75,Coffee,Barista Espresso,Latte
4548.0,09/01/2023,08:39:51,1.0,3.0,Astoria,77.0,3.0,Bakery,Scone,Oatmeal Scone
4549.0,09/01/2023,08:40:29,1.0,5.0,Lower Manhattan,59.0,4.5,Drinking Chocolate,Hot chocolate,Dark chocolate Lg
4550.0,09/01/2023,08:41:24,1.0,5.0,Lower Manhattan,53.0,3.0,Tea,Brewed Chai tea,Traditional Blend Chai Lg
4551.0,09/01/2023,08:41:24,1.0,5.0,Lower Manhattan,12.0,8.95,Loose Tea,Herbal tea,Peppermint
4552.0,09/01/2023,08:41:39,1.0,5.0,Lower Manhattan,25.0,2.2,Coffee,Organic brewed coffee,Brazilian Sm
4553.0,09/01/2023,08:42:35,2.0,3.0,Astoria,36.0,3.75,Coffee,Premium brewed coffee,Jamaican Coffee River Lg
4554.0,09/01/2023,08:44:38,1.0,5.0,Lower Manhattan,22.0,2.0,Coffee,Drip coffee,Our Old Time Diner Blend Sm
4555.0,09/01/2023,08:47:21,1.0,3.0,Astoria,29.0,2.5,Coffee,Gourmet brewed coffee,Columbian Medium Roast Rg
4556.0,09/01/2023,08:47:21,1.0,3.0,Astoria,74.0,3.5,Bakery,Biscotti,Ginger Biscotti
4557.0,09/01/2023,08:47:33,1.0,8.0,Hell's Kitchen,71.0,3.75,Bakery,Pastry,Chocolate Croissant
4558.0,09/01/2023,08:47:33,1.0,8.0,Hell's Kitchen,71.0,3.75,Bakery,Pastry,Chocolate Croissant
4559.0,09/01/2023,08:48:14,1.0,3.0,Astoria,22.0,2.0,Coffee,Drip coffee,Our Old Time Diner Blend Sm
4560.0,09/01/2023,08:48:21,2.0,8.0,Hell's Kitchen,25.0,2.2,Coffee,Organic brewed coffee,Brazilian Sm
4561.0,09/01/2023,08:48:21,1.0,8.0,Hell's Kitchen,70.0,3.25,Bakery,Scone,Cranberry Scone
4562.0,09/01/2023,08:49:39,2.0,5.0,Lower Manhattan,42.0,2.5,Tea,Brewed herbal tea,Lemon Grass Rg
4563.0,09/01/2023,08:51:20,2.0,5.0,Lower Manhattan,54.0,2.5,Tea,Brewed Chai tea,Morning Sunrise Chai Rg
4564.0,09/01/2023,08:51:56,1.0,5.0,Lower Manhattan,38.0,3.75,Coffee,Barista Espresso,Latte
4565.0,09/01/2023,08:52:58,1.0,8.0,Hell's Kitchen,29.0,2.5,Coffee,Gourmet brewed coffee,Columbian Medium Roast Rg
4566.0,09/01/2023,08:53:45,2.0,8.0,Hell's Kitchen,56.0,2.55,Tea,Brewed Chai tea,Spicy Eye Opener Chai Rg
4567.0,09/01/2023,08:55:50,1.0,8.0,Hell's Kitchen,61.0,4.75,Drinking Chocolate,Hot chocolate,Sustainably Grown Organic Lg
4568.0,09/01/2023,08:55:55,1.0,5.0,Lower Manhattan,29.0,2.5,Coffee,Gourmet brewed coffee,Columbian Medium Roast Rg
4569.0,09/01/2023,08:56:24,1.0,5.0,Lower Manhattan,57.0,3.1,Tea,Brewed Chai tea,Spicy Eye Opener Chai Lg
4570.0,09/01/2023,08:56:45,1.0,5.0,Lower Manhattan,23.0,2.5,Coffee,Drip coffee,Our Old Time Diner Blend Rg
4571.0,09/01/2023,08:56:45,1.0,5.0,Lower Manhattan,76.0,4.38,Bakery,Biscotti,Chocolate Chip Biscotti
4572.0,09/01/2023,08:57:44,2.0,5.0,Lower Manhattan,41.0,4.25,Coffee,Barista Espresso,Cappuccino Lg
4573.0,09/01/2023,08:57:44,1.0,5.0,Lower Manhattan,1.0,18.0,Coffee beans,Organic Beans,Brazilian - Organic
4574.0,09/01/2023,08:58:23,,8.0,Hell's Kitchen,,2.45,Coffee,Premium brewed coffee,Jamaican Coffee River Sm
4575.0,09/01/2023,08:58:43,2.0,5.0,Lower Manhattan,58.0,3.5,Drinking Chocolate,Hot chocolate,Dark chocolate Rg
4576.0,09/01/2023,08:59:11,2.0,5.0,Lower Manhattan,43.0,3.0,Tea,Brewed herbal tea,Lemon Grass Lg
4577.0,09/01/2023,08:59:50,1.0,5.0,Lower Manhattan,24.0,3.0,Coffee,Drip coffee,Our Old Time Diner Blend Lg
4578.0,09/01/2023,09:00:25,2.0,5.0,Lower Manhattan,39.0,4.25,Coffee,Barista Espresso,Latte Rg
4579.0,09/01/2023,09:01:23,1.0,8.0,Hell's Kitchen,36.0,3.75,Coffee,Premium brewed coffee,Jamaican Coffee River Lg
4580.0,09/01/2023,09:01:58,1.0,5.0,Lower Manhattan,41.0,4.25,Coffee,Barista Espresso,Cappuccino Lg
4581.0,09/01/2023,09:03:04,1.0,8.0,Hell's Kitchen,25.0,2.2,Coffee,Organic brewed coffee,Brazilian Sm
4582.0,09/01/2023,09:03:37,1.0,5.0,Lower Manhattan,42.0,2.5,Tea,Brewed herbal tea,Lemon Grass Rg
4583.0,09/01/2023,09:06:38,2.0,5.0,Lower Manhattan,28.0,2.0,Coffee,Gourmet brewed coffee,Columbian Medium Roast Sm
4584.0,09/01/2023,09:06:38,1.0,5.0,Lower Manhattan,21.0,13.33,Packaged Chocolate,Drinking Chocolate,Chili Mayan
4585.0,09/01/2023,09:06:53,1.0,3.0,Astoria,42.0,2.5,Tea,Brewed herbal tea,Lemon Grass Rg
4586.0,09/01/2023,09:06:53,1.0,3.0,Astoria,12.0,8.95,Loose Tea,Herbal tea,Peppermint
,09/01/2023,09:07:08,,8.0,Hell's Kitchen,57.0,3.1,Tea,Brewed Chai tea,Spicy Eye Opener Chai Lg
4588.0,09/01/2023,09:08:37,1.0,8.0,Hell's Kitchen,22.0,2.0,Coffee,Drip coffee,Our Old Time Diner Blend Sm
4589.0,09/01/2023,09:08:37,1.0,8.0,Hell's Kitchen,76.0,3.5,Bakery,Biscotti,Chocolate Chip Biscotti
4590.0,09/01/2023,09:08:57,2.0,3.0,Astoria,50.0,2.5,Tea,Brewed Black tea,Earl Grey Rg
4591.0,09/01/2023,09:09:38,1.0,5.0,Lower Manhattan,34.0,2.45,Coffee,Premium brewed coffee,Jamaican Coffee River Sm
4592.0,09/01/2023,09:09:38,1.0,5.0,Lower Manhattan,76.0,4.38,Bakery,Biscotti,Chocolate Chip Biscotti
4593.0,09/01/2023,09:12:32,1.0,3.0,Astoria,44.0,2.5,Tea,Brewed herbal tea,Peppermint Rg
4594.0,09/01/2023,09:12:38,1.0,5.0,Lower Manhattan,41.0,4.25,Coffee,Barista Espresso,Cappuccino Lg
4595.0,09/01/2023,09:13:10,1.0,3.0,Astoria,44.0,2.5,Tea,Brewed herbal tea,Peppermint Rg
4596.0,09/01/2023,09:16:30,1.0,8.0,Hell's Kitchen,61.0,4.75,Drinking Chocolate,Hot chocolate,Sustainably Grown Organic Lg
4597.0,09/01/2023,09:16:43,2.0,5.0,Lower Manhattan,30.0,3.0,Coffee,Gourmet brewed coffee,Columbian Medium Roast Lg
4598.0,09/01/2023,09:16:45,1.0,5.0,Lower Manhattan,24.0,3.0,Coffee,Drip coffee,Our Old Time Diner Blend Lg
,09/01/2023,09:16:54,,8.0,Hell's Kitchen,46.0,,Tea,Brewed Green tea,Serenity Green Tea Rg
4600.0,09/01/2023,09:17:27,1.0,8.0,Hell's Kitchen,52.0,2.5,Tea,Brewed Chai tea,Traditional Blend Chai Rg
4601.0,09/01/2023,09:17:44,1.0,5.0,Lower Manhattan,39.0,4.25,Coffee,Barista Espresso,Latte Rg
4602.0,09/01/2023,09:21:52,2.0,5.0,Lower Manhattan,40.0,3.75,Coffee,Barista Espresso,Cappuccino
4603.0,09/01/2023,09:22:27,2.0,8.0,Hell's Kitchen,60.0,3.75,Drinking Chocolate,Hot chocolate,Sustainably Grown Organic Rg
4604.0,09/01/2023,09:24:15,1.0,8.0,Hell's Kitchen,29.0,2.5,Coffee,Gourmet brewed coffee,Columbian Medium Roast Rg
4605.0,09/01/2023,09:25:09,1.0,3.0,Astoria,28.0,2.0,Coffee,Gourmet brewed coffee,Columbian Medium Roast Sm
4606.0,09/01/2023,09:26:29,1.0,8.0,Hell's Kitchen,28.0,2.0,Coffee,Gourmet brewed coffee,Columbian Medium Roast Sm
4607.0,09/01/2023,09:27:08,2.0,5.0,Lower Manhattan,50.0,2.5,Tea,Brewed Black tea,Earl Grey Rg
4608.0,09/01/2023,09:27:26,2.0,5.0,Lower Manhattan,59.0,4.5,Drinking Chocolate,Hot chocolate,Dark chocolate Lg
,09/01/2023,09:28:25,,,Astoria,26.0,3.0,Coffee,Organic brewed coffee,Brazilian Rg
4610.0,09/01/2023,09:30:09,2.0,8.0,Hell's Kitchen,32.0,3.0,Coffee,Gourmet brewed coffee,Ethiopia Rg
4611.0,09/01/2023,09:31:23,2.0,3.0,Astoria,53.0,3.0,Tea,Brewed Chai tea,Traditional Blend Chai Lg
4612.0,09/01/2023,09:31:24,2.0,8.0,Hell's Kitchen,40.0,3.75,Coffee,Barista Espresso,Cappuccino
4613.0,09/01/2023,09:31:24,2.0,8.0,Hell's Kitchen,63.0,0.8,Flavours,Regular syrup,Carmel syrup
4614.0,09/01/2023,09:32:40,1.0,3.0,Astoria,45.0,3.0,Tea,Brewed herbal tea,Peppermint Lg
4615.0,09/01/2023,09:34:02,1.0,3.0,Astoria,54.0,2.5,Tea,Brewed Chai tea,Morning Sunrise Chai Rg
4616.0,09/01/2023,09:35:05,1.0,3.0,Astoria,57.0,3.1,Tea,Brewed Chai tea,Spicy Eye Opener Chai Lg
4617.0,09/01/2023,09:35:05,1.0,3.0,Astoria,71.0,3.75,Bakery,Pastry,Chocolate Croissant
4618.0,09/01/2023,09:35:48,1.0,3.0,Astoria,23.0,2.5,Coffee,Drip coffee,Our Old Time Diner Blend Rg
4619.0,09/01/2023,09:38:14,2.0,5.0,Lower Manhattan,34.0,2.45,Coffee,Premium brewed coffee,Jamaican Coffee River Sm
4620.0,09/01/2023,09:38:27,1.0,5.0,Lower Manhattan,36.0,3.75,Coffee,Premium brewed coffee,Jamaican Coffee River Lg
4621.0,09/01/2023,09:38:31,1.0,3.0,Astoria,53.0,3.0,Tea,Brewed Chai tea,Traditional Blend Chai Lg
4622.0,09/01/2023,09:40:42,1.0,5.0,Lower Manhattan,53.0,3.0,Tea,Brewed Chai tea,Traditional Blend Chai Lg
4623.0,09/01/2023,09:40:56,1.0,5.0,Lower Manhattan,26.0,3.0,Coffee,Organic brewed coffee,Brazilian Rg
4624.0,09/01/2023,09:40:56,1.0,5.0,Lower Manhattan,83.0,14.0,Branded,Housewares,I Need My Bean! Latte cup
,09/01/2023,09:41:22,,,Hell's Kitchen,32.0,3.0,Coffee,Gourmet brewed coffee,Ethiopia Rg
4626.0,09/01/2023,09:42:02,1.0,3.0,Astoria,25.0,2.2,Coffee,Organic brewed coffee,Brazilian Sm
4627.0,09/01/2023,09:42:16,1.0,5.0,Lower Manhattan,44.0,2.5,Tea,Brewed herbal tea,Peppermint Rg
4628.0,09/01/2023,09:42:16,1.0,5.0,Lower Manhattan,81.0,28.0,Branded,Clothing,I Need My Bean! T-shirt
4629.0,09/01/2023,09:42:54,2.0,8.0,Hell's Kitchen,45.0,3.0,Tea,Brewed herbal tea,Peppermint Lg
4630.0,09/01/2023,09:43:18,1.0,3.0,Astoria,38.0,3.75,Coffee,Barista Espresso,Latte
4631.0,09/01/2023,09:43:24,1.0,8.0,Hell's Kitchen,57.0,3.1,Tea,Brewed Chai tea,Spicy Eye Opener Chai Lg
4632.0,09/01/2023,09:43:29,2.0,3.0,Astoria,59.0,4.5,Drinking Chocolate,Hot chocolate,Dark chocolate Lg
4633.0,09/01/2023,09:43:55,1.0,5.0,Lower Manhattan,40.0,3.75,Coffee,Barista Espresso,Cappuccino
4634.0,09/01/2023,09:43:55,2.0,5.0,Lower Manhattan,63.0,0.8,Flavours,Regular syrup,Carmel syrup
4635.0,09/01/2023,09:43:55,1.0,5.0,Lower Manhattan,64.0,0.8,Flavours,Regular syrup,Hazelnut syrup
4636.0,09/01/2023,09:44:13,2.0,5.0,Lower Manhattan,,,Drinking Chocolate,Hot chocolate,Sustainably Grown Organic Lg
4637.0,09/01/2023,09:44:13,1.0,5.0,Lower Manhattan,7.0,19.75,Coffee beans,Premium Beans,Jamacian Coffee River
4638.0,09/01/2023,09:44:22,1.0,5.0,Lower Manhattan,53.0,3.0,Tea,Brewed Chai tea,Traditional Blend Chai Lg
4639.0,09/01/2023,09:46:00,1.0,8.0,Hell's Kitchen,43.0,3.0,Tea,Brewed herbal tea,Lemon Grass Lg
4640.0,09/01/2023,09:46:07,1.0,5.0,Lower Manhattan,45.0,3.0,Tea,Brewed herbal tea,Peppermint Lg
4641.0,09/01/2023,09:46:07,1.0,5.0,Lower Manhattan,75.0,4.38,Bakery,Pastry,Croissant
4642.0,09/01/2023,09:46:07,1.0,5.0,Lower Manhattan,14.0,8.95,Loose Tea,Black tea,Earl Grey
4643.0,09/01/2023,09:46:21,2.0,5.0,Lower Manhattan,50.0,2.5,Tea,Brewed Black tea,Earl Grey Rg
4644.0,09/01/2023,09:46:43,1.0,5.0,Lower Manhattan,60.0,3.75,Drinking Chocolate,Hot chocolate,Sustainably Grown Organic Rg
4645.0,09/01/2023,09:47:29,2.0,8.0,Hell's Kitchen,57.0,3.1,Tea,Brewed Chai tea,Spicy Eye Opener Chai Lg
4646.0,09/01/2023,09:47:31,2.0,5.0,Lower Manhattan,45.0,3.0,Tea,Brewed herbal tea,Peppermint Lg
4647.0,09/01/2023,09:48:03,1.0,3.0,Astoria,56.0,2.55,Tea,Brewed Chai tea,Spicy Eye Opener Chai Rg
4648.0,09/01/2023,09:49:37,1.0,5.0,Lower Manhattan,54.0,2.5,Tea,Brewed Chai tea,Morning Sunrise Chai Rg
4649.0,09/01/2023,09:52:23,1.0,5.0,Lower Manhattan,54.0,2.5,Tea,Brewed Chai tea,Morning Sunrise Chai Rg
4650.0,09/01/2023,09:52:41,2.0,5.0,Lower Manhattan,31.0,2.2,Coffee,Gourmet brewed coffee,Ethiopia Sm
4651.0,09/01/2023,09:53:07,2.0,5.0,Lower Manhattan,33.0,3.5,Coffee,Gourmet brewed coffee,Ethiopia Lg
4652.0,09/01/2023,09:53:07,1.0,5.0,Lower Manhattan,70.0,4.06,Bakery,Scone,Cranberry Scone
4653.0,09/01/2023,09:53:07,1.0,5.0,Lower Manhattan,78.0,5.63,Bakery,Scone,Scottish Cream Scone 
4654.0,09/01/2023,09:53:18,2.0,8.0,Hell's Kitchen,46.0,2.5,Tea,Brewed Green tea,Serenity Green Tea Rg
4655.0,09/01/2023,09:54:44,1.0,5.0,Lower Manhattan,23.0,2.5,Coffee,Drip coffee,Our Old Time Diner Blend Rg
4656.0,09/01/2023,09:56:57,1.0,5.0,Lower Manhattan,40.0,3.75,Coffee,Barista Espresso,Cappuccino
4657.0,09/01/2023,09:56:57,1.0,5.0,Lower Manhattan,40.0,3.75,Coffee,Barista Espresso,Cappuccino
4658.0,09/01/2023,09:57:21,1.0,3.0,Astoria,33.0,3.5,Coffee,Gourmet brewed coffee,Ethiopia Lg
4659.0,09/01/2023,10:00:27,2.0,3.0,Astoria,26.0,3.0,Coffee,Organic brewed coffee,Brazilian Rg
4660.0,09/01/2023,10:01:24,1.0,8.0,Hell's Kitchen,26.0,3.0,Coffee,Organic brewed coffee,Brazilian Rg
4661.0,09/01/2023,10:03:18,2.0,8.0,Hell's Kitchen,45.0,3.0,Tea,Brewed herbal tea,Peppermint Lg
4662.0,09/01/2023,10:04:09,1.0,5.0,Lower Manhattan,53.0,3.0,Tea,Brewed Chai tea,Traditional Blend Chai Lg
4663.0,09/01/2023,10:04:37,1.0,5.0,Lower Manhattan,39.0,4.25,Coffee,Barista Espresso,Latte Rg
4664.0,09/01/2023,10:04:37,1.0,5.0,Lower Manhattan,79.0,4.69,Bakery,Scone,Jumbo Savory Scone
4665.0,09/01/2023,10:05:12,1.0,5.0,Lower Manhattan,55.0,4.0,Tea,Brewed Chai tea,Morning Sunrise Chai Lg
4666.0,09/01/2023,10:06:00,2.0,8.0,Hell's Kitchen,50.0,2.5,Tea,Brewed Black tea,Earl Grey Rg
4667.0,09/01/2023,10:07:31,1.0,5.0,Lower Manhattan,71.0,3.75,Bakery,Pastry,Chocolate Croissant
4668.0,09/01/2023,10:07:46,1.0,5.0,Lower Manhattan,53.0,3.0,Tea,Brewed Chai tea,Traditional Blend Chai Lg
4669.0,09/01/2023,10:07:46,1.0,5.0,Lower Manhattan,71.0,4.69,Bakery,Pastry,Chocolate Croissant
4670.0,09/01/2023,10:08:43,2.0,3.0,Astoria,51.0,3.0,Tea,Brewed Black tea,Earl Grey Lg
4671.0,09/01/2023,10:09:03,1.0,5.0,Lower Manhattan,57.0,3.1,Tea,Brewed Chai tea,Spicy Eye Opener Chai Lg
4672.0,09/01/2023,10:10:07,1.0,3.0,Astoria,57.0,3.1,Tea,Brewed Chai tea,Spicy Eye Opener Chai Lg
4673.0,09/01/2023,10:10:29,,3.0,Astoria,,3.0,Tea,Brewed herbal tea,Peppermint Lg
4674.0,09/01/2023,10:10:58,1.0,8.0,Hell's Kitchen,58.0,3.5,Drinking Chocolate,Hot chocolate,Dark chocolate Rg
4675.0,09/01/2023,10:11:01,2.0,8.0,Hell's Kitchen,36.0,3.75,Coffee,Premium brewed coffee,Jamaican Coffee River Lg
4676.0,09/01/2023,10:11:01,1.0,8.0,Hell's Kitchen,2.0,18.0,Coffee beans,House blend Beans,Our Old Time Diner Blend
4677.0,09/01/2023,10:11:35,1.0,5.0,Lower Manhattan,33.0,3.5,Coffee,Gourmet brewed coffee,Ethiopia Lg
4678.0,09/01/2023,10:12:20,1.0,5.0,Lower Manhattan,35.0,3.1,Coffee,Premium brewed coffee,Jamaican Coffee River Rg
4679.0,09/01/2023,10:12:20,1.0,5.0,Lower Manhattan,79.0,4.69,Bakery,Scone,Jumbo Savory Scone
4680.0,09/01/2023,10:12:31,2.0,5.0,Lower Manhattan,59.0,4.5,Drinking Chocolate,Hot chocolate,Dark chocolate Lg
4681.0,09/01/2023,10:14:12,2.0,8.0,Hell's Kitchen,47.0,3.0,Tea,Brewed Green tea,Serenity Green Tea Lg
4682.0,09/01/2023,10:14:36,2.0,5.0,Lower Manhattan,51.0,3.0,Tea,Brewed Black tea,Earl Grey Lg
4683.0,09/01/2023,10:14:36,2.0,5.0,Lower Manhattan,83.0,14.0,Branded,Housewares,I Need My Bean! Latte cup
4684.0,09/01/2023,10:15:13,2.0,3.0,Astoria,28.0,2.0,Coffee,Gourmet brewed coffee,Columbian Medium Roast Sm
4685.0,09/01/2023,10:16:43,2.0,8.0,Hell's Kitchen,39.0,4.25,Coffee,Barista Espresso,Latte Rg
4686.0,09/01/2023,10:16:43,1.0,8.0,Hell's Kitchen,65.0,0.8,Flavours,Sugar free syrup,Sugar Free Vanilla syrup
4687.0,09/01/2023,10:16:48,2.0,8.0,Hell's Kitchen,36.0,3.75,Coffee,Premium brewed coffee,Jamaican Coffee River Lg
4688.0,09/01/2023,10:17:27,1.0,3.0,Astoria,38.0,3.75,Coffee,Barista Espresso,Latte
4689.0,09/01/2023,10:19:20,1.0,8.0,Hell's Kitchen,61.0,4.75,Drinking Chocolate,Hot chocolate,Sustainably Grown Organic Lg
4690.0,09/01/2023,10:19:32,1.0,3.0,Astoria,33.0,3.5,Coffee,Gourmet brewed coffee,Ethiopia Lg
4691.0,09/01/2023,10:20:38,1.0,5.0,Lower Manhattan,44.0,2.5,Tea,Brewed herbal tea,Peppermint Rg
4692.0,09/01/2023,10:20:57,2.0,5.0,Lower Manhattan,57.0,3.1,Tea,Brewed Chai tea,Spicy Eye Opener Chai Lg
4693.0,09/01/2023,10:21:56,1.0,3.0,Astoria,53.0,3.0,Tea,Brewed Chai tea,Traditional Blend Chai Lg
4694.0,09/01/2023,10:21:56,1.0,3.0,Astoria,75.0,3.5,Bakery,Pastry,Croissant
4695.0,09/01/2023,10:21:56,1.0,3.0,Astoria,75.0,3.5,Bakery,Pastry,Croissant
4696.0,09/01/2023,10:21:56,1.0,3.0,Astoria,53.0,3.0,Tea,Brewed Chai tea,Traditional Blend Chai Lg
4697.0,09/01/2023,10:21:56,1.0,3.0,Astoria,53.0,3.0,Tea,Brewed Chai tea,Traditional Blend Chai Lg
4698.0,09/01/2023,10:25:29,2.0,3.0,Astoria,55.0,4.0,Tea,Brewed Chai tea,Morning Sunrise Chai Lg
4699.0,09/01/2023,10:25:52,1.0,8.0,Hell's Kitchen,35.0,3.1,Coffee,Premium brewed coffee,Jamaican Coffee River Rg
4700.0,09/01/2023,10:28:04,1.0,3.0,Astoria,51.0,3.0,Tea,Brewed Black tea,Earl Grey Lg
4701.0,09/01/2023,10:28:15,2.0,3.0,Astoria,35.0,3.1,Coffee,Premium brewed coffee,Jamaican Coffee River Rg
4702.0,09/01/2023,10:28:18,2.0,8.0,Hell's Kitchen,52.0,2.5,Tea,Brewed Chai tea,Traditional Blend Chai Rg
4703.0,09/01/2023,10:29:27,1.0,3.0,Astoria,46.0,2.5,Tea,Brewed Green tea,Serenity Green Tea Rg
4704.0,09/01/2023,10:29:27,1.0,3.0,Astoria,75.0,3.5,Bakery,Pastry,Croissant
4705.0,09/01/2023,10:32:13,2.0,8.0,Hell's Kitchen,37.0,3.0,Coffee,Barista Espresso,Espresso shot
4706.0,09/01/2023,10:32:13,1.0,8.0,Hell's Kitchen,65.0,0.8,Flavours,Sugar free syrup,Sugar Free Vanilla syrup
4707.0,09/01/2023,10:32:13,1.0,8.0,Hell's Kitchen,71.0,3.75,Bakery,Pastry,Chocolate Croissant
4708.0,09/01/2023,10:34:20,1.0,3.0,Astoria,71.0,3.75,Bakery,Pastry,Chocolate Croissant
4709.0,09/01/2023,10:34:39,2.0,8.0,Hell's Kitchen,52.0,2.5,Tea,Brewed Chai tea,Traditional Blend Chai Rg
4710.0,09/01/2023,10:34:39,1.0,8.0,Hell's Kitchen,19.0,6.4,Packaged Chocolate,Drinking Chocolate,Dark chocolate
4711.0,09/01/2023,10:36:02,1.0,3.0,Astoria,49.0,3.0,Tea,Brewed Black tea,English Breakfast Lg
4712.0,09/01/2023,10:38:18,2.0,3.0,Astoria,61.0,4.75,Drinking Chocolate,Hot chocolate,Sustainably Grown Organic Lg
4713.0,09/01/2023,10:38:18,1.0,3.0,Astoria,77.0,3.0,Bakery,Scone,Oatmeal Scone
4714.0,09/01/2023,10:38:18,1.0,3.0,Astoria,21.0,13.33,Packaged Chocolate,Drinking Chocolate,Chili Mayan
4715.0,09/01/2023,10:38:54,1.0,5.0,Lower Manhattan,53.0,3.0,Tea,Brewed Chai tea,Traditional Blend Chai Lg
,09/01/2023,10:38:54,,5.0,Lower Manhattan,77.0,,Bakery,Scone,Oatmeal Scone
4717.0,09/01/2023,10:39:58,2.0,5.0,Lower Manhattan,24.0,3.0,Coffee,Drip coffee,Our Old Time Diner Blend Lg
4718.0,09/01/2023,10:43:08,2.0,5.0,Lower Manhattan,59.0,4.5,Drinking Chocolate,Hot chocolate,Dark chocolate Lg
4719.0,09/01/2023,10:43:08,1.0,5.0,Lower Manhattan,76.0,4.38,Bakery,Biscotti,Chocolate Chip Biscotti
4720.0,09/01/2023,10:43:14,2.0,8.0,Hell's Kitchen,24.0,3.0,Coffee,Drip coffee,Our Old Time Diner Blend Lg
,09/01/2023,10:43:38,,,Astoria,39.0,4.25,Coffee,Barista Espresso,Latte Rg
4722.0,09/01/2023,10:44:32,1.0,3.0,Astoria,25.0,2.2,Coffee,Organic brewed coffee,Brazilian Sm
4723.0,09/01/2023,10:44:54,1.0,8.0,Hell's Kitchen,35.0,3.1,Coffee,Premium brewed coffee,Jamaican Coffee River Rg
4724.0,09/01/2023,10:44:54,1.0,8.0,Hell's Kitchen,71.0,3.75,Bakery,Pastry,Chocolate Croissant
4725.0,09/01/2023,10:44:54,1.0,8.0,Hell's Kitchen,9.0,22.5,Coffee beans,Organic Beans,Organic Decaf Blend
4726.0,09/01/2023,10:44:59,2.0,8.0,Hell's Kitchen,23.0,2.5,Coffee,Drip coffee,Our Old Time Diner Blend Rg
4727.0,09/01/2023,10:45:57,2.0,8.0,Hell's Kitchen,36.0,3.75,Coffee,Premium brewed coffee,Jamaican Coffee River Lg
4728.0,09/01/2023,10:47:21,1.0,8.0,Hell's Kitchen,52.0,2.5,Tea,Brewed Chai tea,Traditional Blend Chai Rg
4729.0,09/01/2023,10:47:34,1.0,8.0,Hell's Kitchen,43.0,3.0,Tea,Brewed herbal tea,Lemon Grass Lg
4730.0,09/01/2023,10:47:34,1.0,8.0,Hell's Kitchen,73.0,3.75,Bakery,Pastry,Almond Croissant
4731.0,09/01/2023,10:49:00,1.0,5.0,Lower Manhattan,34.0,2.45,Coffee,Premium brewed coffee,Jamaican Coffee River Sm
4732.0,09/01/2023,10:49:56,2.0,5.0,Lower Manhattan,33.0,3.5,Coffee,Gourmet brewed coffee,Ethiopia Lg
4733.0,09/01/2023,10:50:52,2.0,5.0,Lower Manhattan,61.0,4.75,Drinking Chocolate,Hot chocolate,Sustainably Grown Organic Lg
4734.0,09/01/2023,10:51:00,1.0,5.0,Lower Manhattan,24.0,3.0,Coffee,Drip coffee,Our Old Time Diner Blend Lg
4735.0,09/01/2023,10:51:07,1.0,5.0,Lower Manhattan,41.0,4.25,Coffee,Barista Espresso,Cappuccino Lg
4736.0,09/01/2023,10:51:17,2.0,8.0,Hell's Kitchen,35.0,3.1,Coffee,Premium brewed coffee,Jamaican Coffee River Rg
4737.0,09/01/2023,10:52:12,2.0,8.0,Hell's Kitchen,35.0,3.1,Coffee,Premium brewed coffee,Jamaican Coffee River Rg
4738.0,09/01/2023,10:52:12,1.0,8.0,Hell's Kitchen,69.0,3.25,Bakery,Biscotti,Hazelnut Biscotti
4739.0,09/01/2023,10:52:28,1.0,5.0,Lower Manhattan,48.0,2.5,Tea,Brewed Black tea,English Breakfast Rg
4740.0,09/01/2023,10:52:45,2.0,3.0,Astoria,32.0,3.0,Coffee,Gourmet brewed coffee,Ethiopia Rg
4741.0,09/01/2023,10:52:45,1.0,3.0,Astoria,74.0,3.5,Bakery,Biscotti,Ginger Biscotti
4742.0,09/01/2023,10:53:39,2.0,5.0,Lower Manhattan,44.0,2.5,Tea,Brewed herbal tea,Peppermint Rg
4743.0,09/01/2023,10:53:39,1.0,5.0,Lower Manhattan,83.0,14.0,Branded,Housewares,I Need My Bean! Latte cup
4744.0,09/01/2023,10:54:00,2.0,5.0,Lower Manhattan,41.0,4.25,Coffee,Barista Espresso,Cappuccino Lg
4745.0,09/01/2023,10:54:00,1.0,5.0,Lower Manhattan,21.0,13.33,Packaged Chocolate,Drinking Chocolate,Chili Mayan
4746.0,09/01/2023,10:54:36,2.0,8.0,Hell's Kitchen,36.0,3.75,Coffee,Premium brewed coffee,Jamaican Coffee River Lg
4747.0,09/01/2023,10:55:55,1.0,5.0,Lower Manhattan,71.0,3.75,Bakery,Pastry,Chocolate Croissant
4748.0,09/01/2023,10:56:57,1.0,8.0,Hell's Kitchen,46.0,2.5,Tea,Brewed Green tea,Serenity Green Tea Rg
4749.0,09/01/2023,10:57:43,2.0,3.0,Astoria,,,Tea,Brewed Chai tea,Traditional Blend Chai Rg
4750.0,09/01/2023,10:57:52,2.0,8.0,Hell's Kitchen,36.0,3.75,Coffee,Premium brewed coffee,Jamaican Coffee River Lg
4751.0,09/01/2023,10:57:56,2.0,5.0,Lower Manhattan,52.0,2.5,Tea,Brewed Chai tea,Traditional Blend Chai Rg
4752.0,09/01/2023,10:58:40,1.0,5.0,Lower Manhattan,54.0,2.5,Tea,Brewed Chai tea,Morning Sunrise Chai Rg
4753.0,09/01/2023,10:58:40,,5.0,Lower Manhattan,,,Bakery,Scone,Ginger Scone
4754.0,09/01/2023,11:01:08,1.0,8.0,Hell's Kitchen,55.0,4.0,Tea,Brewed Chai tea,Morning Sunrise Chai Lg
4755.0,09/01/2023,11:02:14,1.0,8.0,Hell's Kitchen,35.0,3.1,Coffee,Premium brewed coffee,Jamaican Coffee River Rg
4756.0,09/01/2023,11:02:22,1.0,8.0,Hell's Kitchen,51.0,3.0,Tea,Brewed Black tea,Earl Grey Lg
4757.0,09/01/2023,11:03:08,2.0,8.0,Hell's Kitchen,47.0,3.0,Tea,Brewed Green tea,Serenity Green Tea Lg
4758.0,09/01/2023,11:03:20,1.0,5.0,Lower Manhattan,39.0,4.25,Coffee,Barista Espresso,Latte Rg
4759.0,09/01/2023,11:09:44,2.0,8.0,Hell's Kitchen,41.0,4.25,Coffee,Barista Espresso,Cappuccino Lg
4760.0,09/01/2023,11:09:44,2.0,8.0,Hell's Kitchen,64.0,0.8,Flavours,Regular syrup,Hazelnut syrup
4761.0,09/01/2023,11:09:51,2.0,3.0,Astoria,47.0,3.0,Tea,Brewed Green tea,Serenity Green Tea Lg
4762.0,09/01/2023,11:12:50,1.0,5.0,Lower Manhattan,32.0,3.0,Coffee,Gourmet brewed coffee,Ethiopia Rg
4763.0,09/01/2023,11:13:52,2.0,8.0,Hell's Kitchen,60.0,3.75,Drinking Chocolate,Hot chocolate,Sustainably Grown Organic Rg
4764.0,09/01/2023,11:15:35,2.0,8.0,Hell's Kitchen,32.0,3.0,Coffee,Gourmet brewed coffee,Ethiopia Rg
4765.0,09/01/2023,11:17:10,1.0,3.0,Astoria,42.0,2.5,Tea,Brewed herbal tea,Lemon Grass Rg
4766.0,09/01/2023,11:20:53,2.0,3.0,Astoria,35.0,3.1,Coffee,Premium brewed coffee,Jamaican Coffee River Rg
4767.0,09/01/2023,11:22:02,1.0,5.0,Lower Manhattan,53.0,3.0,Tea,Brewed Chai tea,Traditional Blend Chai Lg
4768.0,09/01/2023,11:22:47,2.0,8.0,Hell's Kitchen,50.0,2.5,Tea,Brewed Black tea,Earl Grey Rg
4769.0,09/01/2023,11:23:55,1.0,8.0,Hell's Kitchen,48.0,2.5,Tea,Brewed Black tea,English Breakfast Rg
4770.0,09/01/2023,11:27:20,2.0,8.0,Hell's Kitchen,61.0,4.75,Drinking Chocolate,Hot chocolate,Sustainably Grown Organic Lg
4771.0,09/01/2023,11:28:03,1.0,3.0,Astoria,38.0,3.75,Coffee,Barista Espresso,Latte
4772.0,09/01/2023,11:29:01,1.0,8.0,Hell's Kitchen,43.0,3.0,Tea,Brewed herbal tea,Lemon Grass Lg
4773.0,09/01/2023,11:29:17,1.0,8.0,Hell's Kitchen,41.0,4.25,Coffee,Barista Espresso,Cappuccino Lg
4774.0,09/01/2023,11:29:17,2.0,8.0,Hell's Kitchen,65.0,0.8,Flavours,Sugar free syrup,Sugar Free Vanilla syrup
4775.0,09/01/2023,11:29:57,2.0,5.0,Lower Manhattan,56.0,2.55,Tea,Brewed Chai tea,Spicy Eye Opener Chai Rg
4776.0,09/01/2023,11:32:47,2.0,5.0,Lower Manhattan,31.0,2.2,Coffee,Gourmet brewed coffee,Ethiopia Sm
4777.0,09/01/2023,11:36:08,2.0,8.0,Hell's Kitchen,46.0,2.5,Tea,Brewed Green tea,Serenity Green Tea Rg
4778.0,09/01/2023,11:43:43,1.0,8.0,Hell's Kitchen,54.0,2.5,Tea,Brewed Chai tea,Morning Sunrise Chai Rg
4779.0,09/01/2023,11:46:07,2.0,8.0,Hell's Kitchen,61.0,4.75,Drinking Chocolate,Hot chocolate,Sustainably Grown Organic Lg
4780.0,09/01/2023,11:47:39,1.0,8.0,Hell's Kitchen,37.0,3.0,Coffee,Barista Espresso,Espresso shot
4781.0,09/01/2023,11:47:39,1.0,8.0,Hell's Kitchen,63.0,0.8,Flavours,Regular syrup,Carmel syrup
4782.0,09/01/2023,11:50:16,2.0,5.0,Lower Manhattan,28.0,2.0,Coffee,Gourmet brewed coffee,Columbian Medium Roast Sm
4783.0,09/01/2023,11:50:16,1.0,5.0,Lower Manhattan,69.0,4.06,Bakery,Biscotti,Hazelnut Biscotti
4784.0,09/01/2023,11:51:10,1.0,8.0,Hell's Kitchen,30.0,3.0,Coffee,Gourmet brewed coffee,Columbian Medium Roast Lg
4785.0,09/01/2023,11:53:17,1.0,8.0,Hell's Kitchen,42.0,2.5,Tea,Brewed herbal tea,Lemon Grass Rg
4786.0,09/01/2023,11:53:17,1.0,8.0,Hell's Kitchen,12.0,8.95,Loose Tea,Herbal tea,Peppermint
4787.0,09/01/2023,11:59:52,2.0,3.0,Astoria,52.0,2.5,Tea,Brewed Chai tea,Traditional Blend Chai Rg
4788.0,09/01/2023,12:06:31,2.0,5.0,Lower Manhattan,53.0,3.0,Tea,Brewed Chai tea,Traditional Blend Chai Lg
4789.0,09/01/2023,12:10:07,1.0,5.0,Lower Manhattan,25.0,2.2,Coffee,Organic brewed coffee,Brazilian Sm
4790.0,09/01/2023,12:12:40,1.0,3.0,Astoria,30.0,3.0,Coffee,Gourmet brewed coffee,Columbian Medium Roast Lg
4791.0,09/01/2023,12:13:33,2.0,5.0,Lower Manhattan,56.0,2.55,Tea,Brewed Chai tea,Spicy Eye Opener Chai Rg
4792.0,09/01/2023,12:15:31,2.0,5.0,Lower Manhattan,29.0,2.5,Coffee,Gourmet brewed coffee,Columbian Medium Roast Rg
4793.0,09/01/2023,12:18:14,2.0,3.0,Astoria,38.0,3.75,Coffee,Barista Espresso,Latte
4794.0,09/01/2023,12:19:33,1.0,8.0,Hell's Kitchen,44.0,2.5,Tea,Brewed herbal tea,Peppermint Rg
4795.0,09/01/2023,12:19:33,1.0,8.0,Hell's Kitchen,70.0,3.25,Bakery,Scone,Cranberry Scone
4796.0,09/01/2023,12:23:08,,,Lower Manhattan,31.0,2.2,Coffee,Gourmet brewed coffee,Ethiopia Sm
4797.0,09/01/2023,12:27:04,1.0,3.0,Astoria,33.0,3.5,Coffee,Gourmet brewed coffee,Ethiopia Lg
4798.0,09/01/2023,12:30:52,2.0,8.0,Hell's Kitchen,55.0,4.0,Tea,Brewed Chai tea,Morning Sunrise Chai Lg
4799.0,09/01/2023,12:32:03,2.0,5.0,Lower Manhattan,59.0,4.5,Drinking Chocolate,Hot chocolate,Dark chocolate Lg
4800.0,09/01/2023,12:38:05,2.0,5.0,Lower Manhattan,32.0,3.0,Coffee,Gourmet brewed coffee,Ethiopia Rg
4801.0,09/01/2023,12:42:04,2.0,5.0,Lower Manhattan,59.0,4.5,Drinking Chocolate,Hot chocolate,Dark chocolate Lg
4802.0,09/01/2023,12:42:04,1.0,5.0,Lower Manhattan,79.0,4.69,Bakery,Scone,Jumbo Savory Scone
4803.0,09/01/2023,12:42:39,1.0,8.0,Hell's Kitchen,23.0,2.5,Coffee,Drip coffee,Our Old Time Diner Blend Rg
4804.0,09/01/2023,12:44:47,2.0,3.0,Astoria,57.0,3.1,Tea,Brewed Chai tea,Spicy Eye Opener Chai Lg
4805.0,09/01/2023,12:45:28,2.0,3.0,Astoria,46.0,2.5,Tea,Brewed Green tea,Serenity Green Tea Rg
4806.0,09/01/2023,12:45:28,1.0,3.0,Astoria,7.0,19.75,Coffee beans,Premium Beans,Jamacian Coffee River
4807.0,09/01/2023,12:48:28,2.0,5.0,Lower Manhattan,54.0,2.5,Tea,Brewed Chai tea,Morning Sunrise Chai Rg
4808.0,09/01/2023,12:48:47,1.0,3.0,Astoria,31.0,2.2,Coffee,Gourmet brewed coffee,Ethiopia Sm
4809.0,09/01/2023,12:48:58,2.0,8.0,Hell's Kitchen,38.0,3.75,Coffee,Barista Espresso,Latte
4810.0,09/01/2023,12:48:58,2.0,8.0,Hell's Kitchen,63.0,0.8,Flavours,Regular syrup,Carmel syrup
4811.0,09/01/2023,12:49:56,1.0,3.0,Astoria,40.0,3.75,Coffee,Barista Espresso,Cappuccino
4812.0,09/01/2023,12:51:08,2.0,8.0,Hell's Kitchen,47.0,3.0,Tea,Brewed Green tea,Serenity Green Tea Lg
4813.0,09/01/2023,12:53:13,1.0,8.0,Hell's Kitchen,48.0,2.5,Tea,Brewed Black tea,English Breakfast Rg
4814.0,09/01/2023,12:56:35,2.0,3.0,Astoria,25.0,2.2,Coffee,Organic brewed coffee,Brazilian Sm
4815.0,09/01/2023,12:59:22,1.0,8.0,Hell's Kitchen,36.0,3.75,Coffee,Premium brewed coffee,Jamaican Coffee River Lg
4816.0,09/01/2023,13:04:10,1.0,8.0,Hell's Kitchen,45.0,3.0,Tea,Brewed herbal tea,Peppermint Lg
4817.0,09/01/2023,13:05:06,1.0,3.0,Astoria,33.0,3.5,Coffee,Gourmet brewed coffee,Ethiopia Lg
4818.0,09/01/2023,13:08:04,1.0,3.0,Astoria,37.0,3.0,Coffee,Barista Espresso,Espresso shot
4819.0,09/01/2023,13:08:04,1.0,3.0,Astoria,21.0,13.33,Packaged Chocolate,Drinking Chocolate,Chili Mayan
4820.0,09/01/2023,13:08:31,1.0,5.0,Lower Manhattan,31.0,2.2,Coffee,Gourmet brewed coffee,Ethiopia Sm
4821.0,09/01/2023,13:12:25,1.0,5.0,Lower Manhattan,29.0,2.5,Coffee,Gourmet brewed coffee,Columbian Medium Roast Rg
4822.0,09/01/2023,13:12:25,1.0,5.0,Lower Manhattan,74.0,4.38,Bakery,Biscotti,Ginger Biscotti
4823.0,09/01/2023,13:32:30,2.0,8.0,Hell's Kitchen,59.0,4.5,Drinking Chocolate,Hot chocolate,Dark chocolate Lg
4824.0,09/01/2023,13:34:35,1.0,8.0,Hell's Kitchen,22.0,2.0,Coffee,Drip coffee,Our Old Time Diner Blend Sm
4825.0,09/01/2023,13:37:11,2.0,8.0,Hell's Kitchen,35.0,3.1,Coffee,Premium brewed coffee,Jamaican Coffee River Rg
4826.0,09/01/2023,13:37:35,1.0,5.0,Lower Manhattan,31.0,2.2,Coffee,Gourmet brewed coffee,Ethiopia Sm
4827.0,09/01/2023,13:40:29,2.0,3.0,Astoria,61.0,4.75,Drinking Chocolate,Hot chocolate,Sustainably Grown Organic Lg
4828.0,09/01/2023,13:40:48,1.0,5.0,Lower Manhattan,54.0,2.5,Tea,Brewed Chai tea,Morning Sunrise Chai Rg
4829.0,09/01/2023,13:46:22,2.0,3.0,Astoria,58.0,3.5,Drinking Chocolate,Hot chocolate,Dark chocolate Rg
4830.0,09/01/2023,13:49:50,1.0,8.0,Hell's Kitchen,59.0,4.5,Drinking Chocolate,Hot chocolate,Dark chocolate Lg
4831.0,09/01/2023,13:51:28,1.0,3.0,Astoria,36.0,3.75,Coffee,Premium brewed coffee,Jamaican Coffee River Lg
4832.0,09/01/2023,13:52:27,1.0,8.0,Hell's Kitchen,29.0,2.5,Coffee,Gourmet brewed coffee,Columbian Medium Roast Rg
4833.0,09/01/2023,13:54:43,2.0,5.0,Lower Manhattan,47.0,3.0,Tea,Brewed Green tea,Serenity Green Tea Lg
4834.0,09/01/2023,13:54:50,1.0,8.0,Hell's Kitchen,39.0,4.25,Coffee,Barista Espresso,Latte Rg
4835.0,09/01/2023,13:54:50,1.0,8.0,Hell's Kitchen,64.0,0.8,Flavours,Regular syrup,Hazelnut syrup
4836.0,09/01/2023,13:54:50,1.0,8.0,Hell's Kitchen,78.0,4.5,Bakery,Scone,Scottish Cream Scone 
4837.0,09/01/2023,13:56:04,1.0,5.0,Lower Manhattan,35.0,3.1,Coffee,Premium brewed coffee,Jamaican Coffee River Rg
4838.0,09/01/2023,13:57:01,1.0,8.0,Hell's Kitchen,46.0,2.5,Tea,Brewed Green tea,Serenity Green Tea Rg
4839.0,09/01/2023,13:58:37,2.0,5.0,Lower Manhattan,57.0,3.1,Tea,Brewed Chai tea,Spicy Eye Opener Chai Lg
4840.0,09/01/2023,13:59:37,1.0,8.0,Hell's Kitchen,31.0,2.2,Coffee,Gourmet brewed coffee,Ethiopia Sm
4841.0,09/01/2023,13:59:37,1.0,8.0,Hell's Kitchen,79.0,3.75,Bakery,Scone,Jumbo Savory Scone
4842.0,09/01/2023,14:00:54,1.0,5.0,Lower Manhattan,33.0,3.5,Coffee,Gourmet brewed coffee,Ethiopia Lg
4843.0,09/01/2023,14:06:31,2.0,5.0,Lower Manhattan,45.0,3.0,Tea,Brewed herbal tea,Peppermint Lg
4844.0,09/01/2023,14:06:48,2.0,5.0,Lower Manhattan,30.0,3.0,Coffee,Gourmet brewed coffee,Columbian Medium Roast Lg
4845.0,09/01/2023,14:16:50,2.0,5.0,Lower Manhattan,42.0,2.5,Tea,Brewed herbal tea,Lemon Grass Rg
4846.0,09/01/2023,14:21:24,2.0,8.0,Hell's Kitchen,61.0,4.75,Drinking Chocolate,Hot chocolate,Sustainably Grown Organic Lg
4847.0,09/01/2023,14:21:24,1.0,8.0,Hell's Kitchen,75.0,3.5,Bakery,Pastry,Croissant
4848.0,09/01/2023,14:26:57,2.0,3.0,Astoria,23.0,2.5,Coffee,Drip coffee,Our Old Time Diner Blend Rg
4849.0,09/01/2023,14:27:09,2.0,8.0,Hell's Kitchen,50.0,2.5,Tea,Brewed Black tea,Earl Grey Rg
4850.0,09/01/2023,14:32:27,2.0,5.0,Lower Manhattan,32.0,3.0,Coffee,Gourmet brewed coffee,Ethiopia Rg
4851.0,09/01/2023,14:33:11,1.0,5.0,Lower Manhattan,36.0,3.75,Coffee,Premium brewed coffee,Jamaican Coffee River Lg
4852.0,09/01/2023,14:38:58,2.0,3.0,Astoria,54.0,2.5,Tea,Brewed Chai tea,Morning Sunrise Chai Rg
4853.0,09/01/2023,14:39:24,1.0,8.0,Hell's Kitchen,33.0,3.5,Coffee,Gourmet brewed coffee,Ethiopia Lg
4854.0,09/01/2023,14:42:24,1.0,3.0,Astoria,23.0,2.5,Coffee,Drip coffee,Our Old Time Diner Blend Rg
4855.0,09/01/2023,14:42:24,1.0,3.0,Astoria,5.0,15.0,Coffee beans,Gourmet Beans,Columbian Medium Roast
4856.0,09/01/2023,14:47:27,1.0,5.0,Lower Manhattan,24.0,3.0,Coffee,Drip coffee,Our Old Time Diner Blend Lg
4857.0,09/01/2023,14:53:18,1.0,8.0,Hell's Kitchen,33.0,3.5,Coffee,Gourmet brewed coffee,Ethiopia Lg
4858.0,09/01/2023,15:01:49,2.0,3.0,Astoria,37.0,3.0,Coffee,Barista Espresso,Espresso shot
4859.0,09/01/2023,15:09:25,1.0,8.0,Hell's Kitchen,31.0,2.2,Coffee,Gourmet brewed coffee,Ethiopia Sm
4860.0,09/01/2023,15:09:25,1.0,8.0,Hell's Kitchen,78.0,4.5,Bakery,Scone,Scottish Cream Scone 
4861.0,09/01/2023,15:09:46,2.0,5.0,Lower Manhattan,56.0,2.55,Tea,Brewed Chai tea,Spicy Eye Opener Chai Rg
4862.0,09/01/2023,15:12:59,2.0,3.0,Astoria,56.0,2.55,Tea,Brewed Chai tea,Spicy Eye Opener Chai Rg
4863.0,09/01/2023,15:16:34,2.0,8.0,Hell's Kitchen,47.0,3.0,Tea,Brewed Green tea,Serenity Green Tea Lg
4864.0,09/01/2023,15:17:01,1.0,8.0,Hell's Kitchen,57.0,3.1,Tea,Brewed Chai tea,Spicy Eye Opener Chai Lg
4865.0,09/01/2023,15:17:01,1.0,8.0,Hell's Kitchen,74.0,3.5,Bakery,Biscotti,Ginger Biscotti
4866.0,09/01/2023,15:29:16,2.0,8.0,Hell's Kitchen,48.0,2.5,Tea,Brewed Black tea,English Breakfast Rg
4867.0,09/01/2023,15:30:24,1.0,5.0,Lower Manhattan,50.0,2.5,Tea,Brewed Black tea,Earl Grey Rg
4868.0,09/01/2023,15:33:19,1.0,3.0,Astoria,42.0,2.5,Tea,Brewed herbal tea,Lemon Grass Rg
4869.0,09/01/2023,15:34:28,1.0,8.0,Hell's Kitchen,36.0,3.75,Coffee,Premium brewed coffee,Jamaican Coffee River Lg
4870.0,09/01/2023,15:38:43,1.0,5.0,Lower Manhattan,32.0,3.0,Coffee,Gourmet brewed coffee,Ethiopia Rg
4871.0,09/01/2023,15:38:43,1.0,5.0,Lower Manhattan,79.0,4.69,Bakery,Scone,Jumbo Savory Scone
4872.0,09/01/2023,15:44:54,1.0,5.0,Lower Manhattan,38.0,3.75,Coffee,Barista Espresso,Latte
4873.0,09/01/2023,15:46:18,1.0,3.0,Astoria,60.0,3.75,Drinking Chocolate,Hot chocolate,Sustainably Grown Organic Rg
4874.0,09/01/2023,15:50:37,2.0,8.0,Hell's Kitchen,58.0,3.5,Drinking Chocolate,Hot chocolate,Dark chocolate Rg
4875.0,09/01/2023,15:59:25,2.0,8.0,Hell's Kitchen,31.0,2.2,Coffee,Gourmet brewed coffee,Ethiopia Sm
4876.0,09/01/2023,16:03:10,1.0,8.0,Hell's Kitchen,60.0,3.75,Drinking Chocolate,Hot chocolate,Sustainably Grown Organic Rg
,09/01/2023,16:03:21,,8.0,Hell's Kitchen,50.0,,Tea,Brewed Black tea,Earl Grey Rg
4878.0,09/01/2023,16:03:58,2.0,3.0,Astoria,44.0,2.5,Tea,Brewed herbal tea,Peppermint Rg
4879.0,09/01/2023,16:03:58,1.0,3.0,Astoria,71.0,3.75,Bakery,Pastry,Chocolate Croissant
4880.0,09/01/2023,16:17:33,1.0,3.0,Astoria,60.0,3.75,Drinking Chocolate,Hot chocolate,Sustainably Grown Organic Rg
4881.0,09/01/2023,16:17:33,1.0,3.0,Astoria,13.0,8.95,Loose Tea,Black tea,English Breakfast
4882.0,09/01/2023,16:21:07,2.0,5.0,Lower Manhattan,47.0,3.0,Tea,Brewed Green tea,Serenity Green Tea Lg
4883.0,09/01/2023,16:25:08,2.0,8.0,Hell's Kitchen,23.0,2.5,Coffee,Drip coffee,Our Old Time Diner Blend Rg
4884.0,09/01/2023,16:25:29,1.0,8.0,Hell's Kitchen,52.0,2.5,Tea,Brewed Chai tea,Traditional Blend Chai Rg
4885.0,09/01/2023,16:25:29,1.0,8.0,Hell's Kitchen,76.0,3.5,Bakery,Biscotti,Chocolate Chip Biscotti
4886.0,09/01/2023,16:31:43,1.0,3.0,Astoria,52.0,2.5,Tea,Brewed Chai tea,Traditional Blend Chai Rg
4887.0,09/01/2023,16:33:35,1.0,8.0,Hell's Kitchen,23.0,2.5,Coffee,Drip coffee,Our Old Time Diner Blend Rg
4888.0,09/01/2023,16:45:19,2.0,5.0,Lower Manhattan,38.0,3.75,Coffee,Barista Espresso,Latte
4889.0,09/01/2023,16:45:19,1.0,5.0,Lower Manhattan,78.0,5.63,Bakery,Scone,Scottish Cream Scone 
4890.0,09/01/2023,16:45:37,1.0,5.0,Lower Manhattan,52.0,2.5,Tea,Brewed Chai tea,Traditional Blend Chai Rg
4891.0,09/01/2023,16:48:23,1.0,5.0,Lower Manhattan,31.0,2.2,Coffee,Gourmet brewed coffee,Ethiopia Sm
4892.0,09/01/2023,16:48:23,1.0,5.0,Lower Manhattan,10.0,10.0,Coffee beans,Green beans,Guatemalan Sustainably Grown
4893.0,09/01/2023,16:57:00,1.0,3.0,Astoria,43.0,3.0,Tea,Brewed herbal tea,Lemon Grass Lg
4894.0,09/01/2023,17:06:45,1.0,8.0,Hell's Kitchen,37.0,3.0,Coffee,Barista Espresso,Espresso shot
4895.0,09/01/2023,17:06:45,1.0,8.0,Hell's Kitchen,64.0,0.8,Flavours,Regular syrup,Hazelnut syrup
4896.0,09/01/2023,17:15:21,2.0,,Hell's Kitchen,,,Coffee,Gourmet brewed coffee,Ethiopia Lg
4897.0,09/01/2023,17:17:50,2.0,3.0,Astoria,41.0,4.25,Coffee,Barista Espresso,Cappuccino Lg
4898.0,09/01/2023,17:18:44,1.0,3.0,Astoria,61.0,4.75,Drinking Chocolate,Hot chocolate,Sustainably Grown Organic Lg
4899.0,09/01/2023,17:20:06,1.0,3.0,Astoria,43.0,3.0,Tea,Brewed herbal tea,Lemon Grass Lg
4900.0,09/01/2023,17:21:33,1.0,3.0,Astoria,29.0,2.5,Coffee,Gourmet brewed coffee,Columbian Medium Roast Rg
4901.0,09/01/2023,17:27:16,1.0,3.0,Astoria,48.0,2.5,Tea,Brewed Black tea,English Breakfast Rg
4902.0,09/01/2023,17:27:16,1.0,3.0,Astoria,20.0,7.6,Packaged Chocolate,Organic Chocolate,Sustainably Grown Organic
4903.0,09/01/2023,17:31:18,1.0,3.0,Astoria,57.0,3.1,Tea,Brewed Chai tea,Spicy Eye Opener Chai Lg
4904.0,09/01/2023,17:31:32,2.0,8.0,Hell's Kitchen,22.0,2.0,Coffee,Drip coffee,Our Old Time Diner Blend Sm
4905.0,09/01/2023,17:31:32,1.0,8.0,Hell's Kitchen,79.0,3.75,Bakery,Scone,Jumbo Savory Scone
4906.0,09/01/2023,17:43:19,1.0,3.0,Astoria,48.0,2.5,Tea,Brewed Black tea,English Breakfast Rg
4907.0,09/01/2023,17:46:38,1.0,8.0,Hell's Kitchen,39.0,4.25,Coffee,Barista Espresso,Latte Rg
4908.0,09/01/2023,17:46:38,2.0,8.0,Hell's Kitchen,64.0,0.8,Flavours,Regular syrup,Hazelnut syrup
4909.0,09/01/2023,17:47:05,1.0,8.0,Hell's Kitchen,56.0,2.55,Tea,Brewed Chai tea,Spicy Eye Opener Chai Rg
4910.0,09/01/2023,17:47:05,1.0,8.0,Hell's Kitchen,70.0,3.25,Bakery,Scone,Cranberry Scone
,09/01/2023,17:47:05,,8.0,Hell's Kitchen,,14.75,Coffee beans,Espresso Beans,Espresso Roast
4912.0,09/01/2023,17:47:47,2.0,8.0,Hell's Kitchen,87.0,3.0,Coffee,Barista Espresso,Ouro Brasileiro shot
4913.0,09/01/2023,17:53:17,2.0,8.0,Hell's Kitchen,59.0,4.5,Drinking Chocolate,Hot chocolate,Dark chocolate Lg
4914.0,09/01/2023,17:56:14,1.0,8.0,Hell's Kitchen,36.0,3.75,Coffee,Premium brewed coffee,Jamaican Coffee River Lg
4915.0,09/01/2023,17:56:14,1.0,8.0,Hell's Kitchen,70.0,3.25,Bakery,Scone,Cranberry Scone
4916.0,09/01/2023,17:57:31,2.0,8.0,Hell's Kitchen,87.0,3.0,Coffee,Barista Espresso,Ouro Brasileiro shot
4917.0,09/01/2023,18:02:31,1.0,3.0,Astoria,47.0,3.0,Tea,Brewed Green tea,Serenity Green Tea Lg
4918.0,09/01/2023,18:07:54,1.0,5.0,Lower Manhattan,44.0,2.5,Tea,Brewed herbal tea,Peppermint Rg
4919.0,09/01/2023,18:07:54,1.0,5.0,Lower Manhattan,77.0,3.0,Bakery,Scone,Oatmeal Scone
4920.0,09/01/2023,18:08:27,1.0,8.0,Hell's Kitchen,22.0,2.0,Coffee,Drip coffee,Our Old Time Diner Blend Sm
4921.0,09/01/2023,18:11:04,1.0,5.0,Lower Manhattan,26.0,3.0,Coffee,Organic brewed coffee,Brazilian Rg
4922.0,09/01/2023,18:11:17,2.0,8.0,Hell's Kitchen,58.0,3.5,Drinking Chocolate,Hot chocolate,Dark chocolate Rg
4923.0,09/01/2023,18:11:18,1.0,3.0,Astoria,31.0,2.2,Coffee,Gourmet brewed coffee,Ethiopia Sm
4924.0,09/01/2023,18:20:25,2.0,8.0,Hell's Kitchen,46.0,2.5,Tea,Brewed Green tea,Serenity Green Tea Rg
4925.0,09/01/2023,18:28:11,2.0,3.0,Astoria,49.0,3.0,Tea,Brewed Black tea,English Breakfast Lg
4926.0,09/01/2023,18:28:11,1.0,3.0,Astoria,16.0,8.95,Loose Tea,Chai tea,Traditional Blend Chai
4927.0,09/01/2023,18:28:56,1.0,5.0,Lower Manhattan,43.0,3.0,Tea,Brewed herbal tea,Lemon Grass Lg
4928.0,09/01/2023,18:28:56,1.0,5.0,Lower Manhattan,79.0,4.69,Bakery,Scone,Jumbo Savory Scone
4929.0,09/01/2023,18:37:01,1.0,8.0,Hell's Kitchen,35.0,3.1,Coffee,Premium brewed coffee,Jamaican Coffee River Rg
4930.0,09/01/2023,18:41:22,1.0,5.0,Lower Manhattan,29.0,2.5,Coffee,Gourmet brewed coffee,Columbian Medium Roast Rg
4931.0,09/01/2023,18:46:44,2.0,3.0,Astoria,34.0,2.45,Coffee,Premium brewed coffee,Jamaican Coffee River Sm
4932.0,09/01/2023,18:47:07,1.0,3.0,Astoria,53.0,3.0,Tea,Brewed Chai tea,Traditional Blend Chai Lg
4933.0,09/01/2023,18:55:11,1.0,3.0,Astoria,48.0,2.5,Tea,Brewed Black tea,English Breakfast Rg
4934.0,09/01/2023,18:55:11,1.0,3.0,Astoria,17.0,9.5,Loose Tea,Chai tea,Morning Sunrise Chai
4935.0,09/01/2023,18:55:32,1.0,5.0,Lower Manhattan,33.0,3.5,Coffee,Gourmet brewed coffee,Ethiopia Lg
4936.0,09/01/2023,19:03:24,1.0,3.0,Astoria,31.0,2.2,Coffee,Gourmet brewed coffee,Ethiopia Sm
4937.0,09/01/2023,19:03:24,1.0,3.0,Astoria,69.0,3.25,Bakery,Biscotti,Hazelnut Biscotti
4938.0,09/01/2023,19:15:02,1.0,3.0,Astoria,60.0,3.75,Drinking Chocolate,Hot chocolate,Sustainably Grown Organic Rg
4939.0,09/01/2023,19:16:04,2.0,8.0,Hell's Kitchen,54.0,2.5,Tea,Brewed Chai tea,Morning Sunrise Chai Rg
4940.0,09/01/2023,19:18:20,1.0,8.0,Hell's Kitchen,29.0,2.5,Coffee,Gourmet brewed coffee,Columbian Medium Roast Rg
4941.0,09/01/2023,19:21:25,2.0,5.0,Lower Manhattan,39.0,4.25,Coffee,Barista Espresso,Latte Rg
4942.0,09/01/2023,19:21:25,1.0,5.0,Lower Manhattan,72.0,4.06,Bakery,Scone,Ginger Scone
4943.0,09/01/2023,19:33:27,1.0,8.0,Hell's Kitchen,46.0,2.5,Tea,Brewed Green tea,Serenity Green Tea Rg
4944.0,09/01/2023,19:36:38,1.0,5.0,Lower Manhattan,42.0,2.5,Tea,Brewed herbal tea,Lemon Grass Rg
4945.0,09/01/2023,19:39:19,1.0,8.0,Hell's Kitchen,31.0,2.2,Coffee,Gourmet brewed coffee,Ethiopia Sm
4946.0,09/01/2023,19:39:19,1.0,8.0,Hell's Kitchen,72.0,3.25,Bakery,Scone,Ginger Scone
4947.0,09/01/2023,19:40:09,2.0,5.0,Lower Manhattan,58.0,3.5,Drinking Chocolate,Hot chocolate,Dark chocolate Rg
4948.0,09/01/2023,19:41:05,2.0,5.0,Lower Manhattan,46.0,2.5,Tea,Brewed Green tea,Serenity Green Tea Rg
4949.0,09/01/2023,19:42:36,2.0,8.0,Hell's Kitchen,54.0,2.5,Tea,Brewed Chai tea,Morning Sunrise Chai Rg
4950.0,09/01/2023,19:48:46,1.0,5.0,Lower Manhattan,44.0,2.5,Tea,Brewed herbal tea,Peppermint Rg
4951.0,09/01/2023,19:52:56,1.0,5.0,Lower Manhattan,47.0,3.0,Tea,Brewed Green tea,Serenity Green Tea Lg
4952.0,09/01/2023,19:52:56,1.0,5.0,Lower Manhattan,4.0,20.45,Coffee beans,Espresso Beans,Primo Espresso Roast
4953.0,09/01/2023,19:54:54,2.0,5.0,Lower Manhattan,40.0,3.75,Coffee,Barista Espresso,Cappuccino
4954.0,09/01/2023,20:04:04,1.0,5.0,Lower Manhattan,55.0,4.0,Tea,Brewed Chai tea,Morning Sunrise Chai Lg
4955.0,09/01/2023,20:05:01,1.0,5.0,Lower Manhattan,22.0,2.0,Coffee,Drip coffee,Our Old Time Diner Blend Sm
4956.0,10/01/2023,06:02:43,1.0,5.0,Lower Manhattan,71.0,3.75,Bakery,Pastry,Chocolate Croissant
4957.0,10/01/2023,06:04:51,1.0,5.0,Lower Manhattan,33.0,3.5,Coffee,Gourmet brewed coffee,Ethiopia Lg
4958.0,10/01/2023,06:04:55,1.0,5.0,Lower Manhattan,48.0,2.5,Tea,Brewed Black tea,English Breakfast Rg
4959.0,10/01/2023,06:08:17,1.0,5.0,Lower Manhattan,59.0,4.5,Drinking Chocolate,Hot chocolate,Dark chocolate Lg
4960.0,10/01/2023,06:10:41,1.0,5.0,Lower Manhattan,61.0,4.75,Drinking Chocolate,Hot chocolate,Sustainably Grown Organic Lg
4961.0,10/01/2023,06:16:25,1.0,5.0,Lower Manhattan,71.0,3.75,Bakery,Pastry,Chocolate Croissant
4962.0,10/01/2023,06:16:25,1.0,5.0,Lower Manhattan,71.0,3.75,Bakery,Pastry,Chocolate Croissant
4963.0,10/01/2023,06:30:39,2.0,8.0,Hell's Kitchen,50.0,2.5,Tea,Brewed Black tea,Earl Grey Rg
4964.0,10/01/2023,06:31:32,2.0,5.0,Lower Manhattan,49.0,3.0,Tea,Brewed Black tea,English Breakfast Lg
4965.0,10/01/2023,06:31:32,1.0,5.0,Lower Manhattan,75.0,3.5,Bakery,Pastry,Croissant
4966.0,10/01/2023,06:31:46,1.0,5.0,Lower Manhattan,59.0,4.5,Drinking Chocolate,Hot chocolate,Dark chocolate Lg
4967.0,10/01/2023,06:31:46,1.0,5.0,Lower Manhattan,72.0,3.25,Bakery,Scone,Ginger Scone
4968.0,10/01/2023,06:31:54,2.0,8.0,Hell's Kitchen,55.0,4.0,Tea,Brewed Chai tea,Morning Sunrise Chai Lg
4969.0,10/01/2023,06:31:54,1.0,8.0,Hell's Kitchen,74.0,3.5,Bakery,Biscotti,Ginger Biscotti
4970.0,10/01/2023,06:33:33,2.0,5.0,Lower Manhattan,38.0,3.75,Coffee,Barista Espresso,Latte
4971.0,10/01/2023,06:33:33,2.0,5.0,Lower Manhattan,84.0,0.8,Flavours,Regular syrup,Chocolate syrup
,10/01/2023,06:34:43,1.0,8.0,Hell's Kitchen,,,Tea,Brewed Chai tea,Morning Sunrise Chai Lg
4973.0,10/01/2023,06:36:19,1.0,8.0,Hell's Kitchen,35.0,3.1,Coffee,Premium brewed coffee,Jamaican Coffee River Rg
4974.0,10/01/2023,06:36:22,1.0,8.0,Hell's Kitchen,42.0,2.5,Tea,Brewed herbal tea,Lemon Grass Rg
4975.0,10/01/2023,06:36:38,2.0,8.0,Hell's Kitchen,40.0,3.75,Coffee,Barista Espresso,Cappuccino
4976.0,10/01/2023,06:36:38,2.0,8.0,Hell's Kitchen,84.0,0.8,Flavours,Regular syrup,Chocolate syrup
4977.0,10/01/2023,06:36:38,1.0,8.0,Hell's Kitchen,72.0,3.25,Bakery,Scone,Ginger Scone
4978.0,10/01/2023,06:36:55,2.0,5.0,Lower Manhattan,29.0,2.5,Coffee,Gourmet brewed coffee,Columbian Medium Roast Rg
,10/01/2023,06:38:38,1.0,,Hell's Kitchen,,3.0,Tea,Brewed herbal tea,Lemon Grass Lg
4980.0,10/01/2023,06:40:35,1.0,5.0,Lower Manhattan,38.0,3.75,Coffee,Barista Espresso,Latte
4981.0,10/01/2023,06:40:35,2.0,5.0,Lower Manhattan,65.0,0.8,Flavours,Sugar free syrup,Sugar Free Vanilla syrup
4982.0,10/01/2023,06:40:35,1.0,5.0,Lower Manhattan,79.0,3.75,Bakery,Scone,Jumbo Savory Scone
4983.0,10/01/2023,06:42:04,2.0,8.0,Hell's Kitchen,60.0,3.75,Drinking Chocolate,Hot chocolate,Sustainably Grown Organic Rg
4984.0,10/01/2023,06:45:20,1.0,5.0,Lower Manhattan,32.0,3.0,Coffee,Gourmet brewed coffee,Ethiopia Rg
4985.0,10/01/2023,06:45:47,1.0,8.0,Hell's Kitchen,32.0,3.0,Coffee,Gourmet brewed coffee,Ethiopia Rg
4986.0,10/01/2023,06:45:59,1.0,5.0,Lower Manhattan,43.0,3.0,Tea,Brewed herbal tea,Lemon Grass Lg
4987.0,10/01/2023,06:46:00,1.0,8.0,Hell's Kitchen,28.0,2.0,Coffee,Gourmet brewed coffee,Columbian Medium Roast Sm
4988.0,10/01/2023,06:57:55,1.0,8.0,Hell's Kitchen,53.0,3.0,Tea,Brewed Chai tea,Traditional Blend Chai Lg
4989.0,10/01/2023,06:58:08,1.0,8.0,Hell's Kitchen,44.0,2.5,Tea,Brewed herbal tea,Peppermint Rg
4990.0,10/01/2023,06:59:46,1.0,8.0,Hell's Kitchen,60.0,3.75,Drinking Chocolate,Hot chocolate,Sustainably Grown Organic Rg
4991.0,10/01/2023,07:00:48,1.0,8.0,Hell's Kitchen,38.0,3.75,Coffee,Barista Espresso,Latte
4992.0,10/01/2023,07:00:48,2.0,8.0,Hell's Kitchen,65.0,0.8,Flavours,Sugar free syrup,Sugar Free Vanilla syrup
4993.0,10/01/2023,07:00:48,1.0,8.0,Hell's Kitchen,77.0,3.0,Bakery,Scone,Oatmeal Scone
4994.0,10/01/2023,07:01:09,2.0,5.0,Lower Manhattan,41.0,4.25,Coffee,Barista Espresso,Cappuccino Lg
4995.0,10/01/2023,07:01:09,1.0,5.0,Lower Manhattan,64.0,0.8,Flavours,Regular syrup,Hazelnut syrup
4996.0,10/01/2023,07:01:09,1.0,5.0,Lower Manhattan,78.0,4.5,Bakery,Scone,Scottish Cream Scone 
4997.0,10/01/2023,07:05:07,1.0,3.0,Astoria,46.0,2.5,Tea,Brewed Green tea,Serenity Green Tea Rg
4998.0,10/01/2023,07:05:49,2.0,8.0,Hell's Kitchen,53.0,3.0,Tea,Brewed Chai tea,Traditional Blend Chai Lg
4999.0,10/01/2023,07:06:34,1.0,3.0,Astoria,38.0,3.75,Coffee,Barista Espresso,Latte
,10/01/2023,07:06:34,,3.0,Astoria,64.0,,Flavours,Regular syrup,Hazelnut syrup
5001.0,10/01/2023,07:07:32,2.0,8.0,Hell's Kitchen,39.0,4.25,Coffee,Barista Espresso,Latte Rg
5002.0,10/01/2023,07:07:32,2.0,8.0,Hell's Kitchen,63.0,0.8,Flavours,Regular syrup,Carmel syrup
5003.0,10/01/2023,07:08:16,1.0,3.0,Astoria,54.0,2.5,Tea,Brewed Chai tea,Morning Sunrise Chai Rg
5004.0,10/01/2023,07:08:16,1.0,3.0,Astoria,77.0,3.0,Bakery,Scone,Oatmeal Scone
5005.0,10/01/2023,07:09:15,2.0,3.0,Astoria,51.0,3.0,Tea,Brewed Black tea,Earl Grey Lg
5006.0,10/01/2023,07:11:40,1.0,3.0,Astoria,71.0,3.75,Bakery,Pastry,Chocolate Croissant
5007.0,10/01/2023,07:11:40,1.0,3.0,Astoria,71.0,3.75,Bakery,Pastry,Chocolate Croissant
5008.0,10/01/2023,07:12:50,1.0,3.0,Astoria,35.0,3.1,Coffee,Premium brewed coffee,Jamaican Coffee River Rg
5009.0,10/01/2023,07:13:52,1.0,3.0,Astoria,51.0,3.0,Tea,Brewed Black tea,Earl Grey Lg
5010.0,10/01/2023,07:15:12,2.0,5.0,Lower Manhattan,38.0,3.75,Coffee,Barista Espresso,Latte
5011.0,10/01/2023,07:15:12,1.0,5.0,Lower Manhattan,63.0,0.8,Flavours,Regular syrup,Carmel syrup
5012.0,10/01/2023,07:15:12,1.0,5.0,Lower Manhattan,79.0,3.75,Bakery,Scone,Jumbo Savory Scone
5013.0,10/01/2023,07:15:21,2.0,5.0,Lower Manhattan,50.0,2.5,Tea,Brewed Black tea,Earl Grey Rg
5014.0,10/01/2023,07:16:18,,8.0,Hell's Kitchen,25.0,,Coffee,Organic brewed coffee,Brazilian Sm
,10/01/2023,07:16:22,1.0,5.0,Lower Manhattan,39.0,,Coffee,Barista Espresso,Latte Rg
5016.0,10/01/2023,07:16:22,1.0,5.0,Lower Manhattan,84.0,0.8,Flavours,Regular syrup,Chocolate syrup
5017.0,10/01/2023,07:16:35,2.0,8.0,Hell's Kitchen,49.0,3.0,Tea,Brewed Black tea,English Breakfast Lg
5018.0,10/01/2023,07:16:54,1.0,5.0,Lower Manhattan,39.0,4.25,Coffee,Barista Espresso,Latte Rg
5019.0,10/01/2023,07:16:54,2.0,5.0,Lower Manhattan,63.0,0.8,Flavours,Regular syrup,Carmel syrup
5020.0,10/01/2023,07:18:14,2.0,3.0,Astoria,23.0,2.5,Coffee,Drip coffee,Our Old Time Diner Blend Rg
5021.0,10/01/2023,07:18:14,1.0,3.0,Astoria,73.0,3.75,Bakery,Pastry,Almond Croissant
5022.0,10/01/2023,07:18:16,1.0,3.0,Astoria,53.0,3.0,Tea,Brewed Chai tea,Traditional Blend Chai Lg
5023.0,10/01/2023,07:18:16,1.0,3.0,Astoria,73.0,3.75,Bakery,Pastry,Almond Croissant
5024.0,10/01/2023,07:20:36,1.0,8.0,Hell's Kitchen,54.0,2.5,Tea,Brewed Chai tea,Morning Sunrise Chai Rg
5025.0,10/01/2023,07:20:36,1.0,8.0,Hell's Kitchen,69.0,3.25,Bakery,Biscotti,Hazelnut Biscotti
5026.0,10/01/2023,07:20:52,2.0,3.0,Astoria,37.0,3.0,Coffee,Barista Espresso,Espresso shot
5027.0,10/01/2023,07:20:52,2.0,3.0,Astoria,63.0,0.8,Flavours,Regular syrup,Carmel syrup
5028.0,10/01/2023,07:21:24,2.0,3.0,Astoria,35.0,3.1,Coffee,Premium brewed coffee,Jamaican Coffee River Rg
5029.0,10/01/2023,07:21:24,1.0,3.0,Astoria,71.0,3.75,Bakery,Pastry,Chocolate Croissant
5030.0,10/01/2023,07:21:24,1.0,3.0,Astoria,6.0,21.0,Coffee beans,Gourmet Beans,Ethiopia
5031.0,10/01/2023,07:22:34,1.0,5.0,Lower Manhattan,40.0,3.75,Coffee,Barista Espresso,Cappuccino
5032.0,10/01/2023,07:22:34,2.0,,Lower Manhattan,65.0,,Flavours,Sugar free syrup,Sugar Free Vanilla syrup
5033.0,10/01/2023,07:26:03,1.0,8.0,Hell's Kitchen,57.0,3.1,Tea,Brewed Chai tea,Spicy Eye Opener Chai Lg
5034.0,10/01/2023,07:26:13,1.0,8.0,Hell's Kitchen,52.0,2.5,Tea,Brewed Chai tea,Traditional Blend Chai Rg
5035.0,10/01/2023,07:27:22,1.0,5.0,Lower Manhattan,41.0,4.25,Coffee,Barista Espresso,Cappuccino Lg
5036.0,10/01/2023,07:27:22,2.0,5.0,Lower Manhattan,65.0,0.8,Flavours,Sugar free syrup,Sugar Free Vanilla syrup
5037.0,10/01/2023,07:28:17,1.0,5.0,Lower Manhattan,49.0,3.0,Tea,Brewed Black tea,English Breakfast Lg
5038.0,10/01/2023,07:28:53,2.0,8.0,Hell's Kitchen,30.0,3.0,Coffee,Gourmet brewed coffee,Columbian Medium Roast Lg
5039.0,10/01/2023,07:31:14,2.0,3.0,Astoria,24.0,3.0,Coffee,Drip coffee,Our Old Time Diner Blend Lg
5040.0,10/01/2023,07:32:17,1.0,8.0,Hell's Kitchen,71.0,3.75,Bakery,Pastry,Chocolate Croissant
5041.0,10/01/2023,07:34:12,2.0,8.0,Hell's Kitchen,43.0,3.0,Tea,Brewed herbal tea,Lemon Grass Lg
5042.0,10/01/2023,07:34:12,1.0,8.0,Hell's Kitchen,72.0,3.25,Bakery,Scone,Ginger Scone
5043.0,10/01/2023,07:35:04,2.0,3.0,Astoria,53.0,3.0,Tea,Brewed Chai tea,Traditional Blend Chai Lg
5044.0,10/01/2023,07:35:04,2.0,3.0,Astoria,37.0,3.0,Coffee,Barista Espresso,Espresso shot
5045.0,10/01/2023,07:35:32,2.0,8.0,Hell's Kitchen,52.0,2.5,Tea,Brewed Chai tea,Traditional Blend Chai Rg
5046.0,10/01/2023,07:35:32,1.0,8.0,Hell's Kitchen,75.0,3.5,Bakery,Pastry,Croissant
5047.0,10/01/2023,07:35:35,1.0,5.0,Lower Manhattan,59.0,4.5,Drinking Chocolate,Hot chocolate,Dark chocolate Lg
5048.0,10/01/2023,07:37:09,2.0,8.0,Hell's Kitchen,38.0,3.75,Coffee,Barista Espresso,Latte
5049.0,10/01/2023,07:37:09,1.0,8.0,Hell's Kitchen,63.0,0.8,Flavours,Regular syrup,Carmel syrup
5050.0,10/01/2023,07:37:30,2.0,8.0,Hell's Kitchen,32.0,3.0,Coffee,Gourmet brewed coffee,Ethiopia Rg
5051.0,10/01/2023,07:38:09,1.0,5.0,Lower Manhattan,45.0,3.0,Tea,Brewed herbal tea,Peppermint Lg
5052.0,10/01/2023,07:39:18,2.0,3.0,Astoria,54.0,2.5,Tea,Brewed Chai tea,Morning Sunrise Chai Rg
5053.0,10/01/2023,07:39:18,1.0,3.0,Astoria,77.0,3.0,Bakery,Scone,Oatmeal Scone
5054.0,10/01/2023,07:39:52,1.0,5.0,Lower Manhattan,56.0,2.55,Tea,Brewed Chai tea,Spicy Eye Opener Chai Rg
5055.0,10/01/2023,07:41:06,2.0,3.0,Astoria,32.0,3.0,Coffee,Gourmet brewed coffee,Ethiopia Rg
5056.0,10/01/2023,07:42:13,2.0,3.0,Astoria,38.0,3.75,Coffee,Barista Espresso,Latte
5057.0,10/01/2023,07:42:13,1.0,3.0,Astoria,65.0,0.8,Flavours,Sugar free syrup,Sugar Free Vanilla syrup
5058.0,10/01/2023,07:42:13,1.0,3.0,Astoria,76.0,3.5,Bakery,Biscotti,Chocolate Chip Biscotti
5059.0,10/01/2023,07:43:41,1.0,5.0,Lower Manhattan,46.0,2.5,Tea,Brewed Green tea,Serenity Green Tea Rg
5060.0,10/01/2023,07:43:41,1.0,5.0,Lower Manhattan,20.0,7.6,Packaged Chocolate,Organic Chocolate,Sustainably Grown Organic
5061.0,10/01/2023,07:45:07,1.0,5.0,Lower Manhattan,46.0,2.5,Tea,Brewed Green tea,Serenity Green Tea Rg
,10/01/2023,07:45:21,1.0,3.0,Astoria,59.0,,Drinking Chocolate,Hot chocolate,Dark chocolate Lg
5063.0,10/01/2023,07:46:05,1.0,3.0,Astoria,37.0,3.0,Coffee,Barista Espresso,Espresso shot
5064.0,10/01/2023,07:46:05,2.0,3.0,Astoria,63.0,0.8,Flavours,Regular syrup,Carmel syrup
5065.0,10/01/2023,07:46:43,2.0,3.0,Astoria,60.0,3.75,Drinking Chocolate,Hot chocolate,Sustainably Grown Organic Rg
5066.0,10/01/2023,07:47:18,2.0,3.0,Astoria,44.0,2.5,Tea,Brewed herbal tea,Peppermint Rg
5067.0,10/01/2023,07:47:18,1.0,3.0,Astoria,71.0,3.75,Bakery,Pastry,Chocolate Croissant
5068.0,10/01/2023,07:50:34,2.0,8.0,Hell's Kitchen,33.0,3.5,Coffee,Gourmet brewed coffee,Ethiopia Lg
5069.0,10/01/2023,07:52:49,1.0,5.0,Lower Manhattan,30.0,3.0,Coffee,Gourmet brewed coffee,Columbian Medium Roast Lg
5070.0,10/01/2023,07:52:49,1.0,5.0,Lower Manhattan,75.0,3.5,Bakery,Pastry,Croissant
5071.0,10/01/2023,07:54:14,1.0,5.0,Lower Manhattan,54.0,2.5,Tea,Brewed Chai tea,Morning Sunrise Chai Rg
5072.0,10/01/2023,07:54:14,1.0,5.0,Lower Manhattan,72.0,3.25,Bakery,Scone,Ginger Scone
5073.0,10/01/2023,07:54:14,2.0,8.0,Hell's Kitchen,28.0,2.0,Coffee,Gourmet brewed coffee,Columbian Medium Roast Sm
5074.0,10/01/2023,07:55:00,2.0,8.0,Hell's Kitchen,54.0,2.5,Tea,Brewed Chai tea,Morning Sunrise Chai Rg
5075.0,10/01/2023,07:56:44,2.0,5.0,Lower Manhattan,54.0,2.5,Tea,Brewed Chai tea,Morning Sunrise Chai Rg
5076.0,10/01/2023,07:56:44,1.0,5.0,Lower Manhattan,75.0,3.5,Bakery,Pastry,Croissant
5077.0,10/01/2023,07:57:07,2.0,3.0,Astoria,45.0,3.0,Tea,Brewed herbal tea,Peppermint Lg
5078.0,10/01/2023,07:57:07,1.0,3.0,Astoria,76.0,3.5,Bakery,Biscotti,Chocolate Chip Biscotti
5079.0,10/01/2023,07:59:18,1.0,,Hell's Kitchen,26.0,,Coffee,Organic brewed coffee,Brazilian Rg
5080.0,10/01/2023,08:00:10,1.0,5.0,Lower Manhattan,60.0,3.75,Drinking Chocolate,Hot chocolate,Sustainably Grown Organic Rg
5081.0,10/01/2023,08:00:10,1.0,5.0,Lower Manhattan,73.0,3.75,Bakery,Pastry,Almond Croissant
,10/01/2023,08:02:06,,,Astoria,55.0,4.0,Tea,Brewed Chai tea,Morning Sunrise Chai Lg
5083.0,10/01/2023,08:02:55,2.0,3.0,Astoria,35.0,3.1,Coffee,Premium brewed coffee,Jamaican Coffee River Rg
5084.0,10/01/2023,08:04:16,1.0,8.0,Hell's Kitchen,36.0,3.75,Coffee,Premium brewed coffee,Jamaican Coffee River Lg
5085.0,10/01/2023,08:04:16,1.0,8.0,Hell's Kitchen,77.0,3.0,Bakery,Scone,Oatmeal Scone
5086.0,10/01/2023,08:05:46,1.0,5.0,Lower Manhattan,52.0,2.5,Tea,Brewed Chai tea,Traditional Blend Chai Rg
5087.0,10/01/2023,08:06:09,2.0,3.0,Astoria,25.0,2.2,Coffee,Organic brewed coffee,Brazilian Sm
5088.0,10/01/2023,08:06:09,1.0,3.0,Astoria,71.0,3.75,Bakery,Pastry,Chocolate Croissant
5089.0,10/01/2023,08:06:30,1.0,3.0,Astoria,49.0,3.0,Tea,Brewed Black tea,English Breakfast Lg
5090.0,10/01/2023,08:08:13,2.0,8.0,Hell's Kitchen,56.0,2.55,Tea,Brewed Chai tea,Spicy Eye Opener Chai Rg
5091.0,10/01/2023,08:08:13,1.0,8.0,Hell's Kitchen,79.0,3.75,Bakery,Scone,Jumbo Savory Scone
5092.0,10/01/2023,08:09:40,1.0,5.0,Lower Manhattan,44.0,2.5,Tea,Brewed herbal tea,Peppermint Rg
5093.0,10/01/2023,08:12:50,2.0,3.0,Astoria,50.0,2.5,Tea,Brewed Black tea,Earl Grey Rg
5094.0,10/01/2023,08:13:39,2.0,3.0,Astoria,28.0,2.0,Coffee,Gourmet brewed coffee,Columbian Medium Roast Sm
5095.0,10/01/2023,08:13:42,2.0,5.0,Lower Manhattan,48.0,2.5,Tea,Brewed Black tea,English Breakfast Rg
5096.0,10/01/2023,08:13:57,1.0,3.0,Astoria,61.0,4.75,Drinking Chocolate,Hot chocolate,Sustainably Grown Organic Lg
5097.0,10/01/2023,08:14:21,2.0,3.0,Astoria,46.0,2.5,Tea,Brewed Green tea,Serenity Green Tea Rg
5098.0,10/01/2023,08:14:53,1.0,3.0,Astoria,58.0,3.5,Drinking Chocolate,Hot chocolate,Dark chocolate Rg
5099.0,10/01/2023,08:16:00,2.0,3.0,Astoria,28.0,2.0,Coffee,Gourmet brewed coffee,Columbian Medium Roast Sm
5100.0,10/01/2023,08:16:00,,3.0,Astoria,,,Bakery,Scone,Cranberry Scone
5101.0,10/01/2023,08:16:12,1.0,3.0,Astoria,52.0,2.5,Tea,Brewed Chai tea,Traditional Blend Chai Rg
5102.0,10/01/2023,08:16:15,1.0,3.0,Astoria,25.0,2.2,Coffee,Organic brewed coffee,Brazilian Sm
5103.0,10/01/2023,08:19:29,1.0,5.0,Lower Manhattan,60.0,3.75,Drinking Chocolate,Hot chocolate,Sustainably Grown Organic Rg
5104.0,10/01/2023,08:19:40,1.0,3.0,Astoria,47.0,3.0,Tea,Brewed Green tea,Serenity Green Tea Lg
5105.0,10/01/2023,08:20:52,1.0,5.0,Lower Manhattan,59.0,4.5,Drinking Chocolate,Hot chocolate,Dark chocolate Lg
5106.0,10/01/2023,08:20:52,1.0,5.0,Lower Manhattan,76.0,3.5,Bakery,Biscotti,Chocolate Chip Biscotti
5107.0,10/01/2023,08:21:07,1.0,8.0,Hell's Kitchen,34.0,2.45,Coffee,Premium brewed coffee,Jamaican Coffee River Sm
5108.0,10/01/2023,08:21:07,1.0,8.0,Hell's Kitchen,76.0,3.5,Bakery,Biscotti,Chocolate Chip Biscotti
5109.0,10/01/2023,08:22:17,2.0,5.0,Lower Manhattan,56.0,2.55,Tea,Brewed Chai tea,Spicy Eye Opener Chai Rg
5110.0,10/01/2023,08:23:39,1.0,3.0,Astoria,71.0,3.75,Bakery,Pastry,Chocolate Croissant
5111.0,10/01/2023,08:23:42,2.0,8.0,Hell's Kitchen,55.0,4.0,Tea,Brewed Chai tea,Morning Sunrise Chai Lg
5112.0,10/01/2023,08:23:42,1.0,8.0,Hell's Kitchen,70.0,3.25,Bakery,Scone,Cranberry Scone
5113.0,10/01/2023,08:24:10,1.0,3.0,Astoria,41.0,4.25,Coffee,Barista Espresso,Cappuccino Lg
5114.0,10/01/2023,08:24:10,2.0,3.0,Astoria,84.0,0.8,Flavours,Regular syrup,Chocolate syrup
5115.0,10/01/2023,08:25:44,1.0,8.0,Hell's Kitchen,26.0,3.0,Coffee,Organic brewed coffee,Brazilian Rg
5116.0,10/01/2023,08:25:44,1.0,8.0,Hell's Kitchen,74.0,3.5,Bakery,Biscotti,Ginger Biscotti
5117.0,10/01/2023,08:26:10,1.0,8.0,Hell's Kitchen,26.0,3.0,Coffee,Organic brewed coffee,Brazilian Rg
5118.0,10/01/2023,08:26:10,1.0,8.0,Hell's Kitchen,73.0,3.75,Bakery,Pastry,Almond Croissant
5119.0,10/01/2023,08:26:28,2.0,3.0,Astoria,25.0,2.2,Coffee,Organic brewed coffee,Brazilian Sm
5120.0,10/01/2023,08:27:22,1.0,5.0,Lower Manhattan,44.0,2.5,Tea,Brewed herbal tea,Peppermint Rg
5121.0,10/01/2023,08:27:22,1.0,5.0,Lower Manhattan,77.0,3.0,Bakery,Scone,Oatmeal Scone
5122.0,10/01/2023,08:28:32,2.0,3.0,Astoria,55.0,4.0,Tea,Brewed Chai tea,Morning Sunrise Chai Lg
5123.0,10/01/2023,08:28:41,2.0,3.0,Astoria,51.0,3.0,Tea,Brewed Black tea,Earl Grey Lg
5124.0,10/01/2023,08:28:41,1.0,3.0,Astoria,76.0,3.5,Bakery,Biscotti,Chocolate Chip Biscotti
5125.0,10/01/2023,08:30:46,2.0,8.0,Hell's Kitchen,87.0,3.0,Coffee,Barista Espresso,Ouro Brasileiro shot
5126.0,10/01/2023,08:30:46,1.0,8.0,Hell's Kitchen,79.0,3.75,Bakery,Scone,Jumbo Savory Scone
5127.0,10/01/2023,08:31:58,1.0,5.0,Lower Manhattan,38.0,3.75,Coffee,Barista Espresso,Latte
5128.0,10/01/2023,08:31:58,1.0,5.0,Lower Manhattan,84.0,0.8,Flavours,Regular syrup,Chocolate syrup
5129.0,10/01/2023,08:31:58,1.0,5.0,Lower Manhattan,78.0,4.5,Bakery,Scone,Scottish Cream Scone 
5130.0,10/01/2023,08:32:04,2.0,3.0,Astoria,44.0,2.5,Tea,Brewed herbal tea,Peppermint Rg
5131.0,10/01/2023,08:32:18,2.0,5.0,Lower Manhattan,56.0,2.55,Tea,Brewed Chai tea,Spicy Eye Opener Chai Rg
5132.0,10/01/2023,08:32:18,1.0,8.0,Hell's Kitchen,48.0,2.5,Tea,Brewed Black tea,English Breakfast Rg
5133.0,10/01/2023,08:33:00,1.0,5.0,Lower Manhattan,56.0,2.55,Tea,Brewed Chai tea,Spicy Eye Opener Chai Rg
5134.0,10/01/2023,08:33:00,1.0,5.0,Lower Manhattan,74.0,3.5,Bakery,Biscotti,Ginger Biscotti
5135.0,10/01/2023,08:33:44,2.0,3.0,Astoria,48.0,2.5,Tea,Brewed Black tea,English Breakfast Rg
5136.0,10/01/2023,08:33:52,2.0,5.0,Lower Manhattan,35.0,3.1,Coffee,Premium brewed coffee,Jamaican Coffee River Rg
5137.0,10/01/2023,08:34:02,1.0,8.0,Hell's Kitchen,28.0,2.0,Coffee,Gourmet brewed coffee,Columbian Medium Roast Sm
5138.0,10/01/2023,08:34:05,1.0,8.0,Hell's Kitchen,71.0,3.75,Bakery,Pastry,Chocolate Croissant
5139.0,10/01/2023,08:34:15,1.0,5.0,Lower Manhattan,23.0,2.5,Coffee,Drip coffee,Our Old Time Diner Blend Rg
5140.0,10/01/2023,08:34:46,1.0,3.0,Astoria,47.0,3.0,Tea,Brewed Green tea,Serenity Green Tea Lg
5141.0,10/01/2023,08:35:29,1.0,3.0,Astoria,43.0,3.0,Tea,Brewed herbal tea,Lemon Grass Lg
5142.0,10/01/2023,08:37:11,1.0,5.0,Lower Manhattan,30.0,3.0,Coffee,Gourmet brewed coffee,Columbian Medium Roast Lg
5143.0,10/01/2023,08:37:34,2.0,3.0,Astoria,51.0,3.0,Tea,Brewed Black tea,Earl Grey Lg
5144.0,10/01/2023,08:37:34,1.0,3.0,Astoria,73.0,3.75,Bakery,Pastry,Almond Croissant
5145.0,10/01/2023,08:37:56,2.0,3.0,Astoria,36.0,3.75,Coffee,Premium brewed coffee,Jamaican Coffee River Lg
5146.0,10/01/2023,08:40:13,2.0,3.0,Astoria,45.0,3.0,Tea,Brewed herbal tea,Peppermint Lg
5147.0,10/01/2023,08:41:11,2.0,8.0,Hell's Kitchen,34.0,2.45,Coffee,Premium brewed coffee,Jamaican Coffee River Sm
5148.0,10/01/2023,08:41:12,1.0,5.0,Lower Manhattan,52.0,2.5,Tea,Brewed Chai tea,Traditional Blend Chai Rg
5149.0,10/01/2023,08:42:04,1.0,3.0,Astoria,46.0,2.5,Tea,Brewed Green tea,Serenity Green Tea Rg
5150.0,10/01/2023,08:42:19,1.0,8.0,Hell's Kitchen,36.0,3.75,Coffee,Premium brewed coffee,Jamaican Coffee River Lg
5151.0,10/01/2023,08:42:56,2.0,3.0,Astoria,28.0,2.0,Coffee,Gourmet brewed coffee,Columbian Medium Roast Sm
5152.0,10/01/2023,08:42:58,2.0,5.0,Lower Manhattan,23.0,2.5,Coffee,Drip coffee,Our Old Time Diner Blend Rg
5153.0,10/01/2023,08:43:23,1.0,3.0,Astoria,40.0,3.75,Coffee,Barista Espresso,Cappuccino
5154.0,10/01/2023,08:43:23,1.0,3.0,Astoria,65.0,0.8,Flavours,Sugar free syrup,Sugar Free Vanilla syrup
5155.0,10/01/2023,08:44:47,,8.0,Hell's Kitchen,,3.5,Drinking Chocolate,Hot chocolate,Dark chocolate Rg
5156.0,10/01/2023,08:46:51,1.0,8.0,Hell's Kitchen,32.0,3.0,Coffee,Gourmet brewed coffee,Ethiopia Rg
5157.0,10/01/2023,08:47:32,1.0,5.0,Lower Manhattan,24.0,3.0,Coffee,Drip coffee,Our Old Time Diner Blend Lg
5158.0,10/01/2023,08:47:47,1.0,5.0,Lower Manhattan,34.0,2.45,Coffee,Premium brewed coffee,Jamaican Coffee River Sm
,10/01/2023,08:48:01,,3.0,Astoria,60.0,3.75,Drinking Chocolate,Hot chocolate,Sustainably Grown Organic Rg
5160.0,10/01/2023,08:48:30,,,Lower Manhattan,57.0,3.1,Tea,Brewed Chai tea,Spicy Eye Opener Chai Lg
5161.0,10/01/2023,08:50:06,1.0,8.0,Hell's Kitchen,55.0,4.0,Tea,Brewed Chai tea,Morning Sunrise Chai Lg
5162.0,10/01/2023,08:50:53,1.0,3.0,Astoria,39.0,4.25,Coffee,Barista Espresso,Latte Rg
5163.0,10/01/2023,08:50:53,1.0,3.0,Astoria,65.0,0.8,Flavours,Sugar free syrup,Sugar Free Vanilla syrup
5164.0,10/01/2023,08:51:16,1.0,5.0,Lower Manhattan,32.0,3.0,Coffee,Gourmet brewed coffee,Ethiopia Rg
5165.0,10/01/2023,08:51:54,2.0,3.0,Astoria,35.0,3.1,Coffee,Premium brewed coffee,Jamaican Coffee River Rg
5166.0,10/01/2023,08:52:05,2.0,3.0,Astoria,39.0,4.25,Coffee,Barista Espresso,Latte Rg
5167.0,10/01/2023,08:52:05,1.0,3.0,Astoria,63.0,0.8,Flavours,Regular syrup,Carmel syrup
5168.0,10/01/2023,08:52:37,1.0,3.0,Astoria,57.0,3.1,Tea,Brewed Chai tea,Spicy Eye Opener Chai Lg
5169.0,10/01/2023,08:52:37,1.0,3.0,Astoria,15.0,9.25,Loose Tea,Green tea,Serenity Green Tea
5170.0,10/01/2023,08:53:19,1.0,3.0,Astoria,30.0,3.0,Coffee,Gourmet brewed coffee,Columbian Medium Roast Lg
5171.0,10/01/2023,08:54:08,2.0,3.0,Astoria,25.0,2.2,Coffee,Organic brewed coffee,Brazilian Sm
5172.0,10/01/2023,08:54:10,2.0,8.0,Hell's Kitchen,23.0,2.5,Coffee,Drip coffee,Our Old Time Diner Blend Rg
5173.0,10/01/2023,08:54:21,2.0,5.0,Lower Manhattan,50.0,2.5,Tea,Brewed Black tea,Earl Grey Rg
5174.0,10/01/2023,08:54:21,1.0,5.0,Lower Manhattan,70.0,3.25,Bakery,Scone,Cranberry Scone
5175.0,10/01/2023,08:54:21,1.0,5.0,Lower Manhattan,9.0,22.5,Coffee beans,Organic Beans,Organic Decaf Blend
5176.0,10/01/2023,08:56:21,1.0,8.0,Hell's Kitchen,55.0,4.0,Tea,Brewed Chai tea,Morning Sunrise Chai Lg
5177.0,10/01/2023,08:57:15,1.0,8.0,Hell's Kitchen,54.0,2.5,Tea,Brewed Chai tea,Morning Sunrise Chai Rg
5178.0,10/01/2023,08:57:38,1.0,8.0,Hell's Kitchen,24.0,3.0,Coffee,Drip coffee,Our Old Time Diner Blend Lg
5179.0,10/01/2023,09:01:19,1.0,5.0,Lower Manhattan,44.0,2.5,Tea,Brewed herbal tea,Peppermint Rg
5180.0,10/01/2023,09:01:19,1.0,5.0,Lower Manhattan,77.0,3.0,Bakery,Scone,Oatmeal Scone
5181.0,10/01/2023,09:01:37,1.0,8.0,Hell's Kitchen,54.0,2.5,Tea,Brewed Chai tea,Morning Sunrise Chai Rg
5182.0,10/01/2023,09:01:37,1.0,8.0,Hell's Kitchen,20.0,7.6,Packaged Chocolate,Organic Chocolate,Sustainably Grown Organic
5183.0,10/01/2023,09:02:02,2.0,3.0,Astoria,35.0,3.1,Coffee,Premium brewed coffee,Jamaican Coffee River Rg
5184.0,10/01/2023,09:02:57,2.0,3.0,Astoria,22.0,2.0,Coffee,Drip coffee,Our Old Time Diner Blend Sm
5185.0,10/01/2023,09:02:58,2.0,8.0,Hell's Kitchen,29.0,2.5,Coffee,Gourmet brewed coffee,Columbian Medium Roast Rg
5186.0,10/01/2023,09:02:58,1.0,8.0,Hell's Kitchen,69.0,3.25,Bakery,Biscotti,Hazelnut Biscotti
5187.0,10/01/2023,09:03:26,2.0,3.0,Astoria,55.0,4.0,Tea,Brewed Chai tea,Morning Sunrise Chai Lg
5188.0,10/01/2023,09:03:40,2.0,3.0,Astoria,45.0,3.0,Tea,Brewed herbal tea,Peppermint Lg
5189.0,10/01/2023,09:03:40,1.0,3.0,Astoria,74.0,3.5,Bakery,Biscotti,Ginger Biscotti
5190.0,10/01/2023,09:03:46,1.0,5.0,Lower Manhattan,47.0,3.0,Tea,Brewed Green tea,Serenity Green Tea Lg
5191.0,10/01/2023,09:06:47,1.0,3.0,Astoria,27.0,3.5,Coffee,Organic brewed coffee,Brazilian Lg
5192.0,10/01/2023,09:06:47,1.0,3.0,Astoria,77.0,3.0,Bakery,Scone,Oatmeal Scone
5193.0,10/01/2023,09:07:42,2.0,3.0,Astoria,41.0,4.25,Coffee,Barista Espresso,Cappuccino Lg
5194.0,10/01/2023,09:07:42,2.0,3.0,Astoria,64.0,0.8,Flavours,Regular syrup,Hazelnut syrup
5195.0,10/01/2023,09:07:42,1.0,3.0,Astoria,74.0,3.5,Bakery,Biscotti,Ginger Biscotti
,10/01/2023,09:09:52,,,Astoria,24.0,3.0,Coffee,Drip coffee,Our Old Time Diner Blend Lg
5197.0,10/01/2023,09:09:52,1.0,3.0,Astoria,77.0,3.0,Bakery,Scone,Oatmeal Scone
5198.0,10/01/2023,09:10:12,1.0,3.0,Astoria,52.0,2.5,Tea,Brewed Chai tea,Traditional Blend Chai Rg
5199.0,10/01/2023,09:10:27,1.0,8.0,Hell's Kitchen,24.0,3.0,Coffee,Drip coffee,Our Old Time Diner Blend Lg
5200.0,10/01/2023,09:10:55,1.0,8.0,Hell's Kitchen,87.0,3.0,Coffee,Barista Espresso,Ouro Brasileiro shot
5201.0,10/01/2023,09:12:25,2.0,8.0,Hell's Kitchen,45.0,3.0,Tea,Brewed herbal tea,Peppermint Lg
5202.0,10/01/2023,09:14:01,2.0,5.0,Lower Manhattan,60.0,3.75,Drinking Chocolate,Hot chocolate,Sustainably Grown Organic Rg
5203.0,10/01/2023,09:14:15,2.0,8.0,Hell's Kitchen,32.0,3.0,Coffee,Gourmet brewed coffee,Ethiopia Rg
5204.0,10/01/2023,09:16:18,2.0,5.0,Lower Manhattan,57.0,3.1,Tea,Brewed Chai tea,Spicy Eye Opener Chai Lg
5205.0,10/01/2023,09:18:01,2.0,5.0,Lower Manhattan,53.0,3.0,Tea,Brewed Chai tea,Traditional Blend Chai Lg
5206.0,10/01/2023,09:18:28,2.0,8.0,Hell's Kitchen,57.0,3.1,Tea,Brewed Chai tea,Spicy Eye Opener Chai Lg
5207.0,10/01/2023,09:18:28,1.0,8.0,Hell's Kitchen,77.0,3.0,Bakery,Scone,Oatmeal Scone
5208.0,10/01/2023,09:19:43,1.0,3.0,Astoria,44.0,2.5,Tea,Brewed herbal tea,Peppermint Rg
5209.0,10/01/2023,09:20:27,2.0,3.0,Astoria,59.0,4.5,Drinking Chocolate,Hot chocolate,Dark chocolate Lg
5210.0,10/01/2023,09:20:27,1.0,3.0,Astoria,69.0,3.25,Bakery,Biscotti,Hazelnut Biscotti
5211.0,10/01/2023,09:20:43,2.0,5.0,Lower Manhattan,53.0,3.0,Tea,Brewed Chai tea,Traditional Blend Chai Lg
5212.0,10/01/2023,09:20:43,1.0,5.0,Lower Manhattan,8.0,45.0,Coffee beans,Premium Beans,Civet Cat
5213.0,10/01/2023,09:21:03,1.0,5.0,Lower Manhattan,48.0,2.5,Tea,Brewed Black tea,English Breakfast Rg
5214.0,10/01/2023,09:22:57,1.0,5.0,Lower Manhattan,25.0,2.2,Coffee,Organic brewed coffee,Brazilian Sm
5215.0,10/01/2023,09:22:57,1.0,5.0,Lower Manhattan,73.0,3.75,Bakery,Pastry,Almond Croissant
5216.0,10/01/2023,09:24:21,1.0,8.0,Hell's Kitchen,30.0,3.0,Coffee,Gourmet brewed coffee,Columbian Medium Roast Lg
5217.0,10/01/2023,09:29:10,2.0,3.0,Astoria,43.0,3.0,Tea,Brewed herbal tea,Lemon Grass Lg
5218.0,10/01/2023,09:30:16,2.0,5.0,Lower Manhattan,38.0,3.75,Coffee,Barista Espresso,Latte
5219.0,10/01/2023,09:30:16,1.0,5.0,Lower Manhattan,65.0,0.8,Flavours,Sugar free syrup,Sugar Free Vanilla syrup
5220.0,10/01/2023,09:30:16,1.0,5.0,Lower Manhattan,16.0,8.95,Loose Tea,Chai tea,Traditional Blend Chai
5221.0,10/01/2023,09:30:27,2.0,3.0,Astoria,53.0,3.0,Tea,Brewed Chai tea,Traditional Blend Chai Lg
5222.0,10/01/2023,09:31:55,1.0,8.0,Hell's Kitchen,47.0,3.0,Tea,Brewed Green tea,Serenity Green Tea Lg
5223.0,10/01/2023,09:33:40,1.0,3.0,Astoria,46.0,2.5,Tea,Brewed Green tea,Serenity Green Tea Rg
5224.0,10/01/2023,09:34:18,2.0,5.0,Lower Manhattan,42.0,2.5,Tea,Brewed herbal tea,Lemon Grass Rg
5225.0,10/01/2023,09:34:49,2.0,5.0,Lower Manhattan,46.0,2.5,Tea,Brewed Green tea,Serenity Green Tea Rg
5226.0,10/01/2023,09:35:34,1.0,5.0,Lower Manhattan,52.0,2.5,Tea,Brewed Chai tea,Traditional Blend Chai Rg
5227.0,10/01/2023,09:35:45,1.0,3.0,Astoria,59.0,4.5,Drinking Chocolate,Hot chocolate,Dark chocolate Lg
5228.0,10/01/2023,09:36:10,2.0,5.0,Lower Manhattan,57.0,3.1,Tea,Brewed Chai tea,Spicy Eye Opener Chai Lg
5229.0,10/01/2023,09:36:10,1.0,5.0,Lower Manhattan,76.0,3.5,Bakery,Biscotti,Chocolate Chip Biscotti
5230.0,10/01/2023,09:36:43,1.0,3.0,Astoria,57.0,3.1,Tea,Brewed Chai tea,Spicy Eye Opener Chai Lg
5231.0,10/01/2023,09:36:46,1.0,3.0,Astoria,22.0,2.0,Coffee,Drip coffee,Our Old Time Diner Blend Sm
5232.0,10/01/2023,09:36:54,1.0,3.0,Astoria,41.0,4.25,Coffee,Barista Espresso,Cappuccino Lg
5233.0,10/01/2023,09:36:54,2.0,3.0,Astoria,63.0,0.8,Flavours,Regular syrup,Carmel syrup
5234.0,10/01/2023,09:37:06,2.0,3.0,Astoria,46.0,2.5,Tea,Brewed Green tea,Serenity Green Tea Rg
5235.0,10/01/2023,09:37:06,1.0,3.0,Astoria,71.0,3.75,Bakery,Pastry,Chocolate Croissant
5236.0,10/01/2023,09:38:29,1.0,5.0,Lower Manhattan,38.0,3.75,Coffee,Barista Espresso,Latte
5237.0,10/01/2023,09:38:29,2.0,5.0,Lower Manhattan,63.0,0.8,Flavours,Regular syrup,Carmel syrup
5238.0,10/01/2023,09:39:05,1.0,8.0,Hell's Kitchen,23.0,2.5,Coffee,Drip coffee,Our Old Time Diner Blend Rg
5239.0,10/01/2023,09:40:02,1.0,3.0,Astoria,26.0,3.0,Coffee,Organic brewed coffee,Brazilian Rg
5240.0,10/01/2023,09:41:10,2.0,3.0,Astoria,29.0,2.5,Coffee,Gourmet brewed coffee,Columbian Medium Roast Rg
5241.0,10/01/2023,09:41:10,1.0,3.0,Astoria,76.0,3.5,Bakery,Biscotti,Chocolate Chip Biscotti
5242.0,10/01/2023,09:41:23,1.0,5.0,Lower Manhattan,58.0,3.5,Drinking Chocolate,Hot chocolate,Dark chocolate Rg
5243.0,10/01/2023,09:42:32,2.0,8.0,Hell's Kitchen,43.0,3.0,Tea,Brewed herbal tea,Lemon Grass Lg
5244.0,10/01/2023,09:43:49,1.0,5.0,Lower Manhattan,27.0,3.5,Coffee,Organic brewed coffee,Brazilian Lg
5245.0,10/01/2023,09:43:49,1.0,5.0,Lower Manhattan,75.0,3.5,Bakery,Pastry,Croissant
5246.0,10/01/2023,09:44:24,2.0,3.0,Astoria,50.0,2.5,Tea,Brewed Black tea,Earl Grey Rg
5247.0,10/01/2023,09:44:24,1.0,3.0,Astoria,75.0,3.5,Bakery,Pastry,Croissant
5248.0,10/01/2023,09:44:32,2.0,3.0,Astoria,44.0,2.5,Tea,Brewed herbal tea,Peppermint Rg
5249.0,10/01/2023,09:44:51,1.0,5.0,Lower Manhattan,58.0,3.5,Drinking Chocolate,Hot chocolate,Dark chocolate Rg
5250.0,10/01/2023,09:44:51,1.0,5.0,Lower Manhattan,14.0,8.95,Loose Tea,Black tea,Earl Grey
5251.0,10/01/2023,09:45:13,2.0,3.0,Astoria,46.0,2.5,Tea,Brewed Green tea,Serenity Green Tea Rg
5252.0,10/01/2023,09:45:23,1.0,3.0,Astoria,57.0,3.1,Tea,Brewed Chai tea,Spicy Eye Opener Chai Lg
5253.0,10/01/2023,09:45:23,1.0,8.0,Hell's Kitchen,46.0,2.5,Tea,Brewed Green tea,Serenity Green Tea Rg
5254.0,10/01/2023,09:47:09,2.0,5.0,Lower Manhattan,34.0,2.45,Coffee,Premium brewed coffee,Jamaican Coffee River Sm
5255.0,10/01/2023,09:47:29,1.0,3.0,Astoria,42.0,2.5,Tea,Brewed herbal tea,Lemon Grass Rg
5256.0,10/01/2023,09:49:09,2.0,3.0,Astoria,39.0,4.25,Coffee,Barista Espresso,Latte Rg
5257.0,10/01/2023,09:49:09,2.0,3.0,Astoria,65.0,0.8,Flavours,Sugar free syrup,Sugar Free Vanilla syrup
5258.0,10/01/2023,09:49:21,2.0,3.0,Astoria,23.0,2.5,Coffee,Drip coffee,Our Old Time Diner Blend Rg
5259.0,10/01/2023,09:50:11,1.0,5.0,Lower Manhattan,55.0,4.0,Tea,Brewed Chai tea,Morning Sunrise Chai Lg
5260.0,10/01/2023,09:51:58,2.0,5.0,Lower Manhattan,47.0,3.0,Tea,Brewed Green tea,Serenity Green Tea Lg
5261.0,10/01/2023,09:53:49,2.0,3.0,Astoria,50.0,2.5,Tea,Brewed Black tea,Earl Grey Rg
5262.0,10/01/2023,09:55:13,2.0,8.0,Hell's Kitchen,46.0,2.5,Tea,Brewed Green tea,Serenity Green Tea Rg
5263.0,10/01/2023,09:55:13,,,Hell's Kitchen,17.0,,Loose Tea,Chai tea,Morning Sunrise Chai
,10/01/2023,09:56:16,2.0,,Lower Manhattan,53.0,,Tea,Brewed Chai tea,Traditional Blend Chai Lg
5265.0,10/01/2023,09:58:23,1.0,3.0,Astoria,22.0,2.0,Coffee,Drip coffee,Our Old Time Diner Blend Sm
5266.0,10/01/2023,09:58:46,2.0,5.0,Lower Manhattan,51.0,3.0,Tea,Brewed Black tea,Earl Grey Lg
5267.0,10/01/2023,10:00:26,1.0,3.0,Astoria,29.0,2.5,Coffee,Gourmet brewed coffee,Columbian Medium Roast Rg
5268.0,10/01/2023,10:00:37,2.0,5.0,Lower Manhattan,36.0,3.75,Coffee,Premium brewed coffee,Jamaican Coffee River Lg
5269.0,10/01/2023,10:00:50,1.0,3.0,Astoria,29.0,2.5,Coffee,Gourmet brewed coffee,Columbian Medium Roast Rg
5270.0,10/01/2023,10:00:50,1.0,3.0,Astoria,69.0,3.25,Bakery,Biscotti,Hazelnut Biscotti
5271.0,10/01/2023,10:01:28,2.0,5.0,Lower Manhattan,46.0,2.5,Tea,Brewed Green tea,Serenity Green Tea Rg
5272.0,10/01/2023,10:02:22,1.0,5.0,Lower Manhattan,22.0,2.0,Coffee,Drip coffee,Our Old Time Diner Blend Sm
5273.0,10/01/2023,10:02:22,1.0,5.0,Lower Manhattan,72.0,3.25,Bakery,Scone,Ginger Scone
5274.0,10/01/2023,10:02:39,1.0,3.0,Astoria,36.0,3.75,Coffee,Premium brewed coffee,Jamaican Coffee River Lg
5275.0,10/01/2023,10:02:43,2.0,8.0,Hell's Kitchen,35.0,3.1,Coffee,Premium brewed coffee,Jamaican Coffee River Rg
5276.0,10/01/2023,10:05:30,2.0,5.0,Lower Manhattan,43.0,3.0,Tea,Brewed herbal tea,Lemon Grass Lg
5277.0,10/01/2023,10:05:30,1.0,5.0,Lower Manhattan,71.0,3.75,Bakery,Pastry,Chocolate Croissant
5278.0,10/01/2023,10:05:44,2.0,5.0,Lower Manhattan,35.0,3.1,Coffee,Premium brewed coffee,Jamaican Coffee River Rg
5279.0,10/01/2023,10:05:44,1.0,5.0,Lower Manhattan,,,Bakery,Scone,Scottish Cream Scone 
5280.0,10/01/2023,10:06:27,2.0,5.0,Lower Manhattan,39.0,4.25,Coffee,Barista Espresso,Latte Rg
5281.0,10/01/2023,10:06:27,1.0,5.0,Lower Manhattan,63.0,0.8,Flavours,Regular syrup,Carmel syrup
5282.0,10/01/2023,10:07:03,1.0,8.0,Hell's Kitchen,40.0,3.75,Coffee,Barista Espresso,Cappuccino
5283.0,10/01/2023,10:07:03,1.0,8.0,Hell's Kitchen,65.0,0.8,Flavours,Sugar free syrup,Sugar Free Vanilla syrup
5284.0,10/01/2023,10:09:05,2.0,3.0,Astoria,53.0,3.0,Tea,Brewed Chai tea,Traditional Blend Chai Lg
5285.0,10/01/2023,10:09:05,1.0,3.0,Astoria,70.0,3.25,Bakery,Scone,Cranberry Scone
5286.0,10/01/2023,10:09:38,1.0,5.0,Lower Manhattan,33.0,3.5,Coffee,Gourmet brewed coffee,Ethiopia Lg
5287.0,10/01/2023,10:09:38,1.0,5.0,Lower Manhattan,75.0,3.5,Bakery,Pastry,Croissant
5288.0,10/01/2023,10:09:53,1.0,5.0,Lower Manhattan,50.0,2.5,Tea,Brewed Black tea,Earl Grey Rg
5289.0,10/01/2023,10:11:11,1.0,3.0,Astoria,54.0,2.5,Tea,Brewed Chai tea,Morning Sunrise Chai Rg
5290.0,10/01/2023,10:12:55,1.0,8.0,Hell's Kitchen,71.0,3.75,Bakery,Pastry,Chocolate Croissant
5291.0,10/01/2023,10:13:51,1.0,5.0,Lower Manhattan,35.0,3.1,Coffee,Premium brewed coffee,Jamaican Coffee River Rg
5292.0,10/01/2023,10:14:08,1.0,5.0,Lower Manhattan,34.0,2.45,Coffee,Premium brewed coffee,Jamaican Coffee River Sm
5293.0,10/01/2023,10:17:18,1.0,3.0,Astoria,33.0,3.5,Coffee,Gourmet brewed coffee,Ethiopia Lg
5294.0,10/01/2023,10:18:05,1.0,3.0,Astoria,30.0,3.0,Coffee,Gourmet brewed coffee,Columbian Medium Roast Lg
5295.0,10/01/2023,10:18:16,2.0,3.0,Astoria,52.0,2.5,Tea,Brewed Chai tea,Traditional Blend Chai Rg
5296.0,10/01/2023,10:20:39,2.0,5.0,Lower Manhattan,59.0,4.5,Drinking Chocolate,Hot chocolate,Dark chocolate Lg
5297.0,10/01/2023,10:21:47,2.0,5.0,Lower Manhattan,36.0,3.75,Coffee,Premium brewed coffee,Jamaican Coffee River Lg
5298.0,10/01/2023,10:22:37,1.0,8.0,Hell's Kitchen,27.0,3.5,Coffee,Organic brewed coffee,Brazilian Lg
5299.0,10/01/2023,10:22:41,2.0,3.0,Astoria,24.0,3.0,Coffee,Drip coffee,Our Old Time Diner Blend Lg
5300.0,10/01/2023,10:23:19,1.0,8.0,Hell's Kitchen,22.0,2.0,Coffee,Drip coffee,Our Old Time Diner Blend Sm
5301.0,10/01/2023,10:24:43,2.0,3.0,Astoria,56.0,2.55,Tea,Brewed Chai tea,Spicy Eye Opener Chai Rg
5302.0,10/01/2023,10:25:29,2.0,8.0,Hell's Kitchen,25.0,2.2,Coffee,Organic brewed coffee,Brazilian Sm
5303.0,10/01/2023,10:25:42,2.0,8.0,Hell's Kitchen,41.0,4.25,Coffee,Barista Espresso,Cappuccino Lg
5304.0,10/01/2023,10:25:42,1.0,8.0,Hell's Kitchen,65.0,0.8,Flavours,Sugar free syrup,Sugar Free Vanilla syrup
5305.0,10/01/2023,10:26:19,2.0,8.0,Hell's Kitchen,44.0,2.5,Tea,Brewed herbal tea,Peppermint Rg
5306.0,10/01/2023,10:27:23,2.0,3.0,Astoria,45.0,3.0,Tea,Brewed herbal tea,Peppermint Lg
5307.0,10/01/2023,10:28:19,1.0,5.0,Lower Manhattan,35.0,3.1,Coffee,Premium brewed coffee,Jamaican Coffee River Rg
,10/01/2023,10:28:49,1.0,5.0,Lower Manhattan,58.0,,Drinking Chocolate,Hot chocolate,Dark chocolate Rg
5309.0,10/01/2023,10:28:49,1.0,5.0,Lower Manhattan,77.0,3.0,Bakery,Scone,Oatmeal Scone
5310.0,10/01/2023,10:30:01,2.0,8.0,Hell's Kitchen,32.0,3.0,Coffee,Gourmet brewed coffee,Ethiopia Rg
5311.0,10/01/2023,10:30:28,2.0,3.0,Astoria,29.0,2.5,Coffee,Gourmet brewed coffee,Columbian Medium Roast Rg
5312.0,10/01/2023,10:32:57,1.0,5.0,Lower Manhattan,50.0,2.5,Tea,Brewed Black tea,Earl Grey Rg
5313.0,10/01/2023,10:34:40,1.0,8.0,Hell's Kitchen,30.0,3.0,Coffee,Gourmet brewed coffee,Columbian Medium Roast Lg
5314.0,10/01/2023,10:35:59,2.0,5.0,Lower Manhattan,29.0,2.5,Coffee,Gourmet brewed coffee,Columbian Medium Roast Rg
5315.0,10/01/2023,10:36:18,2.0,8.0,Hell's Kitchen,59.0,4.5,Drinking Chocolate,Hot chocolate,Dark chocolate Lg
5316.0,10/01/2023,10:36:38,1.0,5.0,Lower Manhattan,33.0,3.5,Coffee,Gourmet brewed coffee,Ethiopia Lg
5317.0,10/01/2023,10:38:03,2.0,5.0,Lower Manhattan,58.0,3.5,Drinking Chocolate,Hot chocolate,Dark chocolate Rg
5318.0,10/01/2023,10:38:46,1.0,3.0,Astoria,31.0,2.2,Coffee,Gourmet brewed coffee,Ethiopia Sm
5319.0,10/01/2023,10:39:11,2.0,3.0,Astoria,26.0,3.0,Coffee,Organic brewed coffee,Brazilian Rg
5320.0,10/01/2023,10:39:49,2.0,8.0,Hell's Kitchen,40.0,3.75,Coffee,Barista Espresso,Cappuccino
5321.0,10/01/2023,10:39:49,2.0,8.0,Hell's Kitchen,63.0,0.8,Flavours,Regular syrup,Carmel syrup
5322.0,10/01/2023,10:39:49,1.0,8.0,Hell's Kitchen,75.0,3.5,Bakery,Pastry,Croissant
5323.0,10/01/2023,10:44:10,2.0,8.0,Hell's Kitchen,33.0,3.5,Coffee,Gourmet brewed coffee,Ethiopia Lg
5324.0,10/01/2023,10:47:03,1.0,8.0,Hell's Kitchen,44.0,2.5,Tea,Brewed herbal tea,Peppermint Rg
5325.0,10/01/2023,10:50:14,1.0,3.0,Astoria,48.0,2.5,Tea,Brewed Black tea,English Breakfast Rg
5326.0,10/01/2023,10:50:29,2.0,8.0,Hell's Kitchen,31.0,2.2,Coffee,Gourmet brewed coffee,Ethiopia Sm
5327.0,10/01/2023,10:51:27,2.0,8.0,Hell's Kitchen,27.0,3.5,Coffee,Organic brewed coffee,Brazilian Lg
5328.0,10/01/2023,10:53:46,1.0,3.0,Astoria,25.0,2.2,Coffee,Organic brewed coffee,Brazilian Sm
5329.0,10/01/2023,10:53:46,1.0,3.0,Astoria,70.0,3.25,Bakery,Scone,Cranberry Scone
5330.0,10/01/2023,10:54:29,2.0,3.0,Astoria,57.0,3.1,Tea,Brewed Chai tea,Spicy Eye Opener Chai Lg
5331.0,10/01/2023,10:54:29,1.0,3.0,Astoria,4.0,20.45,Coffee beans,Espresso Beans,Primo Espresso Roast
5332.0,10/01/2023,10:55:40,1.0,3.0,Astoria,71.0,3.75,Bakery,Pastry,Chocolate Croissant
5333.0,10/01/2023,10:56:21,1.0,3.0,Astoria,55.0,4.0,Tea,Brewed Chai tea,Morning Sunrise Chai Lg
5334.0,10/01/2023,10:56:21,1.0,3.0,Astoria,74.0,3.5,Bakery,Biscotti,Ginger Biscotti
5335.0,10/01/2023,10:57:11,2.0,8.0,Hell's Kitchen,61.0,4.75,Drinking Chocolate,Hot chocolate,Sustainably Grown Organic Lg
5336.0,10/01/2023,10:58:42,1.0,8.0,Hell's Kitchen,51.0,3.0,Tea,Brewed Black tea,Earl Grey Lg
5337.0,10/01/2023,10:59:09,2.0,8.0,Hell's Kitchen,56.0,2.55,Tea,Brewed Chai tea,Spicy Eye Opener Chai Rg
5338.0,10/01/2023,10:59:43,1.0,8.0,Hell's Kitchen,26.0,3.0,Coffee,Organic brewed coffee,Brazilian Rg
,10/01/2023,11:00:29,,8.0,Hell's Kitchen,,3.0,Coffee,Barista Espresso,Ouro Brasileiro shot
5340.0,10/01/2023,11:07:04,2.0,8.0,Hell's Kitchen,39.0,4.25,Coffee,Barista Espresso,Latte Rg
5341.0,10/01/2023,11:07:04,1.0,8.0,Hell's Kitchen,64.0,0.8,Flavours,Regular syrup,Hazelnut syrup
5342.0,10/01/2023,11:07:48,2.0,8.0,Hell's Kitchen,48.0,2.5,Tea,Brewed Black tea,English Breakfast Rg
5343.0,10/01/2023,11:07:48,1.0,8.0,Hell's Kitchen,79.0,3.75,Bakery,Scone,Jumbo Savory Scone
5344.0,10/01/2023,11:08:28,2.0,5.0,Lower Manhattan,49.0,3.0,Tea,Brewed Black tea,English Breakfast Lg
,10/01/2023,11:09:14,,8.0,Hell's Kitchen,,3.0,Tea,Brewed Black tea,Earl Grey Lg
5346.0,10/01/2023,11:10:45,1.0,8.0,Hell's Kitchen,47.0,3.0,Tea,Brewed Green tea,Serenity Green Tea Lg
5347.0,10/01/2023,11:11:33,2.0,8.0,Hell's Kitchen,87.0,3.0,Coffee,Barista Espresso,Ouro Brasileiro shot
5348.0,10/01/2023,11:12:31,1.0,3.0,Astoria,42.0,2.5,Tea,Brewed herbal tea,Lemon Grass Rg
5349.0,10/01/2023,11:12:52,2.0,5.0,Lower Manhattan,33.0,3.5,Coffee,Gourmet brewed coffee,Ethiopia Lg
5350.0,10/01/2023,11:12:52,1.0,5.0,Lower Manhattan,75.0,3.5,Bakery,Pastry,Croissant
5351.0,10/01/2023,11:13:05,1.0,8.0,Hell's Kitchen,26.0,3.0,Coffee,Organic brewed coffee,Brazilian Rg
5352.0,10/01/2023,11:14:30,1.0,3.0,Astoria,22.0,2.0,Coffee,Drip coffee,Our Old Time Diner Blend Sm
5353.0,10/01/2023,11:15:29,2.0,5.0,Lower Manhattan,22.0,2.0,Coffee,Drip coffee,Our Old Time Diner Blend Sm
5354.0,10/01/2023,11:16:42,1.0,5.0,Lower Manhattan,53.0,3.0,Tea,Brewed Chai tea,Traditional Blend Chai Lg
5355.0,10/01/2023,11:16:42,1.0,5.0,Lower Manhattan,77.0,3.0,Bakery,Scone,Oatmeal Scone
5356.0,10/01/2023,11:17:03,1.0,8.0,Hell's Kitchen,54.0,2.5,Tea,Brewed Chai tea,Morning Sunrise Chai Rg
5357.0,10/01/2023,11:17:03,1.0,8.0,Hell's Kitchen,82.0,12.0,Branded,Housewares,I Need My Bean! Diner mug
5358.0,10/01/2023,11:19:13,1.0,8.0,Hell's Kitchen,54.0,2.5,Tea,Brewed Chai tea,Morning Sunrise Chai Rg
,10/01/2023,11:19:55,,3.0,Astoria,,3.75,Coffee,Barista Espresso,Latte
,10/01/2023,11:19:55,2.0,3.0,Astoria,,,Flavours,Regular syrup,Hazelnut syrup
5361.0,10/01/2023,11:20:17,2.0,5.0,Lower Manhattan,39.0,4.25,Coffee,Barista Espresso,Latte Rg
5362.0,10/01/2023,11:20:17,2.0,5.0,Lower Manhattan,84.0,0.8,Flavours,Regular syrup,Chocolate syrup
5363.0,10/01/2023,11:20:59,1.0,5.0,Lower Manhattan,51.0,3.0,Tea,Brewed Black tea,Earl Grey Lg
5364.0,10/01/2023,11:22:53,2.0,5.0,Lower Manhattan,25.0,2.2,Coffee,Organic brewed coffee,Brazilian Sm
5365.0,10/01/2023,11:22:53,1.0,5.0,Lower Manhattan,7.0,19.75,Coffee beans,Premium Beans,Jamacian Coffee River
5366.0,10/01/2023,11:25:51,2.0,8.0,Hell's Kitchen,41.0,4.25,Coffee,Barista Espresso,Cappuccino Lg
5367.0,10/01/2023,11:25:51,1.0,8.0,Hell's Kitchen,84.0,0.8,Flavours,Regular syrup,Chocolate syrup
5368.0,10/01/2023,11:27:39,1.0,3.0,Astoria,31.0,2.2,Coffee,Gourmet brewed coffee,Ethiopia Sm
5369.0,10/01/2023,11:33:40,2.0,8.0,Hell's Kitchen,22.0,2.0,Coffee,Drip coffee,Our Old Time Diner Blend Sm
5370.0,10/01/2023,11:40:41,2.0,3.0,Astoria,30.0,3.0,Coffee,Gourmet brewed coffee,Columbian Medium Roast Lg
5371.0,10/01/2023,11:43:26,1.0,5.0,Lower Manhattan,29.0,2.5,Coffee,Gourmet brewed coffee,Columbian Medium Roast Rg
5372.0,10/01/2023,11:45:08,1.0,3.0,Astoria,23.0,2.5,Coffee,Drip coffee,Our Old Time Diner Blend Rg
5373.0,10/01/2023,11:55:05,1.0,5.0,Lower Manhattan,23.0,2.5,Coffee,Drip coffee,Our Old Time Diner Blend Rg
5374.0,10/01/2023,11:55:25,1.0,5.0,Lower Manhattan,27.0,3.5,Coffee,Organic brewed coffee,Brazilian Lg
5375.0,10/01/2023,11:55:25,1.0,5.0,Lower Manhattan,82.0,12.0,Branded,Housewares,I Need My Bean! Diner mug
5376.0,10/01/2023,11:56:58,2.0,3.0,Astoria,49.0,3.0,Tea,Brewed Black tea,English Breakfast Lg
5377.0,10/01/2023,11:57:14,2.0,5.0,Lower Manhattan,58.0,3.5,Drinking Chocolate,Hot chocolate,Dark chocolate Rg
5378.0,10/01/2023,11:57:14,,,Lower Manhattan,71.0,3.75,Bakery,Pastry,Chocolate Croissant
5379.0,10/01/2023,12:02:46,2.0,5.0,Lower Manhattan,22.0,2.0,Coffee,Drip coffee,Our Old Time Diner Blend Sm
5380.0,10/01/2023,12:06:35,2.0,3.0,Astoria,53.0,3.0,Tea,Brewed Chai tea,Traditional Blend Chai Lg
5381.0,10/01/2023,12:06:35,1.0,3.0,Astoria,72.0,3.25,Bakery,Scone,Ginger Scone
5382.0,10/01/2023,12:08:17,1.0,8.0,Hell's Kitchen,41.0,4.25,Coffee,Barista Espresso,Cappuccino Lg
5383.0,10/01/2023,12:10:18,1.0,5.0,Lower Manhattan,36.0,3.75,Coffee,Premium brewed coffee,Jamaican Coffee River Lg
5384.0,10/01/2023,12:13:44,2.0,8.0,Hell's Kitchen,44.0,2.5,Tea,Brewed herbal tea,Peppermint Rg
5385.0,10/01/2023,12:13:53,1.0,3.0,Astoria,54.0,2.5,Tea,Brewed Chai tea,Morning Sunrise Chai Rg
5386.0,10/01/2023,12:14:37,2.0,3.0,Astoria,60.0,3.75,Drinking Chocolate,Hot chocolate,Sustainably Grown Organic Rg
5387.0,10/01/2023,12:19:03,1.0,3.0,Astoria,24.0,3.0,Coffee,Drip coffee,Our Old Time Diner Blend Lg
5388.0,10/01/2023,12:21:09,1.0,3.0,Astoria,38.0,3.75,Coffee,Barista Espresso,Latte
5389.0,10/01/2023,12:31:02,2.0,8.0,Hell's Kitchen,57.0,3.1,Tea,Brewed Chai tea,Spicy Eye Opener Chai Lg
5390.0,10/01/2023,12:36:37,1.0,8.0,Hell's Kitchen,33.0,3.5,Coffee,Gourmet brewed coffee,Ethiopia Lg
5391.0,10/01/2023,12:40:21,1.0,3.0,Astoria,22.0,2.0,Coffee,Drip coffee,Our Old Time Diner Blend Sm
5392.0,10/01/2023,12:45:47,1.0,5.0,Lower Manhattan,32.0,3.0,Coffee,Gourmet brewed coffee,Ethiopia Rg
5393.0,10/01/2023,12:45:47,1.0,5.0,Lower Manhattan,1.0,18.0,Coffee beans,Organic Beans,Brazilian - Organic
5394.0,10/01/2023,12:57:28,1.0,8.0,Hell's Kitchen,55.0,4.0,Tea,Brewed Chai tea,Morning Sunrise Chai Lg
5395.0,10/01/2023,13:05:51,2.0,5.0,Lower Manhattan,50.0,2.5,Tea,Brewed Black tea,Earl Grey Rg
5396.0,10/01/2023,13:15:28,1.0,8.0,Hell's Kitchen,39.0,4.25,Coffee,Barista Espresso,Latte Rg
5397.0,10/01/2023,13:15:28,2.0,8.0,Hell's Kitchen,84.0,0.8,Flavours,Regular syrup,Chocolate syrup
5398.0,10/01/2023,13:15:51,2.0,3.0,Astoria,59.0,4.5,Drinking Chocolate,Hot chocolate,Dark chocolate Lg
5399.0,10/01/2023,13:15:51,1.0,3.0,Astoria,76.0,3.5,Bakery,Biscotti,Chocolate Chip Biscotti
5400.0,10/01/2023,13:23:08,1.0,3.0,Astoria,42.0,2.5,Tea,Brewed herbal tea,Lemon Grass Rg
5401.0,10/01/2023,13:25:51,1.0,3.0,Astoria,46.0,2.5,Tea,Brewed Green tea,Serenity Green Tea Rg
5402.0,10/01/2023,13:34:29,2.0,3.0,Astoria,50.0,2.5,Tea,Brewed Black tea,Earl Grey Rg
5403.0,10/01/2023,13:35:10,1.0,8.0,Hell's Kitchen,37.0,3.0,Coffee,Barista Espresso,Espresso shot
5404.0,10/01/2023,13:35:10,2.0,8.0,Hell's Kitchen,65.0,0.8,Flavours,Sugar free syrup,Sugar Free Vanilla syrup
5405.0,10/01/2023,13:35:45,1.0,5.0,Lower Manhattan,23.0,2.5,Coffee,Drip coffee,Our Old Time Diner Blend Rg
5406.0,10/01/2023,13:35:45,1.0,5.0,Lower Manhattan,74.0,3.5,Bakery,Biscotti,Ginger Biscotti
,10/01/2023,13:38:16,2.0,3.0,Astoria,58.0,,Drinking Chocolate,Hot chocolate,Dark chocolate Rg
5408.0,10/01/2023,13:38:16,1.0,3.0,Astoria,72.0,3.25,Bakery,Scone,Ginger Scone
5409.0,10/01/2023,13:38:47,2.0,3.0,Astoria,25.0,2.2,Coffee,Organic brewed coffee,Brazilian Sm
5410.0,10/01/2023,13:38:47,1.0,3.0,Astoria,73.0,3.75,Bakery,Pastry,Almond Croissant
5411.0,10/01/2023,13:40:39,1.0,3.0,Astoria,26.0,3.0,Coffee,Organic brewed coffee,Brazilian Rg
5412.0,10/01/2023,13:41:12,2.0,8.0,Hell's Kitchen,49.0,3.0,Tea,Brewed Black tea,English Breakfast Lg
5413.0,10/01/2023,13:47:07,1.0,8.0,Hell's Kitchen,50.0,2.5,Tea,Brewed Black tea,Earl Grey Rg
5414.0,10/01/2023,13:48:07,2.0,5.0,Lower Manhattan,50.0,2.5,Tea,Brewed Black tea,Earl Grey Rg
5415.0,10/01/2023,13:49:12,1.0,,Lower Manhattan,22.0,,Coffee,Drip coffee,Our Old Time Diner Blend Sm
5416.0,10/01/2023,13:50:40,2.0,5.0,Lower Manhattan,30.0,3.0,Coffee,Gourmet brewed coffee,Columbian Medium Roast Lg
5417.0,10/01/2023,13:50:40,1.0,5.0,Lower Manhattan,76.0,3.5,Bakery,Biscotti,Chocolate Chip Biscotti
5418.0,10/01/2023,13:52:54,2.0,8.0,Hell's Kitchen,28.0,2.0,Coffee,Gourmet brewed coffee,Columbian Medium Roast Sm
5419.0,10/01/2023,13:53:27,1.0,8.0,Hell's Kitchen,46.0,2.5,Tea,Brewed Green tea,Serenity Green Tea Rg
5420.0,10/01/2023,13:54:16,2.0,5.0,Lower Manhattan,54.0,2.5,Tea,Brewed Chai tea,Morning Sunrise Chai Rg
5421.0,10/01/2023,13:56:33,1.0,5.0,Lower Manhattan,28.0,2.0,Coffee,Gourmet brewed coffee,Columbian Medium Roast Sm
5422.0,10/01/2023,13:56:33,1.0,5.0,Lower Manhattan,73.0,3.75,Bakery,Pastry,Almond Croissant
5423.0,10/01/2023,13:58:05,1.0,3.0,Astoria,60.0,3.75,Drinking Chocolate,Hot chocolate,Sustainably Grown Organic Rg
5424.0,10/01/2023,14:00:07,2.0,8.0,Hell's Kitchen,58.0,3.5,Drinking Chocolate,Hot chocolate,Dark chocolate Rg
5425.0,10/01/2023,14:01:04,2.0,5.0,Lower Manhattan,24.0,3.0,Coffee,Drip coffee,Our Old Time Diner Blend Lg
5426.0,10/01/2023,14:01:33,2.0,8.0,Hell's Kitchen,31.0,2.2,Coffee,Gourmet brewed coffee,Ethiopia Sm
5427.0,10/01/2023,14:01:33,1.0,8.0,Hell's Kitchen,77.0,3.0,Bakery,Scone,Oatmeal Scone
5428.0,10/01/2023,14:01:56,2.0,,Lower Manhattan,29.0,,Coffee,Gourmet brewed coffee,Columbian Medium Roast Rg
5429.0,10/01/2023,14:03:04,2.0,8.0,Hell's Kitchen,50.0,2.5,Tea,Brewed Black tea,Earl Grey Rg
5430.0,10/01/2023,14:05:26,1.0,8.0,Hell's Kitchen,87.0,3.0,Coffee,Barista Espresso,Ouro Brasileiro shot
5431.0,10/01/2023,14:13:48,1.0,8.0,Hell's Kitchen,33.0,3.5,Coffee,Gourmet brewed coffee,Ethiopia Lg
5432.0,10/01/2023,14:16:49,2.0,3.0,Astoria,22.0,2.0,Coffee,Drip coffee,Our Old Time Diner Blend Sm
5433.0,10/01/2023,14:20:22,2.0,5.0,Lower Manhattan,,,Coffee,Gourmet brewed coffee,Ethiopia Rg
5434.0,10/01/2023,14:20:22,1.0,5.0,Lower Manhattan,79.0,3.75,Bakery,Scone,Jumbo Savory Scone
5435.0,10/01/2023,14:24:26,2.0,3.0,Astoria,59.0,4.5,Drinking Chocolate,Hot chocolate,Dark chocolate Lg
5436.0,10/01/2023,14:25:38,2.0,8.0,Hell's Kitchen,34.0,2.45,Coffee,Premium brewed coffee,Jamaican Coffee River Sm
5437.0,10/01/2023,14:28:10,1.0,5.0,Lower Manhattan,58.0,3.5,Drinking Chocolate,Hot chocolate,Dark chocolate Rg
5438.0,10/01/2023,14:28:11,1.0,8.0,Hell's Kitchen,44.0,2.5,Tea,Brewed herbal tea,Peppermint Rg
5439.0,10/01/2023,14:35:13,2.0,3.0,Astoria,36.0,3.75,Coffee,Premium brewed coffee,Jamaican Coffee River Lg
5440.0,10/01/2023,14:35:13,1.0,3.0,Astoria,76.0,3.5,Bakery,Biscotti,Chocolate Chip Biscotti
5441.0,10/01/2023,14:35:15,2.0,5.0,Lower Manhattan,52.0,2.5,Tea,Brewed Chai tea,Traditional Blend Chai Rg
5442.0,10/01/2023,14:35:15,1.0,5.0,Lower Manhattan,79.0,3.75,Bakery,Scone,Jumbo Savory Scone
5443.0,10/01/2023,14:35:28,1.0,8.0,Hell's Kitchen,37.0,3.0,Coffee,Barista Espresso,Espresso shot
5444.0,10/01/2023,14:35:28,2.0,8.0,Hell's Kitchen,63.0,0.8,Flavours,Regular syrup,Carmel syrup
5445.0,10/01/2023,14:36:47,1.0,3.0,Astoria,34.0,2.45,Coffee,Premium brewed coffee,Jamaican Coffee River Sm
5446.0,10/01/2023,14:37:40,2.0,8.0,Hell's Kitchen,41.0,4.25,Coffee,Barista Espresso,Cappuccino Lg
5447.0,10/01/2023,14:37:40,2.0,8.0,Hell's Kitchen,65.0,0.8,Flavours,Sugar free syrup,Sugar Free Vanilla syrup
5448.0,10/01/2023,14:43:54,1.0,5.0,Lower Manhattan,44.0,2.5,Tea,Brewed herbal tea,Peppermint Rg
5449.0,10/01/2023,14:44:06,2.0,5.0,Lower Manhattan,25.0,2.2,Coffee,Organic brewed coffee,Brazilian Sm
5450.0,10/01/2023,14:46:26,2.0,3.0,Astoria,27.0,3.5,Coffee,Organic brewed coffee,Brazilian Lg
5451.0,10/01/2023,14:48:37,1.0,5.0,Lower Manhattan,28.0,2.0,Coffee,Gourmet brewed coffee,Columbian Medium Roast Sm
5452.0,10/01/2023,14:51:08,2.0,3.0,Astoria,35.0,3.1,Coffee,Premium brewed coffee,Jamaican Coffee River Rg
5453.0,10/01/2023,14:51:08,1.0,3.0,Astoria,82.0,12.0,Branded,Housewares,I Need My Bean! Diner mug
5454.0,10/01/2023,14:51:33,1.0,5.0,Lower Manhattan,58.0,3.5,Drinking Chocolate,Hot chocolate,Dark chocolate Rg
5455.0,10/01/2023,14:51:51,2.0,3.0,Astoria,24.0,3.0,Coffee,Drip coffee,Our Old Time Diner Blend Lg
5456.0,10/01/2023,14:52:44,2.0,5.0,Lower Manhattan,30.0,3.0,Coffee,Gourmet brewed coffee,Columbian Medium Roast Lg
5457.0,10/01/2023,14:55:20,1.0,3.0,Astoria,46.0,2.5,Tea,Brewed Green tea,Serenity Green Tea Rg
5458.0,10/01/2023,14:58:33,2.0,5.0,Lower Manhattan,41.0,4.25,Coffee,Barista Espresso,Cappuccino Lg
5459.0,10/01/2023,14:58:33,1.0,5.0,Lower Manhattan,65.0,0.8,Flavours,Sugar free syrup,Sugar Free Vanilla syrup
5460.0,10/01/2023,14:58:33,1.0,5.0,Lower Manhattan,69.0,3.25,Bakery,Biscotti,Hazelnut Biscotti
5461.0,10/01/2023,15:10:30,2.0,5.0,Lower Manhattan,24.0,3.0,Coffee,Drip coffee,Our Old Time Diner Blend Lg
5462.0,10/01/2023,15:10:30,1.0,5.0,Lower Manhattan,70.0,3.25,Bakery,Scone,Cranberry Scone
5463.0,10/01/2023,15:14:40,2.0,8.0,Hell's Kitchen,42.0,2.5,Tea,Brewed herbal tea,Lemon Grass Rg
5464.0,10/01/2023,15:14:40,1.0,8.0,Hell's Kitchen,76.0,3.5,Bakery,Biscotti,Chocolate Chip Biscotti
5465.0,10/01/2023,15:15:11,1.0,5.0,Lower Manhattan,59.0,4.5,Drinking Chocolate,Hot chocolate,Dark chocolate Lg
5466.0,10/01/2023,15:20:05,2.0,3.0,Astoria,54.0,2.5,Tea,Brewed Chai tea,Morning Sunrise Chai Rg
5467.0,10/01/2023,15:23:01,2.0,3.0,Astoria,40.0,3.75,Coffee,Barista Espresso,Cappuccino
5468.0,10/01/2023,15:23:01,1.0,3.0,Astoria,64.0,0.8,Flavours,Regular syrup,Hazelnut syrup
5469.0,10/01/2023,15:25:29,1.0,8.0,Hell's Kitchen,48.0,2.5,Tea,Brewed Black tea,English Breakfast Rg
5470.0,10/01/2023,15:25:44,2.0,8.0,Hell's Kitchen,32.0,3.0,Coffee,Gourmet brewed coffee,Ethiopia Rg
5471.0,10/01/2023,15:25:44,1.0,8.0,Hell's Kitchen,70.0,3.25,Bakery,Scone,Cranberry Scone
5472.0,10/01/2023,15:26:02,2.0,5.0,Lower Manhattan,25.0,2.2,Coffee,Organic brewed coffee,Brazilian Sm
5473.0,10/01/2023,15:26:02,1.0,5.0,Lower Manhattan,79.0,3.75,Bakery,Scone,Jumbo Savory Scone
5474.0,10/01/2023,15:27:02,2.0,3.0,Astoria,61.0,4.75,Drinking Chocolate,Hot chocolate,Sustainably Grown Organic Lg
5475.0,10/01/2023,15:33:07,2.0,8.0,Hell's Kitchen,54.0,2.5,Tea,Brewed Chai tea,Morning Sunrise Chai Rg
5476.0,10/01/2023,15:33:07,1.0,8.0,Hell's Kitchen,69.0,3.25,Bakery,Biscotti,Hazelnut Biscotti
5477.0,10/01/2023,15:38:50,2.0,5.0,Lower Manhattan,36.0,3.75,Coffee,Premium brewed coffee,Jamaican Coffee River Lg
5478.0,10/01/2023,15:40:29,1.0,8.0,Hell's Kitchen,33.0,3.5,Coffee,Gourmet brewed coffee,Ethiopia Lg
5479.0,10/01/2023,15:40:29,1.0,8.0,Hell's Kitchen,78.0,4.5,Bakery,Scone,Scottish Cream Scone 
5480.0,10/01/2023,15:40:29,1.0,8.0,Hell's Kitchen,14.0,8.95,Loose Tea,Black tea,Earl Grey
5481.0,10/01/2023,15:43:15,1.0,3.0,Astoria,25.0,2.2,Coffee,Organic brewed coffee,Brazilian Sm
,10/01/2023,15:45:08,,3.0,Astoria,51.0,,Tea,Brewed Black tea,Earl Grey Lg
5483.0,10/01/2023,15:54:36,2.0,5.0,Lower Manhattan,30.0,3.0,Coffee,Gourmet brewed coffee,Columbian Medium Roast Lg
5484.0,10/01/2023,16:08:30,2.0,3.0,Astoria,39.0,4.25,Coffee,Barista Espresso,Latte Rg
5485.0,10/01/2023,16:08:42,1.0,5.0,Lower Manhattan,60.0,3.75,Drinking Chocolate,Hot chocolate,Sustainably Grown Organic Rg
5486.0,10/01/2023,16:10:18,1.0,3.0,Astoria,42.0,2.5,Tea,Brewed herbal tea,Lemon Grass Rg
5487.0,10/01/2023,16:11:22,2.0,5.0,Lower Manhattan,42.0,2.5,Tea,Brewed herbal tea,Lemon Grass Rg
5488.0,10/01/2023,16:19:11,1.0,3.0,Astoria,38.0,3.75,Coffee,Barista Espresso,Latte
5489.0,10/01/2023,16:19:11,1.0,3.0,Astoria,63.0,0.8,Flavours,Regular syrup,Carmel syrup
5490.0,10/01/2023,16:19:11,1.0,3.0,Astoria,76.0,3.5,Bakery,Biscotti,Chocolate Chip Biscotti
5491.0,10/01/2023,16:26:35,1.0,5.0,Lower Manhattan,58.0,3.5,Drinking Chocolate,Hot chocolate,Dark chocolate Rg
5492.0,10/01/2023,16:27:01,2.0,5.0,Lower Manhattan,61.0,4.75,Drinking Chocolate,Hot chocolate,Sustainably Grown Organic Lg
5493.0,10/01/2023,16:27:06,2.0,5.0,Lower Manhattan,45.0,3.0,Tea,Brewed herbal tea,Peppermint Lg
5494.0,10/01/2023,16:27:55,2.0,8.0,Hell's Kitchen,57.0,3.1,Tea,Brewed Chai tea,Spicy Eye Opener Chai Lg
,10/01/2023,16:29:37,,5.0,Lower Manhattan,28.0,2.0,Coffee,Gourmet brewed coffee,Columbian Medium Roast Sm
5496.0,10/01/2023,16:31:25,1.0,5.0,Lower Manhattan,55.0,4.0,Tea,Brewed Chai tea,Morning Sunrise Chai Lg
5497.0,10/01/2023,16:41:13,2.0,8.0,Hell's Kitchen,38.0,3.75,Coffee,Barista Espresso,Latte
5498.0,10/01/2023,16:41:13,2.0,8.0,Hell's Kitchen,65.0,0.8,Flavours,Sugar free syrup,Sugar Free Vanilla syrup
5499.0,10/01/2023,16:41:22,1.0,5.0,Lower Manhattan,46.0,2.5,Tea,Brewed Green tea,Serenity Green Tea Rg
5500.0,10/01/2023,16:41:52,2.0,5.0,Lower Manhattan,32.0,3.0,Coffee,Gourmet brewed coffee,Ethiopia Rg
5501.0,10/01/2023,16:43:04,2.0,3.0,Astoria,60.0,3.75,Drinking Chocolate,Hot chocolate,Sustainably Grown Organic Rg
5502.0,10/01/2023,16:45:01,2.0,8.0,Hell's Kitchen,48.0,2.5,Tea,Brewed Black tea,English Breakfast Rg
5503.0,10/01/2023,16:46:24,1.0,3.0,Astoria,22.0,2.0,Coffee,Drip coffee,Our Old Time Diner Blend Sm
5504.0,10/01/2023,16:46:32,2.0,5.0,Lower Manhattan,23.0,2.5,Coffee,Drip coffee,Our Old Time Diner Blend Rg
,10/01/2023,16:50:43,,8.0,Hell's Kitchen,46.0,,Tea,Brewed Green tea,Serenity Green Tea Rg
5506.0,10/01/2023,16:50:43,1.0,8.0,Hell's Kitchen,12.0,8.95,Loose Tea,Herbal tea,Peppermint
5507.0,10/01/2023,16:54:35,2.0,5.0,Lower Manhattan,26.0,3.0,Coffee,Organic brewed coffee,Brazilian Rg
5508.0,10/01/2023,16:58:45,2.0,5.0,Lower Manhattan,22.0,2.0,Coffee,Drip coffee,Our Old Time Diner Blend Sm
5509.0,10/01/2023,17:01:23,1.0,5.0,Lower Manhattan,48.0,2.5,Tea,Brewed Black tea,English Breakfast Rg
5510.0,10/01/2023,17:06:46,2.0,3.0,Astoria,56.0,2.55,Tea,Brewed Chai tea,Spicy Eye Opener Chai Rg
5511.0,10/01/2023,17:07:04,2.0,8.0,Hell's Kitchen,26.0,3.0,Coffee,Organic brewed coffee,Brazilian Rg
5512.0,10/01/2023,17:08:22,1.0,8.0,Hell's Kitchen,56.0,2.55,Tea,Brewed Chai tea,Spicy Eye Opener Chai Rg
5513.0,10/01/2023,17:10:11,1.0,8.0,Hell's Kitchen,25.0,2.2,Coffee,Organic brewed coffee,Brazilian Sm
5514.0,10/01/2023,17:17:41,2.0,8.0,Hell's Kitchen,28.0,2.0,Coffee,Gourmet brewed coffee,Columbian Medium Roast Sm
5515.0,10/01/2023,17:20:41,2.0,3.0,Astoria,30.0,3.0,Coffee,Gourmet brewed coffee,Columbian Medium Roast Lg
5516.0,10/01/2023,17:30:37,2.0,8.0,Hell's Kitchen,49.0,3.0,Tea,Brewed Black tea,English Breakfast Lg
5517.0,10/01/2023,17:39:18,2.0,8.0,Hell's Kitchen,40.0,3.75,Coffee,Barista Espresso,Cappuccino
5518.0,10/01/2023,17:39:18,2.0,8.0,Hell's Kitchen,65.0,0.8,Flavours,Sugar free syrup,Sugar Free Vanilla syrup
5519.0,10/01/2023,17:42:09,2.0,8.0,Hell's Kitchen,51.0,3.0,Tea,Brewed Black tea,Earl Grey Lg
5520.0,10/01/2023,17:45:53,2.0,3.0,Astoria,48.0,2.5,Tea,Brewed Black tea,English Breakfast Rg
5521.0,10/01/2023,17:46:04,2.0,8.0,Hell's Kitchen,43.0,3.0,Tea,Brewed herbal tea,Lemon Grass Lg
5522.0,10/01/2023,17:48:01,1.0,8.0,Hell's Kitchen,49.0,3.0,Tea,Brewed Black tea,English Breakfast Lg
5523.0,10/01/2023,17:54:37,2.0,5.0,Lower Manhattan,33.0,3.5,Coffee,Gourmet brewed coffee,Ethiopia Lg
5524.0,10/01/2023,17:57:37,1.0,8.0,Hell's Kitchen,55.0,4.0,Tea,Brewed Chai tea,Morning Sunrise Chai Lg
5525.0,10/01/2023,18:04:25,2.0,5.0,Lower Manhattan,39.0,4.25,Coffee,Barista Espresso,Latte Rg
5526.0,10/01/2023,18:04:25,2.0,5.0,Lower Manhattan,64.0,0.8,Flavours,Regular syrup,Hazelnut syrup
5527.0,10/01/2023,18:04:59,2.0,5.0,Lower Manhattan,54.0,2.5,Tea,Brewed Chai tea,Morning Sunrise Chai Rg
5528.0,10/01/2023,18:09:12,2.0,8.0,Hell's Kitchen,29.0,2.5,Coffee,Gourmet brewed coffee,Columbian Medium Roast Rg
5529.0,10/01/2023,18:11:22,1.0,3.0,Astoria,37.0,3.0,Coffee,Barista Espresso,Espresso shot
5530.0,10/01/2023,18:11:22,1.0,3.0,Astoria,64.0,0.8,Flavours,Regular syrup,Hazelnut syrup
5531.0,10/01/2023,18:11:22,1.0,3.0,Astoria,70.0,3.25,Bakery,Scone,Cranberry Scone
5532.0,10/01/2023,18:11:23,1.0,5.0,Lower Manhattan,38.0,3.75,Coffee,Barista Espresso,Latte
5533.0,10/01/2023,18:11:23,1.0,5.0,Lower Manhattan,84.0,0.8,Flavours,Regular syrup,Chocolate syrup
5534.0,10/01/2023,18:14:48,2.0,8.0,Hell's Kitchen,54.0,2.5,Tea,Brewed Chai tea,Morning Sunrise Chai Rg
5535.0,10/01/2023,18:15:48,1.0,8.0,Hell's Kitchen,49.0,3.0,Tea,Brewed Black tea,English Breakfast Lg
5536.0,10/01/2023,18:19:08,2.0,8.0,Hell's Kitchen,53.0,3.0,Tea,Brewed Chai tea,Traditional Blend Chai Lg
5537.0,10/01/2023,18:22:36,2.0,8.0,Hell's Kitchen,23.0,2.5,Coffee,Drip coffee,Our Old Time Diner Blend Rg
,10/01/2023,18:43:30,2.0,8.0,Hell's Kitchen,,,Coffee,Drip coffee,Our Old Time Diner Blend Sm
5539.0,10/01/2023,18:44:37,1.0,3.0,Astoria,37.0,3.0,Coffee,Barista Espresso,Espresso shot
,10/01/2023,18:44:37,2.0,,Astoria,65.0,,Flavours,Sugar free syrup,Sugar Free Vanilla syrup
5541.0,10/01/2023,18:45:21,2.0,3.0,Astoria,44.0,2.5,Tea,Brewed herbal tea,Peppermint Rg
5542.0,10/01/2023,18:46:20,1.0,8.0,Hell's Kitchen,40.0,3.75,Coffee,Barista Espresso,Cappuccino
5543.0,10/01/2023,18:46:20,1.0,8.0,Hell's Kitchen,65.0,0.8,Flavours,Sugar free syrup,Sugar Free Vanilla syrup
5544.0,10/01/2023,18:49:59,1.0,8.0,Hell's Kitchen,51.0,3.0,Tea,Brewed Black tea,Earl Grey Lg
5545.0,10/01/2023,18:51:21,2.0,3.0,Astoria,30.0,3.0,Coffee,Gourmet brewed coffee,Columbian Medium Roast Lg
5546.0,10/01/2023,18:51:21,1.0,3.0,Astoria,,10.95,Loose Tea,Chai tea,Spicy Eye Opener Chai
5547.0,10/01/2023,18:51:50,1.0,8.0,Hell's Kitchen,49.0,3.0,Tea,Brewed Black tea,English Breakfast Lg
5548.0,10/01/2023,18:51:50,1.0,,Hell's Kitchen,,,Bakery,Biscotti,Ginger Biscotti
5549.0,10/01/2023,18:59:44,2.0,3.0,Astoria,51.0,3.0,Tea,Brewed Black tea,Earl Grey Lg
5550.0,10/01/2023,19:00:31,2.0,3.0,Astoria,55.0,4.0,Tea,Brewed Chai tea,Morning Sunrise Chai Lg
5551.0,10/01/2023,19:19:36,2.0,8.0,Hell's Kitchen,87.0,3.0,Coffee,Barista Espresso,Ouro Brasileiro shot
5552.0,10/01/2023,19:28:58,2.0,3.0,Astoria,60.0,3.75,Drinking Chocolate,Hot chocolate,Sustainably Grown Organic Rg
5553.0,10/01/2023,19:28:58,1.0,3.0,Astoria,70.0,3.25,Bakery,Scone,Cranberry Scone
5554.0,10/01/2023,19:29:19,1.0,8.0,Hell's Kitchen,24.0,3.0,Coffee,Drip coffee,Our Old Time Diner Blend Lg
5555.0,10/01/2023,19:29:25,2.0,8.0,Hell's Kitchen,47.0,3.0,Tea,Brewed Green tea,Serenity Green Tea Lg
5556.0,10/01/2023,19:42:13,2.0,3.0,Astoria,61.0,4.75,Drinking Chocolate,Hot chocolate,Sustainably Grown Organic Lg
5557.0,10/01/2023,19:42:13,1.0,3.0,Astoria,73.0,3.75,Bakery,Pastry,Almond Croissant
5558.0,11/01/2023,06:01:29,2.0,5.0,Lower Manhattan,53.0,3.0,Tea,Brewed Chai tea,Traditional Blend Chai Lg
5559.0,11/01/2023,06:01:29,1.0,5.0,Lower Manhattan,78.0,4.5,Bakery,Scone,Scottish Cream Scone 
5560.0,11/01/2023,06:01:35,1.0,5.0,Lower Manhattan,71.0,3.75,Bakery,Pastry,Chocolate Croissant
5561.0,11/01/2023,06:01:35,1.0,5.0,Lower Manhattan,71.0,3.75,Bakery,Pastry,Chocolate Croissant
5562.0,11/01/2023,06:03:44,1.0,5.0,Lower Manhattan,28.0,2.0,Coffee,Gourmet brewed coffee,Columbian Medium Roast Sm
5563.0,11/01/2023,06:04:41,1.0,5.0,Lower Manhattan,40.0,3.75,Coffee,Barista Espresso,Cappuccino
5564.0,11/01/2023,06:04:41,2.0,5.0,Lower Manhattan,84.0,0.8,Flavours,Regular syrup,Chocolate syrup
5565.0,11/01/2023,06:04:41,1.0,5.0,Lower Manhattan,69.0,3.25,Bakery,Biscotti,Hazelnut Biscotti
5566.0,11/01/2023,06:07:14,2.0,5.0,Lower Manhattan,60.0,3.75,Drinking Chocolate,Hot chocolate,Sustainably Grown Organic Rg
5567.0,11/01/2023,06:07:24,1.0,5.0,Lower Manhattan,47.0,3.0,Tea,Brewed Green tea,Serenity Green Tea Lg
,11/01/2023,06:08:45,,5.0,Lower Manhattan,46.0,,Tea,Brewed Green tea,Serenity Green Tea Rg
5569.0,11/01/2023,06:08:45,1.0,5.0,Lower Manhattan,70.0,3.25,Bakery,Scone,Cranberry Scone
5570.0,11/01/2023,06:09:33,2.0,5.0,Lower Manhattan,45.0,3.0,Tea,Brewed herbal tea,Peppermint Lg
5571.0,11/01/2023,06:09:33,1.0,5.0,Lower Manhattan,2.0,18.0,Coffee beans,House blend Beans,Our Old Time Diner Blend
5572.0,11/01/2023,06:11:30,2.0,5.0,Lower Manhattan,25.0,2.2,Coffee,Organic brewed coffee,Brazilian Sm
5573.0,11/01/2023,06:17:15,1.0,5.0,Lower Manhattan,53.0,3.0,Tea,Brewed Chai tea,Traditional Blend Chai Lg
5574.0,11/01/2023,06:20:25,2.0,5.0,Lower Manhattan,41.0,4.25,Coffee,Barista Espresso,Cappuccino Lg
5575.0,11/01/2023,06:20:25,3.0,5.0,Lower Manhattan,63.0,0.8,Flavours,Regular syrup,Carmel syrup
5576.0,11/01/2023,06:23:18,1.0,5.0,Lower Manhattan,44.0,2.5,Tea,Brewed herbal tea,Peppermint Rg
5577.0,11/01/2023,06:26:04,2.0,5.0,Lower Manhattan,34.0,2.45,Coffee,Premium brewed coffee,Jamaican Coffee River Sm
5578.0,11/01/2023,06:28:05,1.0,5.0,Lower Manhattan,27.0,3.5,Coffee,Organic brewed coffee,Brazilian Lg
5579.0,11/01/2023,06:31:33,2.0,5.0,Lower Manhattan,61.0,4.75,Drinking Chocolate,Hot chocolate,Sustainably Grown Organic Lg
5580.0,11/01/2023,06:32:47,2.0,5.0,Lower Manhattan,60.0,3.75,Drinking Chocolate,Hot chocolate,Sustainably Grown Organic Rg
5581.0,11/01/2023,06:37:20,2.0,5.0,Lower Manhattan,42.0,2.5,Tea,Brewed herbal tea,Lemon Grass Rg
5582.0,11/01/2023,06:41:15,1.0,8.0,Hell's Kitchen,29.0,2.5,Coffee,Gourmet brewed coffee,Columbian Medium Roast Rg
5583.0,11/01/2023,06:41:15,1.0,8.0,Hell's Kitchen,69.0,3.25,Bakery,Biscotti,Hazelnut Biscotti
5584.0,11/01/2023,06:41:51,2.0,5.0,Lower Manhattan,57.0,3.1,Tea,Brewed Chai tea,Spicy Eye Opener Chai Lg
5585.0,11/01/2023,06:43:42,1.0,5.0,Lower Manhattan,45.0,3.0,Tea,Brewed herbal tea,Peppermint Lg
5586.0,11/01/2023,06:43:50,2.0,8.0,Hell's Kitchen,61.0,4.75,Drinking Chocolate,Hot chocolate,Sustainably Grown Organic Lg
5587.0,11/01/2023,06:43:53,1.0,8.0,Hell's Kitchen,42.0,2.5,Tea,Brewed herbal tea,Lemon Grass Rg
5588.0,11/01/2023,06:45:24,1.0,8.0,Hell's Kitchen,52.0,2.5,Tea,Brewed Chai tea,Traditional Blend Chai Rg
5589.0,11/01/2023,06:46:40,2.0,8.0,Hell's Kitchen,29.0,2.5,Coffee,Gourmet brewed coffee,Columbian Medium Roast Rg
5590.0,11/01/2023,06:46:40,1.0,8.0,Hell's Kitchen,78.0,4.5,Bakery,Scone,Scottish Cream Scone 
,11/01/2023,06:49:59,2.0,8.0,Hell's Kitchen,41.0,,Coffee,Barista Espresso,Cappuccino Lg
5592.0,11/01/2023,06:49:59,2.0,8.0,Hell's Kitchen,64.0,0.8,Flavours,Regular syrup,Hazelnut syrup
5593.0,11/01/2023,06:49:59,1.0,8.0,Hell's Kitchen,74.0,3.5,Bakery,Biscotti,Ginger Biscotti
5594.0,11/01/2023,06:50:54,1.0,5.0,Lower Manhattan,24.0,3.0,Coffee,Drip coffee,Our Old Time Diner Blend Lg
5595.0,11/01/2023,06:53:39,2.0,8.0,Hell's Kitchen,39.0,4.25,Coffee,Barista Espresso,Latte Rg
5596.0,11/01/2023,06:53:39,1.0,8.0,Hell's Kitchen,63.0,0.8,Flavours,Regular syrup,Carmel syrup
5597.0,11/01/2023,06:54:29,2.0,8.0,Hell's Kitchen,47.0,3.0,Tea,Brewed Green tea,Serenity Green Tea Lg
5598.0,11/01/2023,06:56:55,1.0,8.0,Hell's Kitchen,61.0,4.75,Drinking Chocolate,Hot chocolate,Sustainably Grown Organic Lg
5599.0,11/01/2023,06:57:04,1.0,8.0,Hell's Kitchen,30.0,3.0,Coffee,Gourmet brewed coffee,Columbian Medium Roast Lg
5600.0,11/01/2023,06:57:04,1.0,8.0,Hell's Kitchen,69.0,3.25,Bakery,Biscotti,Hazelnut Biscotti
5601.0,11/01/2023,06:57:04,1.0,8.0,Hell's Kitchen,17.0,9.5,Loose Tea,Chai tea,Morning Sunrise Chai
5602.0,11/01/2023,06:59:28,2.0,8.0,Hell's Kitchen,40.0,3.75,Coffee,Barista Espresso,Cappuccino
5603.0,11/01/2023,07:03:26,2.0,5.0,Lower Manhattan,42.0,2.5,Tea,Brewed herbal tea,Lemon Grass Rg
5604.0,11/01/2023,07:04:36,1.0,8.0,Hell's Kitchen,39.0,4.25,Coffee,Barista Espresso,Latte Rg
5605.0,11/01/2023,07:04:36,1.0,8.0,Hell's Kitchen,63.0,0.8,Flavours,Regular syrup,Carmel syrup
5606.0,11/01/2023,07:04:41,1.0,3.0,Astoria,30.0,3.0,Coffee,Gourmet brewed coffee,Columbian Medium Roast Lg
5607.0,11/01/2023,07:04:59,2.0,8.0,Hell's Kitchen,61.0,4.75,Drinking Chocolate,Hot chocolate,Sustainably Grown Organic Lg
5608.0,11/01/2023,07:04:59,1.0,8.0,Hell's Kitchen,76.0,3.5,Bakery,Biscotti,Chocolate Chip Biscotti
5609.0,11/01/2023,07:04:59,1.0,8.0,Hell's Kitchen,20.0,7.6,Packaged Chocolate,Organic Chocolate,Sustainably Grown Organic
5610.0,11/01/2023,07:05:20,1.0,8.0,Hell's Kitchen,38.0,3.75,Coffee,Barista Espresso,Latte
5611.0,11/01/2023,07:05:20,1.0,8.0,Hell's Kitchen,63.0,0.8,Flavours,Regular syrup,Carmel syrup
5612.0,11/01/2023,07:07:08,1.0,5.0,Lower Manhattan,43.0,3.0,Tea,Brewed herbal tea,Lemon Grass Lg
5613.0,11/01/2023,07:07:08,1.0,5.0,Lower Manhattan,74.0,3.5,Bakery,Biscotti,Ginger Biscotti
5614.0,11/01/2023,07:07:23,2.0,5.0,Lower Manhattan,57.0,3.1,Tea,Brewed Chai tea,Spicy Eye Opener Chai Lg
5615.0,11/01/2023,07:09:00,2.0,3.0,Astoria,32.0,3.0,Coffee,Gourmet brewed coffee,Ethiopia Rg
5616.0,11/01/2023,07:09:38,2.0,3.0,Astoria,48.0,2.5,Tea,Brewed Black tea,English Breakfast Rg
5617.0,11/01/2023,07:10:31,1.0,8.0,Hell's Kitchen,46.0,2.5,Tea,Brewed Green tea,Serenity Green Tea Rg
5618.0,11/01/2023,07:10:31,1.0,8.0,Hell's Kitchen,69.0,3.25,Bakery,Biscotti,Hazelnut Biscotti
5619.0,11/01/2023,07:13:13,1.0,8.0,Hell's Kitchen,38.0,3.75,Coffee,Barista Espresso,Latte
5620.0,11/01/2023,07:13:13,,,Hell's Kitchen,65.0,0.8,Flavours,Sugar free syrup,Sugar Free Vanilla syrup
5621.0,11/01/2023,07:13:13,1.0,8.0,Hell's Kitchen,69.0,3.25,Bakery,Biscotti,Hazelnut Biscotti
5622.0,11/01/2023,07:15:17,2.0,8.0,Hell's Kitchen,33.0,3.5,Coffee,Gourmet brewed coffee,Ethiopia Lg
5623.0,11/01/2023,07:15:51,1.0,5.0,Lower Manhattan,53.0,3.0,Tea,Brewed Chai tea,Traditional Blend Chai Lg
5624.0,11/01/2023,07:17:45,1.0,8.0,Hell's Kitchen,29.0,2.5,Coffee,Gourmet brewed coffee,Columbian Medium Roast Rg
5625.0,11/01/2023,07:20:48,2.0,8.0,Hell's Kitchen,47.0,3.0,Tea,Brewed Green tea,Serenity Green Tea Lg
5626.0,11/01/2023,07:20:48,,8.0,Hell's Kitchen,,,Branded,Clothing,I Need My Bean! T-shirt
5627.0,11/01/2023,07:23:20,1.0,3.0,Astoria,44.0,2.5,Tea,Brewed herbal tea,Peppermint Rg
5628.0,11/01/2023,07:24:39,1.0,3.0,Astoria,31.0,2.2,Coffee,Gourmet brewed coffee,Ethiopia Sm
5629.0,11/01/2023,07:26:15,2.0,3.0,Astoria,38.0,3.75,Coffee,Barista Espresso,Latte
5630.0,11/01/2023,07:28:21,1.0,8.0,Hell's Kitchen,27.0,3.5,Coffee,Organic brewed coffee,Brazilian Lg
5631.0,11/01/2023,07:28:21,1.0,8.0,Hell's Kitchen,78.0,4.5,Bakery,Scone,Scottish Cream Scone 
5632.0,11/01/2023,07:28:29,2.0,8.0,Hell's Kitchen,22.0,2.0,Coffee,Drip coffee,Our Old Time Diner Blend Sm
5633.0,11/01/2023,07:28:29,1.0,8.0,Hell's Kitchen,71.0,3.75,Bakery,Pastry,Chocolate Croissant
5634.0,11/01/2023,07:29:28,2.0,5.0,Lower Manhattan,27.0,3.5,Coffee,Organic brewed coffee,Brazilian Lg
5635.0,11/01/2023,07:29:59,2.0,5.0,Lower Manhattan,51.0,3.0,Tea,Brewed Black tea,Earl Grey Lg
5636.0,11/01/2023,07:32:41,1.0,8.0,Hell's Kitchen,43.0,3.0,Tea,Brewed herbal tea,Lemon Grass Lg
5637.0,11/01/2023,07:33:36,2.0,5.0,Lower Manhattan,44.0,2.5,Tea,Brewed herbal tea,Peppermint Rg
5638.0,11/01/2023,07:33:49,2.0,5.0,Lower Manhattan,53.0,3.0,Tea,Brewed Chai tea,Traditional Blend Chai Lg
5639.0,11/01/2023,07:34:32,1.0,3.0,Astoria,47.0,3.0,Tea,Brewed Green tea,Serenity Green Tea Lg
5640.0,11/01/2023,07:36:19,2.0,3.0,Astoria,48.0,2.5,Tea,Brewed Black tea,English Breakfast Rg
5641.0,11/01/2023,07:36:35,2.0,5.0,Lower Manhattan,29.0,2.5,Coffee,Gourmet brewed coffee,Columbian Medium Roast Rg
5642.0,11/01/2023,07:37:20,2.0,8.0,Hell's Kitchen,22.0,2.0,Coffee,Drip coffee,Our Old Time Diner Blend Sm
5643.0,11/01/2023,07:40:38,1.0,3.0,Astoria,55.0,4.0,Tea,Brewed Chai tea,Morning Sunrise Chai Lg
5644.0,11/01/2023,07:40:52,1.0,5.0,Lower Manhattan,35.0,3.1,Coffee,Premium brewed coffee,Jamaican Coffee River Rg
5645.0,11/01/2023,07:41:04,1.0,8.0,Hell's Kitchen,44.0,2.5,Tea,Brewed herbal tea,Peppermint Rg
5646.0,11/01/2023,07:41:04,1.0,8.0,Hell's Kitchen,73.0,3.75,Bakery,Pastry,Almond Croissant
5647.0,11/01/2023,07:41:21,1.0,8.0,Hell's Kitchen,50.0,2.5,Tea,Brewed Black tea,Earl Grey Rg
5648.0,11/01/2023,07:42:42,2.0,5.0,Lower Manhattan,42.0,2.5,Tea,Brewed herbal tea,Lemon Grass Rg
5649.0,11/01/2023,07:44:03,1.0,3.0,Astoria,59.0,4.5,Drinking Chocolate,Hot chocolate,Dark chocolate Lg
5650.0,11/01/2023,07:44:37,2.0,3.0,Astoria,36.0,3.75,Coffee,Premium brewed coffee,Jamaican Coffee River Lg
,11/01/2023,07:45:02,2.0,,Lower Manhattan,44.0,,Tea,Brewed herbal tea,Peppermint Rg
5652.0,11/01/2023,07:45:16,2.0,8.0,Hell's Kitchen,46.0,2.5,Tea,Brewed Green tea,Serenity Green Tea Rg
5653.0,11/01/2023,07:46:26,1.0,5.0,Lower Manhattan,25.0,2.2,Coffee,Organic brewed coffee,Brazilian Sm
5654.0,11/01/2023,07:46:26,1.0,5.0,Lower Manhattan,79.0,3.75,Bakery,Scone,Jumbo Savory Scone
,11/01/2023,07:46:34,1.0,,Astoria,61.0,4.75,Drinking Chocolate,Hot chocolate,Sustainably Grown Organic Lg
5656.0,11/01/2023,07:46:49,2.0,3.0,Astoria,44.0,2.5,Tea,Brewed herbal tea,Peppermint Rg
5657.0,11/01/2023,07:48:38,1.0,3.0,Astoria,56.0,2.55,Tea,Brewed Chai tea,Spicy Eye Opener Chai Rg
5658.0,11/01/2023,07:48:38,1.0,3.0,Astoria,71.0,3.75,Bakery,Pastry,Chocolate Croissant
5659.0,11/01/2023,07:50:50,2.0,3.0,Astoria,43.0,3.0,Tea,Brewed herbal tea,Lemon Grass Lg
5660.0,11/01/2023,07:50:50,1.0,3.0,Astoria,76.0,3.5,Bakery,Biscotti,Chocolate Chip Biscotti
5661.0,11/01/2023,07:51:05,2.0,5.0,Lower Manhattan,61.0,4.75,Drinking Chocolate,Hot chocolate,Sustainably Grown Organic Lg
5662.0,11/01/2023,07:52:44,1.0,8.0,Hell's Kitchen,53.0,3.0,Tea,Brewed Chai tea,Traditional Blend Chai Lg
5663.0,11/01/2023,07:53:03,1.0,5.0,Lower Manhattan,36.0,3.75,Coffee,Premium brewed coffee,Jamaican Coffee River Lg
5664.0,11/01/2023,07:53:53,1.0,8.0,Hell's Kitchen,34.0,2.45,Coffee,Premium brewed coffee,Jamaican Coffee River Sm
5665.0,11/01/2023,07:54:22,1.0,5.0,Lower Manhattan,60.0,3.75,Drinking Chocolate,Hot chocolate,Sustainably Grown Organic Rg
5666.0,11/01/2023,07:54:22,1.0,5.0,Lower Manhattan,4.0,20.45,Coffee beans,Espresso Beans,Primo Espresso Roast
5667.0,11/01/2023,07:57:20,1.0,5.0,Lower Manhattan,29.0,2.5,Coffee,Gourmet brewed coffee,Columbian Medium Roast Rg
5668.0,11/01/2023,07:57:20,1.0,5.0,Lower Manhattan,72.0,3.25,Bakery,Scone,Ginger Scone
5669.0,11/01/2023,07:58:39,1.0,3.0,Astoria,56.0,2.55,Tea,Brewed Chai tea,Spicy Eye Opener Chai Rg
5670.0,11/01/2023,07:59:33,2.0,3.0,Astoria,31.0,2.2,Coffee,Gourmet brewed coffee,Ethiopia Sm
5671.0,11/01/2023,07:59:33,1.0,3.0,Astoria,74.0,3.5,Bakery,Biscotti,Ginger Biscotti
5672.0,11/01/2023,08:02:35,2.0,3.0,Astoria,61.0,4.75,Drinking Chocolate,Hot chocolate,Sustainably Grown Organic Lg
5673.0,11/01/2023,08:05:16,,,Astoria,,2.5,Coffee,Drip coffee,Our Old Time Diner Blend Rg
5674.0,11/01/2023,08:05:39,1.0,5.0,Lower Manhattan,47.0,3.0,Tea,Brewed Green tea,Serenity Green Tea Lg
5675.0,11/01/2023,08:06:28,,8.0,Hell's Kitchen,,3.0,Coffee,Gourmet brewed coffee,Columbian Medium Roast Lg
5676.0,11/01/2023,08:06:30,1.0,8.0,Hell's Kitchen,61.0,4.75,Drinking Chocolate,Hot chocolate,Sustainably Grown Organic Lg
5677.0,11/01/2023,08:06:30,1.0,8.0,Hell's Kitchen,71.0,3.75,Bakery,Pastry,Chocolate Croissant
5678.0,11/01/2023,08:07:22,2.0,5.0,Lower Manhattan,40.0,3.75,Coffee,Barista Espresso,Cappuccino
5679.0,11/01/2023,08:07:22,2.0,5.0,Lower Manhattan,64.0,0.8,Flavours,Regular syrup,Hazelnut syrup
5680.0,11/01/2023,08:09:04,1.0,5.0,Lower Manhattan,45.0,3.0,Tea,Brewed herbal tea,Peppermint Lg
5681.0,11/01/2023,08:09:04,1.0,5.0,Lower Manhattan,70.0,3.25,Bakery,Scone,Cranberry Scone
5682.0,11/01/2023,08:09:25,1.0,8.0,Hell's Kitchen,31.0,2.2,Coffee,Gourmet brewed coffee,Ethiopia Sm
5683.0,11/01/2023,08:13:08,1.0,3.0,Astoria,30.0,3.0,Coffee,Gourmet brewed coffee,Columbian Medium Roast Lg
5684.0,11/01/2023,08:13:15,2.0,8.0,Hell's Kitchen,45.0,3.0,Tea,Brewed herbal tea,Peppermint Lg
5685.0,11/01/2023,08:13:15,1.0,8.0,Hell's Kitchen,77.0,3.0,Bakery,Scone,Oatmeal Scone
5686.0,11/01/2023,08:15:46,2.0,8.0,Hell's Kitchen,54.0,2.5,Tea,Brewed Chai tea,Morning Sunrise Chai Rg
5687.0,11/01/2023,08:17:56,2.0,5.0,Lower Manhattan,60.0,3.75,Drinking Chocolate,Hot chocolate,Sustainably Grown Organic Rg
5688.0,11/01/2023,08:18:37,2.0,3.0,Astoria,47.0,3.0,Tea,Brewed Green tea,Serenity Green Tea Lg
5689.0,11/01/2023,08:20:16,1.0,3.0,Astoria,27.0,3.5,Coffee,Organic brewed coffee,Brazilian Lg
5690.0,11/01/2023,08:20:40,1.0,3.0,Astoria,57.0,3.1,Tea,Brewed Chai tea,Spicy Eye Opener Chai Lg
5691.0,11/01/2023,08:20:40,1.0,3.0,Astoria,73.0,3.75,Bakery,Pastry,Almond Croissant
5692.0,11/01/2023,08:20:45,1.0,8.0,Hell's Kitchen,29.0,2.5,Coffee,Gourmet brewed coffee,Columbian Medium Roast Rg
5693.0,11/01/2023,08:20:52,2.0,8.0,Hell's Kitchen,34.0,2.45,Coffee,Premium brewed coffee,Jamaican Coffee River Sm
5694.0,11/01/2023,08:20:52,1.0,8.0,Hell's Kitchen,69.0,3.25,Bakery,Biscotti,Hazelnut Biscotti
5695.0,11/01/2023,08:21:29,1.0,8.0,Hell's Kitchen,50.0,2.5,Tea,Brewed Black tea,Earl Grey Rg
5696.0,11/01/2023,08:22:31,2.0,3.0,Astoria,35.0,3.1,Coffee,Premium brewed coffee,Jamaican Coffee River Rg
5697.0,11/01/2023,08:23:05,1.0,5.0,Lower Manhattan,50.0,2.5,Tea,Brewed Black tea,Earl Grey Rg
5698.0,11/01/2023,08:24:04,1.0,5.0,Lower Manhattan,27.0,3.5,Coffee,Organic brewed coffee,Brazilian Lg
5699.0,11/01/2023,08:26:33,1.0,5.0,Lower Manhattan,71.0,3.75,Bakery,Pastry,Chocolate Croissant
5700.0,11/01/2023,08:26:38,1.0,8.0,Hell's Kitchen,61.0,4.75,Drinking Chocolate,Hot chocolate,Sustainably Grown Organic Lg
5701.0,11/01/2023,08:29:13,2.0,8.0,Hell's Kitchen,28.0,2.0,Coffee,Gourmet brewed coffee,Columbian Medium Roast Sm
5702.0,11/01/2023,08:29:13,1.0,8.0,Hell's Kitchen,70.0,3.25,Bakery,Scone,Cranberry Scone
5703.0,11/01/2023,08:30:22,2.0,8.0,Hell's Kitchen,49.0,3.0,Tea,Brewed Black tea,English Breakfast Lg
5704.0,11/01/2023,08:30:22,1.0,8.0,Hell's Kitchen,72.0,3.25,Bakery,Scone,Ginger Scone
5705.0,11/01/2023,08:31:04,2.0,8.0,Hell's Kitchen,38.0,3.75,Coffee,Barista Espresso,Latte
5706.0,11/01/2023,08:31:04,2.0,8.0,Hell's Kitchen,65.0,0.8,Flavours,Sugar free syrup,Sugar Free Vanilla syrup
5707.0,11/01/2023,08:31:53,1.0,3.0,Astoria,33.0,3.5,Coffee,Gourmet brewed coffee,Ethiopia Lg
5708.0,11/01/2023,08:31:55,1.0,8.0,Hell's Kitchen,44.0,2.5,Tea,Brewed herbal tea,Peppermint Rg
5709.0,11/01/2023,08:32:20,1.0,3.0,Astoria,46.0,2.5,Tea,Brewed Green tea,Serenity Green Tea Rg
5710.0,11/01/2023,08:32:39,,3.0,Astoria,,4.5,Drinking Chocolate,Hot chocolate,Dark chocolate Lg
5711.0,11/01/2023,08:33:22,1.0,8.0,Hell's Kitchen,28.0,2.0,Coffee,Gourmet brewed coffee,Columbian Medium Roast Sm
5712.0,11/01/2023,08:35:05,1.0,5.0,Lower Manhattan,60.0,3.75,Drinking Chocolate,Hot chocolate,Sustainably Grown Organic Rg
,11/01/2023,08:35:05,1.0,,Lower Manhattan,17.0,9.5,Loose Tea,Chai tea,Morning Sunrise Chai
5714.0,11/01/2023,08:35:18,2.0,5.0,Lower Manhattan,39.0,4.25,Coffee,Barista Espresso,Latte Rg
5715.0,11/01/2023,08:35:18,1.0,5.0,Lower Manhattan,63.0,0.8,Flavours,Regular syrup,Carmel syrup
5716.0,11/01/2023,08:35:18,1.0,5.0,Lower Manhattan,70.0,3.25,Bakery,Scone,Cranberry Scone
5717.0,11/01/2023,08:35:46,2.0,3.0,Astoria,56.0,2.55,Tea,Brewed Chai tea,Spicy Eye Opener Chai Rg
5718.0,11/01/2023,08:35:57,2.0,8.0,Hell's Kitchen,60.0,3.75,Drinking Chocolate,Hot chocolate,Sustainably Grown Organic Rg
5719.0,11/01/2023,08:35:59,1.0,5.0,Lower Manhattan,49.0,3.0,Tea,Brewed Black tea,English Breakfast Lg
5720.0,11/01/2023,08:36:47,1.0,3.0,Astoria,71.0,3.75,Bakery,Pastry,Chocolate Croissant
5721.0,11/01/2023,08:36:47,1.0,3.0,Astoria,71.0,3.75,Bakery,Pastry,Chocolate Croissant
5722.0,11/01/2023,08:38:07,2.0,5.0,Lower Manhattan,23.0,2.5,Coffee,Drip coffee,Our Old Time Diner Blend Rg
5723.0,11/01/2023,08:38:20,1.0,5.0,Lower Manhattan,38.0,3.75,Coffee,Barista Espresso,Latte
5724.0,11/01/2023,08:38:20,2.0,5.0,Lower Manhattan,84.0,0.8,Flavours,Regular syrup,Chocolate syrup
5725.0,11/01/2023,08:39:51,2.0,5.0,Lower Manhattan,60.0,3.75,Drinking Chocolate,Hot chocolate,Sustainably Grown Organic Rg
5726.0,11/01/2023,08:40:37,2.0,8.0,Hell's Kitchen,34.0,2.45,Coffee,Premium brewed coffee,Jamaican Coffee River Sm
5727.0,11/01/2023,08:43:28,2.0,5.0,Lower Manhattan,40.0,3.75,Coffee,Barista Espresso,Cappuccino
5728.0,11/01/2023,08:43:28,1.0,5.0,Lower Manhattan,64.0,0.8,Flavours,Regular syrup,Hazelnut syrup
5729.0,11/01/2023,08:44:48,1.0,5.0,Lower Manhattan,31.0,2.2,Coffee,Gourmet brewed coffee,Ethiopia Sm
5730.0,11/01/2023,08:46:12,1.0,8.0,Hell's Kitchen,50.0,2.5,Tea,Brewed Black tea,Earl Grey Rg
5731.0,11/01/2023,08:47:21,2.0,3.0,Astoria,49.0,3.0,Tea,Brewed Black tea,English Breakfast Lg
5732.0,11/01/2023,08:47:43,1.0,3.0,Astoria,30.0,3.0,Coffee,Gourmet brewed coffee,Columbian Medium Roast Lg
5733.0,11/01/2023,08:47:43,1.0,,Astoria,,4.5,Bakery,Scone,Scottish Cream Scone 
5734.0,11/01/2023,08:47:52,2.0,5.0,Lower Manhattan,49.0,3.0,Tea,Brewed Black tea,English Breakfast Lg
5735.0,11/01/2023,08:48:14,1.0,8.0,Hell's Kitchen,44.0,2.5,Tea,Brewed herbal tea,Peppermint Rg
5736.0,11/01/2023,08:50:22,2.0,3.0,Astoria,43.0,3.0,Tea,Brewed herbal tea,Lemon Grass Lg
5737.0,11/01/2023,08:50:22,1.0,3.0,Astoria,73.0,3.75,Bakery,Pastry,Almond Croissant
5738.0,11/01/2023,08:52:10,1.0,5.0,Lower Manhattan,35.0,3.1,Coffee,Premium brewed coffee,Jamaican Coffee River Rg
5739.0,11/01/2023,08:52:14,1.0,3.0,Astoria,47.0,3.0,Tea,Brewed Green tea,Serenity Green Tea Lg
5740.0,11/01/2023,08:53:06,2.0,8.0,Hell's Kitchen,37.0,3.0,Coffee,Barista Espresso,Espresso shot
5741.0,11/01/2023,08:53:06,1.0,8.0,Hell's Kitchen,63.0,0.8,Flavours,Regular syrup,Carmel syrup
5742.0,11/01/2023,08:54:00,2.0,8.0,Hell's Kitchen,35.0,3.1,Coffee,Premium brewed coffee,Jamaican Coffee River Rg
5743.0,11/01/2023,08:54:00,1.0,8.0,Hell's Kitchen,77.0,3.0,Bakery,Scone,Oatmeal Scone
5744.0,11/01/2023,08:54:15,1.0,8.0,Hell's Kitchen,38.0,3.75,Coffee,Barista Espresso,Latte
5745.0,11/01/2023,08:54:15,2.0,8.0,Hell's Kitchen,84.0,0.8,Flavours,Regular syrup,Chocolate syrup
5746.0,11/01/2023,08:54:15,1.0,8.0,Hell's Kitchen,72.0,3.25,Bakery,Scone,Ginger Scone
5747.0,11/01/2023,08:55:32,1.0,3.0,Astoria,26.0,3.0,Coffee,Organic brewed coffee,Brazilian Rg
5748.0,11/01/2023,08:57:27,1.0,5.0,Lower Manhattan,26.0,3.0,Coffee,Organic brewed coffee,Brazilian Rg
5749.0,11/01/2023,08:57:27,1.0,5.0,Lower Manhattan,71.0,3.75,Bakery,Pastry,Chocolate Croissant
5750.0,11/01/2023,08:58:44,1.0,3.0,Astoria,49.0,3.0,Tea,Brewed Black tea,English Breakfast Lg
5751.0,11/01/2023,09:00:30,2.0,8.0,Hell's Kitchen,47.0,3.0,Tea,Brewed Green tea,Serenity Green Tea Lg
5752.0,11/01/2023,09:00:40,2.0,3.0,Astoria,55.0,4.0,Tea,Brewed Chai tea,Morning Sunrise Chai Lg
5753.0,11/01/2023,09:04:04,1.0,5.0,Lower Manhattan,50.0,2.5,Tea,Brewed Black tea,Earl Grey Rg
5754.0,11/01/2023,09:05:37,1.0,8.0,Hell's Kitchen,45.0,3.0,Tea,Brewed herbal tea,Peppermint Lg
5755.0,11/01/2023,09:05:37,1.0,8.0,Hell's Kitchen,69.0,3.25,Bakery,Biscotti,Hazelnut Biscotti
5756.0,11/01/2023,09:06:05,2.0,8.0,Hell's Kitchen,27.0,3.5,Coffee,Organic brewed coffee,Brazilian Lg
5757.0,11/01/2023,09:06:08,1.0,8.0,Hell's Kitchen,54.0,2.5,Tea,Brewed Chai tea,Morning Sunrise Chai Rg
5758.0,11/01/2023,09:06:08,1.0,8.0,Hell's Kitchen,71.0,3.75,Bakery,Pastry,Chocolate Croissant
5759.0,11/01/2023,09:07:45,1.0,5.0,Lower Manhattan,60.0,3.75,Drinking Chocolate,Hot chocolate,Sustainably Grown Organic Rg
5760.0,11/01/2023,09:07:51,1.0,8.0,Hell's Kitchen,26.0,3.0,Coffee,Organic brewed coffee,Brazilian Rg
5761.0,11/01/2023,09:07:51,1.0,8.0,Hell's Kitchen,74.0,3.5,Bakery,Biscotti,Ginger Biscotti
,11/01/2023,09:08:05,,8.0,Hell's Kitchen,60.0,,Drinking Chocolate,Hot chocolate,Sustainably Grown Organic Rg
5763.0,11/01/2023,09:09:26,2.0,3.0,Astoria,48.0,2.5,Tea,Brewed Black tea,English Breakfast Rg
5764.0,11/01/2023,09:09:26,1.0,3.0,Astoria,77.0,3.0,Bakery,Scone,Oatmeal Scone
5765.0,11/01/2023,09:10:20,2.0,3.0,Astoria,39.0,4.25,Coffee,Barista Espresso,Latte Rg
5766.0,11/01/2023,09:10:20,1.0,3.0,Astoria,65.0,0.8,Flavours,Sugar free syrup,Sugar Free Vanilla syrup
5767.0,11/01/2023,09:16:17,1.0,5.0,Lower Manhattan,54.0,2.5,Tea,Brewed Chai tea,Morning Sunrise Chai Rg
5768.0,11/01/2023,09:17:21,1.0,8.0,Hell's Kitchen,38.0,3.75,Coffee,Barista Espresso,Latte
5769.0,11/01/2023,09:18:29,2.0,3.0,Astoria,42.0,2.5,Tea,Brewed herbal tea,Lemon Grass Rg
5770.0,11/01/2023,09:23:51,1.0,5.0,Lower Manhattan,58.0,3.5,Drinking Chocolate,Hot chocolate,Dark chocolate Rg
5771.0,11/01/2023,09:24:14,2.0,3.0,Astoria,57.0,3.1,Tea,Brewed Chai tea,Spicy Eye Opener Chai Lg
5772.0,11/01/2023,09:24:56,1.0,3.0,Astoria,60.0,3.75,Drinking Chocolate,Hot chocolate,Sustainably Grown Organic Rg
5773.0,11/01/2023,09:25:29,2.0,8.0,Hell's Kitchen,57.0,3.1,Tea,Brewed Chai tea,Spicy Eye Opener Chai Lg
5774.0,11/01/2023,09:25:33,1.0,3.0,Astoria,23.0,2.5,Coffee,Drip coffee,Our Old Time Diner Blend Rg
5775.0,11/01/2023,09:27:29,,,Hell's Kitchen,,3.75,Drinking Chocolate,Hot chocolate,Sustainably Grown Organic Rg
5776.0,11/01/2023,09:27:44,1.0,3.0,Astoria,35.0,3.1,Coffee,Premium brewed coffee,Jamaican Coffee River Rg
5777.0,11/01/2023,09:27:59,1.0,5.0,Lower Manhattan,46.0,2.5,Tea,Brewed Green tea,Serenity Green Tea Rg
5778.0,11/01/2023,09:28:30,1.0,3.0,Astoria,24.0,3.0,Coffee,Drip coffee,Our Old Time Diner Blend Lg
5779.0,11/01/2023,09:28:30,1.0,3.0,Astoria,75.0,3.5,Bakery,Pastry,Croissant
5780.0,11/01/2023,09:29:39,2.0,3.0,Astoria,31.0,2.2,Coffee,Gourmet brewed coffee,Ethiopia Sm
5781.0,11/01/2023,09:30:27,1.0,3.0,Astoria,28.0,2.0,Coffee,Gourmet brewed coffee,Columbian Medium Roast Sm
5782.0,11/01/2023,09:30:37,1.0,5.0,Lower Manhattan,26.0,3.0,Coffee,Organic brewed coffee,Brazilian Rg
5783.0,11/01/2023,09:32:21,2.0,5.0,Lower Manhattan,36.0,3.75,Coffee,Premium brewed coffee,Jamaican Coffee River Lg
5784.0,11/01/2023,09:32:36,1.0,8.0,Hell's Kitchen,26.0,3.0,Coffee,Organic brewed coffee,Brazilian Rg
5785.0,11/01/2023,09:34:01,2.0,3.0,Astoria,60.0,3.75,Drinking Chocolate,Hot chocolate,Sustainably Grown Organic Rg
5786.0,11/01/2023,09:34:56,1.0,3.0,Astoria,27.0,3.5,Coffee,Organic brewed coffee,Brazilian Lg
,11/01/2023,09:34:56,,3.0,Astoria,77.0,3.0,Bakery,Scone,Oatmeal Scone
5788.0,11/01/2023,09:35:11,2.0,3.0,Astoria,33.0,3.5,Coffee,Gourmet brewed coffee,Ethiopia Lg
5789.0,11/01/2023,09:36:36,1.0,5.0,Lower Manhattan,37.0,3.0,Coffee,Barista Espresso,Espresso shot
5790.0,11/01/2023,09:36:36,1.0,5.0,Lower Manhattan,65.0,0.8,Flavours,Sugar free syrup,Sugar Free Vanilla syrup
5791.0,11/01/2023,09:39:06,1.0,8.0,Hell's Kitchen,45.0,3.0,Tea,Brewed herbal tea,Peppermint Lg
5792.0,11/01/2023,09:39:26,2.0,3.0,Astoria,50.0,2.5,Tea,Brewed Black tea,Earl Grey Rg
5793.0,11/01/2023,09:42:17,2.0,8.0,Hell's Kitchen,53.0,3.0,Tea,Brewed Chai tea,Traditional Blend Chai Lg
5794.0,11/01/2023,09:46:42,2.0,8.0,Hell's Kitchen,38.0,3.75,Coffee,Barista Espresso,Latte
5795.0,11/01/2023,09:46:42,2.0,8.0,Hell's Kitchen,63.0,0.8,Flavours,Regular syrup,Carmel syrup
5796.0,11/01/2023,09:47:31,2.0,3.0,Astoria,37.0,3.0,Coffee,Barista Espresso,Espresso shot
5797.0,11/01/2023,09:47:31,1.0,3.0,Astoria,84.0,0.8,Flavours,Regular syrup,Chocolate syrup
5798.0,11/01/2023,09:48:27,2.0,3.0,Astoria,39.0,4.25,Coffee,Barista Espresso,Latte Rg
5799.0,11/01/2023,09:48:27,2.0,3.0,Astoria,84.0,0.8,Flavours,Regular syrup,Chocolate syrup
5800.0,11/01/2023,09:48:33,1.0,3.0,Astoria,61.0,4.75,Drinking Chocolate,Hot chocolate,Sustainably Grown Organic Lg
5801.0,11/01/2023,09:51:57,1.0,5.0,Lower Manhattan,50.0,2.5,Tea,Brewed Black tea,Earl Grey Rg
5802.0,11/01/2023,09:52:03,1.0,8.0,Hell's Kitchen,38.0,3.75,Coffee,Barista Espresso,Latte
5803.0,11/01/2023,09:52:03,1.0,8.0,Hell's Kitchen,63.0,0.8,Flavours,Regular syrup,Carmel syrup
5804.0,11/01/2023,09:52:51,1.0,5.0,Lower Manhattan,58.0,3.5,Drinking Chocolate,Hot chocolate,Dark chocolate Rg
,11/01/2023,09:54:07,,5.0,Lower Manhattan,,3.0,Tea,Brewed Chai tea,Traditional Blend Chai Lg
5806.0,11/01/2023,09:54:07,1.0,5.0,Lower Manhattan,70.0,3.25,Bakery,Scone,Cranberry Scone
5807.0,11/01/2023,09:54:45,1.0,5.0,Lower Manhattan,30.0,3.0,Coffee,Gourmet brewed coffee,Columbian Medium Roast Lg
5808.0,11/01/2023,09:54:45,1.0,5.0,Lower Manhattan,75.0,3.5,Bakery,Pastry,Croissant
5809.0,11/01/2023,09:57:08,2.0,5.0,Lower Manhattan,45.0,3.0,Tea,Brewed herbal tea,Peppermint Lg
5810.0,11/01/2023,09:57:08,2.0,8.0,Hell's Kitchen,35.0,3.1,Coffee,Premium brewed coffee,Jamaican Coffee River Rg
5811.0,11/01/2023,09:57:14,1.0,8.0,Hell's Kitchen,59.0,4.5,Drinking Chocolate,Hot chocolate,Dark chocolate Lg
5812.0,11/01/2023,09:57:14,,8.0,Hell's Kitchen,,8.95,Loose Tea,Black tea,Earl Grey
5813.0,11/01/2023,09:58:07,1.0,5.0,Lower Manhattan,45.0,3.0,Tea,Brewed herbal tea,Peppermint Lg
5814.0,11/01/2023,09:58:07,1.0,5.0,Lower Manhattan,69.0,3.25,Bakery,Biscotti,Hazelnut Biscotti
5815.0,11/01/2023,09:58:26,2.0,5.0,Lower Manhattan,46.0,2.5,Tea,Brewed Green tea,Serenity Green Tea Rg
5816.0,11/01/2023,09:58:26,1.0,5.0,Lower Manhattan,72.0,3.25,Bakery,Scone,Ginger Scone
5817.0,11/01/2023,09:59:20,1.0,3.0,Astoria,25.0,2.2,Coffee,Organic brewed coffee,Brazilian Sm
5818.0,11/01/2023,10:02:39,1.0,3.0,Astoria,48.0,2.5,Tea,Brewed Black tea,English Breakfast Rg
5819.0,11/01/2023,10:02:42,1.0,8.0,Hell's Kitchen,47.0,3.0,Tea,Brewed Green tea,Serenity Green Tea Lg
5820.0,11/01/2023,10:02:42,1.0,8.0,Hell's Kitchen,78.0,4.5,Bakery,Scone,Scottish Cream Scone 
5821.0,11/01/2023,10:03:08,2.0,3.0,Astoria,24.0,3.0,Coffee,Drip coffee,Our Old Time Diner Blend Lg
5822.0,11/01/2023,10:03:42,1.0,3.0,Astoria,33.0,3.5,Coffee,Gourmet brewed coffee,Ethiopia Lg
5823.0,11/01/2023,10:03:45,1.0,3.0,Astoria,26.0,3.0,Coffee,Organic brewed coffee,Brazilian Rg
5824.0,11/01/2023,10:04:07,2.0,8.0,Hell's Kitchen,56.0,2.55,Tea,Brewed Chai tea,Spicy Eye Opener Chai Rg
5825.0,11/01/2023,10:04:07,1.0,8.0,Hell's Kitchen,20.0,7.6,Packaged Chocolate,Organic Chocolate,Sustainably Grown Organic
,11/01/2023,10:04:11,,,Astoria,42.0,2.5,Tea,Brewed herbal tea,Lemon Grass Rg
5827.0,11/01/2023,10:04:24,2.0,3.0,Astoria,23.0,2.5,Coffee,Drip coffee,Our Old Time Diner Blend Rg
5828.0,11/01/2023,10:08:46,2.0,5.0,Lower Manhattan,60.0,3.75,Drinking Chocolate,Hot chocolate,Sustainably Grown Organic Rg
5829.0,11/01/2023,10:09:48,2.0,3.0,Astoria,50.0,2.5,Tea,Brewed Black tea,Earl Grey Rg
5830.0,11/01/2023,10:09:48,1.0,3.0,Astoria,71.0,3.75,Bakery,Pastry,Chocolate Croissant
5831.0,11/01/2023,10:11:50,2.0,3.0,Astoria,36.0,3.75,Coffee,Premium brewed coffee,Jamaican Coffee River Lg
5832.0,11/01/2023,10:11:50,,3.0,Astoria,,0.8,Flavours,Sugar free syrup,Sugar Free Vanilla syrup
5833.0,11/01/2023,10:12:12,2.0,3.0,Astoria,31.0,2.2,Coffee,Gourmet brewed coffee,Ethiopia Sm
5834.0,11/01/2023,10:12:12,1.0,3.0,Astoria,83.0,14.0,Branded,Housewares,I Need My Bean! Latte cup
5835.0,11/01/2023,10:16:19,2.0,3.0,Astoria,37.0,3.0,Coffee,Barista Espresso,Espresso shot
5836.0,11/01/2023,10:16:19,2.0,3.0,Astoria,64.0,0.8,Flavours,Regular syrup,Hazelnut syrup
5837.0,11/01/2023,10:16:48,2.0,3.0,Astoria,57.0,3.1,Tea,Brewed Chai tea,Spicy Eye Opener Chai Lg
5838.0,11/01/2023,10:17:55,1.0,3.0,Astoria,24.0,3.0,Coffee,Drip coffee,Our Old Time Diner Blend Lg
5839.0,11/01/2023,10:18:03,1.0,8.0,Hell's Kitchen,23.0,2.5,Coffee,Drip coffee,Our Old Time Diner Blend Rg
5840.0,11/01/2023,10:18:37,2.0,3.0,Astoria,38.0,3.75,Coffee,Barista Espresso,Latte
5841.0,11/01/2023,10:18:37,1.0,3.0,Astoria,17.0,9.5,Loose Tea,Chai tea,Morning Sunrise Chai
5842.0,11/01/2023,10:19:07,1.0,8.0,Hell's Kitchen,36.0,3.75,Coffee,Premium brewed coffee,Jamaican Coffee River Lg
5843.0,11/01/2023,10:19:16,1.0,8.0,Hell's Kitchen,59.0,4.5,Drinking Chocolate,Hot chocolate,Dark chocolate Lg
5844.0,11/01/2023,10:19:16,1.0,8.0,Hell's Kitchen,70.0,3.25,Bakery,Scone,Cranberry Scone
5845.0,11/01/2023,10:20:31,2.0,8.0,Hell's Kitchen,57.0,3.1,Tea,Brewed Chai tea,Spicy Eye Opener Chai Lg
5846.0,11/01/2023,10:20:34,1.0,,Astoria,,3.0,Tea,Brewed Black tea,English Breakfast Lg
5847.0,11/01/2023,10:22:34,2.0,8.0,Hell's Kitchen,34.0,2.45,Coffee,Premium brewed coffee,Jamaican Coffee River Sm
5848.0,11/01/2023,10:23:39,2.0,3.0,Astoria,32.0,3.0,Coffee,Gourmet brewed coffee,Ethiopia Rg
5849.0,11/01/2023,10:24:35,1.0,8.0,Hell's Kitchen,25.0,2.2,Coffee,Organic brewed coffee,Brazilian Sm
5850.0,11/01/2023,10:26:58,1.0,5.0,Lower Manhattan,37.0,3.0,Coffee,Barista Espresso,Espresso shot
5851.0,11/01/2023,10:26:58,2.0,5.0,Lower Manhattan,64.0,0.8,Flavours,Regular syrup,Hazelnut syrup
5852.0,11/01/2023,10:27:13,2.0,8.0,Hell's Kitchen,38.0,3.75,Coffee,Barista Espresso,Latte
5853.0,11/01/2023,10:27:13,2.0,8.0,Hell's Kitchen,84.0,0.8,Flavours,Regular syrup,Chocolate syrup
5854.0,11/01/2023,10:27:13,1.0,8.0,Hell's Kitchen,70.0,3.25,Bakery,Scone,Cranberry Scone
5855.0,11/01/2023,10:27:19,2.0,3.0,Astoria,53.0,3.0,Tea,Brewed Chai tea,Traditional Blend Chai Lg
5856.0,11/01/2023,10:27:19,1.0,3.0,Astoria,71.0,3.75,Bakery,Pastry,Chocolate Croissant
5857.0,11/01/2023,10:29:58,2.0,8.0,Hell's Kitchen,49.0,3.0,Tea,Brewed Black tea,English Breakfast Lg
5858.0,11/01/2023,10:30:03,1.0,3.0,Astoria,60.0,3.75,Drinking Chocolate,Hot chocolate,Sustainably Grown Organic Rg
5859.0,11/01/2023,10:32:02,2.0,3.0,Astoria,26.0,3.0,Coffee,Organic brewed coffee,Brazilian Rg
5860.0,11/01/2023,10:33:11,1.0,3.0,Astoria,42.0,2.5,Tea,Brewed herbal tea,Lemon Grass Rg
5861.0,11/01/2023,10:35:22,1.0,5.0,Lower Manhattan,37.0,3.0,Coffee,Barista Espresso,Espresso shot
5862.0,11/01/2023,10:35:22,2.0,5.0,Lower Manhattan,65.0,0.8,Flavours,Sugar free syrup,Sugar Free Vanilla syrup
5863.0,11/01/2023,10:36:14,2.0,8.0,Hell's Kitchen,27.0,3.5,Coffee,Organic brewed coffee,Brazilian Lg
5864.0,11/01/2023,10:36:16,1.0,3.0,Astoria,59.0,4.5,Drinking Chocolate,Hot chocolate,Dark chocolate Lg
5865.0,11/01/2023,10:37:11,2.0,8.0,Hell's Kitchen,54.0,2.5,Tea,Brewed Chai tea,Morning Sunrise Chai Rg
5866.0,11/01/2023,10:39:06,1.0,3.0,Astoria,39.0,4.25,Coffee,Barista Espresso,Latte Rg
5867.0,11/01/2023,10:39:06,1.0,3.0,Astoria,84.0,0.8,Flavours,Regular syrup,Chocolate syrup
5868.0,11/01/2023,10:39:10,,,Astoria,,3.0,Tea,Brewed Black tea,Earl Grey Lg
5869.0,11/01/2023,10:39:10,1.0,3.0,Astoria,72.0,3.25,Bakery,Scone,Ginger Scone
5870.0,11/01/2023,10:40:48,2.0,8.0,Hell's Kitchen,55.0,4.0,Tea,Brewed Chai tea,Morning Sunrise Chai Lg
5871.0,11/01/2023,10:41:04,1.0,5.0,Lower Manhattan,30.0,3.0,Coffee,Gourmet brewed coffee,Columbian Medium Roast Lg
5872.0,11/01/2023,10:42:00,1.0,5.0,Lower Manhattan,71.0,3.75,Bakery,Pastry,Chocolate Croissant
5873.0,11/01/2023,10:42:41,2.0,8.0,Hell's Kitchen,32.0,3.0,Coffee,Gourmet brewed coffee,Ethiopia Rg
5874.0,11/01/2023,10:42:47,1.0,3.0,Astoria,60.0,3.75,Drinking Chocolate,Hot chocolate,Sustainably Grown Organic Rg
5875.0,11/01/2023,10:43:56,2.0,8.0,Hell's Kitchen,25.0,2.2,Coffee,Organic brewed coffee,Brazilian Sm
5876.0,11/01/2023,10:43:57,2.0,5.0,Lower Manhattan,33.0,3.5,Coffee,Gourmet brewed coffee,Ethiopia Lg
5877.0,11/01/2023,10:46:04,2.0,8.0,Hell's Kitchen,42.0,2.5,Tea,Brewed herbal tea,Lemon Grass Rg
5878.0,11/01/2023,10:46:04,1.0,8.0,Hell's Kitchen,82.0,12.0,Branded,Housewares,I Need My Bean! Diner mug
5879.0,11/01/2023,10:47:43,2.0,8.0,Hell's Kitchen,41.0,4.25,Coffee,Barista Espresso,Cappuccino Lg
5880.0,11/01/2023,10:47:43,1.0,8.0,Hell's Kitchen,84.0,0.8,Flavours,Regular syrup,Chocolate syrup
5881.0,11/01/2023,10:48:15,2.0,5.0,Lower Manhattan,23.0,2.5,Coffee,Drip coffee,Our Old Time Diner Blend Rg
5882.0,11/01/2023,10:49:37,1.0,5.0,Lower Manhattan,59.0,4.5,Drinking Chocolate,Hot chocolate,Dark chocolate Lg
5883.0,11/01/2023,10:51:59,1.0,8.0,Hell's Kitchen,35.0,3.1,Coffee,Premium brewed coffee,Jamaican Coffee River Rg
5884.0,11/01/2023,10:52:27,2.0,5.0,Lower Manhattan,30.0,3.0,Coffee,Gourmet brewed coffee,Columbian Medium Roast Lg
5885.0,11/01/2023,10:54:48,2.0,8.0,Hell's Kitchen,31.0,2.2,Coffee,Gourmet brewed coffee,Ethiopia Sm
5886.0,11/01/2023,10:54:48,1.0,8.0,Hell's Kitchen,70.0,3.25,Bakery,Scone,Cranberry Scone
5887.0,11/01/2023,10:55:32,1.0,5.0,Lower Manhattan,51.0,3.0,Tea,Brewed Black tea,Earl Grey Lg
5888.0,11/01/2023,10:56:08,2.0,5.0,Lower Manhattan,60.0,3.75,Drinking Chocolate,Hot chocolate,Sustainably Grown Organic Rg
5889.0,11/01/2023,10:57:09,1.0,3.0,Astoria,24.0,3.0,Coffee,Drip coffee,Our Old Time Diner Blend Lg
5890.0,11/01/2023,10:57:22,2.0,8.0,Hell's Kitchen,25.0,2.2,Coffee,Organic brewed coffee,Brazilian Sm
5891.0,11/01/2023,11:04:19,1.0,3.0,Astoria,31.0,2.2,Coffee,Gourmet brewed coffee,Ethiopia Sm
5892.0,11/01/2023,11:04:19,1.0,3.0,Astoria,69.0,3.25,Bakery,Biscotti,Hazelnut Biscotti
5893.0,11/01/2023,11:05:23,1.0,8.0,Hell's Kitchen,57.0,3.1,Tea,Brewed Chai tea,Spicy Eye Opener Chai Lg
5894.0,11/01/2023,11:06:09,1.0,5.0,Lower Manhattan,59.0,4.5,Drinking Chocolate,Hot chocolate,Dark chocolate Lg
5895.0,11/01/2023,11:13:27,2.0,5.0,Lower Manhattan,32.0,3.0,Coffee,Gourmet brewed coffee,Ethiopia Rg
,11/01/2023,11:13:33,1.0,,Hell's Kitchen,,2.2,Coffee,Organic brewed coffee,Brazilian Sm
5897.0,11/01/2023,11:14:38,1.0,8.0,Hell's Kitchen,52.0,2.5,Tea,Brewed Chai tea,Traditional Blend Chai Rg
5898.0,11/01/2023,11:14:38,1.0,8.0,Hell's Kitchen,72.0,3.25,Bakery,Scone,Ginger Scone
5899.0,11/01/2023,11:17:45,2.0,5.0,Lower Manhattan,38.0,3.75,Coffee,Barista Espresso,Latte
5900.0,11/01/2023,11:17:45,1.0,5.0,Lower Manhattan,65.0,0.8,Flavours,Sugar free syrup,Sugar Free Vanilla syrup
5901.0,11/01/2023,11:17:45,1.0,5.0,Lower Manhattan,71.0,3.75,Bakery,Pastry,Chocolate Croissant
5902.0,11/01/2023,11:18:09,2.0,3.0,Astoria,43.0,3.0,Tea,Brewed herbal tea,Lemon Grass Lg
5903.0,11/01/2023,11:24:31,1.0,8.0,Hell's Kitchen,54.0,2.5,Tea,Brewed Chai tea,Morning Sunrise Chai Rg
5904.0,11/01/2023,11:24:31,1.0,8.0,Hell's Kitchen,8.0,45.0,Coffee beans,Premium Beans,Civet Cat
5905.0,11/01/2023,11:27:56,1.0,8.0,Hell's Kitchen,39.0,4.25,Coffee,Barista Espresso,Latte Rg
5906.0,11/01/2023,11:27:56,2.0,8.0,Hell's Kitchen,84.0,0.8,Flavours,Regular syrup,Chocolate syrup
5907.0,11/01/2023,11:36:49,1.0,3.0,Astoria,32.0,3.0,Coffee,Gourmet brewed coffee,Ethiopia Rg
5908.0,11/01/2023,11:37:48,1.0,8.0,Hell's Kitchen,61.0,4.75,Drinking Chocolate,Hot chocolate,Sustainably Grown Organic Lg
5909.0,11/01/2023,11:42:02,2.0,3.0,Astoria,57.0,3.1,Tea,Brewed Chai tea,Spicy Eye Opener Chai Lg
5910.0,11/01/2023,11:43:56,1.0,8.0,Hell's Kitchen,34.0,2.45,Coffee,Premium brewed coffee,Jamaican Coffee River Sm
5911.0,11/01/2023,11:47:27,2.0,8.0,Hell's Kitchen,25.0,2.2,Coffee,Organic brewed coffee,Brazilian Sm
5912.0,11/01/2023,11:49:44,1.0,5.0,Lower Manhattan,55.0,4.0,Tea,Brewed Chai tea,Morning Sunrise Chai Lg
5913.0,11/01/2023,11:51:58,2.0,3.0,Astoria,34.0,2.45,Coffee,Premium brewed coffee,Jamaican Coffee River Sm
5914.0,11/01/2023,11:52:05,1.0,3.0,Astoria,36.0,3.75,Coffee,Premium brewed coffee,Jamaican Coffee River Lg
5915.0,11/01/2023,11:52:16,2.0,8.0,Hell's Kitchen,23.0,2.5,Coffee,Drip coffee,Our Old Time Diner Blend Rg
5916.0,11/01/2023,11:53:30,2.0,3.0,Astoria,31.0,2.2,Coffee,Gourmet brewed coffee,Ethiopia Sm
5917.0,11/01/2023,11:53:50,1.0,8.0,Hell's Kitchen,61.0,4.75,Drinking Chocolate,Hot chocolate,Sustainably Grown Organic Lg
5918.0,11/01/2023,11:57:21,2.0,8.0,Hell's Kitchen,44.0,2.5,Tea,Brewed herbal tea,Peppermint Rg
5919.0,11/01/2023,11:58:17,2.0,,Hell's Kitchen,,,Tea,Brewed Green tea,Serenity Green Tea Lg
5920.0,11/01/2023,11:59:45,2.0,8.0,Hell's Kitchen,31.0,2.2,Coffee,Gourmet brewed coffee,Ethiopia Sm
5921.0,11/01/2023,12:03:00,2.0,3.0,Astoria,25.0,2.2,Coffee,Organic brewed coffee,Brazilian Sm
5922.0,11/01/2023,12:06:15,2.0,5.0,Lower Manhattan,45.0,3.0,Tea,Brewed herbal tea,Peppermint Lg
5923.0,11/01/2023,12:07:25,1.0,3.0,Astoria,58.0,3.5,Drinking Chocolate,Hot chocolate,Dark chocolate Rg
5924.0,11/01/2023,12:07:25,1.0,3.0,Astoria,78.0,4.5,Bakery,Scone,Scottish Cream Scone 
5925.0,11/01/2023,12:14:30,1.0,5.0,Lower Manhattan,59.0,4.5,Drinking Chocolate,Hot chocolate,Dark chocolate Lg
5926.0,11/01/2023,12:14:30,1.0,5.0,Lower Manhattan,77.0,3.0,Bakery,Scone,Oatmeal Scone
5927.0,11/01/2023,12:16:12,1.0,5.0,Lower Manhattan,26.0,3.0,Coffee,Organic brewed coffee,Brazilian Rg
5928.0,11/01/2023,12:18:56,2.0,3.0,Astoria,48.0,2.5,Tea,Brewed Black tea,English Breakfast Rg
5929.0,11/01/2023,12:18:56,1.0,3.0,Astoria,82.0,12.0,Branded,Housewares,I Need My Bean! Diner mug
5930.0,11/01/2023,12:21:08,1.0,5.0,Lower Manhattan,54.0,2.5,Tea,Brewed Chai tea,Morning Sunrise Chai Rg
5931.0,11/01/2023,12:23:07,1.0,5.0,Lower Manhattan,56.0,2.55,Tea,Brewed Chai tea,Spicy Eye Opener Chai Rg
5932.0,11/01/2023,12:28:29,2.0,5.0,Lower Manhattan,32.0,3.0,Coffee,Gourmet brewed coffee,Ethiopia Rg
,11/01/2023,12:40:02,1.0,,Astoria,61.0,,Drinking Chocolate,Hot chocolate,Sustainably Grown Organic Lg
5934.0,11/01/2023,12:45:44,1.0,5.0,Lower Manhattan,34.0,2.45,Coffee,Premium brewed coffee,Jamaican Coffee River Sm
5935.0,11/01/2023,12:47:49,2.0,8.0,Hell's Kitchen,46.0,2.5,Tea,Brewed Green tea,Serenity Green Tea Rg
5936.0,11/01/2023,12:54:57,,5.0,Lower Manhattan,37.0,,Coffee,Barista Espresso,Espresso shot
5937.0,11/01/2023,12:54:57,2.0,5.0,Lower Manhattan,65.0,0.8,Flavours,Sugar free syrup,Sugar Free Vanilla syrup
5938.0,11/01/2023,12:55:10,,,Hell's Kitchen,45.0,,Tea,Brewed herbal tea,Peppermint Lg
5939.0,11/01/2023,13:02:25,2.0,3.0,Astoria,57.0,3.1,Tea,Brewed Chai tea,Spicy Eye Opener Chai Lg
5940.0,11/01/2023,13:02:25,1.0,3.0,Astoria,71.0,3.75,Bakery,Pastry,Chocolate Croissant
5941.0,11/01/2023,13:03:22,1.0,3.0,Astoria,30.0,3.0,Coffee,Gourmet brewed coffee,Columbian Medium Roast Lg
5942.0,11/01/2023,13:03:22,1.0,3.0,Astoria,83.0,14.0,Branded,Housewares,I Need My Bean! Latte cup
5943.0,11/01/2023,13:05:19,1.0,5.0,Lower Manhattan,32.0,3.0,Coffee,Gourmet brewed coffee,Ethiopia Rg
5944.0,11/01/2023,13:06:58,1.0,8.0,Hell's Kitchen,28.0,2.0,Coffee,Gourmet brewed coffee,Columbian Medium Roast Sm
5945.0,11/01/2023,13:08:10,1.0,5.0,Lower Manhattan,26.0,3.0,Coffee,Organic brewed coffee,Brazilian Rg
5946.0,11/01/2023,13:09:50,1.0,8.0,Hell's Kitchen,47.0,3.0,Tea,Brewed Green tea,Serenity Green Tea Lg
5947.0,11/01/2023,13:09:50,1.0,8.0,Hell's Kitchen,74.0,3.5,Bakery,Biscotti,Ginger Biscotti
5948.0,11/01/2023,13:10:30,,3.0,Astoria,52.0,,Tea,Brewed Chai tea,Traditional Blend Chai Rg
5949.0,11/01/2023,13:13:13,1.0,8.0,Hell's Kitchen,33.0,3.5,Coffee,Gourmet brewed coffee,Ethiopia Lg
5950.0,11/01/2023,13:13:13,1.0,8.0,Hell's Kitchen,20.0,7.6,Packaged Chocolate,Organic Chocolate,Sustainably Grown Organic
5951.0,11/01/2023,13:13:55,1.0,5.0,Lower Manhattan,51.0,3.0,Tea,Brewed Black tea,Earl Grey Lg
5952.0,11/01/2023,13:15:41,2.0,5.0,Lower Manhattan,49.0,3.0,Tea,Brewed Black tea,English Breakfast Lg
5953.0,11/01/2023,13:15:54,1.0,5.0,Lower Manhattan,26.0,3.0,Coffee,Organic brewed coffee,Brazilian Rg
5954.0,11/01/2023,13:15:54,1.0,5.0,Lower Manhattan,75.0,3.5,Bakery,Pastry,Croissant
5955.0,11/01/2023,13:16:07,1.0,8.0,Hell's Kitchen,56.0,2.55,Tea,Brewed Chai tea,Spicy Eye Opener Chai Rg
5956.0,11/01/2023,13:20:07,2.0,8.0,Hell's Kitchen,46.0,2.5,Tea,Brewed Green tea,Serenity Green Tea Rg
5957.0,11/01/2023,13:22:17,2.0,5.0,Lower Manhattan,49.0,3.0,Tea,Brewed Black tea,English Breakfast Lg
5958.0,11/01/2023,13:25:19,2.0,3.0,Astoria,36.0,3.75,Coffee,Premium brewed coffee,Jamaican Coffee River Lg
5959.0,11/01/2023,13:33:03,2.0,5.0,Lower Manhattan,27.0,3.5,Coffee,Organic brewed coffee,Brazilian Lg
5960.0,11/01/2023,13:37:57,2.0,8.0,Hell's Kitchen,61.0,4.75,Drinking Chocolate,Hot chocolate,Sustainably Grown Organic Lg
5961.0,11/01/2023,13:41:20,2.0,8.0,Hell's Kitchen,50.0,2.5,Tea,Brewed Black tea,Earl Grey Rg
5962.0,11/01/2023,13:42:45,1.0,5.0,Lower Manhattan,34.0,2.45,Coffee,Premium brewed coffee,Jamaican Coffee River Sm
5963.0,11/01/2023,13:42:52,1.0,5.0,Lower Manhattan,25.0,2.2,Coffee,Organic brewed coffee,Brazilian Sm
5964.0,11/01/2023,13:43:09,1.0,3.0,Astoria,34.0,2.45,Coffee,Premium brewed coffee,Jamaican Coffee River Sm
5965.0,11/01/2023,13:45:06,1.0,5.0,Lower Manhattan,57.0,3.1,Tea,Brewed Chai tea,Spicy Eye Opener Chai Lg
5966.0,11/01/2023,13:45:06,1.0,5.0,Lower Manhattan,16.0,8.95,Loose Tea,Chai tea,Traditional Blend Chai
5967.0,11/01/2023,13:53:09,1.0,5.0,Lower Manhattan,50.0,2.5,Tea,Brewed Black tea,Earl Grey Rg
5968.0,11/01/2023,13:53:09,,5.0,Lower Manhattan,73.0,,Bakery,Pastry,Almond Croissant
5969.0,11/01/2023,13:53:09,1.0,5.0,Lower Manhattan,8.0,45.0,Coffee beans,Premium Beans,Civet Cat
5970.0,11/01/2023,13:53:58,1.0,5.0,Lower Manhattan,51.0,3.0,Tea,Brewed Black tea,Earl Grey Lg
5971.0,11/01/2023,13:59:08,1.0,3.0,Astoria,31.0,2.2,Coffee,Gourmet brewed coffee,Ethiopia Sm
5972.0,11/01/2023,14:00:23,1.0,8.0,Hell's Kitchen,29.0,2.5,Coffee,Gourmet brewed coffee,Columbian Medium Roast Rg
5973.0,11/01/2023,14:02:13,1.0,8.0,Hell's Kitchen,33.0,3.5,Coffee,Gourmet brewed coffee,Ethiopia Lg
5974.0,11/01/2023,14:02:13,1.0,8.0,Hell's Kitchen,77.0,3.0,Bakery,Scone,Oatmeal Scone
5975.0,11/01/2023,14:15:37,2.0,8.0,Hell's Kitchen,26.0,3.0,Coffee,Organic brewed coffee,Brazilian Rg
5976.0,11/01/2023,14:27:27,1.0,8.0,Hell's Kitchen,46.0,2.5,Tea,Brewed Green tea,Serenity Green Tea Rg
5977.0,11/01/2023,14:28:44,2.0,5.0,Lower Manhattan,50.0,2.5,Tea,Brewed Black tea,Earl Grey Rg
,11/01/2023,14:30:01,1.0,8.0,Hell's Kitchen,,3.75,Drinking Chocolate,Hot chocolate,Sustainably Grown Organic Rg
5979.0,11/01/2023,14:36:26,1.0,5.0,Lower Manhattan,60.0,3.75,Drinking Chocolate,Hot chocolate,Sustainably Grown Organic Rg
5980.0,11/01/2023,14:36:59,2.0,3.0,Astoria,53.0,3.0,Tea,Brewed Chai tea,Traditional Blend Chai Lg
5981.0,11/01/2023,14:42:43,2.0,8.0,Hell's Kitchen,51.0,3.0,Tea,Brewed Black tea,Earl Grey Lg
5982.0,11/01/2023,14:43:56,2.0,5.0,Lower Manhattan,27.0,3.5,Coffee,Organic brewed coffee,Brazilian Lg
5983.0,11/01/2023,14:46:34,1.0,3.0,Astoria,24.0,3.0,Coffee,Drip coffee,Our Old Time Diner Blend Lg
5984.0,11/01/2023,14:49:44,1.0,8.0,Hell's Kitchen,29.0,2.5,Coffee,Gourmet brewed coffee,Columbian Medium Roast Rg
,11/01/2023,14:53:40,,,Hell's Kitchen,36.0,3.75,Coffee,Premium brewed coffee,Jamaican Coffee River Lg
5986.0,11/01/2023,14:54:04,1.0,5.0,Lower Manhattan,53.0,3.0,Tea,Brewed Chai tea,Traditional Blend Chai Lg
5987.0,11/01/2023,14:54:04,1.0,5.0,Lower Manhattan,72.0,3.25,Bakery,Scone,Ginger Scone
5988.0,11/01/2023,14:56:03,2.0,3.0,Astoria,37.0,3.0,Coffee,Barista Espresso,Espresso shot
5989.0,11/01/2023,14:56:03,2.0,3.0,Astoria,65.0,0.8,Flavours,Sugar free syrup,Sugar Free Vanilla syrup
5990.0,11/01/2023,14:57:16,2.0,5.0,Lower Manhattan,47.0,3.0,Tea,Brewed Green tea,Serenity Green Tea Lg
5991.0,11/01/2023,14:57:49,2.0,,Astoria,,3.0,Tea,Brewed Black tea,Earl Grey Lg
5992.0,11/01/2023,15:03:33,1.0,5.0,Lower Manhattan,43.0,3.0,Tea,Brewed herbal tea,Lemon Grass Lg
5993.0,11/01/2023,15:03:33,1.0,5.0,Lower Manhattan,71.0,3.75,Bakery,Pastry,Chocolate Croissant
5994.0,11/01/2023,15:05:28,2.0,8.0,Hell's Kitchen,42.0,2.5,Tea,Brewed herbal tea,Lemon Grass Rg
,11/01/2023,15:14:52,1.0,,Lower Manhattan,,3.0,Tea,Brewed Black tea,English Breakfast Lg
5996.0,11/01/2023,15:19:06,1.0,8.0,Hell's Kitchen,28.0,2.0,Coffee,Gourmet brewed coffee,Columbian Medium Roast Sm
5997.0,11/01/2023,15:21:27,2.0,8.0,Hell's Kitchen,39.0,4.25,Coffee,Barista Espresso,Latte Rg
5998.0,11/01/2023,15:21:27,1.0,8.0,Hell's Kitchen,63.0,0.8,Flavours,Regular syrup,Carmel syrup
5999.0,11/01/2023,15:21:56,2.0,8.0,Hell's Kitchen,43.0,3.0,Tea,Brewed herbal tea,Lemon Grass Lg
6000.0,11/01/2023,15:23:41,2.0,5.0,Lower Manhattan,54.0,2.5,Tea,Brewed Chai tea,Morning Sunrise Chai Rg
6001.0,11/01/2023,15:32:00,2.0,8.0,Hell's Kitchen,43.0,3.0,Tea,Brewed herbal tea,Lemon Grass Lg
6002.0,11/01/2023,15:32:00,1.0,8.0,Hell's Kitchen,71.0,3.75,Bakery,Pastry,Chocolate Croissant
6003.0,11/01/2023,15:33:59,2.0,8.0,Hell's Kitchen,38.0,3.75,Coffee,Barista Espresso,Latte
6004.0,11/01/2023,15:34:19,1.0,8.0,Hell's Kitchen,43.0,3.0,Tea,Brewed herbal tea,Lemon Grass Lg
6005.0,11/01/2023,15:34:25,2.0,5.0,Lower Manhattan,37.0,3.0,Coffee,Barista Espresso,Espresso shot
6006.0,11/01/2023,15:34:25,3.0,5.0,Lower Manhattan,65.0,0.8,Flavours,Sugar free syrup,Sugar Free Vanilla syrup
6007.0,11/01/2023,15:38:48,1.0,5.0,Lower Manhattan,43.0,3.0,Tea,Brewed herbal tea,Lemon Grass Lg
6008.0,11/01/2023,15:40:29,1.0,8.0,Hell's Kitchen,42.0,2.5,Tea,Brewed herbal tea,Lemon Grass Rg
6009.0,11/01/2023,15:40:29,1.0,8.0,Hell's Kitchen,73.0,3.75,Bakery,Pastry,Almond Croissant
6010.0,11/01/2023,15:42:11,1.0,5.0,Lower Manhattan,43.0,3.0,Tea,Brewed herbal tea,Lemon Grass Lg
6011.0,11/01/2023,15:42:11,1.0,5.0,Lower Manhattan,16.0,8.95,Loose Tea,Chai tea,Traditional Blend Chai
6012.0,11/01/2023,15:43:54,2.0,5.0,Lower Manhattan,23.0,2.5,Coffee,Drip coffee,Our Old Time Diner Blend Rg
6013.0,11/01/2023,15:45:55,1.0,5.0,Lower Manhattan,61.0,4.75,Drinking Chocolate,Hot chocolate,Sustainably Grown Organic Lg
6014.0,11/01/2023,15:48:30,1.0,8.0,Hell's Kitchen,34.0,2.45,Coffee,Premium brewed coffee,Jamaican Coffee River Sm
6015.0,11/01/2023,15:57:48,1.0,8.0,Hell's Kitchen,36.0,3.75,Coffee,Premium brewed coffee,Jamaican Coffee River Lg
6016.0,11/01/2023,15:58:37,1.0,8.0,Hell's Kitchen,57.0,3.1,Tea,Brewed Chai tea,Spicy Eye Opener Chai Lg
6017.0,11/01/2023,15:58:37,1.0,8.0,Hell's Kitchen,77.0,3.0,Bakery,Scone,Oatmeal Scone
6018.0,11/01/2023,16:00:08,1.0,8.0,Hell's Kitchen,51.0,3.0,Tea,Brewed Black tea,Earl Grey Lg
6019.0,11/01/2023,16:00:51,1.0,5.0,Lower Manhattan,53.0,3.0,Tea,Brewed Chai tea,Traditional Blend Chai Lg
6020.0,11/01/2023,16:02:48,1.0,5.0,Lower Manhattan,51.0,3.0,Tea,Brewed Black tea,Earl Grey Lg
6021.0,11/01/2023,16:08:27,1.0,5.0,Lower Manhattan,36.0,3.75,Coffee,Premium brewed coffee,Jamaican Coffee River Lg
6022.0,11/01/2023,16:08:29,1.0,5.0,Lower Manhattan,49.0,3.0,Tea,Brewed Black tea,English Breakfast Lg
6023.0,11/01/2023,16:08:29,1.0,5.0,Lower Manhattan,69.0,3.25,Bakery,Biscotti,Hazelnut Biscotti
6024.0,11/01/2023,16:09:23,2.0,5.0,Lower Manhattan,39.0,4.25,Coffee,Barista Espresso,Latte Rg
6025.0,11/01/2023,16:09:23,2.0,5.0,Lower Manhattan,65.0,0.8,Flavours,Sugar free syrup,Sugar Free Vanilla syrup
6026.0,11/01/2023,16:10:27,1.0,5.0,Lower Manhattan,43.0,3.0,Tea,Brewed herbal tea,Lemon Grass Lg
,11/01/2023,16:10:27,,5.0,Lower Manhattan,75.0,3.5,Bakery,Pastry,Croissant
6028.0,11/01/2023,16:15:15,1.0,5.0,Lower Manhattan,25.0,2.2,Coffee,Organic brewed coffee,Brazilian Sm
6029.0,11/01/2023,16:16:08,1.0,8.0,Hell's Kitchen,53.0,3.0,Tea,Brewed Chai tea,Traditional Blend Chai Lg
6030.0,11/01/2023,16:21:54,,,Astoria,30.0,3.0,Coffee,Gourmet brewed coffee,Columbian Medium Roast Lg
6031.0,11/01/2023,16:22:14,2.0,3.0,Astoria,55.0,4.0,Tea,Brewed Chai tea,Morning Sunrise Chai Lg
6032.0,11/01/2023,16:22:41,1.0,3.0,Astoria,25.0,2.2,Coffee,Organic brewed coffee,Brazilian Sm
6033.0,11/01/2023,16:30:08,1.0,5.0,Lower Manhattan,55.0,4.0,Tea,Brewed Chai tea,Morning Sunrise Chai Lg
6034.0,11/01/2023,16:31:53,1.0,3.0,Astoria,52.0,2.5,Tea,Brewed Chai tea,Traditional Blend Chai Rg
6035.0,11/01/2023,16:31:53,1.0,3.0,Astoria,70.0,3.25,Bakery,Scone,Cranberry Scone
6036.0,11/01/2023,16:39:54,2.0,8.0,Hell's Kitchen,23.0,2.5,Coffee,Drip coffee,Our Old Time Diner Blend Rg
6037.0,11/01/2023,16:41:09,1.0,5.0,Lower Manhattan,38.0,3.75,Coffee,Barista Espresso,Latte
6038.0,11/01/2023,16:41:09,2.0,5.0,Lower Manhattan,64.0,0.8,Flavours,Regular syrup,Hazelnut syrup
6039.0,11/01/2023,16:42:22,2.0,5.0,Lower Manhattan,30.0,3.0,Coffee,Gourmet brewed coffee,Columbian Medium Roast Lg
6040.0,11/01/2023,16:42:34,1.0,3.0,Astoria,25.0,2.2,Coffee,Organic brewed coffee,Brazilian Sm
6041.0,11/01/2023,16:44:59,2.0,8.0,Hell's Kitchen,48.0,2.5,Tea,Brewed Black tea,English Breakfast Rg
6042.0,11/01/2023,16:47:26,2.0,8.0,Hell's Kitchen,48.0,2.5,Tea,Brewed Black tea,English Breakfast Rg
6043.0,11/01/2023,16:52:31,1.0,3.0,Astoria,58.0,3.5,Drinking Chocolate,Hot chocolate,Dark chocolate Rg
6044.0,11/01/2023,16:52:31,1.0,3.0,Astoria,79.0,3.75,Bakery,Scone,Jumbo Savory Scone
6045.0,11/01/2023,17:00:32,1.0,8.0,Hell's Kitchen,60.0,3.75,Drinking Chocolate,Hot chocolate,Sustainably Grown Organic Rg
6046.0,11/01/2023,17:04:37,1.0,8.0,Hell's Kitchen,87.0,3.0,Coffee,Barista Espresso,Ouro Brasileiro shot
6047.0,11/01/2023,17:06:37,1.0,5.0,Lower Manhattan,45.0,3.0,Tea,Brewed herbal tea,Peppermint Lg
6048.0,11/01/2023,17:07:28,1.0,3.0,Astoria,50.0,2.5,Tea,Brewed Black tea,Earl Grey Rg
6049.0,11/01/2023,17:09:24,2.0,8.0,Hell's Kitchen,40.0,3.75,Coffee,Barista Espresso,Cappuccino
6050.0,11/01/2023,17:09:24,2.0,8.0,Hell's Kitchen,63.0,0.8,Flavours,Regular syrup,Carmel syrup
6051.0,11/01/2023,17:09:36,1.0,8.0,Hell's Kitchen,56.0,2.55,Tea,Brewed Chai tea,Spicy Eye Opener Chai Rg
6052.0,11/01/2023,17:12:25,1.0,5.0,Lower Manhattan,46.0,2.5,Tea,Brewed Green tea,Serenity Green Tea Rg
6053.0,11/01/2023,17:12:25,1.0,5.0,Lower Manhattan,74.0,3.5,Bakery,Biscotti,Ginger Biscotti
6054.0,11/01/2023,17:14:08,2.0,3.0,Astoria,45.0,3.0,Tea,Brewed herbal tea,Peppermint Lg
6055.0,11/01/2023,17:14:35,2.0,8.0,Hell's Kitchen,31.0,2.2,Coffee,Gourmet brewed coffee,Ethiopia Sm
6056.0,11/01/2023,17:14:35,1.0,8.0,Hell's Kitchen,20.0,7.6,Packaged Chocolate,Organic Chocolate,Sustainably Grown Organic
6057.0,11/01/2023,17:16:17,1.0,8.0,Hell's Kitchen,43.0,3.0,Tea,Brewed herbal tea,Lemon Grass Lg
6058.0,11/01/2023,17:16:51,2.0,3.0,Astoria,24.0,3.0,Coffee,Drip coffee,Our Old Time Diner Blend Lg
,11/01/2023,17:17:14,2.0,,Astoria,37.0,3.0,Coffee,Barista Espresso,Espresso shot
6060.0,11/01/2023,17:17:14,1.0,3.0,Astoria,84.0,0.8,Flavours,Regular syrup,Chocolate syrup
6061.0,11/01/2023,17:20:35,1.0,5.0,Lower Manhattan,53.0,3.0,Tea,Brewed Chai tea,Traditional Blend Chai Lg
6062.0,11/01/2023,17:21:54,2.0,8.0,Hell's Kitchen,59.0,4.5,Drinking Chocolate,Hot chocolate,Dark chocolate Lg
6063.0,11/01/2023,17:24:29,1.0,5.0,Lower Manhattan,22.0,2.0,Coffee,Drip coffee,Our Old Time Diner Blend Sm
6064.0,11/01/2023,17:26:27,1.0,3.0,Astoria,33.0,3.5,Coffee,Gourmet brewed coffee,Ethiopia Lg
6065.0,11/01/2023,17:26:27,1.0,3.0,Astoria,78.0,4.5,Bakery,Scone,Scottish Cream Scone 
6066.0,11/01/2023,17:35:45,1.0,8.0,Hell's Kitchen,34.0,2.45,Coffee,Premium brewed coffee,Jamaican Coffee River Sm
6067.0,11/01/2023,17:39:43,2.0,8.0,Hell's Kitchen,23.0,2.5,Coffee,Drip coffee,Our Old Time Diner Blend Rg
6068.0,11/01/2023,17:47:53,2.0,5.0,Lower Manhattan,28.0,2.0,Coffee,Gourmet brewed coffee,Columbian Medium Roast Sm
6069.0,11/01/2023,17:51:48,1.0,3.0,Astoria,27.0,3.5,Coffee,Organic brewed coffee,Brazilian Lg
6070.0,11/01/2023,17:54:24,2.0,3.0,Astoria,37.0,3.0,Coffee,Barista Espresso,Espresso shot
6071.0,11/01/2023,17:54:24,1.0,3.0,Astoria,63.0,0.8,Flavours,Regular syrup,Carmel syrup
6072.0,11/01/2023,17:55:34,2.0,5.0,Lower Manhattan,36.0,3.75,Coffee,Premium brewed coffee,Jamaican Coffee River Lg
6073.0,11/01/2023,17:55:34,1.0,5.0,Lower Manhattan,78.0,4.5,Bakery,Scone,Scottish Cream Scone 
6074.0,11/01/2023,17:55:53,2.0,3.0,Astoria,41.0,4.25,Coffee,Barista Espresso,Cappuccino Lg
6075.0,11/01/2023,17:55:53,2.0,3.0,Astoria,84.0,0.8,Flavours,Regular syrup,Chocolate syrup
6076.0,11/01/2023,18:03:37,2.0,5.0,Lower Manhattan,35.0,3.1,Coffee,Premium brewed coffee,Jamaican Coffee River Rg
6077.0,11/01/2023,18:06:57,1.0,5.0,Lower Manhattan,39.0,4.25,Coffee,Barista Espresso,Latte Rg
6078.0,11/01/2023,18:06:57,1.0,5.0,Lower Manhattan,84.0,0.8,Flavours,Regular syrup,Chocolate syrup
6079.0,11/01/2023,18:06:57,1.0,5.0,Lower Manhattan,75.0,3.5,Bakery,Pastry,Croissant
6080.0,11/01/2023,18:09:19,2.0,8.0,Hell's Kitchen,30.0,3.0,Coffee,Gourmet brewed coffee,Columbian Medium Roast Lg
6081.0,11/01/2023,18:11:42,,8.0,Hell's Kitchen,48.0,,Tea,Brewed Black tea,English Breakfast Rg
6082.0,11/01/2023,18:11:42,1.0,8.0,Hell's Kitchen,70.0,3.25,Bakery,Scone,Cranberry Scone
6083.0,11/01/2023,18:16:37,1.0,8.0,Hell's Kitchen,56.0,2.55,Tea,Brewed Chai tea,Spicy Eye Opener Chai Rg
6084.0,11/01/2023,18:17:04,1.0,5.0,Lower Manhattan,39.0,4.25,Coffee,Barista Espresso,Latte Rg
6085.0,11/01/2023,18:17:04,3.0,5.0,Lower Manhattan,65.0,0.8,Flavours,Sugar free syrup,Sugar Free Vanilla syrup
6086.0,11/01/2023,18:23:00,2.0,5.0,Lower Manhattan,52.0,2.5,Tea,Brewed Chai tea,Traditional Blend Chai Rg
6087.0,11/01/2023,18:23:58,2.0,3.0,Astoria,35.0,3.1,Coffee,Premium brewed coffee,Jamaican Coffee River Rg
6088.0,11/01/2023,18:23:58,1.0,3.0,Astoria,71.0,3.75,Bakery,Pastry,Chocolate Croissant
6089.0,11/01/2023,18:23:58,,,Astoria,,12.0,Branded,Housewares,I Need My Bean! Diner mug
6090.0,11/01/2023,18:26:20,1.0,3.0,Astoria,49.0,3.0,Tea,Brewed Black tea,English Breakfast Lg
6091.0,11/01/2023,18:27:31,1.0,8.0,Hell's Kitchen,22.0,2.0,Coffee,Drip coffee,Our Old Time Diner Blend Sm
,11/01/2023,18:27:31,1.0,8.0,Hell's Kitchen,74.0,,Bakery,Biscotti,Ginger Biscotti
6093.0,11/01/2023,18:28:13,1.0,5.0,Lower Manhattan,52.0,2.5,Tea,Brewed Chai tea,Traditional Blend Chai Rg
6094.0,11/01/2023,18:28:13,1.0,5.0,Lower Manhattan,75.0,3.5,Bakery,Pastry,Croissant
6095.0,11/01/2023,18:35:44,1.0,3.0,Astoria,31.0,2.2,Coffee,Gourmet brewed coffee,Ethiopia Sm
6096.0,11/01/2023,18:35:44,1.0,3.0,Astoria,,,Branded,Housewares,I Need My Bean! Latte cup
6097.0,11/01/2023,18:45:18,2.0,3.0,Astoria,61.0,4.75,Drinking Chocolate,Hot chocolate,Sustainably Grown Organic Lg
6098.0,11/01/2023,18:55:48,2.0,3.0,Astoria,58.0,3.5,Drinking Chocolate,Hot chocolate,Dark chocolate Rg
6099.0,11/01/2023,18:55:50,2.0,8.0,Hell's Kitchen,32.0,3.0,Coffee,Gourmet brewed coffee,Ethiopia Rg
6100.0,11/01/2023,18:59:04,2.0,8.0,Hell's Kitchen,57.0,3.1,Tea,Brewed Chai tea,Spicy Eye Opener Chai Lg
6101.0,11/01/2023,18:59:39,2.0,8.0,Hell's Kitchen,45.0,3.0,Tea,Brewed herbal tea,Peppermint Lg
6102.0,11/01/2023,19:02:29,2.0,8.0,Hell's Kitchen,57.0,3.1,Tea,Brewed Chai tea,Spicy Eye Opener Chai Lg
6103.0,11/01/2023,19:02:29,1.0,8.0,Hell's Kitchen,19.0,6.4,Packaged Chocolate,Drinking Chocolate,Dark chocolate
6104.0,11/01/2023,19:17:53,1.0,3.0,Astoria,45.0,3.0,Tea,Brewed herbal tea,Peppermint Lg
6105.0,11/01/2023,19:19:42,2.0,3.0,Astoria,37.0,3.0,Coffee,Barista Espresso,Espresso shot
6106.0,11/01/2023,19:19:42,2.0,3.0,Astoria,65.0,0.8,Flavours,Sugar free syrup,Sugar Free Vanilla syrup
6107.0,11/01/2023,19:19:42,1.0,3.0,Astoria,69.0,3.25,Bakery,Biscotti,Hazelnut Biscotti
6108.0,11/01/2023,19:25:41,1.0,8.0,Hell's Kitchen,87.0,3.0,Coffee,Barista Espresso,Ouro Brasileiro shot
6109.0,11/01/2023,19:26:08,1.0,3.0,Astoria,26.0,3.0,Coffee,Organic brewed coffee,Brazilian Rg
6110.0,11/01/2023,19:30:22,2.0,8.0,Hell's Kitchen,31.0,2.2,Coffee,Gourmet brewed coffee,Ethiopia Sm
6111.0,11/01/2023,19:45:34,1.0,8.0,Hell's Kitchen,61.0,4.75,Drinking Chocolate,Hot chocolate,Sustainably Grown Organic Lg
6112.0,11/01/2023,19:45:34,1.0,8.0,Hell's Kitchen,74.0,3.5,Bakery,Biscotti,Ginger Biscotti
6113.0,11/01/2023,19:53:00,1.0,3.0,Astoria,34.0,2.45,Coffee,Premium brewed coffee,Jamaican Coffee River Sm
6114.0,11/01/2023,19:53:00,1.0,3.0,Astoria,71.0,3.75,Bakery,Pastry,Chocolate Croissant
6115.0,11/01/2023,19:54:04,1.0,8.0,Hell's Kitchen,53.0,3.0,Tea,Brewed Chai tea,Traditional Blend Chai Lg
6116.0,11/01/2023,19:55:06,2.0,8.0,Hell's Kitchen,61.0,4.75,Drinking Chocolate,Hot chocolate,Sustainably Grown Organic Lg
6117.0,11/01/2023,19:55:06,1.0,8.0,Hell's Kitchen,76.0,3.5,Bakery,Biscotti,Chocolate Chip Biscotti
6118.0,11/01/2023,19:57:07,1.0,3.0,Astoria,49.0,3.0,Tea,Brewed Black tea,English Breakfast Lg
6119.0,12/01/2023,06:07:05,2.0,5.0,Lower Manhattan,28.0,2.0,Coffee,Gourmet brewed coffee,Columbian Medium Roast Sm
6120.0,12/01/2023,06:10:09,2.0,5.0,Lower Manhattan,51.0,3.0,Tea,Brewed Black tea,Earl Grey Lg
6121.0,12/01/2023,06:10:09,1.0,5.0,Lower Manhattan,75.0,3.5,Bakery,Pastry,Croissant
6122.0,12/01/2023,06:14:58,1.0,5.0,Lower Manhattan,50.0,2.5,Tea,Brewed Black tea,Earl Grey Rg
6123.0,12/01/2023,06:24:53,2.0,5.0,Lower Manhattan,51.0,3.0,Tea,Brewed Black tea,Earl Grey Lg
6124.0,12/01/2023,06:33:11,2.0,8.0,Hell's Kitchen,31.0,2.2,Coffee,Gourmet brewed coffee,Ethiopia Sm
6125.0,12/01/2023,06:33:52,1.0,5.0,Lower Manhattan,59.0,4.5,Drinking Chocolate,Hot chocolate,Dark chocolate Lg
6126.0,12/01/2023,06:33:52,1.0,5.0,Lower Manhattan,71.0,3.75,Bakery,Pastry,Chocolate Croissant
6127.0,12/01/2023,06:34:34,1.0,8.0,Hell's Kitchen,45.0,3.0,Tea,Brewed herbal tea,Peppermint Lg
6128.0,12/01/2023,06:34:44,1.0,5.0,Lower Manhattan,49.0,3.0,Tea,Brewed Black tea,English Breakfast Lg
6129.0,12/01/2023,06:37:17,2.0,5.0,Lower Manhattan,58.0,3.5,Drinking Chocolate,Hot chocolate,Dark chocolate Rg
6130.0,12/01/2023,06:37:17,1.0,5.0,Lower Manhattan,76.0,3.5,Bakery,Biscotti,Chocolate Chip Biscotti
6131.0,12/01/2023,06:37:46,2.0,5.0,Lower Manhattan,31.0,2.2,Coffee,Gourmet brewed coffee,Ethiopia Sm
6132.0,12/01/2023,06:39:49,2.0,8.0,Hell's Kitchen,26.0,3.0,Coffee,Organic brewed coffee,Brazilian Rg
6133.0,12/01/2023,06:41:19,2.0,8.0,Hell's Kitchen,57.0,3.1,Tea,Brewed Chai tea,Spicy Eye Opener Chai Lg
6134.0,12/01/2023,06:41:44,1.0,8.0,Hell's Kitchen,40.0,3.75,Coffee,Barista Espresso,Cappuccino
6135.0,12/01/2023,06:41:44,1.0,8.0,Hell's Kitchen,84.0,0.8,Flavours,Regular syrup,Chocolate syrup
6136.0,12/01/2023,06:43:09,1.0,5.0,Lower Manhattan,39.0,4.25,Coffee,Barista Espresso,Latte Rg
,12/01/2023,06:43:09,,,Lower Manhattan,65.0,0.8,Flavours,Sugar free syrup,Sugar Free Vanilla syrup
6138.0,12/01/2023,06:44:00,2.0,8.0,Hell's Kitchen,56.0,2.55,Tea,Brewed Chai tea,Spicy Eye Opener Chai Rg
6139.0,12/01/2023,06:45:25,1.0,8.0,Hell's Kitchen,53.0,3.0,Tea,Brewed Chai tea,Traditional Blend Chai Lg
6140.0,12/01/2023,06:48:07,1.0,5.0,Lower Manhattan,39.0,4.25,Coffee,Barista Espresso,Latte Rg
6141.0,12/01/2023,06:48:07,2.0,5.0,Lower Manhattan,64.0,0.8,Flavours,Regular syrup,Hazelnut syrup
6142.0,12/01/2023,06:51:20,2.0,8.0,Hell's Kitchen,31.0,2.2,Coffee,Gourmet brewed coffee,Ethiopia Sm
6143.0,12/01/2023,06:52:21,1.0,5.0,Lower Manhattan,55.0,4.0,Tea,Brewed Chai tea,Morning Sunrise Chai Lg
6144.0,12/01/2023,06:53:14,2.0,5.0,Lower Manhattan,55.0,4.0,Tea,Brewed Chai tea,Morning Sunrise Chai Lg
6145.0,12/01/2023,06:53:14,1.0,5.0,Lower Manhattan,75.0,3.5,Bakery,Pastry,Croissant
6146.0,12/01/2023,06:53:58,2.0,8.0,Hell's Kitchen,24.0,3.0,Coffee,Drip coffee,Our Old Time Diner Blend Lg
6147.0,12/01/2023,06:54:10,1.0,,Hell's Kitchen,,,Tea,Brewed herbal tea,Peppermint Rg
6148.0,12/01/2023,06:54:30,1.0,8.0,Hell's Kitchen,25.0,2.2,Coffee,Organic brewed coffee,Brazilian Sm
6149.0,12/01/2023,06:54:41,2.0,5.0,Lower Manhattan,55.0,4.0,Tea,Brewed Chai tea,Morning Sunrise Chai Lg
6150.0,12/01/2023,06:54:41,1.0,5.0,Lower Manhattan,72.0,3.25,Bakery,Scone,Ginger Scone
6151.0,12/01/2023,06:55:32,1.0,5.0,Lower Manhattan,40.0,3.75,Coffee,Barista Espresso,Cappuccino
6152.0,12/01/2023,06:55:32,2.0,5.0,Lower Manhattan,63.0,0.8,Flavours,Regular syrup,Carmel syrup
6153.0,12/01/2023,06:56:13,1.0,8.0,Hell's Kitchen,41.0,4.25,Coffee,Barista Espresso,Cappuccino Lg
6154.0,12/01/2023,06:56:13,2.0,8.0,Hell's Kitchen,84.0,0.8,Flavours,Regular syrup,Chocolate syrup
6155.0,12/01/2023,06:57:55,1.0,5.0,Lower Manhattan,37.0,3.0,Coffee,Barista Espresso,Espresso shot
6156.0,12/01/2023,06:57:55,3.0,5.0,Lower Manhattan,65.0,0.8,Flavours,Sugar free syrup,Sugar Free Vanilla syrup
6157.0,12/01/2023,06:57:55,1.0,5.0,Lower Manhattan,78.0,4.5,Bakery,Scone,Scottish Cream Scone 
6158.0,12/01/2023,07:01:08,1.0,8.0,Hell's Kitchen,46.0,2.5,Tea,Brewed Green tea,Serenity Green Tea Rg
6159.0,12/01/2023,07:02:13,2.0,3.0,Astoria,60.0,3.75,Drinking Chocolate,Hot chocolate,Sustainably Grown Organic Rg
6160.0,12/01/2023,07:05:37,2.0,5.0,Lower Manhattan,28.0,2.0,Coffee,Gourmet brewed coffee,Columbian Medium Roast Sm
6161.0,12/01/2023,07:05:37,1.0,5.0,Lower Manhattan,70.0,3.25,Bakery,Scone,Cranberry Scone
6162.0,12/01/2023,07:05:53,2.0,5.0,Lower Manhattan,43.0,3.0,Tea,Brewed herbal tea,Lemon Grass Lg
6163.0,12/01/2023,07:06:05,2.0,8.0,Hell's Kitchen,56.0,2.55,Tea,Brewed Chai tea,Spicy Eye Opener Chai Rg
6164.0,12/01/2023,07:06:05,1.0,8.0,Hell's Kitchen,73.0,3.75,Bakery,Pastry,Almond Croissant
6165.0,12/01/2023,07:06:10,1.0,8.0,Hell's Kitchen,45.0,3.0,Tea,Brewed herbal tea,Peppermint Lg
6166.0,12/01/2023,07:07:53,1.0,5.0,Lower Manhattan,34.0,2.45,Coffee,Premium brewed coffee,Jamaican Coffee River Sm
6167.0,12/01/2023,07:09:03,1.0,8.0,Hell's Kitchen,59.0,4.5,Drinking Chocolate,Hot chocolate,Dark chocolate Lg
6168.0,12/01/2023,07:09:04,1.0,5.0,Lower Manhattan,58.0,3.5,Drinking Chocolate,Hot chocolate,Dark chocolate Rg
6169.0,12/01/2023,07:09:04,1.0,5.0,Lower Manhattan,73.0,3.75,Bakery,Pastry,Almond Croissant
6170.0,12/01/2023,07:09:18,2.0,3.0,Astoria,25.0,2.2,Coffee,Organic brewed coffee,Brazilian Sm
6171.0,12/01/2023,07:09:53,,,Lower Manhattan,50.0,2.5,Tea,Brewed Black tea,Earl Grey Rg
6172.0,12/01/2023,07:10:04,2.0,3.0,Astoria,34.0,2.45,Coffee,Premium brewed coffee,Jamaican Coffee River Sm
6173.0,12/01/2023,07:10:05,2.0,5.0,Lower Manhattan,23.0,2.5,Coffee,Drip coffee,Our Old Time Diner Blend Rg
6174.0,12/01/2023,07:11:22,1.0,5.0,Lower Manhattan,22.0,2.0,Coffee,Drip coffee,Our Old Time Diner Blend Sm
6175.0,12/01/2023,07:12:08,1.0,5.0,Lower Manhattan,40.0,3.75,Coffee,Barista Espresso,Cappuccino
6176.0,12/01/2023,07:12:08,3.0,5.0,Lower Manhattan,64.0,0.8,Flavours,Regular syrup,Hazelnut syrup
6177.0,12/01/2023,07:13:28,2.0,8.0,Hell's Kitchen,38.0,3.75,Coffee,Barista Espresso,Latte
6178.0,12/01/2023,07:13:28,2.0,8.0,Hell's Kitchen,63.0,0.8,Flavours,Regular syrup,Carmel syrup
6179.0,12/01/2023,07:14:03,2.0,3.0,Astoria,50.0,2.5,Tea,Brewed Black tea,Earl Grey Rg
6180.0,12/01/2023,07:15:19,1.0,3.0,Astoria,22.0,2.0,Coffee,Drip coffee,Our Old Time Diner Blend Sm
6181.0,12/01/2023,07:16:09,1.0,3.0,Astoria,11.0,8.95,Loose Tea,Herbal tea,Lemon Grass
6182.0,12/01/2023,07:17:01,1.0,3.0,Astoria,49.0,3.0,Tea,Brewed Black tea,English Breakfast Lg
6183.0,12/01/2023,07:18:29,1.0,8.0,Hell's Kitchen,43.0,3.0,Tea,Brewed herbal tea,Lemon Grass Lg
6184.0,12/01/2023,07:20:26,1.0,8.0,Hell's Kitchen,61.0,4.75,Drinking Chocolate,Hot chocolate,Sustainably Grown Organic Lg
6185.0,12/01/2023,07:20:56,1.0,5.0,Lower Manhattan,54.0,2.5,Tea,Brewed Chai tea,Morning Sunrise Chai Rg
6186.0,12/01/2023,07:22:47,1.0,5.0,Lower Manhattan,60.0,3.75,Drinking Chocolate,Hot chocolate,Sustainably Grown Organic Rg
6187.0,12/01/2023,07:23:54,1.0,3.0,Astoria,57.0,3.1,Tea,Brewed Chai tea,Spicy Eye Opener Chai Lg
6188.0,12/01/2023,07:25:33,1.0,5.0,Lower Manhattan,55.0,4.0,Tea,Brewed Chai tea,Morning Sunrise Chai Lg
6189.0,12/01/2023,07:25:39,2.0,3.0,Astoria,28.0,2.0,Coffee,Gourmet brewed coffee,Columbian Medium Roast Sm
6190.0,12/01/2023,07:25:59,2.0,3.0,Astoria,34.0,2.45,Coffee,Premium brewed coffee,Jamaican Coffee River Sm
6191.0,12/01/2023,07:26:35,1.0,3.0,Astoria,71.0,3.75,Bakery,Pastry,Chocolate Croissant
6192.0,12/01/2023,07:27:53,2.0,5.0,Lower Manhattan,25.0,2.2,Coffee,Organic brewed coffee,Brazilian Sm
6193.0,12/01/2023,07:28:53,1.0,3.0,Astoria,75.0,3.5,Bakery,Pastry,Croissant
6194.0,12/01/2023,07:29:25,2.0,3.0,Astoria,23.0,2.5,Coffee,Drip coffee,Our Old Time Diner Blend Rg
6195.0,12/01/2023,07:32:51,1.0,8.0,Hell's Kitchen,60.0,3.75,Drinking Chocolate,Hot chocolate,Sustainably Grown Organic Rg
6196.0,12/01/2023,07:34:44,1.0,5.0,Lower Manhattan,33.0,3.5,Coffee,Gourmet brewed coffee,Ethiopia Lg
6197.0,12/01/2023,07:36:17,1.0,5.0,Lower Manhattan,39.0,4.25,Coffee,Barista Espresso,Latte Rg
6198.0,12/01/2023,07:36:17,2.0,5.0,Lower Manhattan,63.0,0.8,Flavours,Regular syrup,Carmel syrup
6199.0,12/01/2023,07:37:25,2.0,5.0,Lower Manhattan,42.0,2.5,Tea,Brewed herbal tea,Lemon Grass Rg
6200.0,12/01/2023,07:37:25,1.0,5.0,Lower Manhattan,71.0,3.75,Bakery,Pastry,Chocolate Croissant
6201.0,12/01/2023,07:37:49,2.0,8.0,Hell's Kitchen,34.0,2.45,Coffee,Premium brewed coffee,Jamaican Coffee River Sm
6202.0,12/01/2023,07:38:21,1.0,8.0,Hell's Kitchen,44.0,2.5,Tea,Brewed herbal tea,Peppermint Rg
6203.0,12/01/2023,07:40:57,2.0,3.0,Astoria,30.0,3.0,Coffee,Gourmet brewed coffee,Columbian Medium Roast Lg
6204.0,12/01/2023,07:41:34,1.0,8.0,Hell's Kitchen,71.0,3.75,Bakery,Pastry,Chocolate Croissant
6205.0,12/01/2023,07:41:34,1.0,8.0,Hell's Kitchen,71.0,3.75,Bakery,Pastry,Chocolate Croissant
6206.0,12/01/2023,07:45:21,2.0,5.0,Lower Manhattan,48.0,2.5,Tea,Brewed Black tea,English Breakfast Rg
6207.0,12/01/2023,07:45:28,1.0,8.0,Hell's Kitchen,28.0,2.0,Coffee,Gourmet brewed coffee,Columbian Medium Roast Sm
6208.0,12/01/2023,07:46:43,2.0,5.0,Lower Manhattan,27.0,3.5,Coffee,Organic brewed coffee,Brazilian Lg
6209.0,12/01/2023,07:46:43,1.0,5.0,Lower Manhattan,79.0,3.75,Bakery,Scone,Jumbo Savory Scone
6210.0,12/01/2023,07:49:08,2.0,8.0,Hell's Kitchen,54.0,2.5,Tea,Brewed Chai tea,Morning Sunrise Chai Rg
6211.0,12/01/2023,07:49:17,1.0,8.0,Hell's Kitchen,87.0,3.0,Coffee,Barista Espresso,Ouro Brasileiro shot
6212.0,12/01/2023,07:49:43,1.0,5.0,Lower Manhattan,50.0,2.5,Tea,Brewed Black tea,Earl Grey Rg
6213.0,12/01/2023,07:49:43,1.0,5.0,Lower Manhattan,77.0,3.0,Bakery,Scone,Oatmeal Scone
6214.0,12/01/2023,07:49:59,1.0,3.0,Astoria,74.0,3.5,Bakery,Biscotti,Ginger Biscotti
6215.0,12/01/2023,07:51:29,2.0,5.0,Lower Manhattan,49.0,3.0,Tea,Brewed Black tea,English Breakfast Lg
6216.0,12/01/2023,07:53:18,1.0,5.0,Lower Manhattan,26.0,3.0,Coffee,Organic brewed coffee,Brazilian Rg
6217.0,12/01/2023,07:54:11,2.0,3.0,Astoria,52.0,2.5,Tea,Brewed Chai tea,Traditional Blend Chai Rg
6218.0,12/01/2023,07:55:33,2.0,5.0,Lower Manhattan,61.0,4.75,Drinking Chocolate,Hot chocolate,Sustainably Grown Organic Lg
6219.0,12/01/2023,07:56:16,2.0,8.0,Hell's Kitchen,50.0,2.5,Tea,Brewed Black tea,Earl Grey Rg
6220.0,12/01/2023,07:57:26,1.0,8.0,Hell's Kitchen,34.0,2.45,Coffee,Premium brewed coffee,Jamaican Coffee River Sm
6221.0,12/01/2023,07:59:45,1.0,3.0,Astoria,49.0,3.0,Tea,Brewed Black tea,English Breakfast Lg
6222.0,12/01/2023,08:00:33,2.0,5.0,Lower Manhattan,36.0,3.75,Coffee,Premium brewed coffee,Jamaican Coffee River Lg
6223.0,12/01/2023,08:01:15,2.0,8.0,Hell's Kitchen,48.0,2.5,Tea,Brewed Black tea,English Breakfast Rg
6224.0,12/01/2023,08:01:15,1.0,8.0,Hell's Kitchen,78.0,4.5,Bakery,Scone,Scottish Cream Scone 
6225.0,12/01/2023,08:03:48,1.0,8.0,Hell's Kitchen,71.0,3.75,Bakery,Pastry,Chocolate Croissant
6226.0,12/01/2023,08:03:48,1.0,8.0,Hell's Kitchen,71.0,3.75,Bakery,Pastry,Chocolate Croissant
6227.0,12/01/2023,08:03:48,1.0,8.0,Hell's Kitchen,71.0,3.75,Bakery,Pastry,Chocolate Croissant
6228.0,12/01/2023,08:04:46,1.0,8.0,Hell's Kitchen,27.0,3.5,Coffee,Organic brewed coffee,Brazilian Lg
6229.0,12/01/2023,08:04:51,2.0,5.0,Lower Manhattan,39.0,4.25,Coffee,Barista Espresso,Latte Rg
6230.0,12/01/2023,08:04:51,2.0,5.0,Lower Manhattan,63.0,0.8,Flavours,Regular syrup,Carmel syrup
6231.0,12/01/2023,08:05:21,1.0,3.0,Astoria,69.0,3.25,Bakery,Biscotti,Hazelnut Biscotti
6232.0,12/01/2023,08:06:04,2.0,5.0,Lower Manhattan,60.0,3.75,Drinking Chocolate,Hot chocolate,Sustainably Grown Organic Rg
6233.0,12/01/2023,08:13:50,2.0,8.0,Hell's Kitchen,25.0,2.2,Coffee,Organic brewed coffee,Brazilian Sm
6234.0,12/01/2023,08:14:28,2.0,3.0,Astoria,56.0,2.55,Tea,Brewed Chai tea,Spicy Eye Opener Chai Rg
6235.0,12/01/2023,08:14:57,1.0,3.0,Astoria,20.0,7.6,Packaged Chocolate,Organic Chocolate,Sustainably Grown Organic
6236.0,12/01/2023,08:15:23,2.0,8.0,Hell's Kitchen,33.0,3.5,Coffee,Gourmet brewed coffee,Ethiopia Lg
6237.0,12/01/2023,08:17:03,2.0,3.0,Astoria,29.0,2.5,Coffee,Gourmet brewed coffee,Columbian Medium Roast Rg
6238.0,12/01/2023,08:17:52,1.0,5.0,Lower Manhattan,52.0,2.5,Tea,Brewed Chai tea,Traditional Blend Chai Rg
6239.0,12/01/2023,08:18:14,2.0,5.0,Lower Manhattan,37.0,3.0,Coffee,Barista Espresso,Espresso shot
6240.0,12/01/2023,08:18:14,1.0,5.0,Lower Manhattan,64.0,0.8,Flavours,Regular syrup,Hazelnut syrup
6241.0,12/01/2023,08:18:24,1.0,8.0,Hell's Kitchen,43.0,3.0,Tea,Brewed herbal tea,Lemon Grass Lg
6242.0,12/01/2023,08:18:38,2.0,5.0,Lower Manhattan,29.0,2.5,Coffee,Gourmet brewed coffee,Columbian Medium Roast Rg
6243.0,12/01/2023,08:19:48,1.0,8.0,Hell's Kitchen,22.0,2.0,Coffee,Drip coffee,Our Old Time Diner Blend Sm
6244.0,12/01/2023,08:20:24,1.0,3.0,Astoria,74.0,3.5,Bakery,Biscotti,Ginger Biscotti
6245.0,12/01/2023,08:20:56,2.0,8.0,Hell's Kitchen,59.0,4.5,Drinking Chocolate,Hot chocolate,Dark chocolate Lg
6246.0,12/01/2023,08:22:24,1.0,5.0,Lower Manhattan,53.0,3.0,Tea,Brewed Chai tea,Traditional Blend Chai Lg
6247.0,12/01/2023,08:24:09,2.0,8.0,Hell's Kitchen,39.0,4.25,Coffee,Barista Espresso,Latte Rg
6248.0,12/01/2023,08:24:09,1.0,8.0,Hell's Kitchen,65.0,0.8,Flavours,Sugar free syrup,Sugar Free Vanilla syrup
6249.0,12/01/2023,08:26:12,1.0,3.0,Astoria,23.0,2.5,Coffee,Drip coffee,Our Old Time Diner Blend Rg
6250.0,12/01/2023,08:28:27,1.0,8.0,Hell's Kitchen,24.0,3.0,Coffee,Drip coffee,Our Old Time Diner Blend Lg
6251.0,12/01/2023,08:31:34,1.0,3.0,Astoria,57.0,3.1,Tea,Brewed Chai tea,Spicy Eye Opener Chai Lg
6252.0,12/01/2023,08:31:46,1.0,3.0,Astoria,47.0,3.0,Tea,Brewed Green tea,Serenity Green Tea Lg
6253.0,12/01/2023,08:32:50,1.0,8.0,Hell's Kitchen,25.0,2.2,Coffee,Organic brewed coffee,Brazilian Sm
6254.0,12/01/2023,08:32:54,2.0,3.0,Astoria,63.0,0.8,Flavours,Regular syrup,Carmel syrup
6255.0,12/01/2023,08:32:54,2.0,3.0,Astoria,39.0,4.25,Coffee,Barista Espresso,Latte Rg
6256.0,12/01/2023,08:32:54,1.0,3.0,Astoria,4.0,20.45,Coffee beans,Espresso Beans,Primo Espresso Roast
6257.0,12/01/2023,08:33:16,1.0,3.0,Astoria,73.0,3.75,Bakery,Pastry,Almond Croissant
6258.0,12/01/2023,08:34:27,2.0,8.0,Hell's Kitchen,49.0,3.0,Tea,Brewed Black tea,English Breakfast Lg
6259.0,12/01/2023,08:35:03,1.0,3.0,Astoria,52.0,2.5,Tea,Brewed Chai tea,Traditional Blend Chai Rg
6260.0,12/01/2023,08:36:58,2.0,3.0,Astoria,29.0,2.5,Coffee,Gourmet brewed coffee,Columbian Medium Roast Rg
6261.0,12/01/2023,08:37:54,2.0,3.0,Astoria,59.0,4.5,Drinking Chocolate,Hot chocolate,Dark chocolate Lg
6262.0,12/01/2023,08:39:52,2.0,5.0,Lower Manhattan,23.0,2.5,Coffee,Drip coffee,Our Old Time Diner Blend Rg
6263.0,12/01/2023,08:39:52,1.0,5.0,Lower Manhattan,69.0,3.25,Bakery,Biscotti,Hazelnut Biscotti
6264.0,12/01/2023,08:41:34,1.0,3.0,Astoria,23.0,2.5,Coffee,Drip coffee,Our Old Time Diner Blend Rg
6265.0,12/01/2023,08:43:14,2.0,8.0,Hell's Kitchen,61.0,4.75,Drinking Chocolate,Hot chocolate,Sustainably Grown Organic Lg
6266.0,12/01/2023,08:43:29,1.0,3.0,Astoria,12.0,8.95,Loose Tea,Herbal tea,Peppermint
6267.0,12/01/2023,08:45:07,1.0,3.0,Astoria,84.0,0.8,Flavours,Regular syrup,Chocolate syrup
6268.0,12/01/2023,08:45:07,1.0,3.0,Astoria,41.0,4.25,Coffee,Barista Espresso,Cappuccino Lg
6269.0,12/01/2023,08:47:16,1.0,8.0,Hell's Kitchen,46.0,2.5,Tea,Brewed Green tea,Serenity Green Tea Rg
6270.0,12/01/2023,08:48:11,1.0,3.0,Astoria,34.0,2.45,Coffee,Premium brewed coffee,Jamaican Coffee River Sm
6271.0,12/01/2023,08:48:35,2.0,5.0,Lower Manhattan,59.0,4.5,Drinking Chocolate,Hot chocolate,Dark chocolate Lg
6272.0,12/01/2023,08:49:08,1.0,3.0,Astoria,72.0,3.25,Bakery,Scone,Ginger Scone
6273.0,12/01/2023,08:49:11,2.0,5.0,Lower Manhattan,54.0,2.5,Tea,Brewed Chai tea,Morning Sunrise Chai Rg
6274.0,12/01/2023,08:50:17,1.0,5.0,Lower Manhattan,40.0,3.75,Coffee,Barista Espresso,Cappuccino
6275.0,12/01/2023,08:50:17,2.0,5.0,Lower Manhattan,84.0,0.8,Flavours,Regular syrup,Chocolate syrup
6276.0,12/01/2023,08:54:16,2.0,5.0,Lower Manhattan,39.0,4.25,Coffee,Barista Espresso,Latte Rg
6277.0,12/01/2023,08:54:16,1.0,5.0,Lower Manhattan,64.0,0.8,Flavours,Regular syrup,Hazelnut syrup
6278.0,12/01/2023,08:54:16,1.0,5.0,Lower Manhattan,75.0,3.5,Bakery,Pastry,Croissant
6279.0,12/01/2023,08:55:51,1.0,3.0,Astoria,51.0,3.0,Tea,Brewed Black tea,Earl Grey Lg
6280.0,12/01/2023,08:56:10,2.0,8.0,Hell's Kitchen,53.0,3.0,Tea,Brewed Chai tea,Traditional Blend Chai Lg
6281.0,12/01/2023,08:56:39,2.0,3.0,Astoria,31.0,2.2,Coffee,Gourmet brewed coffee,Ethiopia Sm
6282.0,12/01/2023,08:58:57,2.0,3.0,Astoria,55.0,4.0,Tea,Brewed Chai tea,Morning Sunrise Chai Lg
6283.0,12/01/2023,08:59:57,,3.0,Astoria,,,Bakery,Scone,Jumbo Savory Scone
6284.0,12/01/2023,09:01:08,2.0,5.0,Lower Manhattan,23.0,2.5,Coffee,Drip coffee,Our Old Time Diner Blend Rg
6285.0,12/01/2023,09:01:08,1.0,5.0,Lower Manhattan,75.0,3.5,Bakery,Pastry,Croissant
6286.0,12/01/2023,09:02:13,1.0,5.0,Lower Manhattan,36.0,3.75,Coffee,Premium brewed coffee,Jamaican Coffee River Lg
6287.0,12/01/2023,09:02:33,2.0,3.0,Astoria,24.0,3.0,Coffee,Drip coffee,Our Old Time Diner Blend Lg
6288.0,12/01/2023,09:04:12,2.0,3.0,Astoria,36.0,3.75,Coffee,Premium brewed coffee,Jamaican Coffee River Lg
6289.0,12/01/2023,09:07:37,2.0,3.0,Astoria,60.0,3.75,Drinking Chocolate,Hot chocolate,Sustainably Grown Organic Rg
,12/01/2023,09:07:37,2.0,,Lower Manhattan,,2.5,Tea,Brewed Green tea,Serenity Green Tea Rg
6291.0,12/01/2023,09:07:55,2.0,8.0,Hell's Kitchen,54.0,2.5,Tea,Brewed Chai tea,Morning Sunrise Chai Rg
6292.0,12/01/2023,09:08:53,2.0,3.0,Astoria,26.0,3.0,Coffee,Organic brewed coffee,Brazilian Rg
6293.0,12/01/2023,09:08:53,1.0,3.0,Astoria,28.0,2.0,Coffee,Gourmet brewed coffee,Columbian Medium Roast Sm
6294.0,12/01/2023,09:08:59,1.0,5.0,Lower Manhattan,49.0,3.0,Tea,Brewed Black tea,English Breakfast Lg
6295.0,12/01/2023,09:08:59,1.0,5.0,Lower Manhattan,72.0,3.25,Bakery,Scone,Ginger Scone
6296.0,12/01/2023,09:10:11,2.0,8.0,Hell's Kitchen,45.0,3.0,Tea,Brewed herbal tea,Peppermint Lg
6297.0,12/01/2023,09:10:15,2.0,5.0,Lower Manhattan,32.0,3.0,Coffee,Gourmet brewed coffee,Ethiopia Rg
6298.0,12/01/2023,09:10:39,2.0,5.0,Lower Manhattan,41.0,4.25,Coffee,Barista Espresso,Cappuccino Lg
6299.0,12/01/2023,09:10:39,3.0,5.0,Lower Manhattan,63.0,0.8,Flavours,Regular syrup,Carmel syrup
6300.0,12/01/2023,09:10:39,1.0,5.0,Lower Manhattan,72.0,3.25,Bakery,Scone,Ginger Scone
6301.0,12/01/2023,09:10:44,2.0,8.0,Hell's Kitchen,45.0,3.0,Tea,Brewed herbal tea,Peppermint Lg
6302.0,12/01/2023,09:10:51,2.0,5.0,Lower Manhattan,48.0,2.5,Tea,Brewed Black tea,English Breakfast Rg
6303.0,12/01/2023,09:11:53,1.0,3.0,Astoria,58.0,3.5,Drinking Chocolate,Hot chocolate,Dark chocolate Rg
6304.0,12/01/2023,09:11:54,1.0,3.0,Astoria,7.0,19.75,Coffee beans,Premium Beans,Jamacian Coffee River
6305.0,12/01/2023,09:12:12,1.0,3.0,Astoria,57.0,3.1,Tea,Brewed Chai tea,Spicy Eye Opener Chai Lg
6306.0,12/01/2023,09:12:38,1.0,8.0,Hell's Kitchen,31.0,2.2,Coffee,Gourmet brewed coffee,Ethiopia Sm
6307.0,12/01/2023,09:12:53,1.0,8.0,Hell's Kitchen,87.0,3.0,Coffee,Barista Espresso,Ouro Brasileiro shot
6308.0,12/01/2023,09:12:57,2.0,8.0,Hell's Kitchen,57.0,3.1,Tea,Brewed Chai tea,Spicy Eye Opener Chai Lg
6309.0,12/01/2023,09:12:57,1.0,8.0,Hell's Kitchen,76.0,3.5,Bakery,Biscotti,Chocolate Chip Biscotti
6310.0,12/01/2023,09:13:14,2.0,,Hell's Kitchen,,,Coffee,Premium brewed coffee,Jamaican Coffee River Sm
6311.0,12/01/2023,09:13:14,1.0,8.0,Hell's Kitchen,76.0,3.5,Bakery,Biscotti,Chocolate Chip Biscotti
6312.0,12/01/2023,09:14:36,2.0,8.0,Hell's Kitchen,37.0,3.0,Coffee,Barista Espresso,Espresso shot
6313.0,12/01/2023,09:14:52,2.0,8.0,Hell's Kitchen,42.0,2.5,Tea,Brewed herbal tea,Lemon Grass Rg
6314.0,12/01/2023,09:14:52,1.0,8.0,Hell's Kitchen,75.0,3.5,Bakery,Pastry,Croissant
6315.0,12/01/2023,09:18:11,1.0,5.0,Lower Manhattan,54.0,2.5,Tea,Brewed Chai tea,Morning Sunrise Chai Rg
6316.0,12/01/2023,09:19:27,1.0,3.0,Astoria,25.0,2.2,Coffee,Organic brewed coffee,Brazilian Sm
6317.0,12/01/2023,09:19:42,2.0,3.0,Astoria,29.0,2.5,Coffee,Gourmet brewed coffee,Columbian Medium Roast Rg
6318.0,12/01/2023,09:22:28,1.0,3.0,Astoria,71.0,3.75,Bakery,Pastry,Chocolate Croissant
,12/01/2023,09:25:22,2.0,,Hell's Kitchen,54.0,2.5,Tea,Brewed Chai tea,Morning Sunrise Chai Rg
6320.0,12/01/2023,09:25:24,1.0,8.0,Hell's Kitchen,41.0,4.25,Coffee,Barista Espresso,Cappuccino Lg
6321.0,12/01/2023,09:25:24,2.0,8.0,Hell's Kitchen,63.0,0.8,Flavours,Regular syrup,Carmel syrup
6322.0,12/01/2023,09:26:20,1.0,8.0,Hell's Kitchen,87.0,3.0,Coffee,Barista Espresso,Ouro Brasileiro shot
6323.0,12/01/2023,09:26:20,1.0,8.0,Hell's Kitchen,72.0,3.25,Bakery,Scone,Ginger Scone
6324.0,12/01/2023,09:26:33,2.0,3.0,Astoria,32.0,3.0,Coffee,Gourmet brewed coffee,Ethiopia Rg
6325.0,12/01/2023,09:27:51,1.0,5.0,Lower Manhattan,31.0,2.2,Coffee,Gourmet brewed coffee,Ethiopia Sm
6326.0,12/01/2023,09:28:24,2.0,3.0,Astoria,52.0,2.5,Tea,Brewed Chai tea,Traditional Blend Chai Rg
6327.0,12/01/2023,09:28:42,1.0,5.0,Lower Manhattan,26.0,3.0,Coffee,Organic brewed coffee,Brazilian Rg
6328.0,12/01/2023,09:28:42,1.0,5.0,Lower Manhattan,75.0,3.5,Bakery,Pastry,Croissant
6329.0,12/01/2023,09:29:22,2.0,3.0,Astoria,27.0,3.5,Coffee,Organic brewed coffee,Brazilian Lg
6330.0,12/01/2023,09:33:28,1.0,3.0,Astoria,71.0,3.75,Bakery,Pastry,Chocolate Croissant
6331.0,12/01/2023,09:36:27,1.0,3.0,Astoria,71.0,3.75,Bakery,Pastry,Chocolate Croissant
6332.0,12/01/2023,09:37:00,2.0,5.0,Lower Manhattan,25.0,2.2,Coffee,Organic brewed coffee,Brazilian Sm
6333.0,12/01/2023,09:37:00,1.0,5.0,Lower Manhattan,71.0,3.75,Bakery,Pastry,Chocolate Croissant
6334.0,12/01/2023,09:39:10,2.0,5.0,Lower Manhattan,49.0,3.0,Tea,Brewed Black tea,English Breakfast Lg
,12/01/2023,09:39:10,1.0,5.0,Lower Manhattan,73.0,,Bakery,Pastry,Almond Croissant
6336.0,12/01/2023,09:39:20,1.0,5.0,Lower Manhattan,24.0,3.0,Coffee,Drip coffee,Our Old Time Diner Blend Lg
6337.0,12/01/2023,09:39:40,1.0,3.0,Astoria,70.0,3.25,Bakery,Scone,Cranberry Scone
6338.0,12/01/2023,09:40:48,1.0,5.0,Lower Manhattan,23.0,2.5,Coffee,Drip coffee,Our Old Time Diner Blend Rg
6339.0,12/01/2023,09:42:44,1.0,5.0,Lower Manhattan,59.0,4.5,Drinking Chocolate,Hot chocolate,Dark chocolate Lg
6340.0,12/01/2023,09:43:31,1.0,8.0,Hell's Kitchen,59.0,4.5,Drinking Chocolate,Hot chocolate,Dark chocolate Lg
6341.0,12/01/2023,09:43:31,1.0,8.0,Hell's Kitchen,77.0,3.0,Bakery,Scone,Oatmeal Scone
6342.0,12/01/2023,09:45:38,1.0,8.0,Hell's Kitchen,40.0,3.75,Coffee,Barista Espresso,Cappuccino
6343.0,12/01/2023,09:45:57,1.0,5.0,Lower Manhattan,45.0,3.0,Tea,Brewed herbal tea,Peppermint Lg
6344.0,12/01/2023,09:46:34,1.0,3.0,Astoria,32.0,3.0,Coffee,Gourmet brewed coffee,Ethiopia Rg
6345.0,12/01/2023,09:46:57,1.0,5.0,Lower Manhattan,34.0,2.45,Coffee,Premium brewed coffee,Jamaican Coffee River Sm
6346.0,12/01/2023,09:48:44,2.0,3.0,Astoria,27.0,3.5,Coffee,Organic brewed coffee,Brazilian Lg
6347.0,12/01/2023,09:49:28,2.0,5.0,Lower Manhattan,27.0,3.5,Coffee,Organic brewed coffee,Brazilian Lg
6348.0,12/01/2023,09:52:14,2.0,8.0,Hell's Kitchen,43.0,3.0,Tea,Brewed herbal tea,Lemon Grass Lg
6349.0,12/01/2023,09:53:00,1.0,8.0,Hell's Kitchen,34.0,2.45,Coffee,Premium brewed coffee,Jamaican Coffee River Sm
6350.0,12/01/2023,09:54:31,2.0,5.0,Lower Manhattan,56.0,2.55,Tea,Brewed Chai tea,Spicy Eye Opener Chai Rg
6351.0,12/01/2023,09:54:34,1.0,5.0,Lower Manhattan,61.0,4.75,Drinking Chocolate,Hot chocolate,Sustainably Grown Organic Lg
6352.0,12/01/2023,09:56:50,1.0,3.0,Astoria,63.0,0.8,Flavours,Regular syrup,Carmel syrup
,12/01/2023,09:56:50,2.0,3.0,Astoria,40.0,,Coffee,Barista Espresso,Cappuccino
6354.0,12/01/2023,09:56:54,2.0,5.0,Lower Manhattan,60.0,3.75,Drinking Chocolate,Hot chocolate,Sustainably Grown Organic Rg
6355.0,12/01/2023,09:58:53,1.0,3.0,Astoria,79.0,3.75,Bakery,Scone,Jumbo Savory Scone
6356.0,12/01/2023,09:59:19,1.0,3.0,Astoria,43.0,3.0,Tea,Brewed herbal tea,Lemon Grass Lg
6357.0,12/01/2023,10:01:08,1.0,5.0,Lower Manhattan,44.0,2.5,Tea,Brewed herbal tea,Peppermint Rg
6358.0,12/01/2023,10:01:08,1.0,5.0,Lower Manhattan,71.0,3.75,Bakery,Pastry,Chocolate Croissant
6359.0,12/01/2023,10:02:44,1.0,8.0,Hell's Kitchen,48.0,2.5,Tea,Brewed Black tea,English Breakfast Rg
6360.0,12/01/2023,10:02:59,1.0,8.0,Hell's Kitchen,29.0,2.5,Coffee,Gourmet brewed coffee,Columbian Medium Roast Rg
6361.0,12/01/2023,10:03:01,1.0,8.0,Hell's Kitchen,57.0,3.1,Tea,Brewed Chai tea,Spicy Eye Opener Chai Lg
,12/01/2023,10:03:37,,5.0,Lower Manhattan,39.0,4.25,Coffee,Barista Espresso,Latte Rg
6363.0,12/01/2023,10:03:37,2.0,5.0,Lower Manhattan,64.0,0.8,Flavours,Regular syrup,Hazelnut syrup
6364.0,12/01/2023,10:03:37,1.0,5.0,Lower Manhattan,79.0,3.75,Bakery,Scone,Jumbo Savory Scone
6365.0,12/01/2023,10:03:42,2.0,5.0,Lower Manhattan,48.0,2.5,Tea,Brewed Black tea,English Breakfast Rg
6366.0,12/01/2023,10:03:42,1.0,5.0,Lower Manhattan,20.0,7.6,Packaged Chocolate,Organic Chocolate,Sustainably Grown Organic
6367.0,12/01/2023,10:03:48,1.0,3.0,Astoria,46.0,2.5,Tea,Brewed Green tea,Serenity Green Tea Rg
6368.0,12/01/2023,10:05:25,2.0,3.0,Astoria,54.0,2.5,Tea,Brewed Chai tea,Morning Sunrise Chai Rg
6369.0,12/01/2023,10:05:54,2.0,3.0,Astoria,36.0,3.75,Coffee,Premium brewed coffee,Jamaican Coffee River Lg
6370.0,12/01/2023,10:07:11,1.0,3.0,Astoria,47.0,3.0,Tea,Brewed Green tea,Serenity Green Tea Lg
6371.0,12/01/2023,10:10:25,1.0,8.0,Hell's Kitchen,50.0,2.5,Tea,Brewed Black tea,Earl Grey Rg
6372.0,12/01/2023,10:10:28,1.0,8.0,Hell's Kitchen,22.0,2.0,Coffee,Drip coffee,Our Old Time Diner Blend Sm
6373.0,12/01/2023,10:10:28,1.0,8.0,Hell's Kitchen,78.0,4.5,Bakery,Scone,Scottish Cream Scone 
6374.0,12/01/2023,10:11:11,1.0,5.0,Lower Manhattan,27.0,3.5,Coffee,Organic brewed coffee,Brazilian Lg
6375.0,12/01/2023,10:13:54,2.0,3.0,Astoria,59.0,4.5,Drinking Chocolate,Hot chocolate,Dark chocolate Lg
6376.0,12/01/2023,10:14:05,1.0,8.0,Hell's Kitchen,38.0,3.75,Coffee,Barista Espresso,Latte
6377.0,12/01/2023,10:14:05,2.0,8.0,Hell's Kitchen,63.0,0.8,Flavours,Regular syrup,Carmel syrup
6378.0,12/01/2023,10:15:40,2.0,8.0,Hell's Kitchen,25.0,2.2,Coffee,Organic brewed coffee,Brazilian Sm
6379.0,12/01/2023,10:16:27,2.0,3.0,Astoria,42.0,2.5,Tea,Brewed herbal tea,Lemon Grass Rg
6380.0,12/01/2023,10:17:30,1.0,5.0,Lower Manhattan,60.0,3.75,Drinking Chocolate,Hot chocolate,Sustainably Grown Organic Rg
6381.0,12/01/2023,10:17:30,1.0,5.0,Lower Manhattan,18.0,10.95,Loose Tea,Chai tea,Spicy Eye Opener Chai
6382.0,12/01/2023,10:17:52,2.0,5.0,Lower Manhattan,22.0,2.0,Coffee,Drip coffee,Our Old Time Diner Blend Sm
6383.0,12/01/2023,10:17:52,1.0,5.0,Lower Manhattan,74.0,3.5,Bakery,Biscotti,Ginger Biscotti
6384.0,12/01/2023,10:18:14,1.0,3.0,Astoria,54.0,2.5,Tea,Brewed Chai tea,Morning Sunrise Chai Rg
6385.0,12/01/2023,10:20:51,1.0,3.0,Astoria,69.0,3.25,Bakery,Biscotti,Hazelnut Biscotti
6386.0,12/01/2023,10:24:37,1.0,3.0,Astoria,71.0,3.75,Bakery,Pastry,Chocolate Croissant
6387.0,12/01/2023,10:24:44,2.0,3.0,Astoria,47.0,3.0,Tea,Brewed Green tea,Serenity Green Tea Lg
6388.0,12/01/2023,10:24:49,1.0,5.0,Lower Manhattan,55.0,4.0,Tea,Brewed Chai tea,Morning Sunrise Chai Lg
6389.0,12/01/2023,10:24:49,1.0,5.0,Lower Manhattan,75.0,3.5,Bakery,Pastry,Croissant
,12/01/2023,10:27:14,,8.0,Hell's Kitchen,39.0,,Coffee,Barista Espresso,Latte Rg
6391.0,12/01/2023,10:27:14,2.0,8.0,Hell's Kitchen,84.0,0.8,Flavours,Regular syrup,Chocolate syrup
6392.0,12/01/2023,10:27:58,2.0,5.0,Lower Manhattan,51.0,3.0,Tea,Brewed Black tea,Earl Grey Lg
6393.0,12/01/2023,10:28:40,2.0,8.0,Hell's Kitchen,52.0,2.5,Tea,Brewed Chai tea,Traditional Blend Chai Rg
6394.0,12/01/2023,10:29:49,2.0,5.0,Lower Manhattan,52.0,2.5,Tea,Brewed Chai tea,Traditional Blend Chai Rg
6395.0,12/01/2023,10:29:49,,,Lower Manhattan,,3.25,Bakery,Scone,Ginger Scone
6396.0,12/01/2023,10:32:56,2.0,8.0,Hell's Kitchen,54.0,2.5,Tea,Brewed Chai tea,Morning Sunrise Chai Rg
6397.0,12/01/2023,10:34:53,1.0,5.0,Lower Manhattan,35.0,3.1,Coffee,Premium brewed coffee,Jamaican Coffee River Rg
6398.0,12/01/2023,10:34:58,1.0,3.0,Astoria,70.0,3.25,Bakery,Scone,Cranberry Scone
6399.0,12/01/2023,10:35:51,2.0,3.0,Astoria,84.0,0.8,Flavours,Regular syrup,Chocolate syrup
6400.0,12/01/2023,10:35:51,2.0,3.0,Astoria,41.0,4.25,Coffee,Barista Espresso,Cappuccino Lg
6401.0,12/01/2023,10:35:54,1.0,3.0,Astoria,71.0,3.75,Bakery,Pastry,Chocolate Croissant
6402.0,12/01/2023,10:39:01,1.0,3.0,Astoria,71.0,3.75,Bakery,Pastry,Chocolate Croissant
6403.0,12/01/2023,10:40:17,1.0,3.0,Astoria,31.0,2.2,Coffee,Gourmet brewed coffee,Ethiopia Sm
6404.0,12/01/2023,10:40:37,2.0,5.0,Lower Manhattan,60.0,3.75,Drinking Chocolate,Hot chocolate,Sustainably Grown Organic Rg
6405.0,12/01/2023,10:41:07,2.0,5.0,Lower Manhattan,57.0,3.1,Tea,Brewed Chai tea,Spicy Eye Opener Chai Lg
6406.0,12/01/2023,10:41:07,1.0,5.0,Lower Manhattan,78.0,4.5,Bakery,Scone,Scottish Cream Scone 
6407.0,12/01/2023,10:41:26,1.0,5.0,Lower Manhattan,48.0,2.5,Tea,Brewed Black tea,English Breakfast Rg
6408.0,12/01/2023,10:43:29,2.0,8.0,Hell's Kitchen,23.0,2.5,Coffee,Drip coffee,Our Old Time Diner Blend Rg
6409.0,12/01/2023,10:44:30,2.0,5.0,Lower Manhattan,38.0,3.75,Coffee,Barista Espresso,Latte
6410.0,12/01/2023,10:44:30,2.0,5.0,Lower Manhattan,84.0,0.8,Flavours,Regular syrup,Chocolate syrup
6411.0,12/01/2023,10:44:46,1.0,3.0,Astoria,76.0,3.5,Bakery,Biscotti,Chocolate Chip Biscotti
6412.0,12/01/2023,10:45:46,2.0,5.0,Lower Manhattan,50.0,2.5,Tea,Brewed Black tea,Earl Grey Rg
6413.0,12/01/2023,10:45:46,1.0,5.0,Lower Manhattan,69.0,3.25,Bakery,Biscotti,Hazelnut Biscotti
6414.0,12/01/2023,10:45:53,1.0,8.0,Hell's Kitchen,24.0,3.0,Coffee,Drip coffee,Our Old Time Diner Blend Lg
6415.0,12/01/2023,10:45:57,2.0,8.0,Hell's Kitchen,42.0,2.5,Tea,Brewed herbal tea,Lemon Grass Rg
6416.0,12/01/2023,10:47:26,1.0,5.0,Lower Manhattan,60.0,3.75,Drinking Chocolate,Hot chocolate,Sustainably Grown Organic Rg
6417.0,12/01/2023,10:48:32,2.0,3.0,Astoria,31.0,2.2,Coffee,Gourmet brewed coffee,Ethiopia Sm
6418.0,12/01/2023,10:49:50,1.0,5.0,Lower Manhattan,29.0,2.5,Coffee,Gourmet brewed coffee,Columbian Medium Roast Rg
6419.0,12/01/2023,10:54:38,2.0,5.0,Lower Manhattan,29.0,2.5,Coffee,Gourmet brewed coffee,Columbian Medium Roast Rg
6420.0,12/01/2023,10:54:49,2.0,5.0,Lower Manhattan,33.0,3.5,Coffee,Gourmet brewed coffee,Ethiopia Lg
6421.0,12/01/2023,10:55:31,2.0,5.0,Lower Manhattan,46.0,2.5,Tea,Brewed Green tea,Serenity Green Tea Rg
6422.0,12/01/2023,10:57:02,2.0,3.0,Astoria,52.0,2.5,Tea,Brewed Chai tea,Traditional Blend Chai Rg
6423.0,12/01/2023,10:57:53,1.0,3.0,Astoria,75.0,3.5,Bakery,Pastry,Croissant
6424.0,12/01/2023,10:58:18,1.0,8.0,Hell's Kitchen,25.0,2.2,Coffee,Organic brewed coffee,Brazilian Sm
6425.0,12/01/2023,10:59:00,1.0,8.0,Hell's Kitchen,37.0,3.0,Coffee,Barista Espresso,Espresso shot
6426.0,12/01/2023,10:59:00,1.0,8.0,Hell's Kitchen,84.0,0.8,Flavours,Regular syrup,Chocolate syrup
6427.0,12/01/2023,11:03:07,2.0,3.0,Astoria,54.0,2.5,Tea,Brewed Chai tea,Morning Sunrise Chai Rg
6428.0,12/01/2023,11:06:01,2.0,3.0,Astoria,50.0,2.5,Tea,Brewed Black tea,Earl Grey Rg
6429.0,12/01/2023,11:09:57,2.0,8.0,Hell's Kitchen,23.0,2.5,Coffee,Drip coffee,Our Old Time Diner Blend Rg
6430.0,12/01/2023,11:11:30,1.0,8.0,Hell's Kitchen,41.0,4.25,Coffee,Barista Espresso,Cappuccino Lg
6431.0,12/01/2023,11:11:30,2.0,8.0,Hell's Kitchen,84.0,0.8,Flavours,Regular syrup,Chocolate syrup
6432.0,12/01/2023,11:11:41,1.0,8.0,Hell's Kitchen,37.0,3.0,Coffee,Barista Espresso,Espresso shot
6433.0,12/01/2023,11:11:41,1.0,8.0,Hell's Kitchen,64.0,0.8,Flavours,Regular syrup,Hazelnut syrup
6434.0,12/01/2023,11:14:37,2.0,8.0,Hell's Kitchen,24.0,3.0,Coffee,Drip coffee,Our Old Time Diner Blend Lg
6435.0,12/01/2023,11:15:05,2.0,5.0,Lower Manhattan,26.0,3.0,Coffee,Organic brewed coffee,Brazilian Rg
6436.0,12/01/2023,11:16:08,2.0,8.0,Hell's Kitchen,26.0,3.0,Coffee,Organic brewed coffee,Brazilian Rg
6437.0,12/01/2023,11:18:24,2.0,3.0,Astoria,52.0,2.5,Tea,Brewed Chai tea,Traditional Blend Chai Rg
6438.0,12/01/2023,11:24:52,1.0,8.0,Hell's Kitchen,42.0,2.5,Tea,Brewed herbal tea,Lemon Grass Rg
6439.0,12/01/2023,11:29:22,1.0,8.0,Hell's Kitchen,52.0,2.5,Tea,Brewed Chai tea,Traditional Blend Chai Rg
6440.0,12/01/2023,11:29:42,2.0,5.0,Lower Manhattan,48.0,2.5,Tea,Brewed Black tea,English Breakfast Rg
6441.0,12/01/2023,11:29:42,1.0,5.0,Lower Manhattan,72.0,3.25,Bakery,Scone,Ginger Scone
6442.0,12/01/2023,11:29:50,2.0,5.0,Lower Manhattan,27.0,3.5,Coffee,Organic brewed coffee,Brazilian Lg
6443.0,12/01/2023,11:34:12,1.0,8.0,Hell's Kitchen,59.0,4.5,Drinking Chocolate,Hot chocolate,Dark chocolate Lg
6444.0,12/01/2023,11:38:24,2.0,3.0,Astoria,35.0,3.1,Coffee,Premium brewed coffee,Jamaican Coffee River Rg
6445.0,12/01/2023,11:40:32,1.0,3.0,Astoria,46.0,2.5,Tea,Brewed Green tea,Serenity Green Tea Rg
6446.0,12/01/2023,11:42:53,1.0,3.0,Astoria,23.0,2.5,Coffee,Drip coffee,Our Old Time Diner Blend Rg
6447.0,12/01/2023,11:51:22,1.0,8.0,Hell's Kitchen,34.0,2.45,Coffee,Premium brewed coffee,Jamaican Coffee River Sm
6448.0,12/01/2023,11:51:38,1.0,5.0,Lower Manhattan,41.0,4.25,Coffee,Barista Espresso,Cappuccino Lg
6449.0,12/01/2023,11:51:38,3.0,5.0,Lower Manhattan,84.0,0.8,Flavours,Regular syrup,Chocolate syrup
6450.0,12/01/2023,11:54:25,2.0,8.0,Hell's Kitchen,37.0,3.0,Coffee,Barista Espresso,Espresso shot
6451.0,12/01/2023,11:54:25,1.0,,Hell's Kitchen,,,Flavours,Regular syrup,Chocolate syrup
6452.0,12/01/2023,11:57:58,2.0,3.0,Astoria,26.0,3.0,Coffee,Organic brewed coffee,Brazilian Rg
6453.0,12/01/2023,11:59:11,2.0,5.0,Lower Manhattan,37.0,3.0,Coffee,Barista Espresso,Espresso shot
6454.0,12/01/2023,11:59:11,2.0,5.0,Lower Manhattan,65.0,0.8,Flavours,Sugar free syrup,Sugar Free Vanilla syrup
6455.0,12/01/2023,12:03:30,2.0,8.0,Hell's Kitchen,56.0,2.55,Tea,Brewed Chai tea,Spicy Eye Opener Chai Rg
6456.0,12/01/2023,12:04:56,1.0,8.0,Hell's Kitchen,44.0,2.5,Tea,Brewed herbal tea,Peppermint Rg
6457.0,12/01/2023,12:10:14,1.0,3.0,Astoria,77.0,3.0,Bakery,Scone,Oatmeal Scone
6458.0,12/01/2023,12:12:50,2.0,8.0,Hell's Kitchen,49.0,3.0,Tea,Brewed Black tea,English Breakfast Lg
6459.0,12/01/2023,12:24:29,1.0,8.0,Hell's Kitchen,53.0,3.0,Tea,Brewed Chai tea,Traditional Blend Chai Lg
6460.0,12/01/2023,12:24:29,1.0,8.0,Hell's Kitchen,71.0,3.75,Bakery,Pastry,Chocolate Croissant
6461.0,12/01/2023,12:29:45,2.0,5.0,Lower Manhattan,34.0,2.45,Coffee,Premium brewed coffee,Jamaican Coffee River Sm
6462.0,12/01/2023,12:33:45,2.0,8.0,Hell's Kitchen,47.0,3.0,Tea,Brewed Green tea,Serenity Green Tea Lg
,12/01/2023,12:38:05,,8.0,Hell's Kitchen,,3.0,Tea,Brewed Chai tea,Traditional Blend Chai Lg
6464.0,12/01/2023,12:38:05,1.0,,Hell's Kitchen,13.0,,Loose Tea,Black tea,English Breakfast
6465.0,12/01/2023,12:39:54,1.0,8.0,Hell's Kitchen,56.0,2.55,Tea,Brewed Chai tea,Spicy Eye Opener Chai Rg
,12/01/2023,12:50:22,2.0,8.0,Hell's Kitchen,,2.5,Tea,Brewed herbal tea,Peppermint Rg
6467.0,12/01/2023,12:50:22,1.0,8.0,Hell's Kitchen,78.0,4.5,Bakery,Scone,Scottish Cream Scone 
6468.0,12/01/2023,12:53:06,1.0,5.0,Lower Manhattan,53.0,3.0,Tea,Brewed Chai tea,Traditional Blend Chai Lg
6469.0,12/01/2023,12:53:06,1.0,5.0,Lower Manhattan,76.0,3.5,Bakery,Biscotti,Chocolate Chip Biscotti
6470.0,12/01/2023,12:57:02,2.0,5.0,Lower Manhattan,46.0,2.5,Tea,Brewed Green tea,Serenity Green Tea Rg
6471.0,12/01/2023,12:58:31,1.0,5.0,Lower Manhattan,42.0,2.5,Tea,Brewed herbal tea,Lemon Grass Rg
6472.0,12/01/2023,13:01:55,1.0,3.0,Astoria,46.0,2.5,Tea,Brewed Green tea,Serenity Green Tea Rg
6473.0,12/01/2023,13:06:36,1.0,5.0,Lower Manhattan,25.0,2.2,Coffee,Organic brewed coffee,Brazilian Sm
6474.0,12/01/2023,13:06:36,1.0,5.0,Lower Manhattan,76.0,3.5,Bakery,Biscotti,Chocolate Chip Biscotti
6475.0,12/01/2023,13:08:11,1.0,5.0,Lower Manhattan,48.0,2.5,Tea,Brewed Black tea,English Breakfast Rg
6476.0,12/01/2023,13:09:43,2.0,8.0,Hell's Kitchen,37.0,3.0,Coffee,Barista Espresso,Espresso shot
,12/01/2023,13:09:43,,8.0,Hell's Kitchen,,0.8,Flavours,Regular syrup,Chocolate syrup
6478.0,12/01/2023,13:13:13,2.0,8.0,Hell's Kitchen,44.0,2.5,Tea,Brewed herbal tea,Peppermint Rg
,12/01/2023,13:13:44,,8.0,Hell's Kitchen,87.0,3.0,Coffee,Barista Espresso,Ouro Brasileiro shot
6480.0,12/01/2023,13:19:20,1.0,3.0,Astoria,60.0,3.75,Drinking Chocolate,Hot chocolate,Sustainably Grown Organic Rg
6481.0,12/01/2023,13:30:06,2.0,8.0,Hell's Kitchen,58.0,3.5,Drinking Chocolate,Hot chocolate,Dark chocolate Rg
6482.0,12/01/2023,13:30:32,1.0,5.0,Lower Manhattan,46.0,2.5,Tea,Brewed Green tea,Serenity Green Tea Rg
6483.0,12/01/2023,13:30:46,2.0,5.0,Lower Manhattan,60.0,3.75,Drinking Chocolate,Hot chocolate,Sustainably Grown Organic Rg
6484.0,12/01/2023,13:30:46,1.0,5.0,Lower Manhattan,75.0,3.5,Bakery,Pastry,Croissant
6485.0,12/01/2023,13:33:30,2.0,3.0,Astoria,29.0,2.5,Coffee,Gourmet brewed coffee,Columbian Medium Roast Rg
6486.0,12/01/2023,13:34:48,1.0,8.0,Hell's Kitchen,57.0,3.1,Tea,Brewed Chai tea,Spicy Eye Opener Chai Lg
6487.0,12/01/2023,13:34:48,1.0,8.0,Hell's Kitchen,74.0,3.5,Bakery,Biscotti,Ginger Biscotti
6488.0,12/01/2023,13:35:12,2.0,3.0,Astoria,32.0,3.0,Coffee,Gourmet brewed coffee,Ethiopia Rg
6489.0,12/01/2023,13:38:26,1.0,3.0,Astoria,69.0,3.25,Bakery,Biscotti,Hazelnut Biscotti
6490.0,12/01/2023,13:38:26,1.0,3.0,Astoria,15.0,9.25,Loose Tea,Green tea,Serenity Green Tea
,12/01/2023,13:40:40,1.0,,Hell's Kitchen,,3.75,Drinking Chocolate,Hot chocolate,Sustainably Grown Organic Rg
6492.0,12/01/2023,13:40:40,1.0,8.0,Hell's Kitchen,74.0,3.5,Bakery,Biscotti,Ginger Biscotti
6493.0,12/01/2023,13:42:08,2.0,5.0,Lower Manhattan,30.0,3.0,Coffee,Gourmet brewed coffee,Columbian Medium Roast Lg
6494.0,12/01/2023,13:47:12,1.0,8.0,Hell's Kitchen,39.0,4.25,Coffee,Barista Espresso,Latte Rg
6495.0,12/01/2023,13:48:35,1.0,8.0,Hell's Kitchen,29.0,2.5,Coffee,Gourmet brewed coffee,Columbian Medium Roast Rg
6496.0,12/01/2023,13:57:34,1.0,3.0,Astoria,46.0,2.5,Tea,Brewed Green tea,Serenity Green Tea Rg
6497.0,12/01/2023,13:57:52,1.0,5.0,Lower Manhattan,42.0,2.5,Tea,Brewed herbal tea,Lemon Grass Rg
6498.0,12/01/2023,13:59:41,2.0,5.0,Lower Manhattan,46.0,2.5,Tea,Brewed Green tea,Serenity Green Tea Rg
6499.0,12/01/2023,14:07:45,2.0,3.0,Astoria,27.0,3.5,Coffee,Organic brewed coffee,Brazilian Lg
6500.0,12/01/2023,14:07:52,2.0,5.0,Lower Manhattan,27.0,3.5,Coffee,Organic brewed coffee,Brazilian Lg
6501.0,12/01/2023,14:07:52,1.0,5.0,Lower Manhattan,69.0,3.25,Bakery,Biscotti,Hazelnut Biscotti
6502.0,12/01/2023,14:10:29,,,Lower Manhattan,34.0,2.45,Coffee,Premium brewed coffee,Jamaican Coffee River Sm
6503.0,12/01/2023,14:16:18,1.0,3.0,Astoria,79.0,3.75,Bakery,Scone,Jumbo Savory Scone
6504.0,12/01/2023,14:17:58,1.0,5.0,Lower Manhattan,23.0,2.5,Coffee,Drip coffee,Our Old Time Diner Blend Rg
6505.0,12/01/2023,14:18:29,1.0,3.0,Astoria,64.0,0.8,Flavours,Regular syrup,Hazelnut syrup
6506.0,12/01/2023,14:18:29,1.0,3.0,Astoria,71.0,3.75,Bakery,Pastry,Chocolate Croissant
6507.0,12/01/2023,14:18:29,1.0,3.0,Astoria,39.0,4.25,Coffee,Barista Espresso,Latte Rg
6508.0,12/01/2023,14:24:12,1.0,5.0,Lower Manhattan,51.0,3.0,Tea,Brewed Black tea,Earl Grey Lg
6509.0,12/01/2023,14:24:25,2.0,5.0,Lower Manhattan,60.0,3.75,Drinking Chocolate,Hot chocolate,Sustainably Grown Organic Rg
6510.0,12/01/2023,14:24:25,1.0,5.0,Lower Manhattan,69.0,3.25,Bakery,Biscotti,Hazelnut Biscotti
6511.0,12/01/2023,14:26:06,1.0,8.0,Hell's Kitchen,26.0,3.0,Coffee,Organic brewed coffee,Brazilian Rg
6512.0,12/01/2023,14:26:22,2.0,5.0,Lower Manhattan,37.0,3.0,Coffee,Barista Espresso,Espresso shot
6513.0,12/01/2023,14:26:22,2.0,5.0,Lower Manhattan,65.0,0.8,Flavours,Sugar free syrup,Sugar Free Vanilla syrup
6514.0,12/01/2023,14:26:22,1.0,5.0,Lower Manhattan,72.0,3.25,Bakery,Scone,Ginger Scone
6515.0,12/01/2023,14:26:22,1.0,5.0,Lower Manhattan,3.0,14.75,Coffee beans,Espresso Beans,Espresso Roast
6516.0,12/01/2023,14:29:25,2.0,8.0,Hell's Kitchen,56.0,2.55,Tea,Brewed Chai tea,Spicy Eye Opener Chai Rg
6517.0,12/01/2023,14:29:25,1.0,8.0,Hell's Kitchen,82.0,12.0,Branded,Housewares,I Need My Bean! Diner mug
6518.0,12/01/2023,14:30:54,1.0,8.0,Hell's Kitchen,34.0,2.45,Coffee,Premium brewed coffee,Jamaican Coffee River Sm
6519.0,12/01/2023,14:36:22,1.0,5.0,Lower Manhattan,32.0,3.0,Coffee,Gourmet brewed coffee,Ethiopia Rg
6520.0,12/01/2023,14:38:40,2.0,8.0,Hell's Kitchen,48.0,2.5,Tea,Brewed Black tea,English Breakfast Rg
6521.0,12/01/2023,14:39:43,2.0,5.0,Lower Manhattan,36.0,3.75,Coffee,Premium brewed coffee,Jamaican Coffee River Lg
6522.0,12/01/2023,14:41:13,1.0,5.0,Lower Manhattan,32.0,3.0,Coffee,Gourmet brewed coffee,Ethiopia Rg
6523.0,12/01/2023,14:42:33,1.0,3.0,Astoria,34.0,2.45,Coffee,Premium brewed coffee,Jamaican Coffee River Sm
6524.0,12/01/2023,14:43:22,1.0,8.0,Hell's Kitchen,24.0,3.0,Coffee,Drip coffee,Our Old Time Diner Blend Lg
6525.0,12/01/2023,14:49:37,1.0,8.0,Hell's Kitchen,25.0,2.2,Coffee,Organic brewed coffee,Brazilian Sm
6526.0,12/01/2023,14:51:41,1.0,8.0,Hell's Kitchen,23.0,2.5,Coffee,Drip coffee,Our Old Time Diner Blend Rg
6527.0,12/01/2023,14:56:49,1.0,3.0,Astoria,34.0,2.45,Coffee,Premium brewed coffee,Jamaican Coffee River Sm
6528.0,12/01/2023,15:05:05,2.0,8.0,Hell's Kitchen,46.0,2.5,Tea,Brewed Green tea,Serenity Green Tea Rg
6529.0,12/01/2023,15:05:38,2.0,5.0,Lower Manhattan,49.0,3.0,Tea,Brewed Black tea,English Breakfast Lg
6530.0,12/01/2023,15:05:38,1.0,5.0,Lower Manhattan,73.0,3.75,Bakery,Pastry,Almond Croissant
6531.0,12/01/2023,15:07:04,1.0,5.0,Lower Manhattan,41.0,4.25,Coffee,Barista Espresso,Cappuccino Lg
6532.0,12/01/2023,15:07:04,1.0,5.0,Lower Manhattan,65.0,0.8,Flavours,Sugar free syrup,Sugar Free Vanilla syrup
6533.0,12/01/2023,15:08:18,1.0,3.0,Astoria,63.0,0.8,Flavours,Regular syrup,Carmel syrup
6534.0,12/01/2023,15:08:18,1.0,3.0,Astoria,37.0,3.0,Coffee,Barista Espresso,Espresso shot
6535.0,12/01/2023,15:10:15,2.0,8.0,Hell's Kitchen,52.0,2.5,Tea,Brewed Chai tea,Traditional Blend Chai Rg
6536.0,12/01/2023,15:11:33,2.0,8.0,Hell's Kitchen,49.0,3.0,Tea,Brewed Black tea,English Breakfast Lg
6537.0,12/01/2023,15:11:57,2.0,3.0,Astoria,50.0,2.5,Tea,Brewed Black tea,Earl Grey Rg
6538.0,12/01/2023,15:12:32,1.0,8.0,Hell's Kitchen,87.0,3.0,Coffee,Barista Espresso,Ouro Brasileiro shot
6539.0,12/01/2023,15:13:40,2.0,8.0,Hell's Kitchen,57.0,3.1,Tea,Brewed Chai tea,Spicy Eye Opener Chai Lg
6540.0,12/01/2023,15:13:40,1.0,8.0,Hell's Kitchen,70.0,3.25,Bakery,Scone,Cranberry Scone
6541.0,12/01/2023,15:13:40,1.0,8.0,Hell's Kitchen,4.0,20.45,Coffee beans,Espresso Beans,Primo Espresso Roast
6542.0,12/01/2023,15:14:37,1.0,3.0,Astoria,50.0,2.5,Tea,Brewed Black tea,Earl Grey Rg
6543.0,12/01/2023,15:24:19,1.0,3.0,Astoria,46.0,2.5,Tea,Brewed Green tea,Serenity Green Tea Rg
6544.0,12/01/2023,15:34:24,2.0,8.0,Hell's Kitchen,24.0,3.0,Coffee,Drip coffee,Our Old Time Diner Blend Lg
6545.0,12/01/2023,15:35:58,1.0,8.0,Hell's Kitchen,25.0,2.2,Coffee,Organic brewed coffee,Brazilian Sm
6546.0,12/01/2023,15:37:26,2.0,3.0,Astoria,36.0,3.75,Coffee,Premium brewed coffee,Jamaican Coffee River Lg
6547.0,12/01/2023,15:42:15,1.0,3.0,Astoria,79.0,3.75,Bakery,Scone,Jumbo Savory Scone
6548.0,12/01/2023,15:44:07,2.0,3.0,Astoria,27.0,3.5,Coffee,Organic brewed coffee,Brazilian Lg
6549.0,12/01/2023,15:46:42,2.0,8.0,Hell's Kitchen,22.0,2.0,Coffee,Drip coffee,Our Old Time Diner Blend Sm
,12/01/2023,15:46:42,1.0,,Hell's Kitchen,75.0,,Bakery,Pastry,Croissant
6551.0,12/01/2023,15:52:29,2.0,8.0,Hell's Kitchen,50.0,2.5,Tea,Brewed Black tea,Earl Grey Rg
6552.0,12/01/2023,16:01:16,2.0,5.0,Lower Manhattan,61.0,4.75,Drinking Chocolate,Hot chocolate,Sustainably Grown Organic Lg
6553.0,12/01/2023,16:03:06,1.0,5.0,Lower Manhattan,49.0,3.0,Tea,Brewed Black tea,English Breakfast Lg
6554.0,12/01/2023,16:05:56,1.0,3.0,Astoria,70.0,3.25,Bakery,Scone,Cranberry Scone
6555.0,12/01/2023,16:11:51,1.0,5.0,Lower Manhattan,42.0,2.5,Tea,Brewed herbal tea,Lemon Grass Rg
6556.0,12/01/2023,16:11:51,1.0,5.0,Lower Manhattan,72.0,3.25,Bakery,Scone,Ginger Scone
6557.0,12/01/2023,16:14:51,1.0,8.0,Hell's Kitchen,58.0,3.5,Drinking Chocolate,Hot chocolate,Dark chocolate Rg
6558.0,12/01/2023,16:16:21,1.0,5.0,Lower Manhattan,46.0,2.5,Tea,Brewed Green tea,Serenity Green Tea Rg
6559.0,12/01/2023,16:17:24,2.0,5.0,Lower Manhattan,47.0,3.0,Tea,Brewed Green tea,Serenity Green Tea Lg
6560.0,12/01/2023,16:19:55,2.0,5.0,Lower Manhattan,56.0,2.55,Tea,Brewed Chai tea,Spicy Eye Opener Chai Rg
6561.0,12/01/2023,16:19:55,1.0,5.0,Lower Manhattan,10.0,10.0,Coffee beans,Green beans,Guatemalan Sustainably Grown
6562.0,12/01/2023,16:27:39,1.0,5.0,Lower Manhattan,46.0,2.5,Tea,Brewed Green tea,Serenity Green Tea Rg
6563.0,12/01/2023,16:28:12,1.0,5.0,Lower Manhattan,50.0,2.5,Tea,Brewed Black tea,Earl Grey Rg
6564.0,12/01/2023,16:28:12,1.0,5.0,Lower Manhattan,75.0,3.5,Bakery,Pastry,Croissant
6565.0,12/01/2023,16:28:28,1.0,8.0,Hell's Kitchen,23.0,2.5,Coffee,Drip coffee,Our Old Time Diner Blend Rg
,12/01/2023,16:30:23,1.0,,Astoria,,3.0,Bakery,Scone,Oatmeal Scone
6567.0,12/01/2023,16:31:29,1.0,5.0,Lower Manhattan,50.0,2.5,Tea,Brewed Black tea,Earl Grey Rg
6568.0,12/01/2023,16:31:29,1.0,5.0,Lower Manhattan,73.0,3.75,Bakery,Pastry,Almond Croissant
6569.0,12/01/2023,16:37:29,1.0,8.0,Hell's Kitchen,35.0,3.1,Coffee,Premium brewed coffee,Jamaican Coffee River Rg
6570.0,12/01/2023,16:37:32,1.0,5.0,Lower Manhattan,29.0,2.5,Coffee,Gourmet brewed coffee,Columbian Medium Roast Rg
6571.0,12/01/2023,16:37:32,1.0,5.0,Lower Manhattan,76.0,3.5,Bakery,Biscotti,Chocolate Chip Biscotti
6572.0,12/01/2023,16:45:49,1.0,5.0,Lower Manhattan,36.0,3.75,Coffee,Premium brewed coffee,Jamaican Coffee River Lg
6573.0,12/01/2023,16:47:18,2.0,3.0,Astoria,55.0,4.0,Tea,Brewed Chai tea,Morning Sunrise Chai Lg
6574.0,12/01/2023,16:51:16,1.0,5.0,Lower Manhattan,24.0,3.0,Coffee,Drip coffee,Our Old Time Diner Blend Lg
6575.0,12/01/2023,16:51:16,1.0,5.0,Lower Manhattan,75.0,3.5,Bakery,Pastry,Croissant
6576.0,12/01/2023,16:51:53,1.0,8.0,Hell's Kitchen,25.0,2.2,Coffee,Organic brewed coffee,Brazilian Sm
6577.0,12/01/2023,16:51:53,1.0,8.0,Hell's Kitchen,70.0,3.25,Bakery,Scone,Cranberry Scone
6578.0,12/01/2023,16:54:50,1.0,5.0,Lower Manhattan,60.0,3.75,Drinking Chocolate,Hot chocolate,Sustainably Grown Organic Rg
6579.0,12/01/2023,17:03:57,2.0,8.0,Hell's Kitchen,60.0,3.75,Drinking Chocolate,Hot chocolate,Sustainably Grown Organic Rg
6580.0,12/01/2023,17:04:28,2.0,5.0,Lower Manhattan,41.0,4.25,Coffee,Barista Espresso,Cappuccino Lg
6581.0,12/01/2023,17:04:28,2.0,5.0,Lower Manhattan,63.0,0.8,Flavours,Regular syrup,Carmel syrup
6582.0,12/01/2023,17:08:22,1.0,5.0,Lower Manhattan,45.0,3.0,Tea,Brewed herbal tea,Peppermint Lg
6583.0,12/01/2023,17:08:39,1.0,8.0,Hell's Kitchen,57.0,3.1,Tea,Brewed Chai tea,Spicy Eye Opener Chai Lg
6584.0,12/01/2023,17:09:11,1.0,5.0,Lower Manhattan,50.0,2.5,Tea,Brewed Black tea,Earl Grey Rg
6585.0,12/01/2023,17:09:49,2.0,8.0,Hell's Kitchen,30.0,3.0,Coffee,Gourmet brewed coffee,Columbian Medium Roast Lg
6586.0,12/01/2023,17:11:24,2.0,8.0,Hell's Kitchen,87.0,3.0,Coffee,Barista Espresso,Ouro Brasileiro shot
6587.0,12/01/2023,17:11:24,1.0,8.0,Hell's Kitchen,79.0,3.75,Bakery,Scone,Jumbo Savory Scone
6588.0,12/01/2023,17:12:20,1.0,3.0,Astoria,57.0,3.1,Tea,Brewed Chai tea,Spicy Eye Opener Chai Lg
6589.0,12/01/2023,17:15:29,1.0,8.0,Hell's Kitchen,28.0,2.0,Coffee,Gourmet brewed coffee,Columbian Medium Roast Sm
6590.0,12/01/2023,17:15:43,1.0,3.0,Astoria,77.0,3.0,Bakery,Scone,Oatmeal Scone
6591.0,12/01/2023,17:20:37,1.0,8.0,Hell's Kitchen,23.0,2.5,Coffee,Drip coffee,Our Old Time Diner Blend Rg
6592.0,12/01/2023,17:21:55,2.0,3.0,Astoria,30.0,3.0,Coffee,Gourmet brewed coffee,Columbian Medium Roast Lg
6593.0,12/01/2023,17:22:38,1.0,8.0,Hell's Kitchen,25.0,2.2,Coffee,Organic brewed coffee,Brazilian Sm
6594.0,12/01/2023,17:31:00,2.0,3.0,Astoria,47.0,3.0,Tea,Brewed Green tea,Serenity Green Tea Lg
6595.0,12/01/2023,17:37:48,1.0,3.0,Astoria,32.0,3.0,Coffee,Gourmet brewed coffee,Ethiopia Rg
6596.0,12/01/2023,17:38:38,2.0,3.0,Astoria,50.0,2.5,Tea,Brewed Black tea,Earl Grey Rg
6597.0,12/01/2023,17:42:20,2.0,8.0,Hell's Kitchen,41.0,4.25,Coffee,Barista Espresso,Cappuccino Lg
6598.0,12/01/2023,17:42:20,2.0,8.0,Hell's Kitchen,63.0,0.8,Flavours,Regular syrup,Carmel syrup
6599.0,12/01/2023,17:42:20,1.0,8.0,Hell's Kitchen,77.0,3.0,Bakery,Scone,Oatmeal Scone
6600.0,12/01/2023,17:45:59,2.0,3.0,Astoria,27.0,3.5,Coffee,Organic brewed coffee,Brazilian Lg
6601.0,12/01/2023,17:47:24,1.0,5.0,Lower Manhattan,32.0,3.0,Coffee,Gourmet brewed coffee,Ethiopia Rg
6602.0,12/01/2023,17:47:31,2.0,3.0,Astoria,31.0,2.2,Coffee,Gourmet brewed coffee,Ethiopia Sm
6603.0,12/01/2023,17:47:34,2.0,5.0,Lower Manhattan,27.0,3.5,Coffee,Organic brewed coffee,Brazilian Lg
6604.0,12/01/2023,17:47:34,1.0,5.0,Lower Manhattan,73.0,3.75,Bakery,Pastry,Almond Croissant
6605.0,12/01/2023,17:47:44,2.0,5.0,Lower Manhattan,45.0,3.0,Tea,Brewed herbal tea,Peppermint Lg
6606.0,12/01/2023,17:48:20,1.0,5.0,Lower Manhattan,26.0,3.0,Coffee,Organic brewed coffee,Brazilian Rg
6607.0,12/01/2023,17:48:35,2.0,3.0,Astoria,42.0,2.5,Tea,Brewed herbal tea,Lemon Grass Rg
6608.0,12/01/2023,17:48:48,1.0,5.0,Lower Manhattan,60.0,3.75,Drinking Chocolate,Hot chocolate,Sustainably Grown Organic Rg
6609.0,12/01/2023,17:52:08,,5.0,Lower Manhattan,38.0,,Coffee,Barista Espresso,Latte
6610.0,12/01/2023,17:52:08,1.0,5.0,Lower Manhattan,63.0,0.8,Flavours,Regular syrup,Carmel syrup
6611.0,12/01/2023,17:54:13,2.0,3.0,Astoria,32.0,3.0,Coffee,Gourmet brewed coffee,Ethiopia Rg
6612.0,12/01/2023,17:55:27,1.0,5.0,Lower Manhattan,43.0,3.0,Tea,Brewed herbal tea,Lemon Grass Lg
6613.0,12/01/2023,17:55:27,1.0,5.0,Lower Manhattan,76.0,3.5,Bakery,Biscotti,Chocolate Chip Biscotti
,12/01/2023,17:56:02,,,Lower Manhattan,27.0,3.5,Coffee,Organic brewed coffee,Brazilian Lg
6615.0,12/01/2023,17:56:04,1.0,3.0,Astoria,15.0,9.25,Loose Tea,Green tea,Serenity Green Tea
6616.0,12/01/2023,18:06:25,2.0,8.0,Hell's Kitchen,36.0,3.75,Coffee,Premium brewed coffee,Jamaican Coffee River Lg
6617.0,12/01/2023,18:06:48,2.0,3.0,Astoria,50.0,2.5,Tea,Brewed Black tea,Earl Grey Rg
6618.0,12/01/2023,18:09:50,2.0,5.0,Lower Manhattan,23.0,2.5,Coffee,Drip coffee,Our Old Time Diner Blend Rg
6619.0,12/01/2023,18:12:52,1.0,3.0,Astoria,69.0,3.25,Bakery,Biscotti,Hazelnut Biscotti
6620.0,12/01/2023,18:13:15,2.0,8.0,Hell's Kitchen,52.0,2.5,Tea,Brewed Chai tea,Traditional Blend Chai Rg
6621.0,12/01/2023,18:18:49,2.0,5.0,Lower Manhattan,44.0,2.5,Tea,Brewed herbal tea,Peppermint Rg
6622.0,12/01/2023,18:18:49,1.0,5.0,Lower Manhattan,73.0,3.75,Bakery,Pastry,Almond Croissant
6623.0,12/01/2023,18:18:49,1.0,5.0,Lower Manhattan,6.0,21.0,Coffee beans,Gourmet Beans,Ethiopia
6624.0,12/01/2023,18:19:37,1.0,3.0,Astoria,73.0,3.75,Bakery,Pastry,Almond Croissant
6625.0,12/01/2023,18:25:58,2.0,5.0,Lower Manhattan,48.0,2.5,Tea,Brewed Black tea,English Breakfast Rg
6626.0,12/01/2023,18:25:58,1.0,5.0,Lower Manhattan,73.0,3.75,Bakery,Pastry,Almond Croissant
6627.0,12/01/2023,18:26:32,2.0,3.0,Astoria,44.0,2.5,Tea,Brewed herbal tea,Peppermint Rg
6628.0,12/01/2023,18:27:09,1.0,5.0,Lower Manhattan,35.0,3.1,Coffee,Premium brewed coffee,Jamaican Coffee River Rg
6629.0,12/01/2023,18:27:34,1.0,3.0,Astoria,28.0,2.0,Coffee,Gourmet brewed coffee,Columbian Medium Roast Sm
6630.0,12/01/2023,18:31:38,1.0,8.0,Hell's Kitchen,26.0,3.0,Coffee,Organic brewed coffee,Brazilian Rg
6631.0,12/01/2023,18:33:48,2.0,3.0,Astoria,84.0,0.8,Flavours,Regular syrup,Chocolate syrup
6632.0,12/01/2023,18:33:48,2.0,3.0,Astoria,41.0,4.25,Coffee,Barista Espresso,Cappuccino Lg
6633.0,12/01/2023,18:33:56,2.0,8.0,Hell's Kitchen,28.0,2.0,Coffee,Gourmet brewed coffee,Columbian Medium Roast Sm
6634.0,12/01/2023,18:33:56,1.0,8.0,Hell's Kitchen,74.0,3.5,Bakery,Biscotti,Ginger Biscotti
6635.0,12/01/2023,18:39:57,2.0,8.0,Hell's Kitchen,36.0,3.75,Coffee,Premium brewed coffee,Jamaican Coffee River Lg
6636.0,12/01/2023,18:43:49,2.0,8.0,Hell's Kitchen,51.0,3.0,Tea,Brewed Black tea,Earl Grey Lg
6637.0,12/01/2023,18:43:49,1.0,8.0,Hell's Kitchen,75.0,3.5,Bakery,Pastry,Croissant
6638.0,12/01/2023,18:48:34,1.0,3.0,Astoria,52.0,2.5,Tea,Brewed Chai tea,Traditional Blend Chai Rg
6639.0,12/01/2023,18:49:50,2.0,8.0,Hell's Kitchen,50.0,2.5,Tea,Brewed Black tea,Earl Grey Rg
6640.0,12/01/2023,18:55:23,2.0,8.0,Hell's Kitchen,43.0,3.0,Tea,Brewed herbal tea,Lemon Grass Lg
6641.0,12/01/2023,18:56:24,1.0,8.0,Hell's Kitchen,47.0,3.0,Tea,Brewed Green tea,Serenity Green Tea Lg
6642.0,12/01/2023,19:14:28,1.0,3.0,Astoria,28.0,2.0,Coffee,Gourmet brewed coffee,Columbian Medium Roast Sm
6643.0,12/01/2023,19:15:31,1.0,8.0,Hell's Kitchen,36.0,3.75,Coffee,Premium brewed coffee,Jamaican Coffee River Lg
6644.0,12/01/2023,19:22:09,1.0,3.0,Astoria,65.0,0.8,Flavours,Sugar free syrup,Sugar Free Vanilla syrup
6645.0,12/01/2023,19:22:09,2.0,3.0,Astoria,40.0,3.75,Coffee,Barista Espresso,Cappuccino
6646.0,12/01/2023,19:30:12,2.0,3.0,Astoria,50.0,2.5,Tea,Brewed Black tea,Earl Grey Rg
6647.0,12/01/2023,19:31:45,2.0,3.0,Astoria,63.0,0.8,Flavours,Regular syrup,Carmel syrup
6648.0,12/01/2023,19:31:45,1.0,3.0,Astoria,76.0,3.5,Bakery,Biscotti,Chocolate Chip Biscotti
6649.0,12/01/2023,19:31:45,1.0,3.0,Astoria,37.0,3.0,Coffee,Barista Espresso,Espresso shot
6650.0,12/01/2023,19:37:01,1.0,8.0,Hell's Kitchen,87.0,3.0,Coffee,Barista Espresso,Ouro Brasileiro shot
6651.0,12/01/2023,19:37:21,1.0,8.0,Hell's Kitchen,25.0,2.2,Coffee,Organic brewed coffee,Brazilian Sm
6652.0,12/01/2023,19:37:21,1.0,8.0,Hell's Kitchen,2.0,18.0,Coffee beans,House blend Beans,Our Old Time Diner Blend
6653.0,13/01/2023,07:01:27,2.0,5.0,Lower Manhattan,26.0,3.0,Coffee,Organic brewed coffee,Brazilian Rg
6654.0,13/01/2023,07:01:27,1.0,5.0,Lower Manhattan,78.0,4.5,Bakery,Scone,Scottish Cream Scone 
6655.0,13/01/2023,07:01:40,2.0,5.0,Lower Manhattan,37.0,3.0,Coffee,Barista Espresso,Espresso shot
6656.0,13/01/2023,07:01:40,1.0,5.0,Lower Manhattan,63.0,0.8,Flavours,Regular syrup,Carmel syrup
6657.0,13/01/2023,07:02:24,2.0,5.0,Lower Manhattan,55.0,4.0,Tea,Brewed Chai tea,Morning Sunrise Chai Lg
6658.0,13/01/2023,07:02:50,1.0,3.0,Astoria,58.0,3.5,Drinking Chocolate,Hot chocolate,Dark chocolate Rg
6659.0,13/01/2023,07:06:48,2.0,5.0,Lower Manhattan,35.0,3.1,Coffee,Premium brewed coffee,Jamaican Coffee River Rg
6660.0,13/01/2023,07:06:56,1.0,3.0,Astoria,42.0,2.5,Tea,Brewed herbal tea,Lemon Grass Rg
6661.0,13/01/2023,07:07:04,2.0,5.0,Lower Manhattan,41.0,4.25,Coffee,Barista Espresso,Cappuccino Lg
6662.0,13/01/2023,07:07:04,1.0,5.0,Lower Manhattan,63.0,0.8,Flavours,Regular syrup,Carmel syrup
6663.0,13/01/2023,07:07:04,1.0,5.0,Lower Manhattan,70.0,3.25,Bakery,Scone,Cranberry Scone
6664.0,13/01/2023,07:10:15,1.0,3.0,Astoria,46.0,2.5,Tea,Brewed Green tea,Serenity Green Tea Rg
6665.0,13/01/2023,07:13:50,2.0,3.0,Astoria,38.0,3.75,Coffee,Barista Espresso,Latte
6666.0,13/01/2023,07:13:50,1.0,3.0,Astoria,65.0,0.8,Flavours,Sugar free syrup,Sugar Free Vanilla syrup
6667.0,13/01/2023,07:15:21,1.0,3.0,Astoria,34.0,2.45,Coffee,Premium brewed coffee,Jamaican Coffee River Sm
,13/01/2023,07:15:21,,,Astoria,78.0,4.5,Bakery,Scone,Scottish Cream Scone 
6669.0,13/01/2023,07:17:54,2.0,3.0,Astoria,24.0,3.0,Coffee,Drip coffee,Our Old Time Diner Blend Lg
6670.0,13/01/2023,07:17:54,1.0,3.0,Astoria,75.0,3.5,Bakery,Pastry,Croissant
6671.0,13/01/2023,07:19:15,1.0,5.0,Lower Manhattan,48.0,2.5,Tea,Brewed Black tea,English Breakfast Rg
6672.0,13/01/2023,07:19:27,2.0,5.0,Lower Manhattan,40.0,3.75,Coffee,Barista Espresso,Cappuccino
6673.0,13/01/2023,07:19:27,2.0,5.0,Lower Manhattan,84.0,0.8,Flavours,Regular syrup,Chocolate syrup
6674.0,13/01/2023,07:19:50,1.0,5.0,Lower Manhattan,60.0,3.75,Drinking Chocolate,Hot chocolate,Sustainably Grown Organic Rg
6675.0,13/01/2023,07:19:50,1.0,5.0,Lower Manhattan,78.0,4.5,Bakery,Scone,Scottish Cream Scone 
6676.0,13/01/2023,07:21:39,2.0,5.0,Lower Manhattan,57.0,3.1,Tea,Brewed Chai tea,Spicy Eye Opener Chai Lg
6677.0,13/01/2023,07:22:34,2.0,3.0,Astoria,33.0,3.5,Coffee,Gourmet brewed coffee,Ethiopia Lg
6678.0,13/01/2023,07:24:19,,,Astoria,22.0,2.0,Coffee,Drip coffee,Our Old Time Diner Blend Sm
6679.0,13/01/2023,07:24:19,1.0,3.0,Astoria,70.0,3.25,Bakery,Scone,Cranberry Scone
6680.0,13/01/2023,07:25:48,2.0,5.0,Lower Manhattan,29.0,2.5,Coffee,Gourmet brewed coffee,Columbian Medium Roast Rg
6681.0,13/01/2023,07:25:48,1.0,5.0,Lower Manhattan,74.0,3.5,Bakery,Biscotti,Ginger Biscotti
6682.0,13/01/2023,07:26:19,1.0,3.0,Astoria,34.0,2.45,Coffee,Premium brewed coffee,Jamaican Coffee River Sm
6683.0,13/01/2023,07:26:54,1.0,5.0,Lower Manhattan,34.0,2.45,Coffee,Premium brewed coffee,Jamaican Coffee River Sm
6684.0,13/01/2023,07:26:54,1.0,5.0,Lower Manhattan,73.0,3.75,Bakery,Pastry,Almond Croissant
6685.0,13/01/2023,07:28:49,2.0,5.0,Lower Manhattan,30.0,3.0,Coffee,Gourmet brewed coffee,Columbian Medium Roast Lg
6686.0,13/01/2023,07:28:49,1.0,5.0,Lower Manhattan,74.0,3.5,Bakery,Biscotti,Ginger Biscotti
6687.0,13/01/2023,07:29:51,1.0,3.0,Astoria,48.0,2.5,Tea,Brewed Black tea,English Breakfast Rg
6688.0,13/01/2023,07:29:51,1.0,3.0,Astoria,74.0,3.5,Bakery,Biscotti,Ginger Biscotti
6689.0,13/01/2023,07:31:46,2.0,5.0,Lower Manhattan,32.0,3.0,Coffee,Gourmet brewed coffee,Ethiopia Rg
6690.0,13/01/2023,07:34:15,2.0,3.0,Astoria,37.0,3.0,Coffee,Barista Espresso,Espresso shot
6691.0,13/01/2023,07:34:15,1.0,3.0,Astoria,63.0,0.8,Flavours,Regular syrup,Carmel syrup
6692.0,13/01/2023,07:34:36,2.0,3.0,Astoria,36.0,3.75,Coffee,Premium brewed coffee,Jamaican Coffee River Lg
6693.0,13/01/2023,07:34:38,2.0,5.0,Lower Manhattan,46.0,2.5,Tea,Brewed Green tea,Serenity Green Tea Rg
6694.0,13/01/2023,07:34:38,1.0,5.0,Lower Manhattan,69.0,3.25,Bakery,Biscotti,Hazelnut Biscotti
6695.0,13/01/2023,07:38:55,2.0,3.0,Astoria,53.0,3.0,Tea,Brewed Chai tea,Traditional Blend Chai Lg
6696.0,13/01/2023,07:38:55,1.0,3.0,Astoria,71.0,3.75,Bakery,Pastry,Chocolate Croissant
6697.0,13/01/2023,07:39:57,2.0,3.0,Astoria,46.0,2.5,Tea,Brewed Green tea,Serenity Green Tea Rg
6698.0,13/01/2023,07:40:31,2.0,5.0,Lower Manhattan,51.0,3.0,Tea,Brewed Black tea,Earl Grey Lg
6699.0,13/01/2023,07:43:03,2.0,5.0,Lower Manhattan,41.0,4.25,Coffee,Barista Espresso,Cappuccino Lg
6700.0,13/01/2023,07:43:03,2.0,,Lower Manhattan,,0.8,Flavours,Regular syrup,Chocolate syrup
6701.0,13/01/2023,07:43:09,2.0,5.0,Lower Manhattan,42.0,2.5,Tea,Brewed herbal tea,Lemon Grass Rg
6702.0,13/01/2023,07:44:41,2.0,3.0,Astoria,60.0,3.75,Drinking Chocolate,Hot chocolate,Sustainably Grown Organic Rg
6703.0,13/01/2023,07:46:08,,3.0,Astoria,,3.75,Coffee,Barista Espresso,Latte
6704.0,13/01/2023,07:46:08,1.0,3.0,Astoria,65.0,0.8,Flavours,Sugar free syrup,Sugar Free Vanilla syrup
6705.0,13/01/2023,07:48:29,2.0,5.0,Lower Manhattan,43.0,3.0,Tea,Brewed herbal tea,Lemon Grass Lg
6706.0,13/01/2023,07:48:55,1.0,5.0,Lower Manhattan,71.0,3.75,Bakery,Pastry,Chocolate Croissant
6707.0,13/01/2023,07:49:25,2.0,5.0,Lower Manhattan,53.0,3.0,Tea,Brewed Chai tea,Traditional Blend Chai Lg
6708.0,13/01/2023,07:50:07,1.0,3.0,Astoria,41.0,4.25,Coffee,Barista Espresso,Cappuccino Lg
6709.0,13/01/2023,07:50:07,1.0,3.0,Astoria,63.0,0.8,Flavours,Regular syrup,Carmel syrup
,13/01/2023,07:50:07,1.0,3.0,Astoria,,3.5,Bakery,Biscotti,Chocolate Chip Biscotti
6711.0,13/01/2023,07:51:46,2.0,5.0,Lower Manhattan,46.0,2.5,Tea,Brewed Green tea,Serenity Green Tea Rg
6712.0,13/01/2023,07:51:50,1.0,3.0,Astoria,41.0,4.25,Coffee,Barista Espresso,Cappuccino Lg
6713.0,13/01/2023,07:51:50,2.0,3.0,Astoria,84.0,0.8,Flavours,Regular syrup,Chocolate syrup
6714.0,13/01/2023,07:52:04,2.0,5.0,Lower Manhattan,51.0,3.0,Tea,Brewed Black tea,Earl Grey Lg
6715.0,13/01/2023,07:52:11,2.0,5.0,Lower Manhattan,37.0,3.0,Coffee,Barista Espresso,Espresso shot
6716.0,13/01/2023,07:52:11,1.0,5.0,Lower Manhattan,64.0,0.8,Flavours,Regular syrup,Hazelnut syrup
6717.0,13/01/2023,07:52:11,1.0,5.0,Lower Manhattan,73.0,3.75,Bakery,Pastry,Almond Croissant
,13/01/2023,07:54:12,2.0,,Lower Manhattan,54.0,2.5,Tea,Brewed Chai tea,Morning Sunrise Chai Rg
6719.0,13/01/2023,07:54:26,1.0,5.0,Lower Manhattan,27.0,3.5,Coffee,Organic brewed coffee,Brazilian Lg
6720.0,13/01/2023,07:54:26,1.0,5.0,Lower Manhattan,78.0,4.5,Bakery,Scone,Scottish Cream Scone 
6721.0,13/01/2023,07:55:47,2.0,3.0,Astoria,53.0,3.0,Tea,Brewed Chai tea,Traditional Blend Chai Lg
6722.0,13/01/2023,07:55:54,1.0,3.0,Astoria,41.0,4.25,Coffee,Barista Espresso,Cappuccino Lg
6723.0,13/01/2023,07:55:54,1.0,3.0,Astoria,63.0,0.8,Flavours,Regular syrup,Carmel syrup
6724.0,13/01/2023,08:00:09,,8.0,Hell's Kitchen,51.0,,Tea,Brewed Black tea,Earl Grey Lg
6725.0,13/01/2023,08:00:53,2.0,8.0,Hell's Kitchen,31.0,2.2,Coffee,Gourmet brewed coffee,Ethiopia Sm
6726.0,13/01/2023,08:01:47,2.0,8.0,Hell's Kitchen,57.0,3.1,Tea,Brewed Chai tea,Spicy Eye Opener Chai Lg
6727.0,13/01/2023,08:02:14,2.0,5.0,Lower Manhattan,36.0,3.75,Coffee,Premium brewed coffee,Jamaican Coffee River Lg
6728.0,13/01/2023,08:02:14,1.0,5.0,Lower Manhattan,81.0,28.0,Branded,Clothing,I Need My Bean! T-shirt
6729.0,13/01/2023,08:02:24,2.0,3.0,Astoria,47.0,3.0,Tea,Brewed Green tea,Serenity Green Tea Lg
6730.0,13/01/2023,08:05:11,2.0,8.0,Hell's Kitchen,50.0,2.5,Tea,Brewed Black tea,Earl Grey Rg
6731.0,13/01/2023,08:05:11,1.0,8.0,Hell's Kitchen,18.0,10.95,Loose Tea,Chai tea,Spicy Eye Opener Chai
6732.0,13/01/2023,08:05:12,2.0,8.0,Hell's Kitchen,57.0,3.1,Tea,Brewed Chai tea,Spicy Eye Opener Chai Lg
6733.0,13/01/2023,08:05:23,2.0,5.0,Lower Manhattan,47.0,3.0,Tea,Brewed Green tea,Serenity Green Tea Lg
6734.0,13/01/2023,08:05:23,1.0,5.0,Lower Manhattan,75.0,3.5,Bakery,Pastry,Croissant
6735.0,13/01/2023,08:06:45,2.0,8.0,Hell's Kitchen,25.0,2.2,Coffee,Organic brewed coffee,Brazilian Sm
6736.0,13/01/2023,08:06:45,1.0,8.0,Hell's Kitchen,72.0,3.25,Bakery,Scone,Ginger Scone
6737.0,13/01/2023,08:06:45,1.0,8.0,Hell's Kitchen,11.0,8.95,Loose Tea,Herbal tea,Lemon Grass
6738.0,13/01/2023,08:07:42,1.0,5.0,Lower Manhattan,29.0,2.5,Coffee,Gourmet brewed coffee,Columbian Medium Roast Rg
6739.0,13/01/2023,08:07:42,1.0,5.0,Lower Manhattan,75.0,3.5,Bakery,Pastry,Croissant
6740.0,13/01/2023,08:09:51,2.0,8.0,Hell's Kitchen,87.0,3.0,Coffee,Barista Espresso,Ouro Brasileiro shot
6741.0,13/01/2023,08:11:38,2.0,8.0,Hell's Kitchen,32.0,3.0,Coffee,Gourmet brewed coffee,Ethiopia Rg
6742.0,13/01/2023,08:12:55,1.0,3.0,Astoria,57.0,3.1,Tea,Brewed Chai tea,Spicy Eye Opener Chai Lg
6743.0,13/01/2023,08:14:26,2.0,8.0,Hell's Kitchen,48.0,2.5,Tea,Brewed Black tea,English Breakfast Rg
6744.0,13/01/2023,08:15:24,2.0,8.0,Hell's Kitchen,54.0,2.5,Tea,Brewed Chai tea,Morning Sunrise Chai Rg
6745.0,13/01/2023,08:15:41,2.0,8.0,Hell's Kitchen,30.0,3.0,Coffee,Gourmet brewed coffee,Columbian Medium Roast Lg
6746.0,13/01/2023,08:15:41,1.0,8.0,Hell's Kitchen,79.0,3.75,Bakery,Scone,Jumbo Savory Scone
6747.0,13/01/2023,08:16:20,2.0,8.0,Hell's Kitchen,56.0,2.55,Tea,Brewed Chai tea,Spicy Eye Opener Chai Rg
6748.0,13/01/2023,08:16:26,,3.0,Astoria,59.0,,Drinking Chocolate,Hot chocolate,Dark chocolate Lg
6749.0,13/01/2023,08:18:55,2.0,8.0,Hell's Kitchen,36.0,3.75,Coffee,Premium brewed coffee,Jamaican Coffee River Lg
6750.0,13/01/2023,08:19:26,2.0,3.0,Astoria,56.0,2.55,Tea,Brewed Chai tea,Spicy Eye Opener Chai Rg
6751.0,13/01/2023,08:19:45,1.0,8.0,Hell's Kitchen,32.0,3.0,Coffee,Gourmet brewed coffee,Ethiopia Rg
6752.0,13/01/2023,08:19:58,,,Astoria,,2.5,Coffee,Gourmet brewed coffee,Columbian Medium Roast Rg
6753.0,13/01/2023,08:19:58,1.0,3.0,Astoria,69.0,3.25,Bakery,Biscotti,Hazelnut Biscotti
6754.0,13/01/2023,08:20:23,2.0,8.0,Hell's Kitchen,87.0,3.0,Coffee,Barista Espresso,Ouro Brasileiro shot
6755.0,13/01/2023,08:20:31,1.0,3.0,Astoria,26.0,3.0,Coffee,Organic brewed coffee,Brazilian Rg
6756.0,13/01/2023,08:22:37,1.0,8.0,Hell's Kitchen,47.0,3.0,Tea,Brewed Green tea,Serenity Green Tea Lg
6757.0,13/01/2023,08:22:37,,8.0,Hell's Kitchen,,,Bakery,Scone,Jumbo Savory Scone
6758.0,13/01/2023,08:23:05,2.0,8.0,Hell's Kitchen,51.0,3.0,Tea,Brewed Black tea,Earl Grey Lg
6759.0,13/01/2023,08:23:47,2.0,5.0,Lower Manhattan,37.0,3.0,Coffee,Barista Espresso,Espresso shot
6760.0,13/01/2023,08:23:47,2.0,5.0,Lower Manhattan,84.0,0.8,Flavours,Regular syrup,Chocolate syrup
6761.0,13/01/2023,08:23:55,2.0,8.0,Hell's Kitchen,27.0,3.5,Coffee,Organic brewed coffee,Brazilian Lg
6762.0,13/01/2023,08:23:55,1.0,8.0,Hell's Kitchen,77.0,3.0,Bakery,Scone,Oatmeal Scone
6763.0,13/01/2023,08:23:57,2.0,3.0,Astoria,47.0,3.0,Tea,Brewed Green tea,Serenity Green Tea Lg
6764.0,13/01/2023,08:26:07,1.0,8.0,Hell's Kitchen,22.0,2.0,Coffee,Drip coffee,Our Old Time Diner Blend Sm
6765.0,13/01/2023,08:27:42,2.0,5.0,Lower Manhattan,51.0,3.0,Tea,Brewed Black tea,Earl Grey Lg
6766.0,13/01/2023,08:27:52,1.0,8.0,Hell's Kitchen,40.0,3.75,Coffee,Barista Espresso,Cappuccino
6767.0,13/01/2023,08:27:52,1.0,8.0,Hell's Kitchen,64.0,0.8,Flavours,Regular syrup,Hazelnut syrup
6768.0,13/01/2023,08:27:52,1.0,8.0,Hell's Kitchen,9.0,22.5,Coffee beans,Organic Beans,Organic Decaf Blend
6769.0,13/01/2023,08:28:49,2.0,8.0,Hell's Kitchen,51.0,3.0,Tea,Brewed Black tea,Earl Grey Lg
6770.0,13/01/2023,08:30:13,1.0,3.0,Astoria,46.0,2.5,Tea,Brewed Green tea,Serenity Green Tea Rg
6771.0,13/01/2023,08:30:33,2.0,5.0,Lower Manhattan,59.0,4.5,Drinking Chocolate,Hot chocolate,Dark chocolate Lg
,13/01/2023,08:31:05,2.0,,Hell's Kitchen,47.0,3.0,Tea,Brewed Green tea,Serenity Green Tea Lg
6773.0,13/01/2023,08:31:47,1.0,5.0,Lower Manhattan,49.0,3.0,Tea,Brewed Black tea,English Breakfast Lg
6774.0,13/01/2023,08:31:49,2.0,5.0,Lower Manhattan,52.0,2.5,Tea,Brewed Chai tea,Traditional Blend Chai Rg
6775.0,13/01/2023,08:32:37,1.0,3.0,Astoria,22.0,2.0,Coffee,Drip coffee,Our Old Time Diner Blend Sm
,13/01/2023,08:33:34,,8.0,Hell's Kitchen,,2.2,Coffee,Organic brewed coffee,Brazilian Sm
6777.0,13/01/2023,08:33:37,2.0,8.0,Hell's Kitchen,39.0,4.25,Coffee,Barista Espresso,Latte Rg
6778.0,13/01/2023,08:33:37,1.0,8.0,Hell's Kitchen,64.0,0.8,Flavours,Regular syrup,Hazelnut syrup
6779.0,13/01/2023,08:33:37,1.0,8.0,Hell's Kitchen,71.0,3.75,Bakery,Pastry,Chocolate Croissant
6780.0,13/01/2023,08:33:59,1.0,8.0,Hell's Kitchen,87.0,3.0,Coffee,Barista Espresso,Ouro Brasileiro shot
6781.0,13/01/2023,08:34:53,1.0,3.0,Astoria,48.0,2.5,Tea,Brewed Black tea,English Breakfast Rg
6782.0,13/01/2023,08:35:27,2.0,8.0,Hell's Kitchen,54.0,2.5,Tea,Brewed Chai tea,Morning Sunrise Chai Rg
6783.0,13/01/2023,08:35:49,2.0,5.0,Lower Manhattan,56.0,2.55,Tea,Brewed Chai tea,Spicy Eye Opener Chai Rg
6784.0,13/01/2023,08:36:15,2.0,8.0,Hell's Kitchen,35.0,3.1,Coffee,Premium brewed coffee,Jamaican Coffee River Rg
6785.0,13/01/2023,08:37:28,,,Astoria,50.0,2.5,Tea,Brewed Black tea,Earl Grey Rg
6786.0,13/01/2023,08:37:50,2.0,8.0,Hell's Kitchen,22.0,2.0,Coffee,Drip coffee,Our Old Time Diner Blend Sm
6787.0,13/01/2023,08:39:31,1.0,8.0,Hell's Kitchen,38.0,3.75,Coffee,Barista Espresso,Latte
6788.0,13/01/2023,08:39:31,1.0,8.0,Hell's Kitchen,79.0,3.75,Bakery,Scone,Jumbo Savory Scone
6789.0,13/01/2023,08:40:13,2.0,,Hell's Kitchen,,,Coffee,Organic brewed coffee,Brazilian Sm
6790.0,13/01/2023,08:40:42,1.0,8.0,Hell's Kitchen,47.0,3.0,Tea,Brewed Green tea,Serenity Green Tea Lg
,13/01/2023,08:40:48,1.0,,Astoria,32.0,,Coffee,Gourmet brewed coffee,Ethiopia Rg
6792.0,13/01/2023,08:40:48,1.0,3.0,Astoria,69.0,3.25,Bakery,Biscotti,Hazelnut Biscotti
,13/01/2023,08:41:10,2.0,,Hell's Kitchen,38.0,,Coffee,Barista Espresso,Latte
6794.0,13/01/2023,08:41:10,2.0,8.0,Hell's Kitchen,63.0,0.8,Flavours,Regular syrup,Carmel syrup
6795.0,13/01/2023,08:41:23,2.0,3.0,Astoria,46.0,2.5,Tea,Brewed Green tea,Serenity Green Tea Rg
6796.0,13/01/2023,08:41:35,2.0,8.0,Hell's Kitchen,52.0,2.5,Tea,Brewed Chai tea,Traditional Blend Chai Rg
6797.0,13/01/2023,08:41:35,1.0,8.0,Hell's Kitchen,69.0,3.25,Bakery,Biscotti,Hazelnut Biscotti
6798.0,13/01/2023,08:42:10,2.0,8.0,Hell's Kitchen,51.0,3.0,Tea,Brewed Black tea,Earl Grey Lg
6799.0,13/01/2023,08:42:10,1.0,8.0,Hell's Kitchen,79.0,3.75,Bakery,Scone,Jumbo Savory Scone
6800.0,13/01/2023,08:42:46,2.0,8.0,Hell's Kitchen,40.0,3.75,Coffee,Barista Espresso,Cappuccino
6801.0,13/01/2023,08:42:46,,,Hell's Kitchen,84.0,0.8,Flavours,Regular syrup,Chocolate syrup
6802.0,13/01/2023,08:44:12,2.0,3.0,Astoria,55.0,4.0,Tea,Brewed Chai tea,Morning Sunrise Chai Lg
6803.0,13/01/2023,08:44:27,1.0,,Hell's Kitchen,,,Coffee,Barista Espresso,Cappuccino Lg
6804.0,13/01/2023,08:44:27,2.0,8.0,Hell's Kitchen,63.0,0.8,Flavours,Regular syrup,Carmel syrup
6805.0,13/01/2023,08:45:22,2.0,8.0,Hell's Kitchen,26.0,3.0,Coffee,Organic brewed coffee,Brazilian Rg
6806.0,13/01/2023,08:45:54,2.0,8.0,Hell's Kitchen,,,Tea,Brewed herbal tea,Peppermint Lg
6807.0,13/01/2023,08:46:30,2.0,5.0,Lower Manhattan,42.0,2.5,Tea,Brewed herbal tea,Lemon Grass Rg
6808.0,13/01/2023,08:46:30,1.0,5.0,Lower Manhattan,73.0,3.75,Bakery,Pastry,Almond Croissant
6809.0,13/01/2023,08:46:51,2.0,8.0,Hell's Kitchen,59.0,4.5,Drinking Chocolate,Hot chocolate,Dark chocolate Lg
6810.0,13/01/2023,08:46:51,1.0,8.0,Hell's Kitchen,17.0,9.5,Loose Tea,Chai tea,Morning Sunrise Chai
,13/01/2023,08:46:55,,5.0,Lower Manhattan,,2.0,Coffee,Gourmet brewed coffee,Columbian Medium Roast Sm
6812.0,13/01/2023,08:47:38,1.0,8.0,Hell's Kitchen,71.0,3.75,Bakery,Pastry,Chocolate Croissant
6813.0,13/01/2023,08:49:28,2.0,8.0,Hell's Kitchen,24.0,3.0,Coffee,Drip coffee,Our Old Time Diner Blend Lg
6814.0,13/01/2023,08:49:45,2.0,5.0,Lower Manhattan,,,Coffee,Barista Espresso,Espresso shot
6815.0,13/01/2023,08:49:45,2.0,5.0,Lower Manhattan,64.0,0.8,Flavours,Regular syrup,Hazelnut syrup
6816.0,13/01/2023,08:50:06,2.0,8.0,Hell's Kitchen,61.0,4.75,Drinking Chocolate,Hot chocolate,Sustainably Grown Organic Lg
6817.0,13/01/2023,08:50:54,1.0,8.0,Hell's Kitchen,71.0,3.75,Bakery,Pastry,Chocolate Croissant
6818.0,13/01/2023,08:51:31,2.0,8.0,Hell's Kitchen,26.0,3.0,Coffee,Organic brewed coffee,Brazilian Rg
,13/01/2023,08:51:31,1.0,8.0,Hell's Kitchen,,,Bakery,Pastry,Chocolate Croissant
6820.0,13/01/2023,08:52:01,2.0,8.0,Hell's Kitchen,55.0,4.0,Tea,Brewed Chai tea,Morning Sunrise Chai Lg
6821.0,13/01/2023,08:52:34,2.0,5.0,Lower Manhattan,39.0,4.25,Coffee,Barista Espresso,Latte Rg
6822.0,13/01/2023,08:52:34,1.0,5.0,Lower Manhattan,63.0,0.8,Flavours,Regular syrup,Carmel syrup
6823.0,13/01/2023,08:52:34,1.0,5.0,Lower Manhattan,69.0,3.25,Bakery,Biscotti,Hazelnut Biscotti
6824.0,13/01/2023,08:53:44,2.0,8.0,Hell's Kitchen,22.0,2.0,Coffee,Drip coffee,Our Old Time Diner Blend Sm
6825.0,13/01/2023,08:54:28,1.0,8.0,Hell's Kitchen,48.0,2.5,Tea,Brewed Black tea,English Breakfast Rg
6826.0,13/01/2023,08:54:53,2.0,8.0,Hell's Kitchen,56.0,2.55,Tea,Brewed Chai tea,Spicy Eye Opener Chai Rg
6827.0,13/01/2023,08:55:32,2.0,8.0,Hell's Kitchen,38.0,3.75,Coffee,Barista Espresso,Latte
6828.0,13/01/2023,08:55:32,2.0,8.0,Hell's Kitchen,64.0,0.8,Flavours,Regular syrup,Hazelnut syrup
6829.0,13/01/2023,08:57:07,1.0,5.0,Lower Manhattan,26.0,3.0,Coffee,Organic brewed coffee,Brazilian Rg
6830.0,13/01/2023,08:57:28,2.0,5.0,Lower Manhattan,28.0,2.0,Coffee,Gourmet brewed coffee,Columbian Medium Roast Sm
6831.0,13/01/2023,08:58:01,2.0,5.0,Lower Manhattan,47.0,3.0,Tea,Brewed Green tea,Serenity Green Tea Lg
,13/01/2023,08:58:01,,5.0,Lower Manhattan,,3.5,Bakery,Biscotti,Chocolate Chip Biscotti
6833.0,13/01/2023,08:58:15,2.0,5.0,Lower Manhattan,30.0,3.0,Coffee,Gourmet brewed coffee,Columbian Medium Roast Lg
6834.0,13/01/2023,08:58:15,1.0,5.0,Lower Manhattan,78.0,4.5,Bakery,Scone,Scottish Cream Scone 
6835.0,13/01/2023,08:58:43,2.0,5.0,Lower Manhattan,53.0,3.0,Tea,Brewed Chai tea,Traditional Blend Chai Lg
6836.0,13/01/2023,08:58:56,1.0,5.0,Lower Manhattan,47.0,3.0,Tea,Brewed Green tea,Serenity Green Tea Lg
6837.0,13/01/2023,08:58:56,1.0,5.0,Lower Manhattan,79.0,3.75,Bakery,Scone,Jumbo Savory Scone
6838.0,13/01/2023,08:59:13,2.0,3.0,Astoria,45.0,3.0,Tea,Brewed herbal tea,Peppermint Lg
6839.0,13/01/2023,08:59:13,1.0,3.0,Astoria,71.0,3.75,Bakery,Pastry,Chocolate Croissant
6840.0,13/01/2023,08:59:16,1.0,3.0,Astoria,56.0,2.55,Tea,Brewed Chai tea,Spicy Eye Opener Chai Rg
6841.0,13/01/2023,08:59:49,2.0,8.0,Hell's Kitchen,38.0,3.75,Coffee,Barista Espresso,Latte
6842.0,13/01/2023,08:59:49,2.0,8.0,Hell's Kitchen,65.0,0.8,Flavours,Sugar free syrup,Sugar Free Vanilla syrup
6843.0,13/01/2023,09:02:20,2.0,5.0,Lower Manhattan,32.0,3.0,Coffee,Gourmet brewed coffee,Ethiopia Rg
6844.0,13/01/2023,09:03:20,1.0,8.0,Hell's Kitchen,47.0,3.0,Tea,Brewed Green tea,Serenity Green Tea Lg
6845.0,13/01/2023,09:03:57,2.0,8.0,Hell's Kitchen,30.0,3.0,Coffee,Gourmet brewed coffee,Columbian Medium Roast Lg
6846.0,13/01/2023,09:04:27,1.0,5.0,Lower Manhattan,25.0,2.2,Coffee,Organic brewed coffee,Brazilian Sm
6847.0,13/01/2023,09:04:45,2.0,5.0,Lower Manhattan,51.0,3.0,Tea,Brewed Black tea,Earl Grey Lg
6848.0,13/01/2023,09:04:45,1.0,5.0,Lower Manhattan,23.0,2.5,Coffee,Drip coffee,Our Old Time Diner Blend Rg
6849.0,13/01/2023,09:06:15,1.0,8.0,Hell's Kitchen,47.0,3.0,Tea,Brewed Green tea,Serenity Green Tea Lg
6850.0,13/01/2023,09:06:18,2.0,8.0,Hell's Kitchen,39.0,4.25,Coffee,Barista Espresso,Latte Rg
6851.0,13/01/2023,09:06:18,2.0,8.0,Hell's Kitchen,64.0,0.8,Flavours,Regular syrup,Hazelnut syrup
6852.0,13/01/2023,09:06:18,1.0,8.0,Hell's Kitchen,73.0,3.75,Bakery,Pastry,Almond Croissant
6853.0,13/01/2023,09:06:19,2.0,8.0,Hell's Kitchen,42.0,2.5,Tea,Brewed herbal tea,Lemon Grass Rg
6854.0,13/01/2023,09:06:59,2.0,8.0,Hell's Kitchen,26.0,3.0,Coffee,Organic brewed coffee,Brazilian Rg
6855.0,13/01/2023,09:07:06,1.0,3.0,Astoria,60.0,3.75,Drinking Chocolate,Hot chocolate,Sustainably Grown Organic Rg
6856.0,13/01/2023,09:10:24,1.0,5.0,Lower Manhattan,32.0,3.0,Coffee,Gourmet brewed coffee,Ethiopia Rg
,13/01/2023,09:10:56,2.0,5.0,Lower Manhattan,50.0,,Tea,Brewed Black tea,Earl Grey Rg
6858.0,13/01/2023,09:12:00,1.0,3.0,Astoria,31.0,2.2,Coffee,Gourmet brewed coffee,Ethiopia Sm
6859.0,13/01/2023,09:12:01,1.0,8.0,Hell's Kitchen,58.0,3.5,Drinking Chocolate,Hot chocolate,Dark chocolate Rg
6860.0,13/01/2023,09:12:01,2.0,8.0,Hell's Kitchen,53.0,3.0,Tea,Brewed Chai tea,Traditional Blend Chai Lg
6861.0,13/01/2023,09:12:19,2.0,8.0,Hell's Kitchen,51.0,3.0,Tea,Brewed Black tea,Earl Grey Lg
6862.0,13/01/2023,09:12:19,1.0,8.0,Hell's Kitchen,73.0,3.75,Bakery,Pastry,Almond Croissant
,13/01/2023,09:12:48,1.0,5.0,Lower Manhattan,,,Coffee,Gourmet brewed coffee,Ethiopia Sm
6864.0,13/01/2023,09:13:13,2.0,3.0,Astoria,58.0,3.5,Drinking Chocolate,Hot chocolate,Dark chocolate Rg
6865.0,13/01/2023,09:14:33,2.0,8.0,Hell's Kitchen,41.0,4.25,Coffee,Barista Espresso,Cappuccino Lg
6866.0,13/01/2023,09:14:33,1.0,8.0,Hell's Kitchen,65.0,0.8,Flavours,Sugar free syrup,Sugar Free Vanilla syrup
6867.0,13/01/2023,09:14:33,1.0,8.0,Hell's Kitchen,77.0,3.0,Bakery,Scone,Oatmeal Scone
6868.0,13/01/2023,09:15:11,1.0,3.0,Astoria,54.0,2.5,Tea,Brewed Chai tea,Morning Sunrise Chai Rg
6869.0,13/01/2023,09:15:32,2.0,3.0,Astoria,53.0,3.0,Tea,Brewed Chai tea,Traditional Blend Chai Lg
6870.0,13/01/2023,09:17:49,2.0,8.0,Hell's Kitchen,34.0,2.45,Coffee,Premium brewed coffee,Jamaican Coffee River Sm
6871.0,13/01/2023,09:17:49,1.0,8.0,Hell's Kitchen,3.0,14.75,Coffee beans,Espresso Beans,Espresso Roast
6872.0,13/01/2023,09:18:29,2.0,8.0,Hell's Kitchen,61.0,4.75,Drinking Chocolate,Hot chocolate,Sustainably Grown Organic Lg
6873.0,13/01/2023,09:19:33,,3.0,Astoria,58.0,,Drinking Chocolate,Hot chocolate,Dark chocolate Rg
6874.0,13/01/2023,09:20:20,2.0,8.0,Hell's Kitchen,34.0,2.45,Coffee,Premium brewed coffee,Jamaican Coffee River Sm
6875.0,13/01/2023,09:20:43,1.0,3.0,Astoria,28.0,2.0,Coffee,Gourmet brewed coffee,Columbian Medium Roast Sm
6876.0,13/01/2023,09:22:52,2.0,,Lower Manhattan,33.0,,Coffee,Gourmet brewed coffee,Ethiopia Lg
6877.0,13/01/2023,09:22:52,1.0,5.0,Lower Manhattan,15.0,9.25,Loose Tea,Green tea,Serenity Green Tea
6878.0,13/01/2023,09:23:15,2.0,3.0,Astoria,30.0,3.0,Coffee,Gourmet brewed coffee,Columbian Medium Roast Lg
,13/01/2023,09:24:00,2.0,,Astoria,35.0,,Coffee,Premium brewed coffee,Jamaican Coffee River Rg
6880.0,13/01/2023,09:25:02,,,Hell's Kitchen,23.0,2.5,Coffee,Drip coffee,Our Old Time Diner Blend Rg
6881.0,13/01/2023,09:25:31,2.0,3.0,Astoria,27.0,3.5,Coffee,Organic brewed coffee,Brazilian Lg
6882.0,13/01/2023,09:27:32,1.0,8.0,Hell's Kitchen,54.0,2.5,Tea,Brewed Chai tea,Morning Sunrise Chai Rg
6883.0,13/01/2023,09:28:00,2.0,8.0,Hell's Kitchen,39.0,4.25,Coffee,Barista Espresso,Latte Rg
6884.0,13/01/2023,09:28:09,1.0,3.0,Astoria,34.0,2.45,Coffee,Premium brewed coffee,Jamaican Coffee River Sm
6885.0,13/01/2023,09:28:09,1.0,3.0,Astoria,70.0,3.25,Bakery,Scone,Cranberry Scone
6886.0,13/01/2023,09:28:54,2.0,8.0,Hell's Kitchen,54.0,2.5,Tea,Brewed Chai tea,Morning Sunrise Chai Rg
6887.0,13/01/2023,09:29:51,2.0,3.0,Astoria,48.0,2.5,Tea,Brewed Black tea,English Breakfast Rg
6888.0,13/01/2023,09:29:51,1.0,3.0,Astoria,78.0,4.5,Bakery,Scone,Scottish Cream Scone 
6889.0,13/01/2023,09:30:05,2.0,8.0,Hell's Kitchen,28.0,2.0,Coffee,Gourmet brewed coffee,Columbian Medium Roast Sm
6890.0,13/01/2023,09:30:55,1.0,8.0,Hell's Kitchen,39.0,4.25,Coffee,Barista Espresso,Latte Rg
6891.0,13/01/2023,09:30:55,2.0,8.0,Hell's Kitchen,63.0,0.8,Flavours,Regular syrup,Carmel syrup
6892.0,13/01/2023,09:32:25,1.0,8.0,Hell's Kitchen,71.0,3.75,Bakery,Pastry,Chocolate Croissant
6893.0,13/01/2023,09:33:36,1.0,3.0,Astoria,49.0,3.0,Tea,Brewed Black tea,English Breakfast Lg
6894.0,13/01/2023,09:34:03,1.0,5.0,Lower Manhattan,60.0,3.75,Drinking Chocolate,Hot chocolate,Sustainably Grown Organic Rg
6895.0,13/01/2023,09:34:29,1.0,8.0,Hell's Kitchen,71.0,3.75,Bakery,Pastry,Chocolate Croissant
6896.0,13/01/2023,09:34:29,1.0,8.0,Hell's Kitchen,71.0,3.75,Bakery,Pastry,Chocolate Croissant
6897.0,13/01/2023,09:36:46,2.0,5.0,Lower Manhattan,37.0,3.0,Coffee,Barista Espresso,Espresso shot
6898.0,13/01/2023,09:36:46,2.0,5.0,Lower Manhattan,64.0,0.8,Flavours,Regular syrup,Hazelnut syrup
6899.0,13/01/2023,09:38:07,1.0,8.0,Hell's Kitchen,23.0,2.5,Coffee,Drip coffee,Our Old Time Diner Blend Rg
6900.0,13/01/2023,09:38:07,1.0,8.0,Hell's Kitchen,73.0,3.75,Bakery,Pastry,Almond Croissant
6901.0,13/01/2023,09:38:10,1.0,8.0,Hell's Kitchen,37.0,3.0,Coffee,Barista Espresso,Espresso shot
6902.0,13/01/2023,09:38:10,1.0,8.0,Hell's Kitchen,63.0,0.8,Flavours,Regular syrup,Carmel syrup
6903.0,13/01/2023,09:38:10,1.0,8.0,Hell's Kitchen,78.0,4.5,Bakery,Scone,Scottish Cream Scone 
6904.0,13/01/2023,09:39:11,2.0,5.0,Lower Manhattan,33.0,3.5,Coffee,Gourmet brewed coffee,Ethiopia Lg
6905.0,13/01/2023,09:39:20,2.0,8.0,Hell's Kitchen,27.0,3.5,Coffee,Organic brewed coffee,Brazilian Lg
,13/01/2023,09:40:35,2.0,,Lower Manhattan,49.0,,Tea,Brewed Black tea,English Breakfast Lg
6907.0,13/01/2023,09:40:35,1.0,5.0,Lower Manhattan,72.0,3.25,Bakery,Scone,Ginger Scone
6908.0,13/01/2023,09:41:04,1.0,5.0,Lower Manhattan,23.0,2.5,Coffee,Drip coffee,Our Old Time Diner Blend Rg
6909.0,13/01/2023,09:41:04,1.0,5.0,Lower Manhattan,78.0,4.5,Bakery,Scone,Scottish Cream Scone 
6910.0,13/01/2023,09:41:23,1.0,8.0,Hell's Kitchen,52.0,2.5,Tea,Brewed Chai tea,Traditional Blend Chai Rg
6911.0,13/01/2023,09:41:30,2.0,8.0,Hell's Kitchen,27.0,3.5,Coffee,Organic brewed coffee,Brazilian Lg
6912.0,13/01/2023,09:41:36,2.0,8.0,Hell's Kitchen,58.0,3.5,Drinking Chocolate,Hot chocolate,Dark chocolate Rg
6913.0,13/01/2023,09:41:36,1.0,8.0,Hell's Kitchen,78.0,4.5,Bakery,Scone,Scottish Cream Scone 
6914.0,13/01/2023,09:41:47,2.0,8.0,Hell's Kitchen,55.0,4.0,Tea,Brewed Chai tea,Morning Sunrise Chai Lg
6915.0,13/01/2023,09:42:41,1.0,8.0,Hell's Kitchen,24.0,3.0,Coffee,Drip coffee,Our Old Time Diner Blend Lg
6916.0,13/01/2023,09:43:12,2.0,8.0,Hell's Kitchen,36.0,3.75,Coffee,Premium brewed coffee,Jamaican Coffee River Lg
6917.0,13/01/2023,09:45:16,1.0,8.0,Hell's Kitchen,35.0,3.1,Coffee,Premium brewed coffee,Jamaican Coffee River Rg
6918.0,13/01/2023,09:45:41,1.0,3.0,Astoria,22.0,2.0,Coffee,Drip coffee,Our Old Time Diner Blend Sm
6919.0,13/01/2023,09:45:55,1.0,8.0,Hell's Kitchen,41.0,4.25,Coffee,Barista Espresso,Cappuccino Lg
6920.0,13/01/2023,09:45:55,2.0,8.0,Hell's Kitchen,63.0,0.8,Flavours,Regular syrup,Carmel syrup
6921.0,13/01/2023,09:48:29,1.0,8.0,Hell's Kitchen,37.0,3.0,Coffee,Barista Espresso,Espresso shot
6922.0,13/01/2023,09:48:29,2.0,8.0,Hell's Kitchen,84.0,0.8,Flavours,Regular syrup,Chocolate syrup
6923.0,13/01/2023,09:49:58,1.0,3.0,Astoria,32.0,3.0,Coffee,Gourmet brewed coffee,Ethiopia Rg
6924.0,13/01/2023,09:50:26,2.0,5.0,Lower Manhattan,48.0,2.5,Tea,Brewed Black tea,English Breakfast Rg
6925.0,13/01/2023,09:50:49,2.0,5.0,Lower Manhattan,38.0,3.75,Coffee,Barista Espresso,Latte
6926.0,13/01/2023,09:50:49,1.0,5.0,Lower Manhattan,63.0,0.8,Flavours,Regular syrup,Carmel syrup
6927.0,13/01/2023,09:51:19,,,Lower Manhattan,22.0,,Coffee,Drip coffee,Our Old Time Diner Blend Sm
6928.0,13/01/2023,09:52:58,2.0,8.0,Hell's Kitchen,61.0,4.75,Drinking Chocolate,Hot chocolate,Sustainably Grown Organic Lg
6929.0,13/01/2023,09:53:06,2.0,8.0,Hell's Kitchen,87.0,3.0,Coffee,Barista Espresso,Ouro Brasileiro shot
6930.0,13/01/2023,09:53:33,1.0,5.0,Lower Manhattan,27.0,3.5,Coffee,Organic brewed coffee,Brazilian Lg
6931.0,13/01/2023,09:54:16,1.0,8.0,Hell's Kitchen,48.0,2.5,Tea,Brewed Black tea,English Breakfast Rg
6932.0,13/01/2023,09:54:16,1.0,8.0,Hell's Kitchen,12.0,8.95,Loose Tea,Herbal tea,Peppermint
6933.0,13/01/2023,09:55:50,1.0,8.0,Hell's Kitchen,61.0,4.75,Drinking Chocolate,Hot chocolate,Sustainably Grown Organic Lg
6934.0,13/01/2023,09:55:50,1.0,8.0,Hell's Kitchen,74.0,3.5,Bakery,Biscotti,Ginger Biscotti
6935.0,13/01/2023,09:56:00,1.0,5.0,Lower Manhattan,46.0,2.5,Tea,Brewed Green tea,Serenity Green Tea Rg
6936.0,13/01/2023,09:56:00,1.0,5.0,Lower Manhattan,83.0,14.0,Branded,Housewares,I Need My Bean! Latte cup
,13/01/2023,09:57:16,2.0,8.0,Hell's Kitchen,,,Coffee,Organic brewed coffee,Brazilian Rg
6938.0,13/01/2023,09:58:40,2.0,5.0,Lower Manhattan,46.0,2.5,Tea,Brewed Green tea,Serenity Green Tea Rg
6939.0,13/01/2023,09:58:40,1.0,5.0,Lower Manhattan,70.0,3.25,Bakery,Scone,Cranberry Scone
6940.0,13/01/2023,09:59:12,2.0,8.0,Hell's Kitchen,30.0,3.0,Coffee,Gourmet brewed coffee,Columbian Medium Roast Lg
6941.0,13/01/2023,10:00:17,1.0,3.0,Astoria,48.0,2.5,Tea,Brewed Black tea,English Breakfast Rg
6942.0,13/01/2023,10:00:19,1.0,3.0,Astoria,71.0,3.75,Bakery,Pastry,Chocolate Croissant
6943.0,13/01/2023,10:00:19,1.0,3.0,Astoria,71.0,3.75,Bakery,Pastry,Chocolate Croissant
6944.0,13/01/2023,10:00:38,2.0,3.0,Astoria,37.0,3.0,Coffee,Barista Espresso,Espresso shot
6945.0,13/01/2023,10:00:38,1.0,3.0,Astoria,63.0,0.8,Flavours,Regular syrup,Carmel syrup
6946.0,13/01/2023,10:00:54,2.0,5.0,Lower Manhattan,29.0,2.5,Coffee,Gourmet brewed coffee,Columbian Medium Roast Rg
6947.0,13/01/2023,10:02:03,2.0,5.0,Lower Manhattan,22.0,2.0,Coffee,Drip coffee,Our Old Time Diner Blend Sm
6948.0,13/01/2023,10:02:57,1.0,3.0,Astoria,45.0,3.0,Tea,Brewed herbal tea,Peppermint Lg
6949.0,13/01/2023,10:02:57,1.0,3.0,Astoria,71.0,3.75,Bakery,Pastry,Chocolate Croissant
6950.0,13/01/2023,10:03:16,1.0,3.0,Astoria,50.0,2.5,Tea,Brewed Black tea,Earl Grey Rg
6951.0,13/01/2023,10:04:15,2.0,3.0,Astoria,41.0,4.25,Coffee,Barista Espresso,Cappuccino Lg
6952.0,13/01/2023,10:04:15,2.0,3.0,Astoria,84.0,0.8,Flavours,Regular syrup,Chocolate syrup
6953.0,13/01/2023,10:05:09,2.0,8.0,Hell's Kitchen,44.0,2.5,Tea,Brewed herbal tea,Peppermint Rg
6954.0,13/01/2023,10:05:44,1.0,3.0,Astoria,24.0,3.0,Coffee,Drip coffee,Our Old Time Diner Blend Lg
6955.0,13/01/2023,10:06:19,2.0,8.0,Hell's Kitchen,28.0,2.0,Coffee,Gourmet brewed coffee,Columbian Medium Roast Sm
6956.0,13/01/2023,10:06:43,1.0,3.0,Astoria,28.0,2.0,Coffee,Gourmet brewed coffee,Columbian Medium Roast Sm
6957.0,13/01/2023,10:06:48,2.0,5.0,Lower Manhattan,26.0,3.0,Coffee,Organic brewed coffee,Brazilian Rg
6958.0,13/01/2023,10:07:08,2.0,8.0,Hell's Kitchen,43.0,3.0,Tea,Brewed herbal tea,Lemon Grass Lg
6959.0,13/01/2023,10:08:15,2.0,8.0,Hell's Kitchen,50.0,2.5,Tea,Brewed Black tea,Earl Grey Rg
6960.0,13/01/2023,10:08:15,1.0,8.0,Hell's Kitchen,77.0,3.0,Bakery,Scone,Oatmeal Scone
6961.0,13/01/2023,10:08:16,2.0,8.0,Hell's Kitchen,33.0,3.5,Coffee,Gourmet brewed coffee,Ethiopia Lg
6962.0,13/01/2023,10:08:16,1.0,8.0,Hell's Kitchen,19.0,6.4,Packaged Chocolate,Drinking Chocolate,Dark chocolate
6963.0,13/01/2023,10:08:29,2.0,8.0,Hell's Kitchen,60.0,3.75,Drinking Chocolate,Hot chocolate,Sustainably Grown Organic Rg
,13/01/2023,10:10:00,1.0,5.0,Lower Manhattan,55.0,,Tea,Brewed Chai tea,Morning Sunrise Chai Lg
6965.0,13/01/2023,10:10:00,1.0,5.0,Lower Manhattan,79.0,3.75,Bakery,Scone,Jumbo Savory Scone
6966.0,13/01/2023,10:11:25,2.0,3.0,Astoria,37.0,3.0,Coffee,Barista Espresso,Espresso shot
6967.0,13/01/2023,10:11:25,2.0,3.0,Astoria,65.0,0.8,Flavours,Sugar free syrup,Sugar Free Vanilla syrup
6968.0,13/01/2023,10:11:25,1.0,3.0,Astoria,77.0,3.0,Bakery,Scone,Oatmeal Scone
6969.0,13/01/2023,10:12:20,1.0,5.0,Lower Manhattan,55.0,4.0,Tea,Brewed Chai tea,Morning Sunrise Chai Lg
6970.0,13/01/2023,10:12:23,2.0,8.0,Hell's Kitchen,52.0,2.5,Tea,Brewed Chai tea,Traditional Blend Chai Rg
6971.0,13/01/2023,10:12:23,1.0,8.0,Hell's Kitchen,78.0,4.5,Bakery,Scone,Scottish Cream Scone 
6972.0,13/01/2023,10:12:25,,,Hell's Kitchen,,2.5,Tea,Brewed herbal tea,Peppermint Rg
6973.0,13/01/2023,10:12:46,2.0,8.0,Hell's Kitchen,27.0,3.5,Coffee,Organic brewed coffee,Brazilian Lg
6974.0,13/01/2023,10:13:07,2.0,8.0,Hell's Kitchen,55.0,4.0,Tea,Brewed Chai tea,Morning Sunrise Chai Lg
,13/01/2023,10:14:36,2.0,,Hell's Kitchen,46.0,2.5,Tea,Brewed Green tea,Serenity Green Tea Rg
6976.0,13/01/2023,10:23:52,2.0,5.0,Lower Manhattan,25.0,2.2,Coffee,Organic brewed coffee,Brazilian Sm
6977.0,13/01/2023,10:24:06,1.0,5.0,Lower Manhattan,27.0,3.5,Coffee,Organic brewed coffee,Brazilian Lg
