transaction_id;transaction_qty;store_id;store_location;product_id;unit_price;product_category;product_type;product_detail;total_price;transaction_datetime;heure;jour_semaine;mois;annee
1.0;2.0;5.0;Lower Manhattan;32.0;3.0;Coffee;Gourmet brewed coffee;Ethiopia Rg;6.0;2023-01-01 07:06:11;7;Sunday;1;2023
2.0;2.0;5.0;Lower Manhattan;57.0;3.1;Tea;Brewed Chai tea;Spicy Eye Opener Chai Lg;6.2;2023-01-01 07:08:56;7;Sunday;1;2023
3.0;2.0;5.0;Lower Manhattan;59.0;4.5;Drinking Chocolate;Hot chocolate;Dark chocolate Lg;9.0;2023-01-01 07:14:04;7;Sunday;1;2023
4.0;1.0;5.0;Lower Manhattan;22.0;2.0;Coffee;Drip coffee;Our Old Time Diner Blend Sm;2.0;2023-01-01 07:20:24;7;Sunday;1;2023
5.0;2.0;5.0;Lower Manhattan;57.0;3.1;Tea;Brewed Chai tea;Spicy Eye Opener Chai Lg;6.2;2023-01-01 07:22:41;7;Sunday;1;2023
6.0;1.0;5.0;Lower Manhattan;77.0;3.0;Bakery;Scone;Oatmeal Scone;3.0;2023-01-01 07:22:41;7;Sunday;1;2023
7.0;1.0;5.0;Lower Manhattan;22.0;2.0;Coffee;Drip coffee;Our Old Time Diner Blend Sm;2.0;2023-01-01 07:25:49;7;Sunday;1;2023
8.0;2.0;5.0;Lower Manhattan;28.0;2.0;Coffee;Gourmet brewed coffee;Columbian Medium Roast Sm;4.0;2023-01-01 07:33:34;7;Sunday;1;2023
9.0;1.0;5.0;Lower Manhattan;39.0;4.25;Coffee;Barista Espresso;Latte Rg;4.25;2023-01-01 07:39:13;7;Sunday;1;2023
10.0;2.0;5.0;Lower Manhattan;58.0;3.5;Drinking Chocolate;Hot chocolate;Dark chocolate Rg;7.0;2023-01-01 07:39:34;7;Sunday;1;2023
11.0;1.0;5.0;Lower Manhattan;56.0;2.55;Tea;Brewed Chai tea;Spicy Eye Opener Chai Rg;2.55;2023-01-01 07:43:05;7;Sunday;1;2023
12.0;2.0;5.0;Lower Manhattan;33.0;3.5;Coffee;Gourmet brewed coffee;Ethiopia Lg;7.0;2023-01-01 07:44:35;7;Sunday;1;2023
13.0;1.0;5.0;Lower Manhattan;51.0;3.0;Tea;Brewed Black tea;Earl Grey Lg;3.0;2023-01-01 07:45:51;7;Sunday;1;2023
14.0;1.0;5.0;Lower Manhattan;57.0;3.1;Tea;Brewed Chai tea;Spicy Eye Opener Chai Lg;3.1;2023-01-01 07:48:19;7;Sunday;1;2023
15.0;2.0;5.0;Lower Manhattan;87.0;3.0;Coffee;Barista Espresso;Ouro Brasileiro shot;6.0;2023-01-01 07:52:36;7;Sunday;1;2023
16.0;2.0;5.0;Lower Manhattan;47.0;3.0;Tea;Brewed Green tea;Serenity Green Tea Lg;6.0;2023-01-01 07:59:58;7;Sunday;1;2023
17.0;1.0;5.0;Lower Manhattan;79.0;3.75;Bakery;Scone;Jumbo Savory Scone;3.75;2023-01-01 07:59:58;7;Sunday;1;2023
18.0;1.0;8.0;Hell's Kitchen;42.0;2.5;Tea;Brewed herbal tea;Lemon Grass Rg;2.5;2023-01-01 08:00:18;8;Sunday;1;2023
19.0;2.0;8.0;Hell's Kitchen;59.0;4.5;Drinking Chocolate;Hot chocolate;Dark chocolate Lg;9.0;2023-01-01 08:00:39;8;Sunday;1;2023
20.0;1.0;8.0;Hell's Kitchen;61.0;4.75;Drinking Chocolate;Hot chocolate;Sustainably Grown Organic Lg;4.75;2023-01-01 08:11:45;8;Sunday;1;2023
21.0;2.0;8.0;Hell's Kitchen;33.0;3.5;Coffee;Gourmet brewed coffee;Ethiopia Lg;7.0;2023-01-01 08:17:27;8;Sunday;1;2023
22.0;2.0;5.0;Lower Manhattan;56.0;2.55;Tea;Brewed Chai tea;Spicy Eye Opener Chai Rg;5.1;2023-01-01 08:24:26;8;Sunday;1;2023
24.0;1.0;8.0;Hell's Kitchen;56.0;2.55;Tea;Brewed Chai tea;Spicy Eye Opener Chai Rg;2.55;2023-01-01 08:29:38;8;Sunday;1;2023
25.0;1.0;8.0;Hell's Kitchen;40.0;3.75;Coffee;Barista Espresso;Cappuccino;3.75;2023-01-01 08:31:23;8;Sunday;1;2023
26.0;1.0;5.0;Lower Manhattan;43.0;3.0;Tea;Brewed herbal tea;Lemon Grass Lg;3.0;2023-01-01 08:33:08;8;Sunday;1;2023
27.0;1.0;5.0;Lower Manhattan;76.0;3.5;Bakery;Biscotti;Chocolate Chip Biscotti;3.5;2023-01-01 08:33:08;8;Sunday;1;2023
28.0;2.0;5.0;Lower Manhattan;45.0;3.0;Tea;Brewed herbal tea;Peppermint Lg;6.0;2023-01-01 08:35:03;8;Sunday;1;2023
29.0;1.0;5.0;Lower Manhattan;71.0;3.75;Bakery;Pastry;Chocolate Croissant;3.75;2023-01-01 08:35:03;8;Sunday;1;2023
30.0;2.0;8.0;Hell's Kitchen;40.0;3.75;Coffee;Barista Espresso;Cappuccino;7.5;2023-01-01 08:41:57;8;Sunday;1;2023
31.0;1.0;8.0;Hell's Kitchen;38.0;3.75;Coffee;Barista Espresso;Latte;3.75;2023-01-01 08:52:03;8;Sunday;1;2023
32.0;1.0;5.0;Lower Manhattan;26.0;3.0;Coffee;Organic brewed coffee;Brazilian Rg;3.0;2023-01-01 08:52:32;8;Sunday;1;2023
34.0;2.0;5.0;Lower Manhattan;29.0;2.5;Coffee;Gourmet brewed coffee;Columbian Medium Roast Rg;5.0;2023-01-01 08:56:27;8;Sunday;1;2023
35.0;1.0;8.0;Hell's Kitchen;54.0;2.5;Tea;Brewed Chai tea;Morning Sunrise Chai Rg;2.5;2023-01-01 08:57:46;8;Sunday;1;2023
36.0;1.0;5.0;Lower Manhattan;26.0;3.0;Coffee;Organic brewed coffee;Brazilian Rg;3.0;2023-01-01 08:58:55;8;Sunday;1;2023
37.0;1.0;5.0;Lower Manhattan;55.0;4.0;Tea;Brewed Chai tea;Morning Sunrise Chai Lg;4.0;2023-01-01 09:00:12;9;Sunday;1;2023
38.0;2.0;8.0;Hell's Kitchen;40.0;3.75;Coffee;Barista Espresso;Cappuccino;7.5;2023-01-01 09:00:24;9;Sunday;1;2023
39.0;1.0;8.0;Hell's Kitchen;45.0;3.0;Tea;Brewed herbal tea;Peppermint Lg;3.0;2023-01-01 09:07:13;9;Sunday;1;2023
40.0;2.0;8.0;Hell's Kitchen;45.0;3.0;Tea;Brewed herbal tea;Peppermint Lg;6.0;2023-01-01 09:08:09;9;Sunday;1;2023
41.0;1.0;8.0;Hell's Kitchen;24.0;3.0;Coffee;Drip coffee;Our Old Time Diner Blend Lg;3.0;2023-01-01 09:08:13;9;Sunday;1;2023
;2.0;5.0;Lower Manhattan;;3.75;Drinking Chocolate;Hot chocolate;Sustainably Grown Organic Rg;7.5;2023-01-01 09:10:30;9;Sunday;1;2023
43.0;1.0;5.0;Lower Manhattan;78.0;4.5;Bakery;Scone;Scottish Cream Scone ;4.5;2023-01-01 09:10:30;9;Sunday;1;2023
44.0;1.0;5.0;Lower Manhattan;56.0;2.55;Tea;Brewed Chai tea;Spicy Eye Opener Chai Rg;2.55;2023-01-01 09:11:06;9;Sunday;1;2023
45.0;1.0;5.0;Lower Manhattan;77.0;3.0;Bakery;Scone;Oatmeal Scone;3.0;2023-01-01 09:11:06;9;Sunday;1;2023
46.0;1.0;5.0;Lower Manhattan;44.0;2.5;Tea;Brewed herbal tea;Peppermint Rg;2.5;2023-01-01 09:13:01;9;Sunday;1;2023
47.0;2.0;5.0;Lower Manhattan;56.0;2.55;Tea;Brewed Chai tea;Spicy Eye Opener Chai Rg;5.1;2023-01-01 09:13:15;9;Sunday;1;2023
48.0;1.0;5.0;Lower Manhattan;48.0;2.5;Tea;Brewed Black tea;English Breakfast Rg;2.5;2023-01-01 09:14:16;9;Sunday;1;2023
49.0;1.0;8.0;Hell's Kitchen;23.0;2.5;Coffee;Drip coffee;Our Old Time Diner Blend Rg;2.5;2023-01-01 09:14:17;9;Sunday;1;2023
50.0;1.0;8.0;Hell's Kitchen;46.0;2.5;Tea;Brewed Green tea;Serenity Green Tea Rg;2.5;2023-01-01 09:14:25;9;Sunday;1;2023
51.0;1.0;8.0;Hell's Kitchen;32.0;3.0;Coffee;Gourmet brewed coffee;Ethiopia Rg;3.0;2023-01-01 09:14:41;9;Sunday;1;2023
52.0;2.0;5.0;Lower Manhattan;47.0;3.0;Tea;Brewed Green tea;Serenity Green Tea Lg;6.0;2023-01-01 09:15:09;9;Sunday;1;2023
53.0;2.0;5.0;Lower Manhattan;43.0;3.0;Tea;Brewed herbal tea;Lemon Grass Lg;6.0;2023-01-01 09:15:13;9;Sunday;1;2023
54.0;2.0;5.0;Lower Manhattan;25.0;2.2;Coffee;Organic brewed coffee;Brazilian Sm;4.4;2023-01-01 09:19:21;9;Sunday;1;2023
55.0;1.0;8.0;Hell's Kitchen;59.0;4.5;Drinking Chocolate;Hot chocolate;Dark chocolate Lg;4.5;2023-01-01 09:19:26;9;Sunday;1;2023
56.0;1.0;5.0;Lower Manhattan;38.0;3.75;Coffee;Barista Espresso;Latte;3.75;2023-01-01 09:21:08;9;Sunday;1;2023
57.0;1.0;8.0;Hell's Kitchen;45.0;3.0;Tea;Brewed herbal tea;Peppermint Lg;3.0;2023-01-01 09:22:17;9;Sunday;1;2023
58.0;1.0;5.0;Lower Manhattan;34.0;2.45;Coffee;Premium brewed coffee;Jamaican Coffee River Sm;2.45;2023-01-01 09:22:46;9;Sunday;1;2023
59.0;2.0;8.0;Hell's Kitchen;36.0;3.75;Coffee;Premium brewed coffee;Jamaican Coffee River Lg;7.5;2023-01-01 09:29:56;9;Sunday;1;2023
60.0;1.0;8.0;Hell's Kitchen;74.0;3.5;Bakery;Biscotti;Ginger Biscotti;3.5;2023-01-01 09:29:56;9;Sunday;1;2023
61.0;1.0;8.0;Hell's Kitchen;53.0;3.0;Tea;Brewed Chai tea;Traditional Blend Chai Lg;3.0;2023-01-01 09:29:57;9;Sunday;1;2023
62.0;2.0;8.0;Hell's Kitchen;41.0;4.25;Coffee;Barista Espresso;Cappuccino Lg;8.5;2023-01-01 09:34:17;9;Sunday;1;2023
63.0;1.0;5.0;Lower Manhattan;41.0;4.25;Coffee;Barista Espresso;Cappuccino Lg;4.25;2023-01-01 09:40:13;9;Sunday;1;2023
64.0;2.0;5.0;Lower Manhattan;45.0;3.0;Tea;Brewed herbal tea;Peppermint Lg;6.0;2023-01-01 09:41:22;9;Sunday;1;2023
66.0;2.0;5.0;Lower Manhattan;54.0;2.5;Tea;Brewed Chai tea;Morning Sunrise Chai Rg;5.0;2023-01-01 09:44:20;9;Sunday;1;2023
67.0;1.0;5.0;Lower Manhattan;24.0;3.0;Coffee;Drip coffee;Our Old Time Diner Blend Lg;3.0;2023-01-01 09:44:46;9;Sunday;1;2023
68.0;2.0;5.0;Lower Manhattan;37.0;3.0;Coffee;Barista Espresso;Espresso shot;6.0;2023-01-01 09:46:46;9;Sunday;1;2023
69.0;2.0;8.0;Hell's Kitchen;40.0;3.75;Coffee;Barista Espresso;Cappuccino;7.5;2023-01-01 09:47:40;9;Sunday;1;2023
70.0;2.0;5.0;Lower Manhattan;37.0;3.0;Coffee;Barista Espresso;Espresso shot;6.0;2023-01-01 09:50:44;9;Sunday;1;2023
71.0;1.0;5.0;Lower Manhattan;69.0;3.25;Bakery;Biscotti;Hazelnut Biscotti;3.25;2023-01-01 09:50:44;9;Sunday;1;2023
72.0;1.0;5.0;Lower Manhattan;50.0;2.5;Tea;Brewed Black tea;Earl Grey Rg;2.5;2023-01-01 09:52:58;9;Sunday;1;2023
73.0;1.0;8.0;Hell's Kitchen;47.0;3.0;Tea;Brewed Green tea;Serenity Green Tea Lg;3.0;2023-01-01 09:53:28;9;Sunday;1;2023
74.0;2.0;8.0;Hell's Kitchen;40.0;3.75;Coffee;Barista Espresso;Cappuccino;7.5;2023-01-01 09:53:44;9;Sunday;1;2023
75.0;1.0;8.0;Hell's Kitchen;72.0;3.25;Bakery;Scone;Ginger Scone;3.25;2023-01-01 09:53:44;9;Sunday;1;2023
76.0;1.0;8.0;Hell's Kitchen;35.0;3.1;Coffee;Premium brewed coffee;Jamaican Coffee River Rg;3.1;2023-01-01 09:53:49;9;Sunday;1;2023
77.0;1.0;5.0;Lower Manhattan;23.0;2.5;Coffee;Drip coffee;Our Old Time Diner Blend Rg;2.5;2023-01-01 09:54:46;9;Sunday;1;2023
78.0;2.0;5.0;Lower Manhattan;43.0;3.0;Tea;Brewed herbal tea;Lemon Grass Lg;6.0;2023-01-01 09:55:16;9;Sunday;1;2023
80.0;2.0;8.0;Hell's Kitchen;32.0;3.0;Coffee;Gourmet brewed coffee;Ethiopia Rg;6.0;2023-01-01 10:00:39;10;Sunday;1;2023
81.0;2.0;8.0;Hell's Kitchen;36.0;3.75;Coffee;Premium brewed coffee;Jamaican Coffee River Lg;7.5;2023-01-01 10:03:55;10;Sunday;1;2023
82.0;1.0;5.0;Lower Manhattan;26.0;3.0;Coffee;Organic brewed coffee;Brazilian Rg;3.0;2023-01-01 10:14:49;10;Sunday;1;2023
83.0;1.0;5.0;Lower Manhattan;71.0;3.75;Bakery;Pastry;Chocolate Croissant;3.75;2023-01-01 10:14:49;10;Sunday;1;2023
84.0;2.0;5.0;Lower Manhattan;32.0;3.0;Coffee;Gourmet brewed coffee;Ethiopia Rg;6.0;2023-01-01 10:16:30;10;Sunday;1;2023
85.0;1.0;8.0;Hell's Kitchen;54.0;2.5;Tea;Brewed Chai tea;Morning Sunrise Chai Rg;2.5;2023-01-01 10:16:33;10;Sunday;1;2023
86.0;2.0;8.0;Hell's Kitchen;41.0;4.25;Coffee;Barista Espresso;Cappuccino Lg;8.5;2023-01-01 10:18:14;10;Sunday;1;2023
87.0;2.0;5.0;Lower Manhattan;25.0;2.2;Coffee;Organic brewed coffee;Brazilian Sm;4.4;2023-01-01 10:18:52;10;Sunday;1;2023
88.0;2.0;5.0;Lower Manhattan;23.0;2.5;Coffee;Drip coffee;Our Old Time Diner Blend Rg;5.0;2023-01-01 10:19:42;10;Sunday;1;2023
89.0;1.0;8.0;Hell's Kitchen;54.0;2.5;Tea;Brewed Chai tea;Morning Sunrise Chai Rg;2.5;2023-01-01 10:24:19;10;Sunday;1;2023
90.0;2.0;8.0;Hell's Kitchen;56.0;2.55;Tea;Brewed Chai tea;Spicy Eye Opener Chai Rg;5.1;2023-01-01 10:25:22;10;Sunday;1;2023
91.0;2.0;5.0;Lower Manhattan;58.0;3.5;Drinking Chocolate;Hot chocolate;Dark chocolate Rg;7.0;2023-01-01 10:25:45;10;Sunday;1;2023
92.0;1.0;5.0;Lower Manhattan;74.0;3.5;Bakery;Biscotti;Ginger Biscotti;3.5;2023-01-01 10:25:45;10;Sunday;1;2023
93.0;2.0;8.0;Hell's Kitchen;47.0;3.0;Tea;Brewed Green tea;Serenity Green Tea Lg;6.0;2023-01-01 10:27:48;10;Sunday;1;2023
94.0;1.0;5.0;Lower Manhattan;35.0;3.1;Coffee;Premium brewed coffee;Jamaican Coffee River Rg;3.1;2023-01-01 10:30:07;10;Sunday;1;2023
95.0;1.0;5.0;Lower Manhattan;70.0;3.25;Bakery;Scone;Cranberry Scone;3.25;2023-01-01 10:30:07;10;Sunday;1;2023
96.0;1.0;8.0;Hell's Kitchen;60.0;3.75;Drinking Chocolate;Hot chocolate;Sustainably Grown Organic Rg;3.75;2023-01-01 10:35:47;10;Sunday;1;2023
97.0;1.0;5.0;Lower Manhattan;59.0;4.5;Drinking Chocolate;Hot chocolate;Dark chocolate Lg;4.5;2023-01-01 10:41:53;10;Sunday;1;2023
98.0;2.0;5.0;Lower Manhattan;36.0;3.75;Coffee;Premium brewed coffee;Jamaican Coffee River Lg;7.5;2023-01-01 10:47:53;10;Sunday;1;2023
99.0;2.0;8.0;Hell's Kitchen;51.0;3.0;Tea;Brewed Black tea;Earl Grey Lg;6.0;2023-01-01 10:49:13;10;Sunday;1;2023
100.0;2.0;5.0;Lower Manhattan;61.0;4.75;Drinking Chocolate;Hot chocolate;Sustainably Grown Organic Lg;9.5;2023-01-01 10:49:51;10;Sunday;1;2023
101.0;1.0;5.0;Lower Manhattan;47.0;3.0;Tea;Brewed Green tea;Serenity Green Tea Lg;3.0;2023-01-01 10:51:17;10;Sunday;1;2023
102.0;2.0;8.0;Hell's Kitchen;23.0;2.5;Coffee;Drip coffee;Our Old Time Diner Blend Rg;5.0;2023-01-01 10:52:44;10;Sunday;1;2023
103.0;1.0;8.0;Hell's Kitchen;73.0;3.75;Bakery;Pastry;Almond Croissant;3.75;2023-01-01 10:52:44;10;Sunday;1;2023
104.0;1.0;5.0;Lower Manhattan;38.0;3.75;Coffee;Barista Espresso;Latte;3.75;2023-01-01 10:56:14;10;Sunday;1;2023
;1.0;5.0;Lower Manhattan;;3.5;Bakery;Biscotti;Chocolate Chip Biscotti;3.5;2023-01-01 10:56:14;10;Sunday;1;2023
106.0;1.0;3.0;Astoria;22.0;2.0;Coffee;Drip coffee;Our Old Time Diner Blend Sm;2.0;2023-01-01 11:01:48;11;Sunday;1;2023
107.0;1.0;3.0;Astoria;38.0;3.75;Coffee;Barista Espresso;Latte;3.75;2023-01-01 11:01:58;11;Sunday;1;2023
108.0;1.0;3.0;Astoria;75.0;3.5;Bakery;Pastry;Croissant;3.5;2023-01-01 11:01:58;11;Sunday;1;2023
109.0;2.0;5.0;Lower Manhattan;47.0;3.0;Tea;Brewed Green tea;Serenity Green Tea Lg;6.0;2023-01-01 11:03:25;11;Sunday;1;2023
110.0;1.0;5.0;Lower Manhattan;75.0;3.5;Bakery;Pastry;Croissant;3.5;2023-01-01 11:03:25;11;Sunday;1;2023
111.0;2.0;8.0;Hell's Kitchen;39.0;4.25;Coffee;Barista Espresso;Latte Rg;8.5;2023-01-01 11:04:32;11;Sunday;1;2023
112.0;1.0;3.0;Astoria;59.0;4.5;Drinking Chocolate;Hot chocolate;Dark chocolate Lg;4.5;2023-01-01 11:08:11;11;Sunday;1;2023
113.0;2.0;8.0;Hell's Kitchen;51.0;3.0;Tea;Brewed Black tea;Earl Grey Lg;6.0;2023-01-01 11:08:59;11;Sunday;1;2023
114.0;1.0;3.0;Astoria;59.0;4.5;Drinking Chocolate;Hot chocolate;Dark chocolate Lg;4.5;2023-01-01 11:09:01;11;Sunday;1;2023
115.0;1.0;3.0;Astoria;47.0;3.0;Tea;Brewed Green tea;Serenity Green Tea Lg;3.0;2023-01-01 11:10:21;11;Sunday;1;2023
116.0;1.0;3.0;Astoria;79.0;3.75;Bakery;Scone;Jumbo Savory Scone;3.75;2023-01-01 11:10:21;11;Sunday;1;2023
117.0;1.0;3.0;Astoria;46.0;2.5;Tea;Brewed Green tea;Serenity Green Tea Rg;2.5;2023-01-01 11:10:58;11;Sunday;1;2023
118.0;1.0;3.0;Astoria;43.0;3.0;Tea;Brewed herbal tea;Lemon Grass Lg;3.0;2023-01-01 11:12:29;11;Sunday;1;2023
119.0;2.0;3.0;Astoria;45.0;3.0;Tea;Brewed herbal tea;Peppermint Lg;6.0;2023-01-01 11:16:02;11;Sunday;1;2023
120.0;2.0;8.0;Hell's Kitchen;54.0;2.5;Tea;Brewed Chai tea;Morning Sunrise Chai Rg;5.0;2023-01-01 11:21:00;11;Sunday;1;2023
121.0;2.0;5.0;Lower Manhattan;51.0;3.0;Tea;Brewed Black tea;Earl Grey Lg;6.0;2023-01-01 11:21:04;11;Sunday;1;2023
122.0;1.0;3.0;Astoria;60.0;3.75;Drinking Chocolate;Hot chocolate;Sustainably Grown Organic Rg;3.75;2023-01-01 11:21:14;11;Sunday;1;2023
123.0;1.0;8.0;Hell's Kitchen;31.0;2.2;Coffee;Gourmet brewed coffee;Ethiopia Sm;2.2;2023-01-01 11:23:01;11;Sunday;1;2023
124.0;2.0;5.0;Lower Manhattan;60.0;3.75;Drinking Chocolate;Hot chocolate;Sustainably Grown Organic Rg;7.5;2023-01-01 11:23:43;11;Sunday;1;2023
125.0;1.0;5.0;Lower Manhattan;77.0;3.0;Bakery;Scone;Oatmeal Scone;3.0;2023-01-01 11:23:43;11;Sunday;1;2023
126.0;2.0;3.0;Astoria;49.0;3.0;Tea;Brewed Black tea;English Breakfast Lg;6.0;2023-01-01 11:25:35;11;Sunday;1;2023
127.0;2.0;5.0;Lower Manhattan;40.0;3.75;Coffee;Barista Espresso;Cappuccino;7.5;2023-01-01 11:25:37;11;Sunday;1;2023
129.0;2.0;3.0;Astoria;33.0;3.5;Coffee;Gourmet brewed coffee;Ethiopia Lg;7.0;2023-01-01 11:28:29;11;Sunday;1;2023
130.0;2.0;5.0;Lower Manhattan;56.0;2.55;Tea;Brewed Chai tea;Spicy Eye Opener Chai Rg;5.1;2023-01-01 11:29:25;11;Sunday;1;2023
131.0;2.0;8.0;Hell's Kitchen;35.0;3.1;Coffee;Premium brewed coffee;Jamaican Coffee River Rg;6.2;2023-01-01 11:29:57;11;Sunday;1;2023
132.0;1.0;8.0;Hell's Kitchen;78.0;4.5;Bakery;Scone;Scottish Cream Scone ;4.5;2023-01-01 11:29:57;11;Sunday;1;2023
133.0;1.0;8.0;Hell's Kitchen;23.0;2.5;Coffee;Drip coffee;Our Old Time Diner Blend Rg;2.5;2023-01-01 11:30:22;11;Sunday;1;2023
134.0;1.0;8.0;Hell's Kitchen;24.0;3.0;Coffee;Drip coffee;Our Old Time Diner Blend Lg;3.0;2023-01-01 11:31:35;11;Sunday;1;2023
135.0;2.0;5.0;Lower Manhattan;51.0;3.0;Tea;Brewed Black tea;Earl Grey Lg;6.0;2023-01-01 11:31:43;11;Sunday;1;2023
136.0;1.0;5.0;Lower Manhattan;72.0;3.25;Bakery;Scone;Ginger Scone;3.25;2023-01-01 11:31:43;11;Sunday;1;2023
137.0;2.0;5.0;Lower Manhattan;54.0;2.5;Tea;Brewed Chai tea;Morning Sunrise Chai Rg;5.0;2023-01-01 11:31:53;11;Sunday;1;2023
138.0;1.0;5.0;Lower Manhattan;75.0;3.5;Bakery;Pastry;Croissant;3.5;2023-01-01 11:31:53;11;Sunday;1;2023
139.0;1.0;5.0;Lower Manhattan;60.0;3.75;Drinking Chocolate;Hot chocolate;Sustainably Grown Organic Rg;3.75;2023-01-01 11:39:14;11;Sunday;1;2023
140.0;1.0;5.0;Lower Manhattan;71.0;3.75;Bakery;Pastry;Chocolate Croissant;3.75;2023-01-01 11:39:14;11;Sunday;1;2023
141.0;2.0;3.0;Astoria;52.0;2.5;Tea;Brewed Chai tea;Traditional Blend Chai Rg;5.0;2023-01-01 11:40:26;11;Sunday;1;2023
142.0;2.0;3.0;Astoria;25.0;2.2;Coffee;Organic brewed coffee;Brazilian Sm;4.4;2023-01-01 11:43:57;11;Sunday;1;2023
143.0;1.0;5.0;Lower Manhattan;38.0;3.75;Coffee;Barista Espresso;Latte;3.75;2023-01-01 11:44:09;11;Sunday;1;2023
144.0;1.0;3.0;Astoria;30.0;3.0;Coffee;Gourmet brewed coffee;Columbian Medium Roast Lg;3.0;2023-01-01 11:47:13;11;Sunday;1;2023
145.0;2.0;8.0;Hell's Kitchen;50.0;2.5;Tea;Brewed Black tea;Earl Grey Rg;5.0;2023-01-01 11:48:56;11;Sunday;1;2023
146.0;1.0;8.0;Hell's Kitchen;54.0;2.5;Tea;Brewed Chai tea;Morning Sunrise Chai Rg;2.5;2023-01-01 11:49:42;11;Sunday;1;2023
147.0;1.0;8.0;Hell's Kitchen;72.0;3.25;Bakery;Scone;Ginger Scone;3.25;2023-01-01 11:49:42;11;Sunday;1;2023
148.0;2.0;3.0;Astoria;26.0;3.0;Coffee;Organic brewed coffee;Brazilian Rg;6.0;2023-01-01 11:50:16;11;Sunday;1;2023
149.0;2.0;3.0;Astoria;36.0;3.75;Coffee;Premium brewed coffee;Jamaican Coffee River Lg;7.5;2023-01-01 11:50:23;11;Sunday;1;2023
150.0;2.0;5.0;Lower Manhattan;45.0;3.0;Tea;Brewed herbal tea;Peppermint Lg;6.0;2023-01-01 11:50:58;11;Sunday;1;2023
151.0;2.0;8.0;Hell's Kitchen;33.0;3.5;Coffee;Gourmet brewed coffee;Ethiopia Lg;7.0;2023-01-01 11:51:30;11;Sunday;1;2023
152.0;1.0;5.0;Lower Manhattan;57.0;3.1;Tea;Brewed Chai tea;Spicy Eye Opener Chai Lg;3.1;2023-01-01 11:52:31;11;Sunday;1;2023
153.0;2.0;3.0;Astoria;37.0;3.0;Coffee;Barista Espresso;Espresso shot;6.0;2023-01-01 11:57:17;11;Sunday;1;2023
154.0;1.0;3.0;Astoria;50.0;2.5;Tea;Brewed Black tea;Earl Grey Rg;2.5;2023-01-01 11:57:59;11;Sunday;1;2023
155.0;1.0;3.0;Astoria;79.0;3.75;Bakery;Scone;Jumbo Savory Scone;3.75;2023-01-01 11:57:59;11;Sunday;1;2023
156.0;2.0;3.0;Astoria;60.0;3.75;Drinking Chocolate;Hot chocolate;Sustainably Grown Organic Rg;7.5;2023-01-01 11:58:15;11;Sunday;1;2023
157.0;1.0;5.0;Lower Manhattan;29.0;2.5;Coffee;Gourmet brewed coffee;Columbian Medium Roast Rg;2.5;2023-01-01 12:00:20;12;Sunday;1;2023
158.0;2.0;3.0;Astoria;49.0;3.0;Tea;Brewed Black tea;English Breakfast Lg;6.0;2023-01-01 12:01:00;12;Sunday;1;2023
159.0;2.0;3.0;Astoria;35.0;3.1;Coffee;Premium brewed coffee;Jamaican Coffee River Rg;6.2;2023-01-01 12:01:20;12;Sunday;1;2023
160.0;1.0;3.0;Astoria;75.0;3.5;Bakery;Pastry;Croissant;3.5;2023-01-01 12:01:20;12;Sunday;1;2023
161.0;1.0;8.0;Hell's Kitchen;36.0;3.75;Coffee;Premium brewed coffee;Jamaican Coffee River Lg;3.75;2023-01-01 12:03:09;12;Sunday;1;2023
162.0;1.0;8.0;Hell's Kitchen;47.0;3.0;Tea;Brewed Green tea;Serenity Green Tea Lg;3.0;2023-01-01 12:03:38;12;Sunday;1;2023
163.0;1.0;3.0;Astoria;44.0;2.5;Tea;Brewed herbal tea;Peppermint Rg;2.5;2023-01-01 12:03:43;12;Sunday;1;2023
164.0;2.0;8.0;Hell's Kitchen;27.0;3.5;Coffee;Organic brewed coffee;Brazilian Lg;7.0;2023-01-01 12:04:22;12;Sunday;1;2023
165.0;2.0;3.0;Astoria;52.0;2.5;Tea;Brewed Chai tea;Traditional Blend Chai Rg;5.0;2023-01-01 12:05:31;12;Sunday;1;2023
166.0;1.0;5.0;Lower Manhattan;46.0;2.5;Tea;Brewed Green tea;Serenity Green Tea Rg;2.5;2023-01-01 12:06:29;12;Sunday;1;2023
167.0;1.0;8.0;Hell's Kitchen;24.0;3.0;Coffee;Drip coffee;Our Old Time Diner Blend Lg;3.0;2023-01-01 12:07:42;12;Sunday;1;2023
168.0;1.0;5.0;Lower Manhattan;43.0;3.0;Tea;Brewed herbal tea;Lemon Grass Lg;3.0;2023-01-01 12:08:21;12;Sunday;1;2023
170.0;2.0;3.0;Astoria;28.0;2.0;Coffee;Gourmet brewed coffee;Columbian Medium Roast Sm;4.0;2023-01-01 12:09:11;12;Sunday;1;2023
171.0;2.0;8.0;Hell's Kitchen;50.0;2.5;Tea;Brewed Black tea;Earl Grey Rg;5.0;2023-01-01 12:09:12;12;Sunday;1;2023
172.0;2.0;5.0;Lower Manhattan;38.0;3.75;Coffee;Barista Espresso;Latte;7.5;2023-01-01 12:13:07;12;Sunday;1;2023
173.0;2.0;8.0;Hell's Kitchen;35.0;3.1;Coffee;Premium brewed coffee;Jamaican Coffee River Rg;6.2;2023-01-01 12:14:26;12;Sunday;1;2023
174.0;2.0;8.0;Hell's Kitchen;50.0;2.5;Tea;Brewed Black tea;Earl Grey Rg;5.0;2023-01-01 12:17:38;12;Sunday;1;2023
175.0;2.0;5.0;Lower Manhattan;25.0;2.2;Coffee;Organic brewed coffee;Brazilian Sm;4.4;2023-01-01 12:18:07;12;Sunday;1;2023
176.0;2.0;3.0;Astoria;49.0;3.0;Tea;Brewed Black tea;English Breakfast Lg;6.0;2023-01-01 12:18:44;12;Sunday;1;2023
177.0;2.0;3.0;Astoria;60.0;3.75;Drinking Chocolate;Hot chocolate;Sustainably Grown Organic Rg;7.5;2023-01-01 12:20:16;12;Sunday;1;2023
179.0;2.0;5.0;Lower Manhattan;41.0;4.25;Coffee;Barista Espresso;Cappuccino Lg;8.5;2023-01-01 12:27:06;12;Sunday;1;2023
180.0;2.0;3.0;Astoria;44.0;2.5;Tea;Brewed herbal tea;Peppermint Rg;5.0;2023-01-01 12:30:46;12;Sunday;1;2023
181.0;1.0;8.0;Hell's Kitchen;38.0;3.75;Coffee;Barista Espresso;Latte;3.75;2023-01-01 12:30:49;12;Sunday;1;2023
183.0;2.0;3.0;Astoria;29.0;2.5;Coffee;Gourmet brewed coffee;Columbian Medium Roast Rg;5.0;2023-01-01 12:33:35;12;Sunday;1;2023
184.0;2.0;5.0;Lower Manhattan;31.0;2.2;Coffee;Gourmet brewed coffee;Ethiopia Sm;4.4;2023-01-01 12:35:53;12;Sunday;1;2023
185.0;1.0;8.0;Hell's Kitchen;60.0;3.75;Drinking Chocolate;Hot chocolate;Sustainably Grown Organic Rg;3.75;2023-01-01 12:36:57;12;Sunday;1;2023
187.0;1.0;3.0;Astoria;53.0;3.0;Tea;Brewed Chai tea;Traditional Blend Chai Lg;3.0;2023-01-01 12:42:26;12;Sunday;1;2023
188.0;1.0;8.0;Hell's Kitchen;60.0;3.75;Drinking Chocolate;Hot chocolate;Sustainably Grown Organic Rg;3.75;2023-01-01 12:44:01;12;Sunday;1;2023
189.0;1.0;3.0;Astoria;53.0;3.0;Tea;Brewed Chai tea;Traditional Blend Chai Lg;3.0;2023-01-01 12:44:31;12;Sunday;1;2023
190.0;1.0;3.0;Astoria;52.0;2.5;Tea;Brewed Chai tea;Traditional Blend Chai Rg;2.5;2023-01-01 12:44:32;12;Sunday;1;2023
191.0;2.0;3.0;Astoria;28.0;2.0;Coffee;Gourmet brewed coffee;Columbian Medium Roast Sm;4.0;2023-01-01 12:45:52;12;Sunday;1;2023
192.0;1.0;3.0;Astoria;56.0;2.55;Tea;Brewed Chai tea;Spicy Eye Opener Chai Rg;2.55;2023-01-01 12:46:22;12;Sunday;1;2023
193.0;1.0;3.0;Astoria;23.0;2.5;Coffee;Drip coffee;Our Old Time Diner Blend Rg;2.5;2023-01-01 12:46:26;12;Sunday;1;2023
194.0;1.0;3.0;Astoria;33.0;3.5;Coffee;Gourmet brewed coffee;Ethiopia Lg;3.5;2023-01-01 12:46:55;12;Sunday;1;2023
195.0;1.0;3.0;Astoria;75.0;3.5;Bakery;Pastry;Croissant;3.5;2023-01-01 12:46:55;12;Sunday;1;2023
196.0;2.0;3.0;Astoria;38.0;3.75;Coffee;Barista Espresso;Latte;7.5;2023-01-01 12:48:08;12;Sunday;1;2023
197.0;1.0;8.0;Hell's Kitchen;30.0;3.0;Coffee;Gourmet brewed coffee;Columbian Medium Roast Lg;3.0;2023-01-01 12:49:48;12;Sunday;1;2023
198.0;1.0;3.0;Astoria;59.0;4.5;Drinking Chocolate;Hot chocolate;Dark chocolate Lg;4.5;2023-01-01 12:50:15;12;Sunday;1;2023
199.0;2.0;3.0;Astoria;32.0;3.0;Coffee;Gourmet brewed coffee;Ethiopia Rg;6.0;2023-01-01 12:50:28;12;Sunday;1;2023
200.0;1.0;8.0;Hell's Kitchen;53.0;3.0;Tea;Brewed Chai tea;Traditional Blend Chai Lg;3.0;2023-01-01 12:51:21;12;Sunday;1;2023
201.0;1.0;5.0;Lower Manhattan;61.0;4.75;Drinking Chocolate;Hot chocolate;Sustainably Grown Organic Lg;4.75;2023-01-01 12:51:57;12;Sunday;1;2023
202.0;1.0;5.0;Lower Manhattan;72.0;3.25;Bakery;Scone;Ginger Scone;3.25;2023-01-01 12:51:57;12;Sunday;1;2023
203.0;1.0;5.0;Lower Manhattan;56.0;2.55;Tea;Brewed Chai tea;Spicy Eye Opener Chai Rg;2.55;2023-01-01 12:52:18;12;Sunday;1;2023
204.0;1.0;5.0;Lower Manhattan;75.0;3.5;Bakery;Pastry;Croissant;3.5;2023-01-01 12:52:18;12;Sunday;1;2023
205.0;2.0;8.0;Hell's Kitchen;29.0;2.5;Coffee;Gourmet brewed coffee;Columbian Medium Roast Rg;5.0;2023-01-01 12:53:11;12;Sunday;1;2023
206.0;1.0;8.0;Hell's Kitchen;37.0;3.0;Coffee;Barista Espresso;Espresso shot;3.0;2023-01-01 12:53:59;12;Sunday;1;2023
207.0;1.0;3.0;Astoria;49.0;3.0;Tea;Brewed Black tea;English Breakfast Lg;3.0;2023-01-01 12:55:25;12;Sunday;1;2023
208.0;1.0;5.0;Lower Manhattan;57.0;3.1;Tea;Brewed Chai tea;Spicy Eye Opener Chai Lg;3.1;2023-01-01 12:55:27;12;Sunday;1;2023
209.0;1.0;5.0;Lower Manhattan;75.0;3.5;Bakery;Pastry;Croissant;3.5;2023-01-01 12:55:27;12;Sunday;1;2023
210.0;1.0;8.0;Hell's Kitchen;45.0;3.0;Tea;Brewed herbal tea;Peppermint Lg;3.0;2023-01-01 12:55:36;12;Sunday;1;2023
211.0;2.0;8.0;Hell's Kitchen;26.0;3.0;Coffee;Organic brewed coffee;Brazilian Rg;6.0;2023-01-01 12:55:53;12;Sunday;1;2023
212.0;1.0;3.0;Astoria;61.0;4.75;Drinking Chocolate;Hot chocolate;Sustainably Grown Organic Lg;4.75;2023-01-01 12:56:33;12;Sunday;1;2023
213.0;1.0;3.0;Astoria;47.0;3.0;Tea;Brewed Green tea;Serenity Green Tea Lg;3.0;2023-01-01 12:56:59;12;Sunday;1;2023
214.0;2.0;3.0;Astoria;44.0;2.5;Tea;Brewed herbal tea;Peppermint Rg;5.0;2023-01-01 12:58:54;12;Sunday;1;2023
215.0;1.0;8.0;Hell's Kitchen;36.0;3.75;Coffee;Premium brewed coffee;Jamaican Coffee River Lg;3.75;2023-01-01 12:59:06;12;Sunday;1;2023
216.0;2.0;5.0;Lower Manhattan;30.0;3.0;Coffee;Gourmet brewed coffee;Columbian Medium Roast Lg;6.0;2023-01-01 13:00:38;13;Sunday;1;2023
217.0;2.0;5.0;Lower Manhattan;25.0;2.2;Coffee;Organic brewed coffee;Brazilian Sm;4.4;2023-01-01 13:01:33;13;Sunday;1;2023
218.0;1.0;8.0;Hell's Kitchen;49.0;3.0;Tea;Brewed Black tea;English Breakfast Lg;3.0;2023-01-01 13:02:40;13;Sunday;1;2023
219.0;1.0;8.0;Hell's Kitchen;78.0;4.5;Bakery;Scone;Scottish Cream Scone ;4.5;2023-01-01 13:02:40;13;Sunday;1;2023
220.0;1.0;8.0;Hell's Kitchen;26.0;3.0;Coffee;Organic brewed coffee;Brazilian Rg;3.0;2023-01-01 13:02:52;13;Sunday;1;2023
221.0;2.0;3.0;Astoria;43.0;3.0;Tea;Brewed herbal tea;Lemon Grass Lg;6.0;2023-01-01 13:03:13;13;Sunday;1;2023
222.0;2.0;8.0;Hell's Kitchen;25.0;2.2;Coffee;Organic brewed coffee;Brazilian Sm;4.4;2023-01-01 13:04:01;13;Sunday;1;2023
223.0;1.0;8.0;Hell's Kitchen;72.0;3.25;Bakery;Scone;Ginger Scone;3.25;2023-01-01 13:04:01;13;Sunday;1;2023
225.0;2.0;8.0;Hell's Kitchen;54.0;2.5;Tea;Brewed Chai tea;Morning Sunrise Chai Rg;5.0;2023-01-01 13:04:37;13;Sunday;1;2023
226.0;1.0;3.0;Astoria;22.0;2.0;Coffee;Drip coffee;Our Old Time Diner Blend Sm;2.0;2023-01-01 13:04:51;13;Sunday;1;2023
227.0;1.0;3.0;Astoria;58.0;3.5;Drinking Chocolate;Hot chocolate;Dark chocolate Rg;3.5;2023-01-01 13:05:56;13;Sunday;1;2023
229.0;1.0;3.0;Astoria;35.0;3.1;Coffee;Premium brewed coffee;Jamaican Coffee River Rg;3.1;2023-01-01 13:09:03;13;Sunday;1;2023
230.0;2.0;5.0;Lower Manhattan;30.0;3.0;Coffee;Gourmet brewed coffee;Columbian Medium Roast Lg;6.0;2023-01-01 13:12:03;13;Sunday;1;2023
231.0;1.0;5.0;Lower Manhattan;60.0;3.75;Drinking Chocolate;Hot chocolate;Sustainably Grown Organic Rg;3.75;2023-01-01 13:13:09;13;Sunday;1;2023
232.0;1.0;8.0;Hell's Kitchen;56.0;2.55;Tea;Brewed Chai tea;Spicy Eye Opener Chai Rg;2.55;2023-01-01 13:17:30;13;Sunday;1;2023
234.0;2.0;8.0;Hell's Kitchen;49.0;3.0;Tea;Brewed Black tea;English Breakfast Lg;6.0;2023-01-01 13:18:34;13;Sunday;1;2023
235.0;1.0;8.0;Hell's Kitchen;55.0;4.0;Tea;Brewed Chai tea;Morning Sunrise Chai Lg;4.0;2023-01-01 13:19:09;13;Sunday;1;2023
236.0;1.0;8.0;Hell's Kitchen;75.0;3.5;Bakery;Pastry;Croissant;3.5;2023-01-01 13:19:09;13;Sunday;1;2023
237.0;1.0;3.0;Astoria;23.0;2.5;Coffee;Drip coffee;Our Old Time Diner Blend Rg;2.5;2023-01-01 13:19:36;13;Sunday;1;2023
238.0;2.0;8.0;Hell's Kitchen;31.0;2.2;Coffee;Gourmet brewed coffee;Ethiopia Sm;4.4;2023-01-01 13:19:56;13;Sunday;1;2023
239.0;2.0;3.0;Astoria;35.0;3.1;Coffee;Premium brewed coffee;Jamaican Coffee River Rg;6.2;2023-01-01 13:20:51;13;Sunday;1;2023
240.0;2.0;3.0;Astoria;38.0;3.75;Coffee;Barista Espresso;Latte;7.5;2023-01-01 13:21:23;13;Sunday;1;2023
241.0;1.0;5.0;Lower Manhattan;23.0;2.5;Coffee;Drip coffee;Our Old Time Diner Blend Rg;2.5;2023-01-01 13:22:11;13;Sunday;1;2023
242.0;2.0;3.0;Astoria;46.0;2.5;Tea;Brewed Green tea;Serenity Green Tea Rg;5.0;2023-01-01 13:22:45;13;Sunday;1;2023
243.0;2.0;3.0;Astoria;58.0;3.5;Drinking Chocolate;Hot chocolate;Dark chocolate Rg;7.0;2023-01-01 13:23:54;13;Sunday;1;2023
244.0;2.0;5.0;Lower Manhattan;60.0;3.75;Drinking Chocolate;Hot chocolate;Sustainably Grown Organic Rg;7.5;2023-01-01 13:24:29;13;Sunday;1;2023
245.0;2.0;5.0;Lower Manhattan;31.0;2.2;Coffee;Gourmet brewed coffee;Ethiopia Sm;4.4;2023-01-01 13:30:49;13;Sunday;1;2023
246.0;2.0;5.0;Lower Manhattan;25.0;2.2;Coffee;Organic brewed coffee;Brazilian Sm;4.4;2023-01-01 13:32:07;13;Sunday;1;2023
247.0;1.0;5.0;Lower Manhattan;87.0;3.0;Coffee;Barista Espresso;Ouro Brasileiro shot;3.0;2023-01-01 13:32:34;13;Sunday;1;2023
249.0;1.0;8.0;Hell's Kitchen;27.0;3.5;Coffee;Organic brewed coffee;Brazilian Lg;3.5;2023-01-01 13:38:09;13;Sunday;1;2023
250.0;2.0;8.0;Hell's Kitchen;40.0;3.75;Coffee;Barista Espresso;Cappuccino;7.5;2023-01-01 13:38:11;13;Sunday;1;2023
251.0;1.0;5.0;Lower Manhattan;51.0;3.0;Tea;Brewed Black tea;Earl Grey Lg;3.0;2023-01-01 13:39:41;13;Sunday;1;2023
252.0;2.0;3.0;Astoria;54.0;2.5;Tea;Brewed Chai tea;Morning Sunrise Chai Rg;5.0;2023-01-01 13:40:47;13;Sunday;1;2023
253.0;2.0;3.0;Astoria;42.0;2.5;Tea;Brewed herbal tea;Lemon Grass Rg;5.0;2023-01-01 13:41:09;13;Sunday;1;2023
254.0;1.0;3.0;Astoria;43.0;3.0;Tea;Brewed herbal tea;Lemon Grass Lg;3.0;2023-01-01 13:42:10;13;Sunday;1;2023
255.0;1.0;5.0;Lower Manhattan;36.0;3.75;Coffee;Premium brewed coffee;Jamaican Coffee River Lg;3.75;2023-01-01 13:42:49;13;Sunday;1;2023
257.0;1.0;5.0;Lower Manhattan;72.0;3.25;Bakery;Scone;Ginger Scone;3.25;2023-01-01 13:42:58;13;Sunday;1;2023
258.0;2.0;3.0;Astoria;54.0;2.5;Tea;Brewed Chai tea;Morning Sunrise Chai Rg;5.0;2023-01-01 13:43:18;13;Sunday;1;2023
259.0;1.0;3.0;Astoria;69.0;3.25;Bakery;Biscotti;Hazelnut Biscotti;3.25;2023-01-01 13:43:18;13;Sunday;1;2023
260.0;2.0;5.0;Lower Manhattan;25.0;2.2;Coffee;Organic brewed coffee;Brazilian Sm;4.4;2023-01-01 13:43:41;13;Sunday;1;2023
261.0;1.0;3.0;Astoria;57.0;3.1;Tea;Brewed Chai tea;Spicy Eye Opener Chai Lg;3.1;2023-01-01 13:44:26;13;Sunday;1;2023
262.0;1.0;8.0;Hell's Kitchen;40.0;3.75;Coffee;Barista Espresso;Cappuccino;3.75;2023-01-01 13:47:51;13;Sunday;1;2023
263.0;2.0;8.0;Hell's Kitchen;22.0;2.0;Coffee;Drip coffee;Our Old Time Diner Blend Sm;4.0;2023-01-01 13:49:03;13;Sunday;1;2023
264.0;1.0;5.0;Lower Manhattan;53.0;3.0;Tea;Brewed Chai tea;Traditional Blend Chai Lg;3.0;2023-01-01 13:50:09;13;Sunday;1;2023
265.0;2.0;8.0;Hell's Kitchen;54.0;2.5;Tea;Brewed Chai tea;Morning Sunrise Chai Rg;5.0;2023-01-01 13:50:47;13;Sunday;1;2023
266.0;2.0;;Hell's Kitchen;;3.0;Coffee;Gourmet brewed coffee;Ethiopia Rg;6.0;2023-01-01 13:51:56;13;Sunday;1;2023
267.0;2.0;3.0;Astoria;38.0;3.75;Coffee;Barista Espresso;Latte;7.5;2023-01-01 13:53:04;13;Sunday;1;2023
268.0;1.0;8.0;Hell's Kitchen;33.0;3.5;Coffee;Gourmet brewed coffee;Ethiopia Lg;3.5;2023-01-01 13:53:31;13;Sunday;1;2023
269.0;2.0;8.0;Hell's Kitchen;22.0;2.0;Coffee;Drip coffee;Our Old Time Diner Blend Sm;4.0;2023-01-01 13:54:18;13;Sunday;1;2023
270.0;1.0;5.0;Lower Manhattan;42.0;2.5;Tea;Brewed herbal tea;Lemon Grass Rg;2.5;2023-01-01 13:55:04;13;Sunday;1;2023
271.0;2.0;8.0;Hell's Kitchen;45.0;3.0;Tea;Brewed herbal tea;Peppermint Lg;6.0;2023-01-01 13:55:50;13;Sunday;1;2023
272.0;2.0;8.0;Hell's Kitchen;48.0;2.5;Tea;Brewed Black tea;English Breakfast Rg;5.0;2023-01-01 13:56:15;13;Sunday;1;2023
273.0;1.0;8.0;Hell's Kitchen;53.0;3.0;Tea;Brewed Chai tea;Traditional Blend Chai Lg;3.0;2023-01-01 13:56:24;13;Sunday;1;2023
274.0;2.0;5.0;Lower Manhattan;27.0;3.5;Coffee;Organic brewed coffee;Brazilian Lg;7.0;2023-01-01 13:57:34;13;Sunday;1;2023
275.0;1.0;5.0;Lower Manhattan;71.0;3.75;Bakery;Pastry;Chocolate Croissant;3.75;2023-01-01 13:57:34;13;Sunday;1;2023
276.0;2.0;3.0;Astoria;46.0;2.5;Tea;Brewed Green tea;Serenity Green Tea Rg;5.0;2023-01-01 13:58:10;13;Sunday;1;2023
277.0;1.0;5.0;Lower Manhattan;34.0;2.45;Coffee;Premium brewed coffee;Jamaican Coffee River Sm;2.45;2023-01-01 13:58:11;13;Sunday;1;2023
278.0;2.0;5.0;Lower Manhattan;39.0;4.25;Coffee;Barista Espresso;Latte Rg;8.5;2023-01-01 13:59:58;13;Sunday;1;2023
279.0;2.0;5.0;Lower Manhattan;25.0;2.2;Coffee;Organic brewed coffee;Brazilian Sm;4.4;2023-01-01 14:03:34;14;Sunday;1;2023
280.0;1.0;5.0;Lower Manhattan;69.0;3.25;Bakery;Biscotti;Hazelnut Biscotti;3.25;2023-01-01 14:03:34;14;Sunday;1;2023
281.0;1.0;3.0;Astoria;32.0;3.0;Coffee;Gourmet brewed coffee;Ethiopia Rg;3.0;2023-01-01 14:03:41;14;Sunday;1;2023
282.0;2.0;3.0;Astoria;41.0;4.25;Coffee;Barista Espresso;Cappuccino Lg;8.5;2023-01-01 14:07:12;14;Sunday;1;2023
283.0;1.0;3.0;Astoria;23.0;2.5;Coffee;Drip coffee;Our Old Time Diner Blend Rg;2.5;2023-01-01 14:07:56;14;Sunday;1;2023
284.0;1.0;8.0;Hell's Kitchen;24.0;3.0;Coffee;Drip coffee;Our Old Time Diner Blend Lg;3.0;2023-01-01 14:08:03;14;Sunday;1;2023
285.0;1.0;8.0;Hell's Kitchen;71.0;3.75;Bakery;Pastry;Chocolate Croissant;3.75;2023-01-01 14:08:03;14;Sunday;1;2023
286.0;2.0;8.0;Hell's Kitchen;60.0;3.75;Drinking Chocolate;Hot chocolate;Sustainably Grown Organic Rg;7.5;2023-01-01 14:11:14;14;Sunday;1;2023
287.0;2.0;5.0;Lower Manhattan;57.0;3.1;Tea;Brewed Chai tea;Spicy Eye Opener Chai Lg;6.2;2023-01-01 14:13:28;14;Sunday;1;2023
288.0;2.0;5.0;Lower Manhattan;23.0;2.5;Coffee;Drip coffee;Our Old Time Diner Blend Rg;5.0;2023-01-01 14:19:57;14;Sunday;1;2023
289.0;2.0;3.0;Astoria;35.0;3.1;Coffee;Premium brewed coffee;Jamaican Coffee River Rg;6.2;2023-01-01 14:20:06;14;Sunday;1;2023
290.0;2.0;3.0;Astoria;42.0;2.5;Tea;Brewed herbal tea;Lemon Grass Rg;5.0;2023-01-01 14:20:08;14;Sunday;1;2023
291.0;2.0;8.0;Hell's Kitchen;49.0;3.0;Tea;Brewed Black tea;English Breakfast Lg;6.0;2023-01-01 14:22:01;14;Sunday;1;2023
292.0;2.0;5.0;Lower Manhattan;39.0;4.25;Coffee;Barista Espresso;Latte Rg;8.5;2023-01-01 14:22:38;14;Sunday;1;2023
293.0;1.0;8.0;Hell's Kitchen;55.0;4.0;Tea;Brewed Chai tea;Morning Sunrise Chai Lg;4.0;2023-01-01 14:23:28;14;Sunday;1;2023
294.0;1.0;8.0;Hell's Kitchen;71.0;3.75;Bakery;Pastry;Chocolate Croissant;3.75;2023-01-01 14:23:28;14;Sunday;1;2023
295.0;2.0;3.0;Astoria;41.0;4.25;Coffee;Barista Espresso;Cappuccino Lg;8.5;2023-01-01 14:24:55;14;Sunday;1;2023
296.0;1.0;3.0;Astoria;79.0;3.75;Bakery;Scone;Jumbo Savory Scone;3.75;2023-01-01 14:24:55;14;Sunday;1;2023
297.0;2.0;3.0;Astoria;58.0;3.5;Drinking Chocolate;Hot chocolate;Dark chocolate Rg;7.0;2023-01-01 14:25:32;14;Sunday;1;2023
298.0;2.0;5.0;Lower Manhattan;24.0;3.0;Coffee;Drip coffee;Our Old Time Diner Blend Lg;6.0;2023-01-01 14:25:39;14;Sunday;1;2023
299.0;1.0;8.0;Hell's Kitchen;61.0;4.75;Drinking Chocolate;Hot chocolate;Sustainably Grown Organic Lg;4.75;2023-01-01 14:26:36;14;Sunday;1;2023
300.0;2.0;5.0;Lower Manhattan;45.0;3.0;Tea;Brewed herbal tea;Peppermint Lg;6.0;2023-01-01 14:29:05;14;Sunday;1;2023
301.0;2.0;5.0;Lower Manhattan;49.0;3.0;Tea;Brewed Black tea;English Breakfast Lg;6.0;2023-01-01 14:29:50;14;Sunday;1;2023
302.0;1.0;5.0;Lower Manhattan;78.0;4.5;Bakery;Scone;Scottish Cream Scone ;4.5;2023-01-01 14:29:50;14;Sunday;1;2023
303.0;1.0;8.0;Hell's Kitchen;48.0;2.5;Tea;Brewed Black tea;English Breakfast Rg;2.5;2023-01-01 14:30:51;14;Sunday;1;2023
304.0;1.0;5.0;Lower Manhattan;57.0;3.1;Tea;Brewed Chai tea;Spicy Eye Opener Chai Lg;3.1;2023-01-01 14:30:58;14;Sunday;1;2023
305.0;1.0;5.0;Lower Manhattan;42.0;2.5;Tea;Brewed herbal tea;Lemon Grass Rg;2.5;2023-01-01 14:31:26;14;Sunday;1;2023
306.0;2.0;8.0;Hell's Kitchen;30.0;3.0;Coffee;Gourmet brewed coffee;Columbian Medium Roast Lg;6.0;2023-01-01 14:32:20;14;Sunday;1;2023
307.0;2.0;5.0;Lower Manhattan;41.0;4.25;Coffee;Barista Espresso;Cappuccino Lg;8.5;2023-01-01 14:32:42;14;Sunday;1;2023
308.0;2.0;8.0;Hell's Kitchen;39.0;4.25;Coffee;Barista Espresso;Latte Rg;8.5;2023-01-01 14:32:54;14;Sunday;1;2023
309.0;1.0;3.0;Astoria;55.0;4.0;Tea;Brewed Chai tea;Morning Sunrise Chai Lg;4.0;2023-01-01 14:35:47;14;Sunday;1;2023
310.0;2.0;3.0;Astoria;30.0;3.0;Coffee;Gourmet brewed coffee;Columbian Medium Roast Lg;6.0;2023-01-01 14:36:23;14;Sunday;1;2023
311.0;1.0;5.0;Lower Manhattan;57.0;3.1;Tea;Brewed Chai tea;Spicy Eye Opener Chai Lg;3.1;2023-01-01 14:36:35;14;Sunday;1;2023
312.0;1.0;5.0;Lower Manhattan;44.0;2.5;Tea;Brewed herbal tea;Peppermint Rg;2.5;2023-01-01 14:37:48;14;Sunday;1;2023
313.0;1.0;5.0;Lower Manhattan;87.0;3.0;Coffee;Barista Espresso;Ouro Brasileiro shot;3.0;2023-01-01 14:39:06;14;Sunday;1;2023
314.0;2.0;8.0;Hell's Kitchen;34.0;2.45;Coffee;Premium brewed coffee;Jamaican Coffee River Sm;4.9;2023-01-01 14:39:48;14;Sunday;1;2023
315.0;2.0;5.0;Lower Manhattan;61.0;4.75;Drinking Chocolate;Hot chocolate;Sustainably Grown Organic Lg;9.5;2023-01-01 14:42:39;14;Sunday;1;2023
316.0;2.0;3.0;Astoria;50.0;2.5;Tea;Brewed Black tea;Earl Grey Rg;5.0;2023-01-01 14:43:13;14;Sunday;1;2023
317.0;1.0;3.0;Astoria;47.0;3.0;Tea;Brewed Green tea;Serenity Green Tea Lg;3.0;2023-01-01 14:45:31;14;Sunday;1;2023
318.0;1.0;8.0;Hell's Kitchen;48.0;2.5;Tea;Brewed Black tea;English Breakfast Rg;2.5;2023-01-01 14:46:09;14;Sunday;1;2023
319.0;1.0;8.0;Hell's Kitchen;24.0;3.0;Coffee;Drip coffee;Our Old Time Diner Blend Lg;3.0;2023-01-01 14:47:29;14;Sunday;1;2023
320.0;1.0;8.0;Hell's Kitchen;75.0;3.5;Bakery;Pastry;Croissant;3.5;2023-01-01 14:47:29;14;Sunday;1;2023
321.0;2.0;8.0;Hell's Kitchen;51.0;3.0;Tea;Brewed Black tea;Earl Grey Lg;6.0;2023-01-01 14:49:49;14;Sunday;1;2023
322.0;2.0;5.0;Lower Manhattan;43.0;3.0;Tea;Brewed herbal tea;Lemon Grass Lg;6.0;2023-01-01 14:51:19;14;Sunday;1;2023
323.0;2.0;3.0;Astoria;34.0;2.45;Coffee;Premium brewed coffee;Jamaican Coffee River Sm;4.9;2023-01-01 14:55:34;14;Sunday;1;2023
324.0;2.0;8.0;Hell's Kitchen;30.0;3.0;Coffee;Gourmet brewed coffee;Columbian Medium Roast Lg;6.0;2023-01-01 14:58:07;14;Sunday;1;2023
325.0;1.0;3.0;Astoria;43.0;3.0;Tea;Brewed herbal tea;Lemon Grass Lg;3.0;2023-01-01 14:58:35;14;Sunday;1;2023
326.0;2.0;3.0;Astoria;39.0;4.25;Coffee;Barista Espresso;Latte Rg;8.5;2023-01-01 15:02:04;15;Sunday;1;2023
327.0;1.0;8.0;Hell's Kitchen;38.0;3.75;Coffee;Barista Espresso;Latte;3.75;2023-01-01 15:02:28;15;Sunday;1;2023
328.0;2.0;5.0;Lower Manhattan;25.0;2.2;Coffee;Organic brewed coffee;Brazilian Sm;4.4;2023-01-01 15:06:27;15;Sunday;1;2023
329.0;2.0;3.0;Astoria;43.0;3.0;Tea;Brewed herbal tea;Lemon Grass Lg;6.0;2023-01-01 15:08:28;15;Sunday;1;2023
330.0;1.0;3.0;Astoria;22.0;2.0;Coffee;Drip coffee;Our Old Time Diner Blend Sm;2.0;2023-01-01 15:09:37;15;Sunday;1;2023
331.0;1.0;8.0;Hell's Kitchen;61.0;4.75;Drinking Chocolate;Hot chocolate;Sustainably Grown Organic Lg;4.75;2023-01-01 15:09:54;15;Sunday;1;2023
334.0;1.0;3.0;Astoria;24.0;3.0;Coffee;Drip coffee;Our Old Time Diner Blend Lg;3.0;2023-01-01 15:12:22;15;Sunday;1;2023
335.0;2.0;3.0;Astoria;52.0;2.5;Tea;Brewed Chai tea;Traditional Blend Chai Rg;5.0;2023-01-01 15:12:54;15;Sunday;1;2023
336.0;2.0;3.0;Astoria;26.0;3.0;Coffee;Organic brewed coffee;Brazilian Rg;6.0;2023-01-01 15:14:19;15;Sunday;1;2023
337.0;2.0;5.0;Lower Manhattan;38.0;3.75;Coffee;Barista Espresso;Latte;7.5;2023-01-01 15:16:37;15;Sunday;1;2023
339.0;1.0;3.0;Astoria;29.0;2.5;Coffee;Gourmet brewed coffee;Columbian Medium Roast Rg;2.5;2023-01-01 15:19:34;15;Sunday;1;2023
340.0;2.0;8.0;Hell's Kitchen;30.0;3.0;Coffee;Gourmet brewed coffee;Columbian Medium Roast Lg;6.0;2023-01-01 15:21:05;15;Sunday;1;2023
341.0;2.0;3.0;Astoria;39.0;4.25;Coffee;Barista Espresso;Latte Rg;8.5;2023-01-01 15:22:11;15;Sunday;1;2023
342.0;1.0;8.0;Hell's Kitchen;26.0;3.0;Coffee;Organic brewed coffee;Brazilian Rg;3.0;2023-01-01 15:24:01;15;Sunday;1;2023
343.0;2.0;5.0;Lower Manhattan;50.0;2.5;Tea;Brewed Black tea;Earl Grey Rg;5.0;2023-01-01 15:25:09;15;Sunday;1;2023
344.0;2.0;3.0;Astoria;58.0;3.5;Drinking Chocolate;Hot chocolate;Dark chocolate Rg;7.0;2023-01-01 15:27:11;15;Sunday;1;2023
345.0;1.0;3.0;Astoria;58.0;3.5;Drinking Chocolate;Hot chocolate;Dark chocolate Rg;3.5;2023-01-01 15:28:29;15;Sunday;1;2023
346.0;1.0;5.0;Lower Manhattan;43.0;3.0;Tea;Brewed herbal tea;Lemon Grass Lg;3.0;2023-01-01 15:28:54;15;Sunday;1;2023
347.0;1.0;3.0;Astoria;57.0;3.1;Tea;Brewed Chai tea;Spicy Eye Opener Chai Lg;3.1;2023-01-01 15:29:24;15;Sunday;1;2023
348.0;1.0;3.0;Astoria;70.0;3.25;Bakery;Scone;Cranberry Scone;3.25;2023-01-01 15:29:24;15;Sunday;1;2023
349.0;1.0;3.0;Astoria;43.0;3.0;Tea;Brewed herbal tea;Lemon Grass Lg;3.0;2023-01-01 15:30:16;15;Sunday;1;2023
350.0;2.0;3.0;Astoria;31.0;2.2;Coffee;Gourmet brewed coffee;Ethiopia Sm;4.4;2023-01-01 15:30:27;15;Sunday;1;2023
351.0;1.0;5.0;Lower Manhattan;34.0;2.45;Coffee;Premium brewed coffee;Jamaican Coffee River Sm;2.45;2023-01-01 15:30:58;15;Sunday;1;2023
352.0;2.0;8.0;Hell's Kitchen;29.0;2.5;Coffee;Gourmet brewed coffee;Columbian Medium Roast Rg;5.0;2023-01-01 15:30:58;15;Sunday;1;2023
353.0;2.0;5.0;Lower Manhattan;28.0;2.0;Coffee;Gourmet brewed coffee;Columbian Medium Roast Sm;4.0;2023-01-01 15:33:36;15;Sunday;1;2023
354.0;1.0;5.0;Lower Manhattan;74.0;3.5;Bakery;Biscotti;Ginger Biscotti;3.5;2023-01-01 15:33:36;15;Sunday;1;2023
355.0;2.0;3.0;Astoria;41.0;4.25;Coffee;Barista Espresso;Cappuccino Lg;8.5;2023-01-01 15:34:10;15;Sunday;1;2023
356.0;1.0;3.0;Astoria;76.0;3.5;Bakery;Biscotti;Chocolate Chip Biscotti;3.5;2023-01-01 15:34:10;15;Sunday;1;2023
357.0;2.0;5.0;Lower Manhattan;37.0;3.0;Coffee;Barista Espresso;Espresso shot;6.0;2023-01-01 15:36:59;15;Sunday;1;2023
358.0;1.0;8.0;Hell's Kitchen;44.0;2.5;Tea;Brewed herbal tea;Peppermint Rg;2.5;2023-01-01 15:39:44;15;Sunday;1;2023
359.0;1.0;3.0;Astoria;36.0;3.75;Coffee;Premium brewed coffee;Jamaican Coffee River Lg;3.75;2023-01-01 15:42:20;15;Sunday;1;2023
360.0;2.0;3.0;Astoria;46.0;2.5;Tea;Brewed Green tea;Serenity Green Tea Rg;5.0;2023-01-01 15:45:16;15;Sunday;1;2023
361.0;2.0;5.0;Lower Manhattan;40.0;3.75;Coffee;Barista Espresso;Cappuccino;7.5;2023-01-01 15:46:34;15;Sunday;1;2023
363.0;2.0;5.0;Lower Manhattan;39.0;4.25;Coffee;Barista Espresso;Latte Rg;8.5;2023-01-01 15:52:23;15;Sunday;1;2023
364.0;1.0;5.0;Lower Manhattan;69.0;3.25;Bakery;Biscotti;Hazelnut Biscotti;3.25;2023-01-01 15:52:23;15;Sunday;1;2023
365.0;2.0;5.0;Lower Manhattan;33.0;3.5;Coffee;Gourmet brewed coffee;Ethiopia Lg;7.0;2023-01-01 15:53:55;15;Sunday;1;2023
366.0;1.0;8.0;Hell's Kitchen;24.0;3.0;Coffee;Drip coffee;Our Old Time Diner Blend Lg;3.0;2023-01-01 15:55:45;15;Sunday;1;2023
367.0;2.0;3.0;Astoria;31.0;2.2;Coffee;Gourmet brewed coffee;Ethiopia Sm;4.4;2023-01-01 15:55:50;15;Sunday;1;2023
368.0;1.0;8.0;Hell's Kitchen;48.0;2.5;Tea;Brewed Black tea;English Breakfast Rg;2.5;2023-01-01 15:58:55;15;Sunday;1;2023
369.0;1.0;8.0;Hell's Kitchen;38.0;3.75;Coffee;Barista Espresso;Latte;3.75;2023-01-01 16:00:23;16;Sunday;1;2023
370.0;1.0;8.0;Hell's Kitchen;41.0;4.25;Coffee;Barista Espresso;Cappuccino Lg;4.25;2023-01-01 16:02:07;16;Sunday;1;2023
371.0;2.0;3.0;Astoria;34.0;2.45;Coffee;Premium brewed coffee;Jamaican Coffee River Sm;4.9;2023-01-01 16:03:30;16;Sunday;1;2023
372.0;1.0;8.0;Hell's Kitchen;46.0;2.5;Tea;Brewed Green tea;Serenity Green Tea Rg;2.5;2023-01-01 16:03:54;16;Sunday;1;2023
375.0;2.0;3.0;Astoria;23.0;2.5;Coffee;Drip coffee;Our Old Time Diner Blend Rg;5.0;2023-01-01 16:07:20;16;Sunday;1;2023
376.0;2.0;3.0;Astoria;42.0;2.5;Tea;Brewed herbal tea;Lemon Grass Rg;5.0;2023-01-01 16:08:59;16;Sunday;1;2023
377.0;2.0;3.0;Astoria;42.0;2.5;Tea;Brewed herbal tea;Lemon Grass Rg;5.0;2023-01-01 16:10:37;16;Sunday;1;2023
378.0;1.0;8.0;Hell's Kitchen;87.0;3.0;Coffee;Barista Espresso;Ouro Brasileiro shot;3.0;2023-01-01 16:12:00;16;Sunday;1;2023
379.0;2.0;3.0;Astoria;34.0;2.45;Coffee;Premium brewed coffee;Jamaican Coffee River Sm;4.9;2023-01-01 16:17:06;16;Sunday;1;2023
380.0;2.0;3.0;Astoria;29.0;2.5;Coffee;Gourmet brewed coffee;Columbian Medium Roast Rg;5.0;2023-01-01 16:17:52;16;Sunday;1;2023
382.0;1.0;3.0;Astoria;56.0;2.55;Tea;Brewed Chai tea;Spicy Eye Opener Chai Rg;2.55;2023-01-01 16:19:17;16;Sunday;1;2023
383.0;2.0;5.0;Lower Manhattan;40.0;3.75;Coffee;Barista Espresso;Cappuccino;7.5;2023-01-01 16:19:26;16;Sunday;1;2023
384.0;2.0;3.0;Astoria;36.0;3.75;Coffee;Premium brewed coffee;Jamaican Coffee River Lg;7.5;2023-01-01 16:20:07;16;Sunday;1;2023
385.0;1.0;5.0;Lower Manhattan;22.0;2.0;Coffee;Drip coffee;Our Old Time Diner Blend Sm;2.0;2023-01-01 16:22:07;16;Sunday;1;2023
386.0;1.0;3.0;Astoria;22.0;2.0;Coffee;Drip coffee;Our Old Time Diner Blend Sm;2.0;2023-01-01 16:22:38;16;Sunday;1;2023
387.0;1.0;3.0;Astoria;44.0;2.5;Tea;Brewed herbal tea;Peppermint Rg;2.5;2023-01-01 16:25:28;16;Sunday;1;2023
388.0;1.0;5.0;Lower Manhattan;56.0;2.55;Tea;Brewed Chai tea;Spicy Eye Opener Chai Rg;2.55;2023-01-01 16:27:42;16;Sunday;1;2023
389.0;2.0;8.0;Hell's Kitchen;53.0;3.0;Tea;Brewed Chai tea;Traditional Blend Chai Lg;6.0;2023-01-01 16:28:00;16;Sunday;1;2023
390.0;1.0;5.0;Lower Manhattan;42.0;2.5;Tea;Brewed herbal tea;Lemon Grass Rg;2.5;2023-01-01 16:28:57;16;Sunday;1;2023
391.0;2.0;3.0;Astoria;27.0;3.5;Coffee;Organic brewed coffee;Brazilian Lg;7.0;2023-01-01 16:29:36;16;Sunday;1;2023
392.0;1.0;3.0;Astoria;40.0;3.75;Coffee;Barista Espresso;Cappuccino;3.75;2023-01-01 16:30:12;16;Sunday;1;2023
393.0;1.0;3.0;Astoria;35.0;3.1;Coffee;Premium brewed coffee;Jamaican Coffee River Rg;3.1;2023-01-01 16:33:35;16;Sunday;1;2023
394.0;1.0;5.0;Lower Manhattan;28.0;2.0;Coffee;Gourmet brewed coffee;Columbian Medium Roast Sm;2.0;2023-01-01 16:35:11;16;Sunday;1;2023
395.0;1.0;3.0;Astoria;36.0;3.75;Coffee;Premium brewed coffee;Jamaican Coffee River Lg;3.75;2023-01-01 16:39:24;16;Sunday;1;2023
396.0;1.0;8.0;Hell's Kitchen;58.0;3.5;Drinking Chocolate;Hot chocolate;Dark chocolate Rg;3.5;2023-01-01 16:39:27;16;Sunday;1;2023
397.0;1.0;3.0;Astoria;33.0;3.5;Coffee;Gourmet brewed coffee;Ethiopia Lg;3.5;2023-01-01 16:40:18;16;Sunday;1;2023
398.0;1.0;5.0;Lower Manhattan;46.0;2.5;Tea;Brewed Green tea;Serenity Green Tea Rg;2.5;2023-01-01 16:40:19;16;Sunday;1;2023
399.0;1.0;5.0;Lower Manhattan;23.0;2.5;Coffee;Drip coffee;Our Old Time Diner Blend Rg;2.5;2023-01-01 16:41:51;16;Sunday;1;2023
400.0;2.0;8.0;Hell's Kitchen;50.0;2.5;Tea;Brewed Black tea;Earl Grey Rg;5.0;2023-01-01 16:43:33;16;Sunday;1;2023
401.0;2.0;3.0;Astoria;54.0;2.5;Tea;Brewed Chai tea;Morning Sunrise Chai Rg;5.0;2023-01-01 16:44:46;16;Sunday;1;2023
402.0;1.0;5.0;Lower Manhattan;44.0;2.5;Tea;Brewed herbal tea;Peppermint Rg;2.5;2023-01-01 16:47:05;16;Sunday;1;2023
403.0;1.0;5.0;Lower Manhattan;72.0;3.25;Bakery;Scone;Ginger Scone;3.25;2023-01-01 16:47:05;16;Sunday;1;2023
404.0;2.0;5.0;Lower Manhattan;44.0;2.5;Tea;Brewed herbal tea;Peppermint Rg;5.0;2023-01-01 16:48:31;16;Sunday;1;2023
405.0;1.0;5.0;Lower Manhattan;53.0;3.0;Tea;Brewed Chai tea;Traditional Blend Chai Lg;3.0;2023-01-01 16:49:19;16;Sunday;1;2023
406.0;1.0;5.0;Lower Manhattan;71.0;3.75;Bakery;Pastry;Chocolate Croissant;3.75;2023-01-01 16:49:19;16;Sunday;1;2023
407.0;1.0;3.0;Astoria;52.0;2.5;Tea;Brewed Chai tea;Traditional Blend Chai Rg;2.5;2023-01-01 16:49:38;16;Sunday;1;2023
408.0;2.0;8.0;Hell's Kitchen;42.0;2.5;Tea;Brewed herbal tea;Lemon Grass Rg;5.0;2023-01-01 16:52:13;16;Sunday;1;2023
409.0;1.0;5.0;Lower Manhattan;50.0;2.5;Tea;Brewed Black tea;Earl Grey Rg;2.5;2023-01-01 16:52:51;16;Sunday;1;2023
410.0;1.0;3.0;Astoria;28.0;2.0;Coffee;Gourmet brewed coffee;Columbian Medium Roast Sm;2.0;2023-01-01 16:56:48;16;Sunday;1;2023
411.0;1.0;3.0;Astoria;58.0;3.5;Drinking Chocolate;Hot chocolate;Dark chocolate Rg;3.5;2023-01-01 16:58:42;16;Sunday;1;2023
412.0;1.0;3.0;Astoria;69.0;3.25;Bakery;Biscotti;Hazelnut Biscotti;3.25;2023-01-01 16:58:42;16;Sunday;1;2023
413.0;2.0;5.0;Lower Manhattan;36.0;3.75;Coffee;Premium brewed coffee;Jamaican Coffee River Lg;7.5;2023-01-01 17:01:03;17;Sunday;1;2023
414.0;2.0;8.0;Hell's Kitchen;50.0;2.5;Tea;Brewed Black tea;Earl Grey Rg;5.0;2023-01-01 17:01:31;17;Sunday;1;2023
416.0;2.0;3.0;Astoria;36.0;3.75;Coffee;Premium brewed coffee;Jamaican Coffee River Lg;7.5;2023-01-01 17:05:44;17;Sunday;1;2023
417.0;2.0;8.0;Hell's Kitchen;47.0;3.0;Tea;Brewed Green tea;Serenity Green Tea Lg;6.0;2023-01-01 17:09:18;17;Sunday;1;2023
418.0;1.0;3.0;Astoria;27.0;3.5;Coffee;Organic brewed coffee;Brazilian Lg;3.5;2023-01-01 17:10:34;17;Sunday;1;2023
419.0;1.0;3.0;Astoria;59.0;4.5;Drinking Chocolate;Hot chocolate;Dark chocolate Lg;4.5;2023-01-01 17:10:35;17;Sunday;1;2023
420.0;2.0;8.0;Hell's Kitchen;36.0;3.75;Coffee;Premium brewed coffee;Jamaican Coffee River Lg;7.5;2023-01-01 17:11:58;17;Sunday;1;2023
421.0;2.0;5.0;Lower Manhattan;31.0;2.2;Coffee;Gourmet brewed coffee;Ethiopia Sm;4.4;2023-01-01 17:13:17;17;Sunday;1;2023
422.0;1.0;8.0;Hell's Kitchen;35.0;3.1;Coffee;Premium brewed coffee;Jamaican Coffee River Rg;3.1;2023-01-01 17:16:17;17;Sunday;1;2023
423.0;2.0;8.0;Hell's Kitchen;55.0;4.0;Tea;Brewed Chai tea;Morning Sunrise Chai Lg;8.0;2023-01-01 17:17:19;17;Sunday;1;2023
424.0;1.0;8.0;Hell's Kitchen;31.0;2.2;Coffee;Gourmet brewed coffee;Ethiopia Sm;2.2;2023-01-01 17:17:22;17;Sunday;1;2023
425.0;1.0;3.0;Astoria;29.0;2.5;Coffee;Gourmet brewed coffee;Columbian Medium Roast Rg;2.5;2023-01-01 17:18:36;17;Sunday;1;2023
426.0;2.0;5.0;Lower Manhattan;34.0;2.45;Coffee;Premium brewed coffee;Jamaican Coffee River Sm;4.9;2023-01-01 17:19:08;17;Sunday;1;2023
427.0;1.0;5.0;Lower Manhattan;75.0;3.5;Bakery;Pastry;Croissant;3.5;2023-01-01 17:19:08;17;Sunday;1;2023
428.0;2.0;8.0;Hell's Kitchen;39.0;4.25;Coffee;Barista Espresso;Latte Rg;8.5;2023-01-01 17:19:11;17;Sunday;1;2023
429.0;2.0;8.0;Hell's Kitchen;28.0;2.0;Coffee;Gourmet brewed coffee;Columbian Medium Roast Sm;4.0;2023-01-01 17:19:28;17;Sunday;1;2023
430.0;2.0;8.0;Hell's Kitchen;87.0;3.0;Coffee;Barista Espresso;Ouro Brasileiro shot;6.0;2023-01-01 17:19:49;17;Sunday;1;2023
431.0;1.0;8.0;Hell's Kitchen;78.0;4.5;Bakery;Scone;Scottish Cream Scone ;4.5;2023-01-01 17:19:49;17;Sunday;1;2023
432.0;2.0;8.0;Hell's Kitchen;46.0;2.5;Tea;Brewed Green tea;Serenity Green Tea Rg;5.0;2023-01-01 17:20:02;17;Sunday;1;2023
433.0;1.0;8.0;Hell's Kitchen;77.0;3.0;Bakery;Scone;Oatmeal Scone;3.0;2023-01-01 17:20:02;17;Sunday;1;2023
434.0;1.0;3.0;Astoria;36.0;3.75;Coffee;Premium brewed coffee;Jamaican Coffee River Lg;3.75;2023-01-01 17:22:36;17;Sunday;1;2023
435.0;1.0;5.0;Lower Manhattan;48.0;2.5;Tea;Brewed Black tea;English Breakfast Rg;2.5;2023-01-01 17:23:03;17;Sunday;1;2023
436.0;1.0;3.0;Astoria;41.0;4.25;Coffee;Barista Espresso;Cappuccino Lg;4.25;2023-01-01 17:23:04;17;Sunday;1;2023
437.0;2.0;3.0;Astoria;58.0;3.5;Drinking Chocolate;Hot chocolate;Dark chocolate Rg;7.0;2023-01-01 17:25:45;17;Sunday;1;2023
438.0;1.0;8.0;Hell's Kitchen;35.0;3.1;Coffee;Premium brewed coffee;Jamaican Coffee River Rg;3.1;2023-01-01 17:26:15;17;Sunday;1;2023
439.0;1.0;8.0;Hell's Kitchen;76.0;3.5;Bakery;Biscotti;Chocolate Chip Biscotti;3.5;2023-01-01 17:26:15;17;Sunday;1;2023
;1.0;;Lower Manhattan;;3.0;Coffee;Barista Espresso;Espresso shot;3.0;2023-01-01 17:28:42;17;Sunday;1;2023
441.0;1.0;5.0;Lower Manhattan;70.0;3.25;Bakery;Scone;Cranberry Scone;3.25;2023-01-01 17:28:42;17;Sunday;1;2023
442.0;1.0;3.0;Astoria;46.0;2.5;Tea;Brewed Green tea;Serenity Green Tea Rg;2.5;2023-01-01 17:29:25;17;Sunday;1;2023
443.0;1.0;3.0;Astoria;75.0;3.5;Bakery;Pastry;Croissant;3.5;2023-01-01 17:29:25;17;Sunday;1;2023
444.0;2.0;8.0;Hell's Kitchen;54.0;2.5;Tea;Brewed Chai tea;Morning Sunrise Chai Rg;5.0;2023-01-01 17:34:47;17;Sunday;1;2023
445.0;1.0;3.0;Astoria;47.0;3.0;Tea;Brewed Green tea;Serenity Green Tea Lg;3.0;2023-01-01 17:35:26;17;Sunday;1;2023
446.0;1.0;3.0;Astoria;69.0;3.25;Bakery;Biscotti;Hazelnut Biscotti;3.25;2023-01-01 17:35:26;17;Sunday;1;2023
447.0;1.0;8.0;Hell's Kitchen;42.0;2.5;Tea;Brewed herbal tea;Lemon Grass Rg;2.5;2023-01-01 17:37:26;17;Sunday;1;2023
449.0;2.0;3.0;Astoria;55.0;4.0;Tea;Brewed Chai tea;Morning Sunrise Chai Lg;8.0;2023-01-01 17:41:55;17;Sunday;1;2023
450.0;1.0;3.0;Astoria;71.0;3.75;Bakery;Pastry;Chocolate Croissant;3.75;2023-01-01 17:41:55;17;Sunday;1;2023
451.0;2.0;8.0;Hell's Kitchen;52.0;2.5;Tea;Brewed Chai tea;Traditional Blend Chai Rg;5.0;2023-01-01 17:43:49;17;Sunday;1;2023
452.0;2.0;3.0;Astoria;27.0;3.5;Coffee;Organic brewed coffee;Brazilian Lg;7.0;2023-01-01 17:44:28;17;Sunday;1;2023
453.0;1.0;3.0;Astoria;74.0;3.5;Bakery;Biscotti;Ginger Biscotti;3.5;2023-01-01 17:44:28;17;Sunday;1;2023
454.0;1.0;8.0;Hell's Kitchen;34.0;2.45;Coffee;Premium brewed coffee;Jamaican Coffee River Sm;2.45;2023-01-01 17:44:48;17;Sunday;1;2023
455.0;1.0;8.0;Hell's Kitchen;27.0;3.5;Coffee;Organic brewed coffee;Brazilian Lg;3.5;2023-01-01 17:45:21;17;Sunday;1;2023
456.0;2.0;8.0;Hell's Kitchen;36.0;3.75;Coffee;Premium brewed coffee;Jamaican Coffee River Lg;7.5;2023-01-01 17:46:21;17;Sunday;1;2023
457.0;1.0;8.0;Hell's Kitchen;76.0;3.5;Bakery;Biscotti;Chocolate Chip Biscotti;3.5;2023-01-01 17:46:21;17;Sunday;1;2023
458.0;2.0;8.0;Hell's Kitchen;60.0;3.75;Drinking Chocolate;Hot chocolate;Sustainably Grown Organic Rg;7.5;2023-01-01 17:49:04;17;Sunday;1;2023
459.0;1.0;5.0;Lower Manhattan;45.0;3.0;Tea;Brewed herbal tea;Peppermint Lg;3.0;2023-01-01 17:50:19;17;Sunday;1;2023
460.0;2.0;8.0;Hell's Kitchen;38.0;3.75;Coffee;Barista Espresso;Latte;7.5;2023-01-01 17:50:30;17;Sunday;1;2023
461.0;2.0;3.0;Astoria;60.0;3.75;Drinking Chocolate;Hot chocolate;Sustainably Grown Organic Rg;7.5;2023-01-01 17:51:06;17;Sunday;1;2023
462.0;2.0;3.0;Astoria;56.0;2.55;Tea;Brewed Chai tea;Spicy Eye Opener Chai Rg;5.1;2023-01-01 17:54:11;17;Sunday;1;2023
463.0;1.0;8.0;Hell's Kitchen;30.0;3.0;Coffee;Gourmet brewed coffee;Columbian Medium Roast Lg;3.0;2023-01-01 17:56:46;17;Sunday;1;2023
464.0;1.0;5.0;Lower Manhattan;39.0;4.25;Coffee;Barista Espresso;Latte Rg;4.25;2023-01-01 17:58:01;17;Sunday;1;2023
465.0;2.0;8.0;Hell's Kitchen;53.0;3.0;Tea;Brewed Chai tea;Traditional Blend Chai Lg;6.0;2023-01-01 17:59:44;17;Sunday;1;2023
466.0;1.0;8.0;Hell's Kitchen;76.0;3.5;Bakery;Biscotti;Chocolate Chip Biscotti;3.5;2023-01-01 17:59:44;17;Sunday;1;2023
468.0;1.0;3.0;Astoria;52.0;2.5;Tea;Brewed Chai tea;Traditional Blend Chai Rg;2.5;2023-01-01 18:02:00;18;Sunday;1;2023
469.0;2.0;5.0;Lower Manhattan;49.0;3.0;Tea;Brewed Black tea;English Breakfast Lg;6.0;2023-01-01 18:02:21;18;Sunday;1;2023
470.0;1.0;3.0;Astoria;28.0;2.0;Coffee;Gourmet brewed coffee;Columbian Medium Roast Sm;2.0;2023-01-01 18:03:13;18;Sunday;1;2023
471.0;1.0;3.0;Astoria;78.0;4.5;Bakery;Scone;Scottish Cream Scone ;4.5;2023-01-01 18:03:13;18;Sunday;1;2023
472.0;1.0;3.0;Astoria;28.0;2.0;Coffee;Gourmet brewed coffee;Columbian Medium Roast Sm;2.0;2023-01-01 18:04:34;18;Sunday;1;2023
473.0;2.0;3.0;Astoria;30.0;3.0;Coffee;Gourmet brewed coffee;Columbian Medium Roast Lg;6.0;2023-01-01 18:06:52;18;Sunday;1;2023
474.0;1.0;3.0;Astoria;79.0;3.75;Bakery;Scone;Jumbo Savory Scone;3.75;2023-01-01 18:06:52;18;Sunday;1;2023
475.0;1.0;8.0;Hell's Kitchen;23.0;2.5;Coffee;Drip coffee;Our Old Time Diner Blend Rg;2.5;2023-01-01 18:07:13;18;Sunday;1;2023
476.0;2.0;3.0;Astoria;34.0;2.45;Coffee;Premium brewed coffee;Jamaican Coffee River Sm;4.9;2023-01-01 18:08:53;18;Sunday;1;2023
477.0;2.0;3.0;Astoria;25.0;2.2;Coffee;Organic brewed coffee;Brazilian Sm;4.4;2023-01-01 18:12:37;18;Sunday;1;2023
478.0;2.0;5.0;Lower Manhattan;23.0;2.5;Coffee;Drip coffee;Our Old Time Diner Blend Rg;5.0;2023-01-01 18:13:32;18;Sunday;1;2023
479.0;2.0;8.0;Hell's Kitchen;57.0;3.1;Tea;Brewed Chai tea;Spicy Eye Opener Chai Lg;6.2;2023-01-01 18:13:41;18;Sunday;1;2023
480.0;2.0;8.0;Hell's Kitchen;26.0;3.0;Coffee;Organic brewed coffee;Brazilian Rg;6.0;2023-01-01 18:14:28;18;Sunday;1;2023
481.0;2.0;8.0;Hell's Kitchen;36.0;3.75;Coffee;Premium brewed coffee;Jamaican Coffee River Lg;7.5;2023-01-01 18:17:09;18;Sunday;1;2023
482.0;1.0;3.0;Astoria;59.0;4.5;Drinking Chocolate;Hot chocolate;Dark chocolate Lg;4.5;2023-01-01 18:18:10;18;Sunday;1;2023
483.0;1.0;5.0;Lower Manhattan;52.0;2.5;Tea;Brewed Chai tea;Traditional Blend Chai Rg;2.5;2023-01-01 18:19:45;18;Sunday;1;2023
484.0;1.0;5.0;Lower Manhattan;76.0;3.5;Bakery;Biscotti;Chocolate Chip Biscotti;3.5;2023-01-01 18:19:45;18;Sunday;1;2023
485.0;1.0;3.0;Astoria;46.0;2.5;Tea;Brewed Green tea;Serenity Green Tea Rg;2.5;2023-01-01 18:21:22;18;Sunday;1;2023
486.0;2.0;3.0;Astoria;61.0;4.75;Drinking Chocolate;Hot chocolate;Sustainably Grown Organic Lg;9.5;2023-01-01 18:22:12;18;Sunday;1;2023
487.0;2.0;5.0;Lower Manhattan;37.0;3.0;Coffee;Barista Espresso;Espresso shot;6.0;2023-01-01 18:22:48;18;Sunday;1;2023
488.0;1.0;3.0;Astoria;32.0;3.0;Coffee;Gourmet brewed coffee;Ethiopia Rg;3.0;2023-01-01 18:22:53;18;Sunday;1;2023
489.0;1.0;3.0;Astoria;79.0;3.75;Bakery;Scone;Jumbo Savory Scone;3.75;2023-01-01 18:22:53;18;Sunday;1;2023
490.0;2.0;5.0;Lower Manhattan;53.0;3.0;Tea;Brewed Chai tea;Traditional Blend Chai Lg;6.0;2023-01-01 18:23:34;18;Sunday;1;2023
491.0;1.0;3.0;Astoria;61.0;4.75;Drinking Chocolate;Hot chocolate;Sustainably Grown Organic Lg;4.75;2023-01-01 18:25:51;18;Sunday;1;2023
492.0;1.0;8.0;Hell's Kitchen;43.0;3.0;Tea;Brewed herbal tea;Lemon Grass Lg;3.0;2023-01-01 18:25:57;18;Sunday;1;2023
493.0;2.0;5.0;Lower Manhattan;54.0;2.5;Tea;Brewed Chai tea;Morning Sunrise Chai Rg;5.0;2023-01-01 18:27:08;18;Sunday;1;2023
494.0;2.0;8.0;Hell's Kitchen;44.0;2.5;Tea;Brewed herbal tea;Peppermint Rg;5.0;2023-01-01 18:29:34;18;Sunday;1;2023
495.0;2.0;3.0;Astoria;55.0;4.0;Tea;Brewed Chai tea;Morning Sunrise Chai Lg;8.0;2023-01-01 18:30:05;18;Sunday;1;2023
496.0;2.0;3.0;Astoria;60.0;3.75;Drinking Chocolate;Hot chocolate;Sustainably Grown Organic Rg;7.5;2023-01-01 18:34:56;18;Sunday;1;2023
497.0;1.0;3.0;Astoria;22.0;2.0;Coffee;Drip coffee;Our Old Time Diner Blend Sm;2.0;2023-01-01 18:39:29;18;Sunday;1;2023
498.0;2.0;8.0;Hell's Kitchen;53.0;3.0;Tea;Brewed Chai tea;Traditional Blend Chai Lg;6.0;2023-01-01 18:40:29;18;Sunday;1;2023
499.0;1.0;3.0;Astoria;24.0;3.0;Coffee;Drip coffee;Our Old Time Diner Blend Lg;3.0;2023-01-01 18:41:13;18;Sunday;1;2023
500.0;2.0;8.0;Hell's Kitchen;49.0;3.0;Tea;Brewed Black tea;English Breakfast Lg;6.0;2023-01-01 18:41:28;18;Sunday;1;2023
501.0;2.0;3.0;Astoria;60.0;3.75;Drinking Chocolate;Hot chocolate;Sustainably Grown Organic Rg;7.5;2023-01-01 18:42:04;18;Sunday;1;2023
502.0;1.0;8.0;Hell's Kitchen;54.0;2.5;Tea;Brewed Chai tea;Morning Sunrise Chai Rg;2.5;2023-01-01 18:42:16;18;Sunday;1;2023
503.0;1.0;3.0;Astoria;57.0;3.1;Tea;Brewed Chai tea;Spicy Eye Opener Chai Lg;3.1;2023-01-01 18:43:19;18;Sunday;1;2023
504.0;1.0;3.0;Astoria;25.0;2.2;Coffee;Organic brewed coffee;Brazilian Sm;2.2;2023-01-01 18:43:42;18;Sunday;1;2023
505.0;2.0;3.0;Astoria;38.0;3.75;Coffee;Barista Espresso;Latte;7.5;2023-01-01 18:45:11;18;Sunday;1;2023
506.0;1.0;3.0;Astoria;27.0;3.5;Coffee;Organic brewed coffee;Brazilian Lg;3.5;2023-01-01 18:49:48;18;Sunday;1;2023
507.0;2.0;3.0;Astoria;24.0;3.0;Coffee;Drip coffee;Our Old Time Diner Blend Lg;6.0;2023-01-01 18:51:23;18;Sunday;1;2023
508.0;1.0;3.0;Astoria;28.0;2.0;Coffee;Gourmet brewed coffee;Columbian Medium Roast Sm;2.0;2023-01-01 18:51:41;18;Sunday;1;2023
509.0;2.0;8.0;Hell's Kitchen;22.0;2.0;Coffee;Drip coffee;Our Old Time Diner Blend Sm;4.0;2023-01-01 18:52:18;18;Sunday;1;2023
510.0;2.0;3.0;Astoria;59.0;4.5;Drinking Chocolate;Hot chocolate;Dark chocolate Lg;9.0;2023-01-01 18:52:57;18;Sunday;1;2023
511.0;2.0;3.0;Astoria;56.0;2.55;Tea;Brewed Chai tea;Spicy Eye Opener Chai Rg;5.1;2023-01-01 18:55:19;18;Sunday;1;2023
512.0;2.0;8.0;Hell's Kitchen;53.0;3.0;Tea;Brewed Chai tea;Traditional Blend Chai Lg;6.0;2023-01-01 18:56:24;18;Sunday;1;2023
513.0;2.0;8.0;Hell's Kitchen;39.0;4.25;Coffee;Barista Espresso;Latte Rg;8.5;2023-01-01 18:56:35;18;Sunday;1;2023
515.0;1.0;3.0;Astoria;43.0;3.0;Tea;Brewed herbal tea;Lemon Grass Lg;3.0;2023-01-01 19:00:27;19;Sunday;1;2023
516.0;2.0;8.0;Hell's Kitchen;37.0;3.0;Coffee;Barista Espresso;Espresso shot;6.0;2023-01-01 19:02:52;19;Sunday;1;2023
518.0;2.0;8.0;Hell's Kitchen;24.0;3.0;Coffee;Drip coffee;Our Old Time Diner Blend Lg;6.0;2023-01-01 19:07:26;19;Sunday;1;2023
519.0;1.0;3.0;Astoria;55.0;4.0;Tea;Brewed Chai tea;Morning Sunrise Chai Lg;4.0;2023-01-01 19:07:40;19;Sunday;1;2023
520.0;2.0;8.0;Hell's Kitchen;27.0;3.5;Coffee;Organic brewed coffee;Brazilian Lg;7.0;2023-01-01 19:08:11;19;Sunday;1;2023
521.0;1.0;3.0;Astoria;60.0;3.75;Drinking Chocolate;Hot chocolate;Sustainably Grown Organic Rg;3.75;2023-01-01 19:08:56;19;Sunday;1;2023
522.0;1.0;8.0;Hell's Kitchen;41.0;4.25;Coffee;Barista Espresso;Cappuccino Lg;4.25;2023-01-01 19:09:54;19;Sunday;1;2023
523.0;2.0;3.0;Astoria;27.0;3.5;Coffee;Organic brewed coffee;Brazilian Lg;7.0;2023-01-01 19:10:16;19;Sunday;1;2023
524.0;2.0;8.0;Hell's Kitchen;55.0;4.0;Tea;Brewed Chai tea;Morning Sunrise Chai Lg;8.0;2023-01-01 19:10:53;19;Sunday;1;2023
525.0;2.0;3.0;Astoria;40.0;3.75;Coffee;Barista Espresso;Cappuccino;7.5;2023-01-01 19:12:49;19;Sunday;1;2023
526.0;2.0;3.0;Astoria;32.0;3.0;Coffee;Gourmet brewed coffee;Ethiopia Rg;6.0;2023-01-01 19:14:09;19;Sunday;1;2023
527.0;1.0;3.0;Astoria;55.0;4.0;Tea;Brewed Chai tea;Morning Sunrise Chai Lg;4.0;2023-01-01 19:15:15;19;Sunday;1;2023
528.0;1.0;8.0;Hell's Kitchen;49.0;3.0;Tea;Brewed Black tea;English Breakfast Lg;3.0;2023-01-01 19:21:35;19;Sunday;1;2023
529.0;1.0;8.0;Hell's Kitchen;40.0;3.75;Coffee;Barista Espresso;Cappuccino;3.75;2023-01-01 19:22:39;19;Sunday;1;2023
530.0;1.0;8.0;Hell's Kitchen;46.0;2.5;Tea;Brewed Green tea;Serenity Green Tea Rg;2.5;2023-01-01 19:24:18;19;Sunday;1;2023
531.0;1.0;8.0;Hell's Kitchen;77.0;3.0;Bakery;Scone;Oatmeal Scone;3.0;2023-01-01 19:24:18;19;Sunday;1;2023
532.0;2.0;3.0;Astoria;44.0;2.5;Tea;Brewed herbal tea;Peppermint Rg;5.0;2023-01-01 19:29:01;19;Sunday;1;2023
533.0;1.0;3.0;Astoria;38.0;3.75;Coffee;Barista Espresso;Latte;3.75;2023-01-01 19:29:07;19;Sunday;1;2023
534.0;2.0;3.0;Astoria;51.0;3.0;Tea;Brewed Black tea;Earl Grey Lg;6.0;2023-01-01 19:30:55;19;Sunday;1;2023
535.0;1.0;8.0;Hell's Kitchen;43.0;3.0;Tea;Brewed herbal tea;Lemon Grass Lg;3.0;2023-01-01 19:34:03;19;Sunday;1;2023
536.0;2.0;8.0;Hell's Kitchen;61.0;4.75;Drinking Chocolate;Hot chocolate;Sustainably Grown Organic Lg;9.5;2023-01-01 19:34:39;19;Sunday;1;2023
537.0;1.0;3.0;Astoria;40.0;3.75;Coffee;Barista Espresso;Cappuccino;3.75;2023-01-01 19:34:48;19;Sunday;1;2023
538.0;2.0;8.0;Hell's Kitchen;27.0;3.5;Coffee;Organic brewed coffee;Brazilian Lg;7.0;2023-01-01 19:35:55;19;Sunday;1;2023
539.0;1.0;3.0;Astoria;60.0;3.75;Drinking Chocolate;Hot chocolate;Sustainably Grown Organic Rg;3.75;2023-01-01 19:37:51;19;Sunday;1;2023
540.0;2.0;3.0;Astoria;55.0;4.0;Tea;Brewed Chai tea;Morning Sunrise Chai Lg;8.0;2023-01-01 19:38:46;19;Sunday;1;2023
541.0;2.0;3.0;Astoria;47.0;3.0;Tea;Brewed Green tea;Serenity Green Tea Lg;6.0;2023-01-01 19:39:00;19;Sunday;1;2023
542.0;1.0;3.0;Astoria;37.0;3.0;Coffee;Barista Espresso;Espresso shot;3.0;2023-01-01 19:39:32;19;Sunday;1;2023
543.0;1.0;3.0;Astoria;54.0;2.5;Tea;Brewed Chai tea;Morning Sunrise Chai Rg;2.5;2023-01-01 19:43:29;19;Sunday;1;2023
544.0;1.0;8.0;Hell's Kitchen;61.0;4.75;Drinking Chocolate;Hot chocolate;Sustainably Grown Organic Lg;4.75;2023-01-01 19:44:41;19;Sunday;1;2023
545.0;1.0;8.0;Hell's Kitchen;26.0;3.0;Coffee;Organic brewed coffee;Brazilian Rg;3.0;2023-01-01 19:45:28;19;Sunday;1;2023
546.0;1.0;3.0;Astoria;36.0;3.75;Coffee;Premium brewed coffee;Jamaican Coffee River Lg;3.75;2023-01-01 19:49:37;19;Sunday;1;2023
547.0;1.0;8.0;Hell's Kitchen;32.0;3.0;Coffee;Gourmet brewed coffee;Ethiopia Rg;3.0;2023-01-01 19:52:47;19;Sunday;1;2023
548.0;1.0;3.0;Astoria;35.0;3.1;Coffee;Premium brewed coffee;Jamaican Coffee River Rg;3.1;2023-01-01 19:57:56;19;Sunday;1;2023
549.0;1.0;3.0;Astoria;55.0;4.0;Tea;Brewed Chai tea;Morning Sunrise Chai Lg;4.0;2023-01-01 19:58:29;19;Sunday;1;2023
551.0;1.0;5.0;Lower Manhattan;87.0;3.0;Coffee;Barista Espresso;Ouro Brasileiro shot;3.0;2023-01-02 07:01:59;7;Monday;1;2023
552.0;1.0;5.0;Lower Manhattan;51.0;3.0;Tea;Brewed Black tea;Earl Grey Lg;3.0;2023-01-02 07:12:05;7;Monday;1;2023
553.0;2.0;5.0;Lower Manhattan;28.0;2.0;Coffee;Gourmet brewed coffee;Columbian Medium Roast Sm;4.0;2023-01-02 07:16:35;7;Monday;1;2023
554.0;1.0;5.0;Lower Manhattan;57.0;3.1;Tea;Brewed Chai tea;Spicy Eye Opener Chai Lg;3.1;2023-01-02 07:16:46;7;Monday;1;2023
555.0;1.0;5.0;Lower Manhattan;70.0;3.25;Bakery;Scone;Cranberry Scone;3.25;2023-01-02 07:16:46;7;Monday;1;2023
556.0;2.0;;Lower Manhattan;;4.75;Drinking Chocolate;Hot chocolate;Sustainably Grown Organic Lg;9.5;2023-01-02 07:22:08;7;Monday;1;2023
557.0;1.0;5.0;Lower Manhattan;42.0;2.5;Tea;Brewed herbal tea;Lemon Grass Rg;2.5;2023-01-02 07:22:45;7;Monday;1;2023
558.0;1.0;5.0;Lower Manhattan;24.0;3.0;Coffee;Drip coffee;Our Old Time Diner Blend Lg;3.0;2023-01-02 07:25:59;7;Monday;1;2023
559.0;1.0;5.0;Lower Manhattan;53.0;3.0;Tea;Brewed Chai tea;Traditional Blend Chai Lg;3.0;2023-01-02 07:35:10;7;Monday;1;2023
560.0;1.0;5.0;Lower Manhattan;41.0;4.25;Coffee;Barista Espresso;Cappuccino Lg;4.25;2023-01-02 07:48:26;7;Monday;1;2023
561.0;1.0;5.0;Lower Manhattan;75.0;3.5;Bakery;Pastry;Croissant;3.5;2023-01-02 07:48:26;7;Monday;1;2023
563.0;1.0;5.0;Lower Manhattan;48.0;2.5;Tea;Brewed Black tea;English Breakfast Rg;2.5;2023-01-02 07:59:47;7;Monday;1;2023
564.0;1.0;5.0;Lower Manhattan;75.0;3.5;Bakery;Pastry;Croissant;3.5;2023-01-02 07:59:47;7;Monday;1;2023
565.0;2.0;8.0;Hell's Kitchen;32.0;3.0;Coffee;Gourmet brewed coffee;Ethiopia Rg;6.0;2023-01-02 08:03:47;8;Monday;1;2023
566.0;2.0;8.0;Hell's Kitchen;31.0;2.2;Coffee;Gourmet brewed coffee;Ethiopia Sm;4.4;2023-01-02 08:04:06;8;Monday;1;2023
567.0;1.0;8.0;Hell's Kitchen;25.0;2.2;Coffee;Organic brewed coffee;Brazilian Sm;2.2;2023-01-02 08:04:55;8;Monday;1;2023
568.0;1.0;5.0;Lower Manhattan;61.0;4.75;Drinking Chocolate;Hot chocolate;Sustainably Grown Organic Lg;4.75;2023-01-02 08:04:59;8;Monday;1;2023
569.0;1.0;5.0;Lower Manhattan;48.0;2.5;Tea;Brewed Black tea;English Breakfast Rg;2.5;2023-01-02 08:09:46;8;Monday;1;2023
570.0;1.0;5.0;Lower Manhattan;61.0;4.75;Drinking Chocolate;Hot chocolate;Sustainably Grown Organic Lg;4.75;2023-01-02 08:09:51;8;Monday;1;2023
571.0;2.0;8.0;Hell's Kitchen;61.0;4.75;Drinking Chocolate;Hot chocolate;Sustainably Grown Organic Lg;9.5;2023-01-02 08:11:11;8;Monday;1;2023
572.0;1.0;8.0;Hell's Kitchen;74.0;3.5;Bakery;Biscotti;Ginger Biscotti;3.5;2023-01-02 08:11:11;8;Monday;1;2023
574.0;1.0;5.0;Lower Manhattan;55.0;4.0;Tea;Brewed Chai tea;Morning Sunrise Chai Lg;4.0;2023-01-02 08:14:13;8;Monday;1;2023
575.0;1.0;8.0;Hell's Kitchen;36.0;3.75;Coffee;Premium brewed coffee;Jamaican Coffee River Lg;3.75;2023-01-02 08:15:07;8;Monday;1;2023
576.0;2.0;8.0;Hell's Kitchen;30.0;3.0;Coffee;Gourmet brewed coffee;Columbian Medium Roast Lg;6.0;2023-01-02 08:15:10;8;Monday;1;2023
577.0;1.0;8.0;Hell's Kitchen;44.0;2.5;Tea;Brewed herbal tea;Peppermint Rg;2.5;2023-01-02 08:17:28;8;Monday;1;2023
578.0;2.0;5.0;Lower Manhattan;44.0;2.5;Tea;Brewed herbal tea;Peppermint Rg;5.0;2023-01-02 08:20:38;8;Monday;1;2023
579.0;2.0;8.0;Hell's Kitchen;38.0;3.75;Coffee;Barista Espresso;Latte;7.5;2023-01-02 08:21:32;8;Monday;1;2023
580.0;1.0;8.0;Hell's Kitchen;26.0;3.0;Coffee;Organic brewed coffee;Brazilian Rg;3.0;2023-01-02 08:23:15;8;Monday;1;2023
581.0;1.0;5.0;Lower Manhattan;25.0;2.2;Coffee;Organic brewed coffee;Brazilian Sm;2.2;2023-01-02 08:25:22;8;Monday;1;2023
582.0;2.0;5.0;Lower Manhattan;28.0;2.0;Coffee;Gourmet brewed coffee;Columbian Medium Roast Sm;4.0;2023-01-02 08:26:13;8;Monday;1;2023
583.0;2.0;8.0;Hell's Kitchen;31.0;2.2;Coffee;Gourmet brewed coffee;Ethiopia Sm;4.4;2023-01-02 08:26:21;8;Monday;1;2023
584.0;1.0;5.0;Lower Manhattan;29.0;2.5;Coffee;Gourmet brewed coffee;Columbian Medium Roast Rg;2.5;2023-01-02 08:30:10;8;Monday;1;2023
585.0;1.0;8.0;Hell's Kitchen;35.0;3.1;Coffee;Premium brewed coffee;Jamaican Coffee River Rg;3.1;2023-01-02 08:31:35;8;Monday;1;2023
586.0;2.0;8.0;Hell's Kitchen;25.0;2.2;Coffee;Organic brewed coffee;Brazilian Sm;4.4;2023-01-02 08:34:25;8;Monday;1;2023
587.0;1.0;8.0;Hell's Kitchen;48.0;2.5;Tea;Brewed Black tea;English Breakfast Rg;2.5;2023-01-02 08:34:30;8;Monday;1;2023
588.0;1.0;8.0;Hell's Kitchen;32.0;3.0;Coffee;Gourmet brewed coffee;Ethiopia Rg;3.0;2023-01-02 08:43:50;8;Monday;1;2023
589.0;2.0;5.0;Lower Manhattan;32.0;3.0;Coffee;Gourmet brewed coffee;Ethiopia Rg;6.0;2023-01-02 08:51:31;8;Monday;1;2023
590.0;1.0;5.0;Lower Manhattan;28.0;2.0;Coffee;Gourmet brewed coffee;Columbian Medium Roast Sm;2.0;2023-01-02 08:55:40;8;Monday;1;2023
591.0;1.0;8.0;Hell's Kitchen;39.0;4.25;Coffee;Barista Espresso;Latte Rg;4.25;2023-01-02 09:00:14;9;Monday;1;2023
592.0;1.0;8.0;Hell's Kitchen;53.0;3.0;Tea;Brewed Chai tea;Traditional Blend Chai Lg;3.0;2023-01-02 09:01:24;9;Monday;1;2023
593.0;1.0;5.0;Lower Manhattan;33.0;3.5;Coffee;Gourmet brewed coffee;Ethiopia Lg;3.5;2023-01-02 09:06:29;9;Monday;1;2023
594.0;2.0;5.0;Lower Manhattan;37.0;3.0;Coffee;Barista Espresso;Espresso shot;6.0;2023-01-02 09:07:31;9;Monday;1;2023
595.0;1.0;8.0;Hell's Kitchen;59.0;4.5;Drinking Chocolate;Hot chocolate;Dark chocolate Lg;4.5;2023-01-02 09:11:10;9;Monday;1;2023
596.0;1.0;8.0;Hell's Kitchen;79.0;3.75;Bakery;Scone;Jumbo Savory Scone;3.75;2023-01-02 09:11:10;9;Monday;1;2023
598.0;2.0;8.0;Hell's Kitchen;34.0;2.45;Coffee;Premium brewed coffee;Jamaican Coffee River Sm;4.9;2023-01-02 09:11:57;9;Monday;1;2023
599.0;1.0;8.0;Hell's Kitchen;72.0;3.25;Bakery;Scone;Ginger Scone;3.25;2023-01-02 09:11:57;9;Monday;1;2023
600.0;2.0;5.0;Lower Manhattan;31.0;2.2;Coffee;Gourmet brewed coffee;Ethiopia Sm;4.4;2023-01-02 09:12:47;9;Monday;1;2023
601.0;1.0;5.0;Lower Manhattan;75.0;3.5;Bakery;Pastry;Croissant;3.5;2023-01-02 09:12:47;9;Monday;1;2023
602.0;1.0;8.0;Hell's Kitchen;46.0;2.5;Tea;Brewed Green tea;Serenity Green Tea Rg;2.5;2023-01-02 09:17:08;9;Monday;1;2023
603.0;1.0;8.0;Hell's Kitchen;55.0;4.0;Tea;Brewed Chai tea;Morning Sunrise Chai Lg;4.0;2023-01-02 09:21:01;9;Monday;1;2023
604.0;1.0;8.0;Hell's Kitchen;40.0;3.75;Coffee;Barista Espresso;Cappuccino;3.75;2023-01-02 09:22:26;9;Monday;1;2023
605.0;1.0;5.0;Lower Manhattan;29.0;2.5;Coffee;Gourmet brewed coffee;Columbian Medium Roast Rg;2.5;2023-01-02 09:25:27;9;Monday;1;2023
606.0;2.0;8.0;Hell's Kitchen;28.0;2.0;Coffee;Gourmet brewed coffee;Columbian Medium Roast Sm;4.0;2023-01-02 09:26:16;9;Monday;1;2023
607.0;2.0;8.0;Hell's Kitchen;22.0;2.0;Coffee;Drip coffee;Our Old Time Diner Blend Sm;4.0;2023-01-02 09:29:47;9;Monday;1;2023
608.0;1.0;8.0;Hell's Kitchen;70.0;3.25;Bakery;Scone;Cranberry Scone;3.25;2023-01-02 09:29:47;9;Monday;1;2023
609.0;2.0;8.0;Hell's Kitchen;59.0;4.5;Drinking Chocolate;Hot chocolate;Dark chocolate Lg;9.0;2023-01-02 09:31:37;9;Monday;1;2023
610.0;2.0;8.0;Hell's Kitchen;23.0;2.5;Coffee;Drip coffee;Our Old Time Diner Blend Rg;5.0;2023-01-02 09:33:57;9;Monday;1;2023
611.0;1.0;8.0;Hell's Kitchen;87.0;3.0;Coffee;Barista Espresso;Ouro Brasileiro shot;3.0;2023-01-02 09:36:26;9;Monday;1;2023
612.0;2.0;8.0;Hell's Kitchen;87.0;3.0;Coffee;Barista Espresso;Ouro Brasileiro shot;6.0;2023-01-02 09:38:46;9;Monday;1;2023
613.0;1.0;5.0;Lower Manhattan;48.0;2.5;Tea;Brewed Black tea;English Breakfast Rg;2.5;2023-01-02 09:40:52;9;Monday;1;2023
614.0;1.0;5.0;Lower Manhattan;30.0;3.0;Coffee;Gourmet brewed coffee;Columbian Medium Roast Lg;3.0;2023-01-02 09:45:34;9;Monday;1;2023
615.0;2.0;8.0;Hell's Kitchen;48.0;2.5;Tea;Brewed Black tea;English Breakfast Rg;5.0;2023-01-02 09:46:33;9;Monday;1;2023
616.0;2.0;8.0;Hell's Kitchen;32.0;3.0;Coffee;Gourmet brewed coffee;Ethiopia Rg;6.0;2023-01-02 09:48:46;9;Monday;1;2023
617.0;1.0;8.0;Hell's Kitchen;27.0;3.5;Coffee;Organic brewed coffee;Brazilian Lg;3.5;2023-01-02 09:50:09;9;Monday;1;2023
618.0;1.0;5.0;Lower Manhattan;23.0;2.5;Coffee;Drip coffee;Our Old Time Diner Blend Rg;2.5;2023-01-02 09:50:57;9;Monday;1;2023
619.0;1.0;5.0;Lower Manhattan;26.0;3.0;Coffee;Organic brewed coffee;Brazilian Rg;3.0;2023-01-02 09:52:17;9;Monday;1;2023
620.0;1.0;8.0;Hell's Kitchen;34.0;2.45;Coffee;Premium brewed coffee;Jamaican Coffee River Sm;2.45;2023-01-02 09:54:48;9;Monday;1;2023
621.0;2.0;8.0;Hell's Kitchen;41.0;4.25;Coffee;Barista Espresso;Cappuccino Lg;8.5;2023-01-02 09:56:28;9;Monday;1;2023
622.0;1.0;5.0;Lower Manhattan;51.0;3.0;Tea;Brewed Black tea;Earl Grey Lg;3.0;2023-01-02 09:56:45;9;Monday;1;2023
623.0;2.0;5.0;Lower Manhattan;37.0;3.0;Coffee;Barista Espresso;Espresso shot;6.0;2023-01-02 09:58:47;9;Monday;1;2023
624.0;1.0;8.0;Hell's Kitchen;61.0;4.75;Drinking Chocolate;Hot chocolate;Sustainably Grown Organic Lg;4.75;2023-01-02 10:01:57;10;Monday;1;2023
626.0;1.0;8.0;Hell's Kitchen;76.0;3.5;Bakery;Biscotti;Chocolate Chip Biscotti;3.5;2023-01-02 10:03:39;10;Monday;1;2023
627.0;1.0;5.0;Lower Manhattan;58.0;3.5;Drinking Chocolate;Hot chocolate;Dark chocolate Rg;3.5;2023-01-02 10:05:11;10;Monday;1;2023
628.0;1.0;5.0;Lower Manhattan;55.0;4.0;Tea;Brewed Chai tea;Morning Sunrise Chai Lg;4.0;2023-01-02 10:05:22;10;Monday;1;2023
629.0;1.0;5.0;Lower Manhattan;26.0;3.0;Coffee;Organic brewed coffee;Brazilian Rg;3.0;2023-01-02 10:07:28;10;Monday;1;2023
630.0;1.0;8.0;Hell's Kitchen;43.0;3.0;Tea;Brewed herbal tea;Lemon Grass Lg;3.0;2023-01-02 10:08:23;10;Monday;1;2023
631.0;2.0;8.0;Hell's Kitchen;56.0;2.55;Tea;Brewed Chai tea;Spicy Eye Opener Chai Rg;5.1;2023-01-02 10:10:47;10;Monday;1;2023
632.0;2.0;5.0;Lower Manhattan;26.0;3.0;Coffee;Organic brewed coffee;Brazilian Rg;6.0;2023-01-02 10:13:55;10;Monday;1;2023
633.0;1.0;5.0;Lower Manhattan;79.0;3.75;Bakery;Scone;Jumbo Savory Scone;3.75;2023-01-02 10:13:55;10;Monday;1;2023
634.0;1.0;5.0;Lower Manhattan;28.0;2.0;Coffee;Gourmet brewed coffee;Columbian Medium Roast Sm;2.0;2023-01-02 10:16:43;10;Monday;1;2023
635.0;1.0;8.0;Hell's Kitchen;61.0;4.75;Drinking Chocolate;Hot chocolate;Sustainably Grown Organic Lg;4.75;2023-01-02 10:19:33;10;Monday;1;2023
;2.0;;Hell's Kitchen;;2.5;Tea;Brewed herbal tea;Lemon Grass Rg;5.0;2023-01-02 10:20:52;10;Monday;1;2023
637.0;1.0;5.0;Lower Manhattan;23.0;2.5;Coffee;Drip coffee;Our Old Time Diner Blend Rg;2.5;2023-01-02 10:22:19;10;Monday;1;2023
638.0;1.0;5.0;Lower Manhattan;23.0;2.5;Coffee;Drip coffee;Our Old Time Diner Blend Rg;2.5;2023-01-02 10:26:49;10;Monday;1;2023
639.0;1.0;5.0;Lower Manhattan;25.0;2.2;Coffee;Organic brewed coffee;Brazilian Sm;2.2;2023-01-02 10:27:05;10;Monday;1;2023
640.0;1.0;8.0;Hell's Kitchen;42.0;2.5;Tea;Brewed herbal tea;Lemon Grass Rg;2.5;2023-01-02 10:28:41;10;Monday;1;2023
641.0;2.0;8.0;Hell's Kitchen;44.0;2.5;Tea;Brewed herbal tea;Peppermint Rg;5.0;2023-01-02 10:30:39;10;Monday;1;2023
642.0;2.0;8.0;Hell's Kitchen;50.0;2.5;Tea;Brewed Black tea;Earl Grey Rg;5.0;2023-01-02 10:36:18;10;Monday;1;2023
643.0;1.0;5.0;Lower Manhattan;51.0;3.0;Tea;Brewed Black tea;Earl Grey Lg;3.0;2023-01-02 10:36:44;10;Monday;1;2023
644.0;2.0;8.0;Hell's Kitchen;51.0;3.0;Tea;Brewed Black tea;Earl Grey Lg;6.0;2023-01-02 10:38:55;10;Monday;1;2023
645.0;1.0;5.0;Lower Manhattan;53.0;3.0;Tea;Brewed Chai tea;Traditional Blend Chai Lg;3.0;2023-01-02 10:48:57;10;Monday;1;2023
646.0;1.0;8.0;Hell's Kitchen;32.0;3.0;Coffee;Gourmet brewed coffee;Ethiopia Rg;3.0;2023-01-02 10:49:58;10;Monday;1;2023
647.0;1.0;8.0;Hell's Kitchen;55.0;4.0;Tea;Brewed Chai tea;Morning Sunrise Chai Lg;4.0;2023-01-02 10:55:08;10;Monday;1;2023
648.0;1.0;;Hell's Kitchen;;2.5;Tea;Brewed Black tea;English Breakfast Rg;2.5;2023-01-02 10:55:35;10;Monday;1;2023
649.0;1.0;8.0;Hell's Kitchen;32.0;3.0;Coffee;Gourmet brewed coffee;Ethiopia Rg;3.0;2023-01-02 10:59:58;10;Monday;1;2023
650.0;2.0;5.0;Lower Manhattan;48.0;2.5;Tea;Brewed Black tea;English Breakfast Rg;5.0;2023-01-02 11:01:06;11;Monday;1;2023
651.0;1.0;3.0;Astoria;27.0;3.5;Coffee;Organic brewed coffee;Brazilian Lg;3.5;2023-01-02 11:04:21;11;Monday;1;2023
652.0;1.0;3.0;Astoria;70.0;3.25;Bakery;Scone;Cranberry Scone;3.25;2023-01-02 11:04:21;11;Monday;1;2023
653.0;1.0;3.0;Astoria;26.0;3.0;Coffee;Organic brewed coffee;Brazilian Rg;3.0;2023-01-02 11:06:10;11;Monday;1;2023
654.0;1.0;3.0;Astoria;77.0;3.0;Bakery;Scone;Oatmeal Scone;3.0;2023-01-02 11:06:10;11;Monday;1;2023
655.0;1.0;5.0;Lower Manhattan;25.0;2.2;Coffee;Organic brewed coffee;Brazilian Sm;2.2;2023-01-02 11:06:28;11;Monday;1;2023
656.0;2.0;8.0;Hell's Kitchen;29.0;2.5;Coffee;Gourmet brewed coffee;Columbian Medium Roast Rg;5.0;2023-01-02 11:10:15;11;Monday;1;2023
657.0;2.0;3.0;Astoria;26.0;3.0;Coffee;Organic brewed coffee;Brazilian Rg;6.0;2023-01-02 11:11:23;11;Monday;1;2023
659.0;1.0;5.0;Lower Manhattan;46.0;2.5;Tea;Brewed Green tea;Serenity Green Tea Rg;2.5;2023-01-02 11:12:33;11;Monday;1;2023
660.0;2.0;3.0;Astoria;22.0;2.0;Coffee;Drip coffee;Our Old Time Diner Blend Sm;4.0;2023-01-02 11:13:01;11;Monday;1;2023
661.0;1.0;8.0;Hell's Kitchen;50.0;2.5;Tea;Brewed Black tea;Earl Grey Rg;2.5;2023-01-02 11:13:37;11;Monday;1;2023
662.0;2.0;3.0;Astoria;32.0;3.0;Coffee;Gourmet brewed coffee;Ethiopia Rg;6.0;2023-01-02 11:14:15;11;Monday;1;2023
664.0;1.0;3.0;Astoria;30.0;3.0;Coffee;Gourmet brewed coffee;Columbian Medium Roast Lg;3.0;2023-01-02 11:15:28;11;Monday;1;2023
666.0;2.0;3.0;Astoria;31.0;2.2;Coffee;Gourmet brewed coffee;Ethiopia Sm;4.4;2023-01-02 11:16:51;11;Monday;1;2023
667.0;1.0;3.0;Astoria;75.0;3.5;Bakery;Pastry;Croissant;3.5;2023-01-02 11:16:51;11;Monday;1;2023
669.0;2.0;3.0;Astoria;52.0;2.5;Tea;Brewed Chai tea;Traditional Blend Chai Rg;5.0;2023-01-02 11:18:25;11;Monday;1;2023
670.0;2.0;3.0;Astoria;30.0;3.0;Coffee;Gourmet brewed coffee;Columbian Medium Roast Lg;6.0;2023-01-02 11:19:12;11;Monday;1;2023
671.0;1.0;8.0;Hell's Kitchen;35.0;3.1;Coffee;Premium brewed coffee;Jamaican Coffee River Rg;3.1;2023-01-02 11:19:42;11;Monday;1;2023
672.0;2.0;3.0;Astoria;29.0;2.5;Coffee;Gourmet brewed coffee;Columbian Medium Roast Rg;5.0;2023-01-02 11:21:43;11;Monday;1;2023
673.0;2.0;3.0;Astoria;38.0;3.75;Coffee;Barista Espresso;Latte;7.5;2023-01-02 11:21:49;11;Monday;1;2023
674.0;1.0;3.0;Astoria;53.0;3.0;Tea;Brewed Chai tea;Traditional Blend Chai Lg;3.0;2023-01-02 11:22:46;11;Monday;1;2023
675.0;2.0;5.0;Lower Manhattan;54.0;2.5;Tea;Brewed Chai tea;Morning Sunrise Chai Rg;5.0;2023-01-02 11:25:20;11;Monday;1;2023
676.0;2.0;5.0;Lower Manhattan;48.0;2.5;Tea;Brewed Black tea;English Breakfast Rg;5.0;2023-01-02 11:27:35;11;Monday;1;2023
677.0;2.0;8.0;Hell's Kitchen;47.0;3.0;Tea;Brewed Green tea;Serenity Green Tea Lg;6.0;2023-01-02 11:32:11;11;Monday;1;2023
679.0;1.0;3.0;Astoria;49.0;3.0;Tea;Brewed Black tea;English Breakfast Lg;3.0;2023-01-02 11:35:02;11;Monday;1;2023
680.0;1.0;3.0;Astoria;79.0;3.75;Bakery;Scone;Jumbo Savory Scone;3.75;2023-01-02 11:35:02;11;Monday;1;2023
682.0;1.0;3.0;Astoria;69.0;3.25;Bakery;Biscotti;Hazelnut Biscotti;3.25;2023-01-02 11:35:14;11;Monday;1;2023
683.0;2.0;5.0;Lower Manhattan;58.0;3.5;Drinking Chocolate;Hot chocolate;Dark chocolate Rg;7.0;2023-01-02 11:36:50;11;Monday;1;2023
684.0;2.0;3.0;Astoria;24.0;3.0;Coffee;Drip coffee;Our Old Time Diner Blend Lg;6.0;2023-01-02 11:38:23;11;Monday;1;2023
685.0;2.0;5.0;Lower Manhattan;42.0;2.5;Tea;Brewed herbal tea;Lemon Grass Rg;5.0;2023-01-02 11:39:11;11;Monday;1;2023
686.0;1.0;5.0;Lower Manhattan;74.0;3.5;Bakery;Biscotti;Ginger Biscotti;3.5;2023-01-02 11:39:11;11;Monday;1;2023
687.0;2.0;8.0;Hell's Kitchen;45.0;3.0;Tea;Brewed herbal tea;Peppermint Lg;6.0;2023-01-02 11:40:12;11;Monday;1;2023
688.0;1.0;5.0;Lower Manhattan;48.0;2.5;Tea;Brewed Black tea;English Breakfast Rg;2.5;2023-01-02 11:41:54;11;Monday;1;2023
689.0;2.0;8.0;Hell's Kitchen;45.0;3.0;Tea;Brewed herbal tea;Peppermint Lg;6.0;2023-01-02 11:42:36;11;Monday;1;2023
690.0;1.0;8.0;Hell's Kitchen;72.0;3.25;Bakery;Scone;Ginger Scone;3.25;2023-01-02 11:42:36;11;Monday;1;2023
691.0;2.0;3.0;Astoria;26.0;3.0;Coffee;Organic brewed coffee;Brazilian Rg;6.0;2023-01-02 11:43:04;11;Monday;1;2023
692.0;1.0;5.0;Lower Manhattan;44.0;2.5;Tea;Brewed herbal tea;Peppermint Rg;2.5;2023-01-02 11:49:10;11;Monday;1;2023
693.0;1.0;8.0;Hell's Kitchen;33.0;3.5;Coffee;Gourmet brewed coffee;Ethiopia Lg;3.5;2023-01-02 11:50:18;11;Monday;1;2023
694.0;1.0;8.0;Hell's Kitchen;33.0;3.5;Coffee;Gourmet brewed coffee;Ethiopia Lg;3.5;2023-01-02 11:50:32;11;Monday;1;2023
695.0;2.0;8.0;Hell's Kitchen;48.0;2.5;Tea;Brewed Black tea;English Breakfast Rg;5.0;2023-01-02 11:53:48;11;Monday;1;2023
697.0;2.0;5.0;Lower Manhattan;43.0;3.0;Tea;Brewed herbal tea;Lemon Grass Lg;6.0;2023-01-02 11:54:01;11;Monday;1;2023
698.0;1.0;3.0;Astoria;26.0;3.0;Coffee;Organic brewed coffee;Brazilian Rg;3.0;2023-01-02 11:54:30;11;Monday;1;2023
699.0;1.0;3.0;Astoria;53.0;3.0;Tea;Brewed Chai tea;Traditional Blend Chai Lg;3.0;2023-01-02 11:55:31;11;Monday;1;2023
700.0;1.0;8.0;Hell's Kitchen;28.0;2.0;Coffee;Gourmet brewed coffee;Columbian Medium Roast Sm;2.0;2023-01-02 11:56:26;11;Monday;1;2023
701.0;1.0;8.0;Hell's Kitchen;37.0;3.0;Coffee;Barista Espresso;Espresso shot;3.0;2023-01-02 11:56:58;11;Monday;1;2023
702.0;1.0;8.0;Hell's Kitchen;78.0;4.5;Bakery;Scone;Scottish Cream Scone ;4.5;2023-01-02 11:56:58;11;Monday;1;2023
703.0;2.0;8.0;Hell's Kitchen;35.0;3.1;Coffee;Premium brewed coffee;Jamaican Coffee River Rg;6.2;2023-01-02 11:58:49;11;Monday;1;2023
704.0;1.0;8.0;Hell's Kitchen;71.0;3.75;Bakery;Pastry;Chocolate Croissant;3.75;2023-01-02 11:58:49;11;Monday;1;2023
705.0;1.0;3.0;Astoria;53.0;3.0;Tea;Brewed Chai tea;Traditional Blend Chai Lg;3.0;2023-01-02 12:01:50;12;Monday;1;2023
706.0;1.0;3.0;Astoria;23.0;2.5;Coffee;Drip coffee;Our Old Time Diner Blend Rg;2.5;2023-01-02 12:03:47;12;Monday;1;2023
707.0;1.0;3.0;Astoria;32.0;3.0;Coffee;Gourmet brewed coffee;Ethiopia Rg;3.0;2023-01-02 12:06:18;12;Monday;1;2023
708.0;2.0;3.0;Astoria;24.0;3.0;Coffee;Drip coffee;Our Old Time Diner Blend Lg;6.0;2023-01-02 12:12:01;12;Monday;1;2023
709.0;1.0;3.0;Astoria;42.0;2.5;Tea;Brewed herbal tea;Lemon Grass Rg;2.5;2023-01-02 12:12:44;12;Monday;1;2023
710.0;1.0;8.0;Hell's Kitchen;54.0;2.5;Tea;Brewed Chai tea;Morning Sunrise Chai Rg;2.5;2023-01-02 12:14:00;12;Monday;1;2023
711.0;1.0;3.0;Astoria;55.0;4.0;Tea;Brewed Chai tea;Morning Sunrise Chai Lg;4.0;2023-01-02 12:18:13;12;Monday;1;2023
712.0;2.0;3.0;Astoria;25.0;2.2;Coffee;Organic brewed coffee;Brazilian Sm;4.4;2023-01-02 12:18:22;12;Monday;1;2023
713.0;1.0;3.0;Astoria;79.0;3.75;Bakery;Scone;Jumbo Savory Scone;3.75;2023-01-02 12:18:22;12;Monday;1;2023
714.0;1.0;5.0;Lower Manhattan;47.0;3.0;Tea;Brewed Green tea;Serenity Green Tea Lg;3.0;2023-01-02 12:20:43;12;Monday;1;2023
715.0;1.0;5.0;Lower Manhattan;71.0;3.75;Bakery;Pastry;Chocolate Croissant;3.75;2023-01-02 12:20:43;12;Monday;1;2023
716.0;1.0;8.0;Hell's Kitchen;48.0;2.5;Tea;Brewed Black tea;English Breakfast Rg;2.5;2023-01-02 12:21:38;12;Monday;1;2023
717.0;1.0;3.0;Astoria;49.0;3.0;Tea;Brewed Black tea;English Breakfast Lg;3.0;2023-01-02 12:21:39;12;Monday;1;2023
718.0;2.0;3.0;Astoria;53.0;3.0;Tea;Brewed Chai tea;Traditional Blend Chai Lg;6.0;2023-01-02 12:21:58;12;Monday;1;2023
719.0;1.0;3.0;Astoria;22.0;2.0;Coffee;Drip coffee;Our Old Time Diner Blend Sm;2.0;2023-01-02 12:22:04;12;Monday;1;2023
720.0;1.0;5.0;Lower Manhattan;55.0;4.0;Tea;Brewed Chai tea;Morning Sunrise Chai Lg;4.0;2023-01-02 12:22:12;12;Monday;1;2023
721.0;1.0;5.0;Lower Manhattan;79.0;3.75;Bakery;Scone;Jumbo Savory Scone;3.75;2023-01-02 12:22:12;12;Monday;1;2023
722.0;1.0;5.0;Lower Manhattan;22.0;2.0;Coffee;Drip coffee;Our Old Time Diner Blend Sm;2.0;2023-01-02 12:23:03;12;Monday;1;2023
723.0;1.0;3.0;Astoria;43.0;3.0;Tea;Brewed herbal tea;Lemon Grass Lg;3.0;2023-01-02 12:23:30;12;Monday;1;2023
724.0;1.0;3.0;Astoria;78.0;4.5;Bakery;Scone;Scottish Cream Scone ;4.5;2023-01-02 12:23:30;12;Monday;1;2023
725.0;2.0;5.0;Lower Manhattan;33.0;3.5;Coffee;Gourmet brewed coffee;Ethiopia Lg;7.0;2023-01-02 12:24:39;12;Monday;1;2023
726.0;1.0;5.0;Lower Manhattan;69.0;3.25;Bakery;Biscotti;Hazelnut Biscotti;3.25;2023-01-02 12:24:39;12;Monday;1;2023
727.0;1.0;3.0;Astoria;24.0;3.0;Coffee;Drip coffee;Our Old Time Diner Blend Lg;3.0;2023-01-02 12:25:03;12;Monday;1;2023
728.0;2.0;5.0;Lower Manhattan;56.0;2.55;Tea;Brewed Chai tea;Spicy Eye Opener Chai Rg;5.1;2023-01-02 12:25:24;12;Monday;1;2023
729.0;2.0;5.0;Lower Manhattan;25.0;2.2;Coffee;Organic brewed coffee;Brazilian Sm;4.4;2023-01-02 12:26:13;12;Monday;1;2023
730.0;1.0;5.0;Lower Manhattan;78.0;4.5;Bakery;Scone;Scottish Cream Scone ;4.5;2023-01-02 12:26:13;12;Monday;1;2023
731.0;1.0;8.0;Hell's Kitchen;28.0;2.0;Coffee;Gourmet brewed coffee;Columbian Medium Roast Sm;2.0;2023-01-02 12:26:18;12;Monday;1;2023
732.0;1.0;8.0;Hell's Kitchen;60.0;3.75;Drinking Chocolate;Hot chocolate;Sustainably Grown Organic Rg;3.75;2023-01-02 12:27:01;12;Monday;1;2023
733.0;2.0;3.0;Astoria;51.0;3.0;Tea;Brewed Black tea;Earl Grey Lg;6.0;2023-01-02 12:28:08;12;Monday;1;2023
734.0;1.0;3.0;Astoria;60.0;3.75;Drinking Chocolate;Hot chocolate;Sustainably Grown Organic Rg;3.75;2023-01-02 12:28:25;12;Monday;1;2023
735.0;1.0;3.0;Astoria;24.0;3.0;Coffee;Drip coffee;Our Old Time Diner Blend Lg;3.0;2023-01-02 12:29:07;12;Monday;1;2023
737.0;1.0;8.0;Hell's Kitchen;57.0;3.1;Tea;Brewed Chai tea;Spicy Eye Opener Chai Lg;3.1;2023-01-02 12:32:19;12;Monday;1;2023
738.0;2.0;3.0;Astoria;32.0;3.0;Coffee;Gourmet brewed coffee;Ethiopia Rg;6.0;2023-01-02 12:33:04;12;Monday;1;2023
739.0;1.0;3.0;Astoria;24.0;3.0;Coffee;Drip coffee;Our Old Time Diner Blend Lg;3.0;2023-01-02 12:34:00;12;Monday;1;2023
740.0;1.0;8.0;Hell's Kitchen;43.0;3.0;Tea;Brewed herbal tea;Lemon Grass Lg;3.0;2023-01-02 12:36:06;12;Monday;1;2023
741.0;1.0;5.0;Lower Manhattan;25.0;2.2;Coffee;Organic brewed coffee;Brazilian Sm;2.2;2023-01-02 12:36:37;12;Monday;1;2023
742.0;2.0;8.0;Hell's Kitchen;87.0;3.0;Coffee;Barista Espresso;Ouro Brasileiro shot;6.0;2023-01-02 12:38:47;12;Monday;1;2023
743.0;1.0;3.0;Astoria;56.0;2.55;Tea;Brewed Chai tea;Spicy Eye Opener Chai Rg;2.55;2023-01-02 12:38:51;12;Monday;1;2023
744.0;2.0;5.0;Lower Manhattan;87.0;3.0;Coffee;Barista Espresso;Ouro Brasileiro shot;6.0;2023-01-02 12:39:04;12;Monday;1;2023
745.0;1.0;8.0;Hell's Kitchen;87.0;3.0;Coffee;Barista Espresso;Ouro Brasileiro shot;3.0;2023-01-02 12:41:28;12;Monday;1;2023
746.0;1.0;5.0;Lower Manhattan;52.0;2.5;Tea;Brewed Chai tea;Traditional Blend Chai Rg;2.5;2023-01-02 12:42:19;12;Monday;1;2023
747.0;1.0;8.0;Hell's Kitchen;60.0;3.75;Drinking Chocolate;Hot chocolate;Sustainably Grown Organic Rg;3.75;2023-01-02 12:42:47;12;Monday;1;2023
748.0;1.0;5.0;Lower Manhattan;26.0;3.0;Coffee;Organic brewed coffee;Brazilian Rg;3.0;2023-01-02 12:45:02;12;Monday;1;2023
749.0;2.0;3.0;Astoria;46.0;2.5;Tea;Brewed Green tea;Serenity Green Tea Rg;5.0;2023-01-02 12:46:04;12;Monday;1;2023
750.0;2.0;3.0;Astoria;46.0;2.5;Tea;Brewed Green tea;Serenity Green Tea Rg;5.0;2023-01-02 12:47:49;12;Monday;1;2023
751.0;2.0;8.0;Hell's Kitchen;22.0;2.0;Coffee;Drip coffee;Our Old Time Diner Blend Sm;4.0;2023-01-02 12:53:16;12;Monday;1;2023
752.0;1.0;5.0;Lower Manhattan;58.0;3.5;Drinking Chocolate;Hot chocolate;Dark chocolate Rg;3.5;2023-01-02 12:54:07;12;Monday;1;2023
753.0;1.0;5.0;Lower Manhattan;77.0;3.0;Bakery;Scone;Oatmeal Scone;3.0;2023-01-02 12:54:07;12;Monday;1;2023
754.0;2.0;5.0;Lower Manhattan;52.0;2.5;Tea;Brewed Chai tea;Traditional Blend Chai Rg;5.0;2023-01-02 12:54:53;12;Monday;1;2023
755.0;1.0;3.0;Astoria;52.0;2.5;Tea;Brewed Chai tea;Traditional Blend Chai Rg;2.5;2023-01-02 12:55:19;12;Monday;1;2023
756.0;2.0;8.0;Hell's Kitchen;30.0;3.0;Coffee;Gourmet brewed coffee;Columbian Medium Roast Lg;6.0;2023-01-02 12:57:55;12;Monday;1;2023
757.0;2.0;3.0;Astoria;53.0;3.0;Tea;Brewed Chai tea;Traditional Blend Chai Lg;6.0;2023-01-02 12:58:04;12;Monday;1;2023
758.0;2.0;8.0;Hell's Kitchen;26.0;3.0;Coffee;Organic brewed coffee;Brazilian Rg;6.0;2023-01-02 12:58:38;12;Monday;1;2023
759.0;1.0;8.0;Hell's Kitchen;35.0;3.1;Coffee;Premium brewed coffee;Jamaican Coffee River Rg;3.1;2023-01-02 12:58:57;12;Monday;1;2023
760.0;1.0;8.0;Hell's Kitchen;47.0;3.0;Tea;Brewed Green tea;Serenity Green Tea Lg;3.0;2023-01-02 12:59:28;12;Monday;1;2023
761.0;2.0;3.0;Astoria;24.0;3.0;Coffee;Drip coffee;Our Old Time Diner Blend Lg;6.0;2023-01-02 12:59:45;12;Monday;1;2023
762.0;2.0;3.0;Astoria;27.0;3.5;Coffee;Organic brewed coffee;Brazilian Lg;7.0;2023-01-02 13:02:03;13;Monday;1;2023
763.0;2.0;8.0;Hell's Kitchen;40.0;3.75;Coffee;Barista Espresso;Cappuccino;7.5;2023-01-02 13:03:14;13;Monday;1;2023
764.0;1.0;8.0;Hell's Kitchen;76.0;3.5;Bakery;Biscotti;Chocolate Chip Biscotti;3.5;2023-01-02 13:03:14;13;Monday;1;2023
765.0;2.0;5.0;Lower Manhattan;22.0;2.0;Coffee;Drip coffee;Our Old Time Diner Blend Sm;4.0;2023-01-02 13:03:33;13;Monday;1;2023
766.0;2.0;3.0;Astoria;28.0;2.0;Coffee;Gourmet brewed coffee;Columbian Medium Roast Sm;4.0;2023-01-02 13:03:53;13;Monday;1;2023
767.0;1.0;8.0;Hell's Kitchen;49.0;3.0;Tea;Brewed Black tea;English Breakfast Lg;3.0;2023-01-02 13:04:02;13;Monday;1;2023
768.0;2.0;3.0;Astoria;27.0;3.5;Coffee;Organic brewed coffee;Brazilian Lg;7.0;2023-01-02 13:04:56;13;Monday;1;2023
769.0;1.0;3.0;Astoria;61.0;4.75;Drinking Chocolate;Hot chocolate;Sustainably Grown Organic Lg;4.75;2023-01-02 13:05:41;13;Monday;1;2023
770.0;1.0;5.0;Lower Manhattan;51.0;3.0;Tea;Brewed Black tea;Earl Grey Lg;3.0;2023-01-02 13:09:27;13;Monday;1;2023
771.0;1.0;5.0;Lower Manhattan;70.0;3.25;Bakery;Scone;Cranberry Scone;3.25;2023-01-02 13:09:27;13;Monday;1;2023
772.0;1.0;8.0;Hell's Kitchen;33.0;3.5;Coffee;Gourmet brewed coffee;Ethiopia Lg;3.5;2023-01-02 13:10:17;13;Monday;1;2023
773.0;1.0;8.0;Hell's Kitchen;78.0;4.5;Bakery;Scone;Scottish Cream Scone ;4.5;2023-01-02 13:10:17;13;Monday;1;2023
774.0;2.0;8.0;Hell's Kitchen;43.0;3.0;Tea;Brewed herbal tea;Lemon Grass Lg;6.0;2023-01-02 13:10:41;13;Monday;1;2023
775.0;2.0;5.0;Lower Manhattan;31.0;2.2;Coffee;Gourmet brewed coffee;Ethiopia Sm;4.4;2023-01-02 13:14:54;13;Monday;1;2023
776.0;1.0;5.0;Lower Manhattan;24.0;3.0;Coffee;Drip coffee;Our Old Time Diner Blend Lg;3.0;2023-01-02 13:15:40;13;Monday;1;2023
777.0;2.0;3.0;Astoria;46.0;2.5;Tea;Brewed Green tea;Serenity Green Tea Rg;5.0;2023-01-02 13:21:09;13;Monday;1;2023
778.0;2.0;8.0;Hell's Kitchen;50.0;2.5;Tea;Brewed Black tea;Earl Grey Rg;5.0;2023-01-02 13:21:23;13;Monday;1;2023
779.0;2.0;3.0;Astoria;39.0;4.25;Coffee;Barista Espresso;Latte Rg;8.5;2023-01-02 13:23:18;13;Monday;1;2023
780.0;1.0;3.0;Astoria;44.0;2.5;Tea;Brewed herbal tea;Peppermint Rg;2.5;2023-01-02 13:23:38;13;Monday;1;2023
781.0;2.0;3.0;Astoria;31.0;2.2;Coffee;Gourmet brewed coffee;Ethiopia Sm;4.4;2023-01-02 13:24:33;13;Monday;1;2023
;1.0;;Hell's Kitchen;;3.1;Tea;Brewed Chai tea;Spicy Eye Opener Chai Lg;3.1;2023-01-02 13:25:02;13;Monday;1;2023
783.0;1.0;3.0;Astoria;47.0;3.0;Tea;Brewed Green tea;Serenity Green Tea Lg;3.0;2023-01-02 13:26:47;13;Monday;1;2023
784.0;2.0;8.0;Hell's Kitchen;44.0;2.5;Tea;Brewed herbal tea;Peppermint Rg;5.0;2023-01-02 13:28:24;13;Monday;1;2023
785.0;1.0;3.0;Astoria;38.0;3.75;Coffee;Barista Espresso;Latte;3.75;2023-01-02 13:29:51;13;Monday;1;2023
787.0;2.0;3.0;Astoria;27.0;3.5;Coffee;Organic brewed coffee;Brazilian Lg;7.0;2023-01-02 13:30:00;13;Monday;1;2023
788.0;1.0;3.0;Astoria;76.0;3.5;Bakery;Biscotti;Chocolate Chip Biscotti;3.5;2023-01-02 13:30:00;13;Monday;1;2023
789.0;1.0;8.0;Hell's Kitchen;50.0;2.5;Tea;Brewed Black tea;Earl Grey Rg;2.5;2023-01-02 13:30:05;13;Monday;1;2023
790.0;1.0;3.0;Astoria;30.0;3.0;Coffee;Gourmet brewed coffee;Columbian Medium Roast Lg;3.0;2023-01-02 13:30:15;13;Monday;1;2023
791.0;2.0;3.0;Astoria;39.0;4.25;Coffee;Barista Espresso;Latte Rg;8.5;2023-01-02 13:30:30;13;Monday;1;2023
792.0;1.0;8.0;Hell's Kitchen;31.0;2.2;Coffee;Gourmet brewed coffee;Ethiopia Sm;2.2;2023-01-02 13:30:30;13;Monday;1;2023
793.0;1.0;8.0;Hell's Kitchen;23.0;2.5;Coffee;Drip coffee;Our Old Time Diner Blend Rg;2.5;2023-01-02 13:34:02;13;Monday;1;2023
795.0;2.0;8.0;Hell's Kitchen;30.0;3.0;Coffee;Gourmet brewed coffee;Columbian Medium Roast Lg;6.0;2023-01-02 13:35:24;13;Monday;1;2023
796.0;2.0;3.0;Astoria;23.0;2.5;Coffee;Drip coffee;Our Old Time Diner Blend Rg;5.0;2023-01-02 13:39:11;13;Monday;1;2023
;1.0;;Astoria;39.0;4.25;Coffee;Barista Espresso;Latte Rg;4.25;2023-01-02 13:40:11;13;Monday;1;2023
798.0;2.0;8.0;Hell's Kitchen;47.0;3.0;Tea;Brewed Green tea;Serenity Green Tea Lg;6.0;2023-01-02 13:40:36;13;Monday;1;2023
799.0;1.0;5.0;Lower Manhattan;48.0;2.5;Tea;Brewed Black tea;English Breakfast Rg;2.5;2023-01-02 13:40:53;13;Monday;1;2023
800.0;1.0;5.0;Lower Manhattan;79.0;3.75;Bakery;Scone;Jumbo Savory Scone;3.75;2023-01-02 13:40:53;13;Monday;1;2023
801.0;1.0;8.0;Hell's Kitchen;36.0;3.75;Coffee;Premium brewed coffee;Jamaican Coffee River Lg;3.75;2023-01-02 13:42:07;13;Monday;1;2023
802.0;1.0;3.0;Astoria;28.0;2.0;Coffee;Gourmet brewed coffee;Columbian Medium Roast Sm;2.0;2023-01-02 13:47:24;13;Monday;1;2023
803.0;2.0;8.0;Hell's Kitchen;59.0;4.5;Drinking Chocolate;Hot chocolate;Dark chocolate Lg;9.0;2023-01-02 13:47:27;13;Monday;1;2023
804.0;2.0;8.0;Hell's Kitchen;26.0;3.0;Coffee;Organic brewed coffee;Brazilian Rg;6.0;2023-01-02 13:48:27;13;Monday;1;2023
805.0;1.0;8.0;Hell's Kitchen;73.0;3.75;Bakery;Pastry;Almond Croissant;3.75;2023-01-02 13:48:27;13;Monday;1;2023
806.0;1.0;3.0;Astoria;60.0;3.75;Drinking Chocolate;Hot chocolate;Sustainably Grown Organic Rg;3.75;2023-01-02 13:51:33;13;Monday;1;2023
807.0;1.0;3.0;Astoria;70.0;3.25;Bakery;Scone;Cranberry Scone;3.25;2023-01-02 13:51:33;13;Monday;1;2023
808.0;2.0;3.0;Astoria;54.0;2.5;Tea;Brewed Chai tea;Morning Sunrise Chai Rg;5.0;2023-01-02 13:52:27;13;Monday;1;2023
810.0;1.0;8.0;Hell's Kitchen;79.0;3.75;Bakery;Scone;Jumbo Savory Scone;3.75;2023-01-02 13:53:04;13;Monday;1;2023
811.0;1.0;8.0;Hell's Kitchen;23.0;2.5;Coffee;Drip coffee;Our Old Time Diner Blend Rg;2.5;2023-01-02 13:55:38;13;Monday;1;2023
812.0;1.0;8.0;Hell's Kitchen;71.0;3.75;Bakery;Pastry;Chocolate Croissant;3.75;2023-01-02 13:55:38;13;Monday;1;2023
813.0;1.0;5.0;Lower Manhattan;39.0;4.25;Coffee;Barista Espresso;Latte Rg;4.25;2023-01-02 13:56:19;13;Monday;1;2023
814.0;2.0;8.0;Hell's Kitchen;38.0;3.75;Coffee;Barista Espresso;Latte;7.5;2023-01-02 13:57:59;13;Monday;1;2023
815.0;2.0;3.0;Astoria;36.0;3.75;Coffee;Premium brewed coffee;Jamaican Coffee River Lg;7.5;2023-01-02 13:58:30;13;Monday;1;2023
816.0;1.0;3.0;Astoria;39.0;4.25;Coffee;Barista Espresso;Latte Rg;4.25;2023-01-02 13:58:36;13;Monday;1;2023
817.0;1.0;8.0;Hell's Kitchen;46.0;2.5;Tea;Brewed Green tea;Serenity Green Tea Rg;2.5;2023-01-02 14:01:23;14;Monday;1;2023
818.0;2.0;8.0;Hell's Kitchen;25.0;2.2;Coffee;Organic brewed coffee;Brazilian Sm;4.4;2023-01-02 14:02:16;14;Monday;1;2023
819.0;2.0;3.0;Astoria;22.0;2.0;Coffee;Drip coffee;Our Old Time Diner Blend Sm;4.0;2023-01-02 14:02:44;14;Monday;1;2023
820.0;1.0;3.0;Astoria;59.0;4.5;Drinking Chocolate;Hot chocolate;Dark chocolate Lg;4.5;2023-01-02 14:03:27;14;Monday;1;2023
821.0;1.0;5.0;Lower Manhattan;56.0;2.55;Tea;Brewed Chai tea;Spicy Eye Opener Chai Rg;2.55;2023-01-02 14:05:27;14;Monday;1;2023
822.0;1.0;5.0;Lower Manhattan;75.0;3.5;Bakery;Pastry;Croissant;3.5;2023-01-02 14:05:27;14;Monday;1;2023
823.0;1.0;3.0;Astoria;37.0;3.0;Coffee;Barista Espresso;Espresso shot;3.0;2023-01-02 14:07:17;14;Monday;1;2023
824.0;2.0;5.0;Lower Manhattan;60.0;3.75;Drinking Chocolate;Hot chocolate;Sustainably Grown Organic Rg;7.5;2023-01-02 14:07:49;14;Monday;1;2023
825.0;1.0;3.0;Astoria;40.0;3.75;Coffee;Barista Espresso;Cappuccino;3.75;2023-01-02 14:08:49;14;Monday;1;2023
826.0;1.0;5.0;Lower Manhattan;28.0;2.0;Coffee;Gourmet brewed coffee;Columbian Medium Roast Sm;2.0;2023-01-02 14:11:08;14;Monday;1;2023
827.0;1.0;8.0;Hell's Kitchen;46.0;2.5;Tea;Brewed Green tea;Serenity Green Tea Rg;2.5;2023-01-02 14:12:00;14;Monday;1;2023
828.0;2.0;5.0;Lower Manhattan;51.0;3.0;Tea;Brewed Black tea;Earl Grey Lg;6.0;2023-01-02 14:12:07;14;Monday;1;2023
829.0;2.0;3.0;Astoria;54.0;2.5;Tea;Brewed Chai tea;Morning Sunrise Chai Rg;5.0;2023-01-02 14:12:35;14;Monday;1;2023
831.0;1.0;8.0;Hell's Kitchen;55.0;4.0;Tea;Brewed Chai tea;Morning Sunrise Chai Lg;4.0;2023-01-02 14:13:26;14;Monday;1;2023
832.0;2.0;5.0;Lower Manhattan;25.0;2.2;Coffee;Organic brewed coffee;Brazilian Sm;4.4;2023-01-02 14:13:37;14;Monday;1;2023
833.0;2.0;3.0;Astoria;58.0;3.5;Drinking Chocolate;Hot chocolate;Dark chocolate Rg;7.0;2023-01-02 14:14:26;14;Monday;1;2023
834.0;1.0;3.0;Astoria;23.0;2.5;Coffee;Drip coffee;Our Old Time Diner Blend Rg;2.5;2023-01-02 14:17:08;14;Monday;1;2023
835.0;2.0;3.0;Astoria;61.0;4.75;Drinking Chocolate;Hot chocolate;Sustainably Grown Organic Lg;9.5;2023-01-02 14:17:55;14;Monday;1;2023
836.0;1.0;3.0;Astoria;75.0;3.5;Bakery;Pastry;Croissant;3.5;2023-01-02 14:17:55;14;Monday;1;2023
837.0;1.0;3.0;Astoria;49.0;3.0;Tea;Brewed Black tea;English Breakfast Lg;3.0;2023-01-02 14:19:24;14;Monday;1;2023
838.0;2.0;8.0;Hell's Kitchen;41.0;4.25;Coffee;Barista Espresso;Cappuccino Lg;8.5;2023-01-02 14:21:55;14;Monday;1;2023
839.0;1.0;3.0;Astoria;30.0;3.0;Coffee;Gourmet brewed coffee;Columbian Medium Roast Lg;3.0;2023-01-02 14:24:46;14;Monday;1;2023
840.0;1.0;8.0;Hell's Kitchen;31.0;2.2;Coffee;Gourmet brewed coffee;Ethiopia Sm;2.2;2023-01-02 14:25:35;14;Monday;1;2023
841.0;1.0;8.0;Hell's Kitchen;36.0;3.75;Coffee;Premium brewed coffee;Jamaican Coffee River Lg;3.75;2023-01-02 14:26:33;14;Monday;1;2023
842.0;2.0;3.0;Astoria;43.0;3.0;Tea;Brewed herbal tea;Lemon Grass Lg;6.0;2023-01-02 14:29:35;14;Monday;1;2023
843.0;1.0;3.0;Astoria;71.0;3.75;Bakery;Pastry;Chocolate Croissant;3.75;2023-01-02 14:29:35;14;Monday;1;2023
844.0;1.0;3.0;Astoria;22.0;2.0;Coffee;Drip coffee;Our Old Time Diner Blend Sm;2.0;2023-01-02 14:33:26;14;Monday;1;2023
845.0;2.0;5.0;Lower Manhattan;37.0;3.0;Coffee;Barista Espresso;Espresso shot;6.0;2023-01-02 14:33:58;14;Monday;1;2023
846.0;1.0;3.0;Astoria;48.0;2.5;Tea;Brewed Black tea;English Breakfast Rg;2.5;2023-01-02 14:34:53;14;Monday;1;2023
847.0;2.0;5.0;Lower Manhattan;87.0;3.0;Coffee;Barista Espresso;Ouro Brasileiro shot;6.0;2023-01-02 14:36:56;14;Monday;1;2023
848.0;2.0;8.0;Hell's Kitchen;52.0;2.5;Tea;Brewed Chai tea;Traditional Blend Chai Rg;5.0;2023-01-02 14:37:44;14;Monday;1;2023
849.0;1.0;8.0;Hell's Kitchen;24.0;3.0;Coffee;Drip coffee;Our Old Time Diner Blend Lg;3.0;2023-01-02 14:39:18;14;Monday;1;2023
850.0;2.0;3.0;Astoria;40.0;3.75;Coffee;Barista Espresso;Cappuccino;7.5;2023-01-02 14:40:25;14;Monday;1;2023
851.0;1.0;3.0;Astoria;47.0;3.0;Tea;Brewed Green tea;Serenity Green Tea Lg;3.0;2023-01-02 14:42:21;14;Monday;1;2023
852.0;1.0;3.0;Astoria;72.0;3.25;Bakery;Scone;Ginger Scone;3.25;2023-01-02 14:42:21;14;Monday;1;2023
853.0;2.0;5.0;Lower Manhattan;52.0;2.5;Tea;Brewed Chai tea;Traditional Blend Chai Rg;5.0;2023-01-02 14:44:28;14;Monday;1;2023
854.0;2.0;8.0;Hell's Kitchen;23.0;2.5;Coffee;Drip coffee;Our Old Time Diner Blend Rg;5.0;2023-01-02 14:46:31;14;Monday;1;2023
855.0;2.0;5.0;Lower Manhattan;27.0;3.5;Coffee;Organic brewed coffee;Brazilian Lg;7.0;2023-01-02 14:48:02;14;Monday;1;2023
856.0;1.0;5.0;Lower Manhattan;41.0;4.25;Coffee;Barista Espresso;Cappuccino Lg;4.25;2023-01-02 14:48:05;14;Monday;1;2023
857.0;1.0;8.0;Hell's Kitchen;32.0;3.0;Coffee;Gourmet brewed coffee;Ethiopia Rg;3.0;2023-01-02 14:48:53;14;Monday;1;2023
858.0;1.0;3.0;Astoria;36.0;3.75;Coffee;Premium brewed coffee;Jamaican Coffee River Lg;3.75;2023-01-02 14:51:11;14;Monday;1;2023
859.0;1.0;5.0;Lower Manhattan;46.0;2.5;Tea;Brewed Green tea;Serenity Green Tea Rg;2.5;2023-01-02 14:52:26;14;Monday;1;2023
860.0;1.0;5.0;Lower Manhattan;76.0;3.5;Bakery;Biscotti;Chocolate Chip Biscotti;3.5;2023-01-02 14:52:26;14;Monday;1;2023
861.0;2.0;3.0;Astoria;37.0;3.0;Coffee;Barista Espresso;Espresso shot;6.0;2023-01-02 14:54:33;14;Monday;1;2023
862.0;1.0;5.0;Lower Manhattan;87.0;3.0;Coffee;Barista Espresso;Ouro Brasileiro shot;3.0;2023-01-02 14:54:40;14;Monday;1;2023
863.0;2.0;5.0;Lower Manhattan;52.0;2.5;Tea;Brewed Chai tea;Traditional Blend Chai Rg;5.0;2023-01-02 14:54:46;14;Monday;1;2023
864.0;2.0;8.0;Hell's Kitchen;36.0;3.75;Coffee;Premium brewed coffee;Jamaican Coffee River Lg;7.5;2023-01-02 14:55:38;14;Monday;1;2023
865.0;2.0;8.0;Hell's Kitchen;87.0;3.0;Coffee;Barista Espresso;Ouro Brasileiro shot;6.0;2023-01-02 14:58:21;14;Monday;1;2023
866.0;2.0;8.0;Hell's Kitchen;46.0;2.5;Tea;Brewed Green tea;Serenity Green Tea Rg;5.0;2023-01-02 14:58:28;14;Monday;1;2023
867.0;1.0;8.0;Hell's Kitchen;30.0;3.0;Coffee;Gourmet brewed coffee;Columbian Medium Roast Lg;3.0;2023-01-02 14:59:08;14;Monday;1;2023
868.0;2.0;3.0;Astoria;26.0;3.0;Coffee;Organic brewed coffee;Brazilian Rg;6.0;2023-01-02 15:03:12;15;Monday;1;2023
869.0;1.0;3.0;Astoria;73.0;3.75;Bakery;Pastry;Almond Croissant;3.75;2023-01-02 15:03:12;15;Monday;1;2023
870.0;2.0;3.0;Astoria;23.0;2.5;Coffee;Drip coffee;Our Old Time Diner Blend Rg;5.0;2023-01-02 15:04:21;15;Monday;1;2023
871.0;1.0;3.0;Astoria;27.0;3.5;Coffee;Organic brewed coffee;Brazilian Lg;3.5;2023-01-02 15:05:22;15;Monday;1;2023
872.0;1.0;3.0;Astoria;79.0;3.75;Bakery;Scone;Jumbo Savory Scone;3.75;2023-01-02 15:05:22;15;Monday;1;2023
874.0;1.0;8.0;Hell's Kitchen;44.0;2.5;Tea;Brewed herbal tea;Peppermint Rg;2.5;2023-01-02 15:10:48;15;Monday;1;2023
875.0;1.0;3.0;Astoria;52.0;2.5;Tea;Brewed Chai tea;Traditional Blend Chai Rg;2.5;2023-01-02 15:12:44;15;Monday;1;2023
876.0;1.0;3.0;Astoria;40.0;3.75;Coffee;Barista Espresso;Cappuccino;3.75;2023-01-02 15:15:03;15;Monday;1;2023
877.0;1.0;3.0;Astoria;77.0;3.0;Bakery;Scone;Oatmeal Scone;3.0;2023-01-02 15:15:03;15;Monday;1;2023
879.0;1.0;3.0;Astoria;53.0;3.0;Tea;Brewed Chai tea;Traditional Blend Chai Lg;3.0;2023-01-02 15:19:46;15;Monday;1;2023
880.0;2.0;3.0;Astoria;47.0;3.0;Tea;Brewed Green tea;Serenity Green Tea Lg;6.0;2023-01-02 15:21:45;15;Monday;1;2023
881.0;2.0;8.0;Hell's Kitchen;28.0;2.0;Coffee;Gourmet brewed coffee;Columbian Medium Roast Sm;4.0;2023-01-02 15:22:19;15;Monday;1;2023
882.0;2.0;8.0;Hell's Kitchen;45.0;3.0;Tea;Brewed herbal tea;Peppermint Lg;6.0;2023-01-02 15:23:29;15;Monday;1;2023
883.0;1.0;3.0;Astoria;60.0;3.75;Drinking Chocolate;Hot chocolate;Sustainably Grown Organic Rg;3.75;2023-01-02 15:24:16;15;Monday;1;2023
884.0;2.0;5.0;Lower Manhattan;48.0;2.5;Tea;Brewed Black tea;English Breakfast Rg;5.0;2023-01-02 15:24:52;15;Monday;1;2023
885.0;1.0;3.0;Astoria;50.0;2.5;Tea;Brewed Black tea;Earl Grey Rg;2.5;2023-01-02 15:26:08;15;Monday;1;2023
886.0;2.0;5.0;Lower Manhattan;42.0;2.5;Tea;Brewed herbal tea;Lemon Grass Rg;5.0;2023-01-02 15:26:22;15;Monday;1;2023
887.0;1.0;5.0;Lower Manhattan;69.0;3.25;Bakery;Biscotti;Hazelnut Biscotti;3.25;2023-01-02 15:26:22;15;Monday;1;2023
888.0;1.0;3.0;Astoria;58.0;3.5;Drinking Chocolate;Hot chocolate;Dark chocolate Rg;3.5;2023-01-02 15:27:43;15;Monday;1;2023
889.0;1.0;3.0;Astoria;41.0;4.25;Coffee;Barista Espresso;Cappuccino Lg;4.25;2023-01-02 15:27:48;15;Monday;1;2023
890.0;2.0;5.0;Lower Manhattan;87.0;3.0;Coffee;Barista Espresso;Ouro Brasileiro shot;6.0;2023-01-02 15:28:35;15;Monday;1;2023
891.0;2.0;5.0;Lower Manhattan;44.0;2.5;Tea;Brewed herbal tea;Peppermint Rg;5.0;2023-01-02 15:29:31;15;Monday;1;2023
892.0;1.0;8.0;Hell's Kitchen;40.0;3.75;Coffee;Barista Espresso;Cappuccino;3.75;2023-01-02 15:30:51;15;Monday;1;2023
893.0;2.0;8.0;Hell's Kitchen;45.0;3.0;Tea;Brewed herbal tea;Peppermint Lg;6.0;2023-01-02 15:32:44;15;Monday;1;2023
894.0;2.0;5.0;Lower Manhattan;34.0;2.45;Coffee;Premium brewed coffee;Jamaican Coffee River Sm;4.9;2023-01-02 15:34:44;15;Monday;1;2023
895.0;1.0;8.0;Hell's Kitchen;53.0;3.0;Tea;Brewed Chai tea;Traditional Blend Chai Lg;3.0;2023-01-02 15:35:22;15;Monday;1;2023
896.0;1.0;8.0;Hell's Kitchen;69.0;3.25;Bakery;Biscotti;Hazelnut Biscotti;3.25;2023-01-02 15:35:22;15;Monday;1;2023
897.0;2.0;5.0;Lower Manhattan;60.0;3.75;Drinking Chocolate;Hot chocolate;Sustainably Grown Organic Rg;7.5;2023-01-02 15:35:30;15;Monday;1;2023
898.0;1.0;5.0;Lower Manhattan;70.0;3.25;Bakery;Scone;Cranberry Scone;3.25;2023-01-02 15:35:30;15;Monday;1;2023
899.0;2.0;8.0;Hell's Kitchen;46.0;2.5;Tea;Brewed Green tea;Serenity Green Tea Rg;5.0;2023-01-02 15:36:29;15;Monday;1;2023
900.0;2.0;3.0;Astoria;23.0;2.5;Coffee;Drip coffee;Our Old Time Diner Blend Rg;5.0;2023-01-02 15:36:47;15;Monday;1;2023
901.0;2.0;8.0;Hell's Kitchen;33.0;3.5;Coffee;Gourmet brewed coffee;Ethiopia Lg;7.0;2023-01-02 15:37:20;15;Monday;1;2023
903.0;2.0;5.0;Lower Manhattan;47.0;3.0;Tea;Brewed Green tea;Serenity Green Tea Lg;6.0;2023-01-02 15:38:44;15;Monday;1;2023
904.0;1.0;8.0;Hell's Kitchen;52.0;2.5;Tea;Brewed Chai tea;Traditional Blend Chai Rg;2.5;2023-01-02 15:41:09;15;Monday;1;2023
905.0;1.0;8.0;Hell's Kitchen;69.0;3.25;Bakery;Biscotti;Hazelnut Biscotti;3.25;2023-01-02 15:41:09;15;Monday;1;2023
906.0;2.0;5.0;Lower Manhattan;47.0;3.0;Tea;Brewed Green tea;Serenity Green Tea Lg;6.0;2023-01-02 15:41:55;15;Monday;1;2023
907.0;1.0;5.0;Lower Manhattan;74.0;3.5;Bakery;Biscotti;Ginger Biscotti;3.5;2023-01-02 15:41:55;15;Monday;1;2023
908.0;1.0;8.0;Hell's Kitchen;23.0;2.5;Coffee;Drip coffee;Our Old Time Diner Blend Rg;2.5;2023-01-02 15:42:50;15;Monday;1;2023
909.0;2.0;3.0;Astoria;44.0;2.5;Tea;Brewed herbal tea;Peppermint Rg;5.0;2023-01-02 15:44:59;15;Monday;1;2023
910.0;1.0;5.0;Lower Manhattan;46.0;2.5;Tea;Brewed Green tea;Serenity Green Tea Rg;2.5;2023-01-02 15:48:55;15;Monday;1;2023
;1.0;;Lower Manhattan;73.0;3.75;Bakery;Pastry;Almond Croissant;3.75;2023-01-02 15:48:55;15;Monday;1;2023
912.0;1.0;5.0;Lower Manhattan;42.0;2.5;Tea;Brewed herbal tea;Lemon Grass Rg;2.5;2023-01-02 15:49:27;15;Monday;1;2023
913.0;1.0;5.0;Lower Manhattan;78.0;4.5;Bakery;Scone;Scottish Cream Scone ;4.5;2023-01-02 15:49:27;15;Monday;1;2023
914.0;2.0;3.0;Astoria;54.0;2.5;Tea;Brewed Chai tea;Morning Sunrise Chai Rg;5.0;2023-01-02 15:50:12;15;Monday;1;2023
915.0;1.0;3.0;Astoria;79.0;3.75;Bakery;Scone;Jumbo Savory Scone;3.75;2023-01-02 15:50:12;15;Monday;1;2023
916.0;2.0;5.0;Lower Manhattan;47.0;3.0;Tea;Brewed Green tea;Serenity Green Tea Lg;6.0;2023-01-02 15:50:27;15;Monday;1;2023
917.0;2.0;8.0;Hell's Kitchen;46.0;2.5;Tea;Brewed Green tea;Serenity Green Tea Rg;5.0;2023-01-02 15:50:28;15;Monday;1;2023
918.0;1.0;5.0;Lower Manhattan;34.0;2.45;Coffee;Premium brewed coffee;Jamaican Coffee River Sm;2.45;2023-01-02 15:51:29;15;Monday;1;2023
919.0;2.0;5.0;Lower Manhattan;38.0;3.75;Coffee;Barista Espresso;Latte;7.5;2023-01-02 15:51:57;15;Monday;1;2023
920.0;2.0;5.0;Lower Manhattan;34.0;2.45;Coffee;Premium brewed coffee;Jamaican Coffee River Sm;4.9;2023-01-02 15:52:14;15;Monday;1;2023
923.0;1.0;5.0;Lower Manhattan;55.0;4.0;Tea;Brewed Chai tea;Morning Sunrise Chai Lg;4.0;2023-01-02 15:55:19;15;Monday;1;2023
925.0;2.0;5.0;Lower Manhattan;56.0;2.55;Tea;Brewed Chai tea;Spicy Eye Opener Chai Rg;5.1;2023-01-02 15:55:27;15;Monday;1;2023
926.0;1.0;8.0;Hell's Kitchen;48.0;2.5;Tea;Brewed Black tea;English Breakfast Rg;2.5;2023-01-02 15:56:41;15;Monday;1;2023
927.0;2.0;5.0;Lower Manhattan;29.0;2.5;Coffee;Gourmet brewed coffee;Columbian Medium Roast Rg;5.0;2023-01-02 15:58:07;15;Monday;1;2023
928.0;1.0;3.0;Astoria;58.0;3.5;Drinking Chocolate;Hot chocolate;Dark chocolate Rg;3.5;2023-01-02 15:59:37;15;Monday;1;2023
929.0;2.0;3.0;Astoria;43.0;3.0;Tea;Brewed herbal tea;Lemon Grass Lg;6.0;2023-01-02 15:59:53;15;Monday;1;2023
930.0;2.0;3.0;Astoria;51.0;3.0;Tea;Brewed Black tea;Earl Grey Lg;6.0;2023-01-02 16:00:33;16;Monday;1;2023
931.0;1.0;3.0;Astoria;78.0;4.5;Bakery;Scone;Scottish Cream Scone ;4.5;2023-01-02 16:00:33;16;Monday;1;2023
932.0;1.0;5.0;Lower Manhattan;40.0;3.75;Coffee;Barista Espresso;Cappuccino;3.75;2023-01-02 16:02:09;16;Monday;1;2023
933.0;1.0;5.0;Lower Manhattan;44.0;2.5;Tea;Brewed herbal tea;Peppermint Rg;2.5;2023-01-02 16:02:21;16;Monday;1;2023
934.0;1.0;5.0;Lower Manhattan;52.0;2.5;Tea;Brewed Chai tea;Traditional Blend Chai Rg;2.5;2023-01-02 16:05:18;16;Monday;1;2023
935.0;2.0;5.0;Lower Manhattan;34.0;2.45;Coffee;Premium brewed coffee;Jamaican Coffee River Sm;4.9;2023-01-02 16:06:01;16;Monday;1;2023
936.0;1.0;3.0;Astoria;39.0;4.25;Coffee;Barista Espresso;Latte Rg;4.25;2023-01-02 16:06:18;16;Monday;1;2023
937.0;1.0;5.0;Lower Manhattan;54.0;2.5;Tea;Brewed Chai tea;Morning Sunrise Chai Rg;2.5;2023-01-02 16:08:22;16;Monday;1;2023
938.0;1.0;3.0;Astoria;39.0;4.25;Coffee;Barista Espresso;Latte Rg;4.25;2023-01-02 16:09:17;16;Monday;1;2023
939.0;2.0;3.0;Astoria;45.0;3.0;Tea;Brewed herbal tea;Peppermint Lg;6.0;2023-01-02 16:09:45;16;Monday;1;2023
940.0;1.0;3.0;Astoria;40.0;3.75;Coffee;Barista Espresso;Cappuccino;3.75;2023-01-02 16:11:04;16;Monday;1;2023
941.0;2.0;8.0;Hell's Kitchen;26.0;3.0;Coffee;Organic brewed coffee;Brazilian Rg;6.0;2023-01-02 16:11:57;16;Monday;1;2023
942.0;2.0;8.0;Hell's Kitchen;47.0;3.0;Tea;Brewed Green tea;Serenity Green Tea Lg;6.0;2023-01-02 16:12:01;16;Monday;1;2023
944.0;1.0;5.0;Lower Manhattan;78.0;4.5;Bakery;Scone;Scottish Cream Scone ;4.5;2023-01-02 16:14:09;16;Monday;1;2023
945.0;2.0;3.0;Astoria;53.0;3.0;Tea;Brewed Chai tea;Traditional Blend Chai Lg;6.0;2023-01-02 16:18:15;16;Monday;1;2023
946.0;1.0;3.0;Astoria;38.0;3.75;Coffee;Barista Espresso;Latte;3.75;2023-01-02 16:19:33;16;Monday;1;2023
947.0;2.0;5.0;Lower Manhattan;60.0;3.75;Drinking Chocolate;Hot chocolate;Sustainably Grown Organic Rg;7.5;2023-01-02 16:19:48;16;Monday;1;2023
948.0;1.0;5.0;Lower Manhattan;78.0;4.5;Bakery;Scone;Scottish Cream Scone ;4.5;2023-01-02 16:19:48;16;Monday;1;2023
949.0;1.0;3.0;Astoria;48.0;2.5;Tea;Brewed Black tea;English Breakfast Rg;2.5;2023-01-02 16:22:25;16;Monday;1;2023
950.0;2.0;3.0;Astoria;27.0;3.5;Coffee;Organic brewed coffee;Brazilian Lg;7.0;2023-01-02 16:22:30;16;Monday;1;2023
951.0;1.0;5.0;Lower Manhattan;26.0;3.0;Coffee;Organic brewed coffee;Brazilian Rg;3.0;2023-01-02 16:23:50;16;Monday;1;2023
952.0;1.0;3.0;Astoria;55.0;4.0;Tea;Brewed Chai tea;Morning Sunrise Chai Lg;4.0;2023-01-02 16:26:14;16;Monday;1;2023
953.0;1.0;3.0;Astoria;25.0;2.2;Coffee;Organic brewed coffee;Brazilian Sm;2.2;2023-01-02 16:26:38;16;Monday;1;2023
954.0;1.0;3.0;Astoria;73.0;3.75;Bakery;Pastry;Almond Croissant;3.75;2023-01-02 16:26:38;16;Monday;1;2023
955.0;1.0;8.0;Hell's Kitchen;54.0;2.5;Tea;Brewed Chai tea;Morning Sunrise Chai Rg;2.5;2023-01-02 16:26:49;16;Monday;1;2023
956.0;1.0;8.0;Hell's Kitchen;36.0;3.75;Coffee;Premium brewed coffee;Jamaican Coffee River Lg;3.75;2023-01-02 16:28:26;16;Monday;1;2023
957.0;1.0;5.0;Lower Manhattan;23.0;2.5;Coffee;Drip coffee;Our Old Time Diner Blend Rg;2.5;2023-01-02 16:30:05;16;Monday;1;2023
958.0;1.0;3.0;Astoria;24.0;3.0;Coffee;Drip coffee;Our Old Time Diner Blend Lg;3.0;2023-01-02 16:30:07;16;Monday;1;2023
959.0;1.0;3.0;Astoria;74.0;3.5;Bakery;Biscotti;Ginger Biscotti;3.5;2023-01-02 16:30:07;16;Monday;1;2023
962.0;1.0;8.0;Hell's Kitchen;52.0;2.5;Tea;Brewed Chai tea;Traditional Blend Chai Rg;2.5;2023-01-02 16:31:48;16;Monday;1;2023
963.0;2.0;3.0;Astoria;52.0;2.5;Tea;Brewed Chai tea;Traditional Blend Chai Rg;5.0;2023-01-02 16:32:14;16;Monday;1;2023
964.0;2.0;5.0;Lower Manhattan;50.0;2.5;Tea;Brewed Black tea;Earl Grey Rg;5.0;2023-01-02 16:32:25;16;Monday;1;2023
965.0;1.0;5.0;Lower Manhattan;57.0;3.1;Tea;Brewed Chai tea;Spicy Eye Opener Chai Lg;3.1;2023-01-02 16:33:17;16;Monday;1;2023
966.0;1.0;5.0;Lower Manhattan;75.0;3.5;Bakery;Pastry;Croissant;3.5;2023-01-02 16:33:17;16;Monday;1;2023
967.0;1.0;5.0;Lower Manhattan;50.0;2.5;Tea;Brewed Black tea;Earl Grey Rg;2.5;2023-01-02 16:34:50;16;Monday;1;2023
968.0;1.0;3.0;Astoria;31.0;2.2;Coffee;Gourmet brewed coffee;Ethiopia Sm;2.2;2023-01-02 16:35:22;16;Monday;1;2023
969.0;2.0;3.0;Astoria;54.0;2.5;Tea;Brewed Chai tea;Morning Sunrise Chai Rg;5.0;2023-01-02 16:35:22;16;Monday;1;2023
970.0;2.0;8.0;Hell's Kitchen;49.0;3.0;Tea;Brewed Black tea;English Breakfast Lg;6.0;2023-01-02 16:35:54;16;Monday;1;2023
971.0;1.0;3.0;Astoria;32.0;3.0;Coffee;Gourmet brewed coffee;Ethiopia Rg;3.0;2023-01-02 16:36:38;16;Monday;1;2023
972.0;2.0;5.0;Lower Manhattan;22.0;2.0;Coffee;Drip coffee;Our Old Time Diner Blend Sm;4.0;2023-01-02 16:41:26;16;Monday;1;2023
973.0;2.0;3.0;Astoria;51.0;3.0;Tea;Brewed Black tea;Earl Grey Lg;6.0;2023-01-02 16:42:11;16;Monday;1;2023
974.0;1.0;5.0;Lower Manhattan;34.0;2.45;Coffee;Premium brewed coffee;Jamaican Coffee River Sm;2.45;2023-01-02 16:42:33;16;Monday;1;2023
975.0;1.0;5.0;Lower Manhattan;77.0;3.0;Bakery;Scone;Oatmeal Scone;3.0;2023-01-02 16:42:33;16;Monday;1;2023
976.0;2.0;3.0;Astoria;34.0;2.45;Coffee;Premium brewed coffee;Jamaican Coffee River Sm;4.9;2023-01-02 16:43:04;16;Monday;1;2023
977.0;2.0;5.0;Lower Manhattan;32.0;3.0;Coffee;Gourmet brewed coffee;Ethiopia Rg;6.0;2023-01-02 16:44:55;16;Monday;1;2023
978.0;1.0;3.0;Astoria;48.0;2.5;Tea;Brewed Black tea;English Breakfast Rg;2.5;2023-01-02 16:47:01;16;Monday;1;2023
979.0;1.0;3.0;Astoria;49.0;3.0;Tea;Brewed Black tea;English Breakfast Lg;3.0;2023-01-02 16:49:41;16;Monday;1;2023
980.0;1.0;8.0;Hell's Kitchen;25.0;2.2;Coffee;Organic brewed coffee;Brazilian Sm;2.2;2023-01-02 16:50:14;16;Monday;1;2023
981.0;2.0;3.0;Astoria;34.0;2.45;Coffee;Premium brewed coffee;Jamaican Coffee River Sm;4.9;2023-01-02 16:51:09;16;Monday;1;2023
982.0;1.0;3.0;Astoria;72.0;3.25;Bakery;Scone;Ginger Scone;3.25;2023-01-02 16:51:09;16;Monday;1;2023
983.0;2.0;3.0;Astoria;24.0;3.0;Coffee;Drip coffee;Our Old Time Diner Blend Lg;6.0;2023-01-02 16:55:58;16;Monday;1;2023
984.0;1.0;8.0;Hell's Kitchen;41.0;4.25;Coffee;Barista Espresso;Cappuccino Lg;4.25;2023-01-02 16:56:14;16;Monday;1;2023
985.0;1.0;5.0;Lower Manhattan;23.0;2.5;Coffee;Drip coffee;Our Old Time Diner Blend Rg;2.5;2023-01-02 16:59:09;16;Monday;1;2023
986.0;1.0;8.0;Hell's Kitchen;25.0;2.2;Coffee;Organic brewed coffee;Brazilian Sm;2.2;2023-01-02 17:00:52;17;Monday;1;2023
987.0;1.0;8.0;Hell's Kitchen;50.0;2.5;Tea;Brewed Black tea;Earl Grey Rg;2.5;2023-01-02 17:02:06;17;Monday;1;2023
988.0;2.0;5.0;Lower Manhattan;29.0;2.5;Coffee;Gourmet brewed coffee;Columbian Medium Roast Rg;5.0;2023-01-02 17:02:59;17;Monday;1;2023
989.0;1.0;5.0;Lower Manhattan;77.0;3.0;Bakery;Scone;Oatmeal Scone;3.0;2023-01-02 17:02:59;17;Monday;1;2023
990.0;1.0;3.0;Astoria;60.0;3.75;Drinking Chocolate;Hot chocolate;Sustainably Grown Organic Rg;3.75;2023-01-02 17:04:56;17;Monday;1;2023
991.0;2.0;8.0;Hell's Kitchen;55.0;4.0;Tea;Brewed Chai tea;Morning Sunrise Chai Lg;8.0;2023-01-02 17:10:24;17;Monday;1;2023
992.0;1.0;8.0;Hell's Kitchen;33.0;3.5;Coffee;Gourmet brewed coffee;Ethiopia Lg;3.5;2023-01-02 17:10:36;17;Monday;1;2023
993.0;2.0;3.0;Astoria;42.0;2.5;Tea;Brewed herbal tea;Lemon Grass Rg;5.0;2023-01-02 17:12:45;17;Monday;1;2023
994.0;1.0;8.0;Hell's Kitchen;43.0;3.0;Tea;Brewed herbal tea;Lemon Grass Lg;3.0;2023-01-02 17:13:53;17;Monday;1;2023
995.0;2.0;5.0;Lower Manhattan;27.0;3.5;Coffee;Organic brewed coffee;Brazilian Lg;7.0;2023-01-02 17:15:28;17;Monday;1;2023
996.0;2.0;5.0;Lower Manhattan;57.0;3.1;Tea;Brewed Chai tea;Spicy Eye Opener Chai Lg;6.2;2023-01-02 17:15:35;17;Monday;1;2023
997.0;2.0;3.0;Astoria;53.0;3.0;Tea;Brewed Chai tea;Traditional Blend Chai Lg;6.0;2023-01-02 17:17:00;17;Monday;1;2023
998.0;1.0;3.0;Astoria;70.0;3.25;Bakery;Scone;Cranberry Scone;3.25;2023-01-02 17:17:00;17;Monday;1;2023
999.0;2.0;5.0;Lower Manhattan;32.0;3.0;Coffee;Gourmet brewed coffee;Ethiopia Rg;6.0;2023-01-02 17:18:25;17;Monday;1;2023
1000.0;1.0;8.0;Hell's Kitchen;54.0;2.5;Tea;Brewed Chai tea;Morning Sunrise Chai Rg;2.5;2023-01-02 17:19:03;17;Monday;1;2023
1001.0;1.0;5.0;Lower Manhattan;27.0;3.5;Coffee;Organic brewed coffee;Brazilian Lg;3.5;2023-01-02 17:19:40;17;Monday;1;2023
1002.0;1.0;5.0;Lower Manhattan;74.0;3.5;Bakery;Biscotti;Ginger Biscotti;3.5;2023-01-02 17:19:40;17;Monday;1;2023
1004.0;1.0;3.0;Astoria;28.0;2.0;Coffee;Gourmet brewed coffee;Columbian Medium Roast Sm;2.0;2023-01-02 17:21:01;17;Monday;1;2023
1005.0;2.0;3.0;Astoria;24.0;3.0;Coffee;Drip coffee;Our Old Time Diner Blend Lg;6.0;2023-01-02 17:21:19;17;Monday;1;2023
1006.0;1.0;8.0;Hell's Kitchen;47.0;3.0;Tea;Brewed Green tea;Serenity Green Tea Lg;3.0;2023-01-02 17:28:06;17;Monday;1;2023
1007.0;1.0;8.0;Hell's Kitchen;29.0;2.5;Coffee;Gourmet brewed coffee;Columbian Medium Roast Rg;2.5;2023-01-02 17:28:13;17;Monday;1;2023
1010.0;1.0;8.0;Hell's Kitchen;44.0;2.5;Tea;Brewed herbal tea;Peppermint Rg;2.5;2023-01-02 17:29:42;17;Monday;1;2023
1011.0;1.0;8.0;Hell's Kitchen;71.0;3.75;Bakery;Pastry;Chocolate Croissant;3.75;2023-01-02 17:29:42;17;Monday;1;2023
1012.0;2.0;8.0;Hell's Kitchen;28.0;2.0;Coffee;Gourmet brewed coffee;Columbian Medium Roast Sm;4.0;2023-01-02 17:34:05;17;Monday;1;2023
1013.0;2.0;3.0;Astoria;29.0;2.5;Coffee;Gourmet brewed coffee;Columbian Medium Roast Rg;5.0;2023-01-02 17:35:03;17;Monday;1;2023
1014.0;2.0;3.0;Astoria;51.0;3.0;Tea;Brewed Black tea;Earl Grey Lg;6.0;2023-01-02 17:35:40;17;Monday;1;2023
1015.0;1.0;3.0;Astoria;26.0;3.0;Coffee;Organic brewed coffee;Brazilian Rg;3.0;2023-01-02 17:38:25;17;Monday;1;2023
1016.0;1.0;5.0;Lower Manhattan;57.0;3.1;Tea;Brewed Chai tea;Spicy Eye Opener Chai Lg;3.1;2023-01-02 17:38:48;17;Monday;1;2023
1017.0;1.0;3.0;Astoria;60.0;3.75;Drinking Chocolate;Hot chocolate;Sustainably Grown Organic Rg;3.75;2023-01-02 17:40:19;17;Monday;1;2023
1018.0;1.0;3.0;Astoria;73.0;3.75;Bakery;Pastry;Almond Croissant;3.75;2023-01-02 17:40:19;17;Monday;1;2023
1019.0;2.0;3.0;Astoria;38.0;3.75;Coffee;Barista Espresso;Latte;7.5;2023-01-02 17:41:03;17;Monday;1;2023
1021.0;1.0;8.0;Hell's Kitchen;52.0;2.5;Tea;Brewed Chai tea;Traditional Blend Chai Rg;2.5;2023-01-02 17:43:03;17;Monday;1;2023
1022.0;1.0;3.0;Astoria;61.0;4.75;Drinking Chocolate;Hot chocolate;Sustainably Grown Organic Lg;4.75;2023-01-02 17:43:20;17;Monday;1;2023
1023.0;2.0;8.0;Hell's Kitchen;36.0;3.75;Coffee;Premium brewed coffee;Jamaican Coffee River Lg;7.5;2023-01-02 17:44:03;17;Monday;1;2023
1024.0;1.0;8.0;Hell's Kitchen;46.0;2.5;Tea;Brewed Green tea;Serenity Green Tea Rg;2.5;2023-01-02 17:45:16;17;Monday;1;2023
1025.0;1.0;8.0;Hell's Kitchen;52.0;2.5;Tea;Brewed Chai tea;Traditional Blend Chai Rg;2.5;2023-01-02 17:45:27;17;Monday;1;2023
1026.0;2.0;3.0;Astoria;57.0;3.1;Tea;Brewed Chai tea;Spicy Eye Opener Chai Lg;6.2;2023-01-02 17:48:34;17;Monday;1;2023
1027.0;2.0;5.0;Lower Manhattan;27.0;3.5;Coffee;Organic brewed coffee;Brazilian Lg;7.0;2023-01-02 17:48:39;17;Monday;1;2023
1028.0;2.0;3.0;Astoria;52.0;2.5;Tea;Brewed Chai tea;Traditional Blend Chai Rg;5.0;2023-01-02 17:48:48;17;Monday;1;2023
1029.0;2.0;3.0;Astoria;52.0;2.5;Tea;Brewed Chai tea;Traditional Blend Chai Rg;5.0;2023-01-02 17:51:00;17;Monday;1;2023
1030.0;1.0;3.0;Astoria;76.0;3.5;Bakery;Biscotti;Chocolate Chip Biscotti;3.5;2023-01-02 17:51:00;17;Monday;1;2023
1031.0;2.0;8.0;Hell's Kitchen;52.0;2.5;Tea;Brewed Chai tea;Traditional Blend Chai Rg;5.0;2023-01-02 17:53:21;17;Monday;1;2023
1032.0;2.0;3.0;Astoria;37.0;3.0;Coffee;Barista Espresso;Espresso shot;6.0;2023-01-02 17:54:37;17;Monday;1;2023
1033.0;2.0;3.0;Astoria;47.0;3.0;Tea;Brewed Green tea;Serenity Green Tea Lg;6.0;2023-01-02 17:54:59;17;Monday;1;2023
1034.0;1.0;3.0;Astoria;74.0;3.5;Bakery;Biscotti;Ginger Biscotti;3.5;2023-01-02 17:54:59;17;Monday;1;2023
1035.0;1.0;8.0;Hell's Kitchen;30.0;3.0;Coffee;Gourmet brewed coffee;Columbian Medium Roast Lg;3.0;2023-01-02 17:55:15;17;Monday;1;2023
1036.0;2.0;3.0;Astoria;29.0;2.5;Coffee;Gourmet brewed coffee;Columbian Medium Roast Rg;5.0;2023-01-02 17:57:42;17;Monday;1;2023
1037.0;1.0;3.0;Astoria;73.0;3.75;Bakery;Pastry;Almond Croissant;3.75;2023-01-02 17:57:42;17;Monday;1;2023
1038.0;2.0;3.0;Astoria;60.0;3.75;Drinking Chocolate;Hot chocolate;Sustainably Grown Organic Rg;7.5;2023-01-02 17:57:59;17;Monday;1;2023
1039.0;1.0;3.0;Astoria;75.0;3.5;Bakery;Pastry;Croissant;3.5;2023-01-02 17:57:59;17;Monday;1;2023
1040.0;1.0;8.0;Hell's Kitchen;32.0;3.0;Coffee;Gourmet brewed coffee;Ethiopia Rg;3.0;2023-01-02 18:05:46;18;Monday;1;2023
1041.0;1.0;8.0;Hell's Kitchen;72.0;3.25;Bakery;Scone;Ginger Scone;3.25;2023-01-02 18:05:46;18;Monday;1;2023
1042.0;1.0;5.0;Lower Manhattan;61.0;4.75;Drinking Chocolate;Hot chocolate;Sustainably Grown Organic Lg;4.75;2023-01-02 18:06:18;18;Monday;1;2023
1043.0;1.0;5.0;Lower Manhattan;55.0;4.0;Tea;Brewed Chai tea;Morning Sunrise Chai Lg;4.0;2023-01-02 18:11:56;18;Monday;1;2023
1044.0;2.0;5.0;Lower Manhattan;33.0;3.5;Coffee;Gourmet brewed coffee;Ethiopia Lg;7.0;2023-01-02 18:17:00;18;Monday;1;2023
1045.0;1.0;5.0;Lower Manhattan;73.0;3.75;Bakery;Pastry;Almond Croissant;3.75;2023-01-02 18:17:00;18;Monday;1;2023
1046.0;2.0;5.0;Lower Manhattan;39.0;4.25;Coffee;Barista Espresso;Latte Rg;8.5;2023-01-02 18:17:58;18;Monday;1;2023
1047.0;2.0;3.0;Astoria;45.0;3.0;Tea;Brewed herbal tea;Peppermint Lg;6.0;2023-01-02 18:18:05;18;Monday;1;2023
1048.0;1.0;8.0;Hell's Kitchen;55.0;4.0;Tea;Brewed Chai tea;Morning Sunrise Chai Lg;4.0;2023-01-02 18:18:34;18;Monday;1;2023
1049.0;1.0;3.0;Astoria;51.0;3.0;Tea;Brewed Black tea;Earl Grey Lg;3.0;2023-01-02 18:19:05;18;Monday;1;2023
1050.0;1.0;5.0;Lower Manhattan;31.0;2.2;Coffee;Gourmet brewed coffee;Ethiopia Sm;2.2;2023-01-02 18:22:30;18;Monday;1;2023
1051.0;2.0;8.0;Hell's Kitchen;50.0;2.5;Tea;Brewed Black tea;Earl Grey Rg;5.0;2023-01-02 18:23:01;18;Monday;1;2023
1052.0;2.0;8.0;Hell's Kitchen;33.0;3.5;Coffee;Gourmet brewed coffee;Ethiopia Lg;7.0;2023-01-02 18:23:32;18;Monday;1;2023
1053.0;2.0;3.0;Astoria;35.0;3.1;Coffee;Premium brewed coffee;Jamaican Coffee River Rg;6.2;2023-01-02 18:24:11;18;Monday;1;2023
1054.0;2.0;8.0;Hell's Kitchen;34.0;2.45;Coffee;Premium brewed coffee;Jamaican Coffee River Sm;4.9;2023-01-02 18:24:23;18;Monday;1;2023
1055.0;1.0;8.0;Hell's Kitchen;32.0;3.0;Coffee;Gourmet brewed coffee;Ethiopia Rg;3.0;2023-01-02 18:26:40;18;Monday;1;2023
1056.0;1.0;3.0;Astoria;56.0;2.55;Tea;Brewed Chai tea;Spicy Eye Opener Chai Rg;2.55;2023-01-02 18:27:04;18;Monday;1;2023
1057.0;2.0;3.0;Astoria;26.0;3.0;Coffee;Organic brewed coffee;Brazilian Rg;6.0;2023-01-02 18:28:05;18;Monday;1;2023
1058.0;1.0;5.0;Lower Manhattan;34.0;2.45;Coffee;Premium brewed coffee;Jamaican Coffee River Sm;2.45;2023-01-02 18:29:53;18;Monday;1;2023
1059.0;2.0;3.0;Astoria;36.0;3.75;Coffee;Premium brewed coffee;Jamaican Coffee River Lg;7.5;2023-01-02 18:30:06;18;Monday;1;2023
1060.0;1.0;3.0;Astoria;75.0;3.5;Bakery;Pastry;Croissant;3.5;2023-01-02 18:30:06;18;Monday;1;2023
1061.0;2.0;8.0;Hell's Kitchen;33.0;3.5;Coffee;Gourmet brewed coffee;Ethiopia Lg;7.0;2023-01-02 18:31:49;18;Monday;1;2023
1062.0;1.0;8.0;Hell's Kitchen;70.0;3.25;Bakery;Scone;Cranberry Scone;3.25;2023-01-02 18:31:49;18;Monday;1;2023
1063.0;2.0;3.0;Astoria;39.0;4.25;Coffee;Barista Espresso;Latte Rg;8.5;2023-01-02 18:31:50;18;Monday;1;2023
1064.0;2.0;3.0;Astoria;49.0;3.0;Tea;Brewed Black tea;English Breakfast Lg;6.0;2023-01-02 18:32:38;18;Monday;1;2023
1065.0;1.0;3.0;Astoria;44.0;2.5;Tea;Brewed herbal tea;Peppermint Rg;2.5;2023-01-02 18:33:43;18;Monday;1;2023
1066.0;1.0;3.0;Astoria;77.0;3.0;Bakery;Scone;Oatmeal Scone;3.0;2023-01-02 18:33:43;18;Monday;1;2023
1067.0;1.0;3.0;Astoria;46.0;2.5;Tea;Brewed Green tea;Serenity Green Tea Rg;2.5;2023-01-02 18:33:59;18;Monday;1;2023
1068.0;1.0;3.0;Astoria;30.0;3.0;Coffee;Gourmet brewed coffee;Columbian Medium Roast Lg;3.0;2023-01-02 18:37:31;18;Monday;1;2023
1069.0;1.0;3.0;Astoria;60.0;3.75;Drinking Chocolate;Hot chocolate;Sustainably Grown Organic Rg;3.75;2023-01-02 18:39:18;18;Monday;1;2023
1070.0;2.0;8.0;Hell's Kitchen;61.0;4.75;Drinking Chocolate;Hot chocolate;Sustainably Grown Organic Lg;9.5;2023-01-02 18:40:50;18;Monday;1;2023
1071.0;1.0;3.0;Astoria;37.0;3.0;Coffee;Barista Espresso;Espresso shot;3.0;2023-01-02 18:42:49;18;Monday;1;2023
1072.0;1.0;3.0;Astoria;36.0;3.75;Coffee;Premium brewed coffee;Jamaican Coffee River Lg;3.75;2023-01-02 18:43:00;18;Monday;1;2023
1073.0;2.0;3.0;Astoria;55.0;4.0;Tea;Brewed Chai tea;Morning Sunrise Chai Lg;8.0;2023-01-02 18:44:51;18;Monday;1;2023
1074.0;2.0;3.0;Astoria;58.0;3.5;Drinking Chocolate;Hot chocolate;Dark chocolate Rg;7.0;2023-01-02 18:49:22;18;Monday;1;2023
1075.0;1.0;3.0;Astoria;77.0;3.0;Bakery;Scone;Oatmeal Scone;3.0;2023-01-02 18:49:22;18;Monday;1;2023
1076.0;1.0;3.0;Astoria;46.0;2.5;Tea;Brewed Green tea;Serenity Green Tea Rg;2.5;2023-01-02 18:50:17;18;Monday;1;2023
1078.0;2.0;3.0;Astoria;52.0;2.5;Tea;Brewed Chai tea;Traditional Blend Chai Rg;5.0;2023-01-02 18:53:56;18;Monday;1;2023
1079.0;1.0;3.0;Astoria;78.0;4.5;Bakery;Scone;Scottish Cream Scone ;4.5;2023-01-02 18:53:56;18;Monday;1;2023
1080.0;2.0;3.0;Astoria;23.0;2.5;Coffee;Drip coffee;Our Old Time Diner Blend Rg;5.0;2023-01-02 18:54:10;18;Monday;1;2023
1081.0;1.0;8.0;Hell's Kitchen;51.0;3.0;Tea;Brewed Black tea;Earl Grey Lg;3.0;2023-01-02 18:57:01;18;Monday;1;2023
1083.0;1.0;3.0;Astoria;48.0;2.5;Tea;Brewed Black tea;English Breakfast Rg;2.5;2023-01-02 19:01:16;19;Monday;1;2023
1084.0;2.0;3.0;Astoria;59.0;4.5;Drinking Chocolate;Hot chocolate;Dark chocolate Lg;9.0;2023-01-02 19:01:39;19;Monday;1;2023
1085.0;1.0;3.0;Astoria;40.0;3.75;Coffee;Barista Espresso;Cappuccino;3.75;2023-01-02 19:12:27;19;Monday;1;2023
1086.0;2.0;8.0;Hell's Kitchen;39.0;4.25;Coffee;Barista Espresso;Latte Rg;8.5;2023-01-02 19:14:55;19;Monday;1;2023
1087.0;1.0;8.0;Hell's Kitchen;70.0;3.25;Bakery;Scone;Cranberry Scone;3.25;2023-01-02 19:14:55;19;Monday;1;2023
1088.0;2.0;3.0;Astoria;50.0;2.5;Tea;Brewed Black tea;Earl Grey Rg;5.0;2023-01-02 19:16:12;19;Monday;1;2023
1089.0;1.0;3.0;Astoria;71.0;3.75;Bakery;Pastry;Chocolate Croissant;3.75;2023-01-02 19:16:12;19;Monday;1;2023
1090.0;1.0;8.0;Hell's Kitchen;57.0;3.1;Tea;Brewed Chai tea;Spicy Eye Opener Chai Lg;3.1;2023-01-02 19:18:07;19;Monday;1;2023
1091.0;2.0;8.0;Hell's Kitchen;37.0;3.0;Coffee;Barista Espresso;Espresso shot;6.0;2023-01-02 19:19:55;19;Monday;1;2023
1092.0;1.0;3.0;Astoria;24.0;3.0;Coffee;Drip coffee;Our Old Time Diner Blend Lg;3.0;2023-01-02 19:22:54;19;Monday;1;2023
1093.0;2.0;3.0;Astoria;22.0;2.0;Coffee;Drip coffee;Our Old Time Diner Blend Sm;4.0;2023-01-02 19:25:06;19;Monday;1;2023
1094.0;1.0;3.0;Astoria;72.0;3.25;Bakery;Scone;Ginger Scone;3.25;2023-01-02 19:25:06;19;Monday;1;2023
1095.0;2.0;8.0;Hell's Kitchen;23.0;2.5;Coffee;Drip coffee;Our Old Time Diner Blend Rg;5.0;2023-01-02 19:26:53;19;Monday;1;2023
1096.0;1.0;8.0;Hell's Kitchen;22.0;2.0;Coffee;Drip coffee;Our Old Time Diner Blend Sm;2.0;2023-01-02 19:27:07;19;Monday;1;2023
1097.0;1.0;8.0;Hell's Kitchen;69.0;3.25;Bakery;Biscotti;Hazelnut Biscotti;3.25;2023-01-02 19:27:07;19;Monday;1;2023
1098.0;2.0;3.0;Astoria;25.0;2.2;Coffee;Organic brewed coffee;Brazilian Sm;4.4;2023-01-02 19:28:16;19;Monday;1;2023
1099.0;1.0;8.0;Hell's Kitchen;34.0;2.45;Coffee;Premium brewed coffee;Jamaican Coffee River Sm;2.45;2023-01-02 19:29:54;19;Monday;1;2023
1101.0;2.0;8.0;Hell's Kitchen;49.0;3.0;Tea;Brewed Black tea;English Breakfast Lg;6.0;2023-01-02 19:35:31;19;Monday;1;2023
1102.0;2.0;8.0;Hell's Kitchen;41.0;4.25;Coffee;Barista Espresso;Cappuccino Lg;8.5;2023-01-02 19:42:15;19;Monday;1;2023
1103.0;2.0;3.0;Astoria;49.0;3.0;Tea;Brewed Black tea;English Breakfast Lg;6.0;2023-01-02 19:45:11;19;Monday;1;2023
1104.0;2.0;8.0;Hell's Kitchen;57.0;3.1;Tea;Brewed Chai tea;Spicy Eye Opener Chai Lg;6.2;2023-01-02 19:46:07;19;Monday;1;2023
1105.0;1.0;8.0;Hell's Kitchen;74.0;3.5;Bakery;Biscotti;Ginger Biscotti;3.5;2023-01-02 19:46:07;19;Monday;1;2023
1106.0;2.0;3.0;Astoria;33.0;3.5;Coffee;Gourmet brewed coffee;Ethiopia Lg;7.0;2023-01-02 19:46:38;19;Monday;1;2023
1107.0;2.0;8.0;Hell's Kitchen;28.0;2.0;Coffee;Gourmet brewed coffee;Columbian Medium Roast Sm;4.0;2023-01-02 19:48:49;19;Monday;1;2023
1109.0;1.0;3.0;Astoria;22.0;2.0;Coffee;Drip coffee;Our Old Time Diner Blend Sm;2.0;2023-01-02 19:53:02;19;Monday;1;2023
1110.0;1.0;3.0;Astoria;74.0;3.5;Bakery;Biscotti;Ginger Biscotti;3.5;2023-01-02 19:53:02;19;Monday;1;2023
1111.0;2.0;3.0;Astoria;43.0;3.0;Tea;Brewed herbal tea;Lemon Grass Lg;6.0;2023-01-02 19:53:55;19;Monday;1;2023
1112.0;2.0;8.0;Hell's Kitchen;56.0;2.55;Tea;Brewed Chai tea;Spicy Eye Opener Chai Rg;5.1;2023-01-02 19:57:01;19;Monday;1;2023
1113.0;1.0;3.0;Astoria;52.0;2.5;Tea;Brewed Chai tea;Traditional Blend Chai Rg;2.5;2023-01-02 19:57:23;19;Monday;1;2023
1114.0;1.0;3.0;Astoria;72.0;3.25;Bakery;Scone;Ginger Scone;3.25;2023-01-02 19:57:23;19;Monday;1;2023
1115.0;2.0;8.0;Hell's Kitchen;26.0;3.0;Coffee;Organic brewed coffee;Brazilian Rg;6.0;2023-01-02 19:58:10;19;Monday;1;2023
1116.0;1.0;3.0;Astoria;37.0;3.0;Coffee;Barista Espresso;Espresso shot;3.0;2023-01-02 19:58:35;19;Monday;1;2023
1117.0;2.0;5.0;Lower Manhattan;43.0;3.0;Tea;Brewed herbal tea;Lemon Grass Lg;6.0;2023-01-03 07:04:46;7;Tuesday;1;2023
1118.0;1.0;5.0;Lower Manhattan;78.0;4.5;Bakery;Scone;Scottish Cream Scone ;4.5;2023-01-03 07:04:46;7;Tuesday;1;2023
1119.0;2.0;5.0;Lower Manhattan;29.0;2.5;Coffee;Gourmet brewed coffee;Columbian Medium Roast Rg;5.0;2023-01-03 07:06:53;7;Tuesday;1;2023
1120.0;2.0;5.0;Lower Manhattan;59.0;4.5;Drinking Chocolate;Hot chocolate;Dark chocolate Lg;9.0;2023-01-03 07:16:26;7;Tuesday;1;2023
1121.0;1.0;5.0;Lower Manhattan;73.0;3.75;Bakery;Pastry;Almond Croissant;3.75;2023-01-03 07:16:26;7;Tuesday;1;2023
1122.0;1.0;5.0;Lower Manhattan;45.0;3.0;Tea;Brewed herbal tea;Peppermint Lg;3.0;2023-01-03 07:17:23;7;Tuesday;1;2023
1123.0;2.0;5.0;Lower Manhattan;56.0;2.55;Tea;Brewed Chai tea;Spicy Eye Opener Chai Rg;5.1;2023-01-03 07:37:05;7;Tuesday;1;2023
1124.0;1.0;8.0;Hell's Kitchen;41.0;4.25;Coffee;Barista Espresso;Cappuccino Lg;4.25;2023-01-03 08:06:33;8;Tuesday;1;2023
1125.0;2.0;5.0;Lower Manhattan;60.0;3.75;Drinking Chocolate;Hot chocolate;Sustainably Grown Organic Rg;7.5;2023-01-03 08:09:50;8;Tuesday;1;2023
1126.0;1.0;8.0;Hell's Kitchen;44.0;2.5;Tea;Brewed herbal tea;Peppermint Rg;2.5;2023-01-03 08:13:04;8;Tuesday;1;2023
1127.0;1.0;8.0;Hell's Kitchen;37.0;3.0;Coffee;Barista Espresso;Espresso shot;3.0;2023-01-03 08:13:05;8;Tuesday;1;2023
1128.0;1.0;8.0;Hell's Kitchen;76.0;3.5;Bakery;Biscotti;Chocolate Chip Biscotti;3.5;2023-01-03 08:13:05;8;Tuesday;1;2023
1129.0;1.0;8.0;Hell's Kitchen;41.0;4.25;Coffee;Barista Espresso;Cappuccino Lg;4.25;2023-01-03 08:15:37;8;Tuesday;1;2023
1130.0;2.0;8.0;Hell's Kitchen;45.0;3.0;Tea;Brewed herbal tea;Peppermint Lg;6.0;2023-01-03 08:18:30;8;Tuesday;1;2023
1131.0;2.0;8.0;Hell's Kitchen;23.0;2.5;Coffee;Drip coffee;Our Old Time Diner Blend Rg;5.0;2023-01-03 08:18:53;8;Tuesday;1;2023
1132.0;2.0;8.0;Hell's Kitchen;29.0;2.5;Coffee;Gourmet brewed coffee;Columbian Medium Roast Rg;5.0;2023-01-03 08:18:56;8;Tuesday;1;2023
1133.0;2.0;8.0;Hell's Kitchen;52.0;2.5;Tea;Brewed Chai tea;Traditional Blend Chai Rg;5.0;2023-01-03 08:19:33;8;Tuesday;1;2023
1134.0;1.0;5.0;Lower Manhattan;51.0;3.0;Tea;Brewed Black tea;Earl Grey Lg;3.0;2023-01-03 08:19:47;8;Tuesday;1;2023
1135.0;1.0;5.0;Lower Manhattan;32.0;3.0;Coffee;Gourmet brewed coffee;Ethiopia Rg;3.0;2023-01-03 08:20:55;8;Tuesday;1;2023
1136.0;1.0;5.0;Lower Manhattan;27.0;3.5;Coffee;Organic brewed coffee;Brazilian Lg;3.5;2023-01-03 08:22:14;8;Tuesday;1;2023
1137.0;2.0;8.0;Hell's Kitchen;48.0;2.5;Tea;Brewed Black tea;English Breakfast Rg;5.0;2023-01-03 08:23:51;8;Tuesday;1;2023
1138.0;2.0;5.0;Lower Manhattan;30.0;3.0;Coffee;Gourmet brewed coffee;Columbian Medium Roast Lg;6.0;2023-01-03 08:28:33;8;Tuesday;1;2023
1139.0;2.0;8.0;Hell's Kitchen;60.0;3.75;Drinking Chocolate;Hot chocolate;Sustainably Grown Organic Rg;7.5;2023-01-03 08:28:53;8;Tuesday;1;2023
1140.0;2.0;5.0;Lower Manhattan;40.0;3.75;Coffee;Barista Espresso;Cappuccino;7.5;2023-01-03 08:30:14;8;Tuesday;1;2023
1141.0;2.0;8.0;Hell's Kitchen;22.0;2.0;Coffee;Drip coffee;Our Old Time Diner Blend Sm;4.0;2023-01-03 08:31:06;8;Tuesday;1;2023
1142.0;1.0;5.0;Lower Manhattan;41.0;4.25;Coffee;Barista Espresso;Cappuccino Lg;4.25;2023-01-03 08:31:07;8;Tuesday;1;2023
1143.0;1.0;5.0;Lower Manhattan;78.0;4.5;Bakery;Scone;Scottish Cream Scone ;4.5;2023-01-03 08:31:07;8;Tuesday;1;2023
1145.0;1.0;8.0;Hell's Kitchen;78.0;4.5;Bakery;Scone;Scottish Cream Scone ;4.5;2023-01-03 08:32:12;8;Tuesday;1;2023
1146.0;1.0;8.0;Hell's Kitchen;87.0;3.0;Coffee;Barista Espresso;Ouro Brasileiro shot;3.0;2023-01-03 08:34:35;8;Tuesday;1;2023
1147.0;1.0;8.0;Hell's Kitchen;60.0;3.75;Drinking Chocolate;Hot chocolate;Sustainably Grown Organic Rg;3.75;2023-01-03 08:37:26;8;Tuesday;1;2023
1148.0;2.0;5.0;Lower Manhattan;33.0;3.5;Coffee;Gourmet brewed coffee;Ethiopia Lg;7.0;2023-01-03 08:37:51;8;Tuesday;1;2023
1149.0;1.0;8.0;Hell's Kitchen;56.0;2.55;Tea;Brewed Chai tea;Spicy Eye Opener Chai Rg;2.55;2023-01-03 08:40:29;8;Tuesday;1;2023
1150.0;1.0;8.0;Hell's Kitchen;69.0;3.25;Bakery;Biscotti;Hazelnut Biscotti;3.25;2023-01-03 08:40:29;8;Tuesday;1;2023
1151.0;1.0;8.0;Hell's Kitchen;35.0;3.1;Coffee;Premium brewed coffee;Jamaican Coffee River Rg;3.1;2023-01-03 08:40:29;8;Tuesday;1;2023
1152.0;1.0;8.0;Hell's Kitchen;30.0;3.0;Coffee;Gourmet brewed coffee;Columbian Medium Roast Lg;3.0;2023-01-03 08:40:50;8;Tuesday;1;2023
1153.0;1.0;8.0;Hell's Kitchen;72.0;3.25;Bakery;Scone;Ginger Scone;3.25;2023-01-03 08:40:50;8;Tuesday;1;2023
1154.0;1.0;8.0;Hell's Kitchen;61.0;4.75;Drinking Chocolate;Hot chocolate;Sustainably Grown Organic Lg;4.75;2023-01-03 08:42:28;8;Tuesday;1;2023
1155.0;2.0;8.0;Hell's Kitchen;22.0;2.0;Coffee;Drip coffee;Our Old Time Diner Blend Sm;4.0;2023-01-03 08:44:23;8;Tuesday;1;2023
1156.0;2.0;5.0;Lower Manhattan;61.0;4.75;Drinking Chocolate;Hot chocolate;Sustainably Grown Organic Lg;9.5;2023-01-03 08:49:32;8;Tuesday;1;2023
1157.0;2.0;5.0;Lower Manhattan;51.0;3.0;Tea;Brewed Black tea;Earl Grey Lg;6.0;2023-01-03 08:49:35;8;Tuesday;1;2023
1158.0;1.0;5.0;Lower Manhattan;72.0;3.25;Bakery;Scone;Ginger Scone;3.25;2023-01-03 08:49:35;8;Tuesday;1;2023
1159.0;1.0;8.0;Hell's Kitchen;24.0;3.0;Coffee;Drip coffee;Our Old Time Diner Blend Lg;3.0;2023-01-03 08:50:00;8;Tuesday;1;2023
1160.0;2.0;8.0;Hell's Kitchen;44.0;2.5;Tea;Brewed herbal tea;Peppermint Rg;5.0;2023-01-03 08:50:21;8;Tuesday;1;2023
1161.0;2.0;5.0;Lower Manhattan;54.0;2.5;Tea;Brewed Chai tea;Morning Sunrise Chai Rg;5.0;2023-01-03 08:53:31;8;Tuesday;1;2023
1162.0;1.0;8.0;Hell's Kitchen;53.0;3.0;Tea;Brewed Chai tea;Traditional Blend Chai Lg;3.0;2023-01-03 08:54:44;8;Tuesday;1;2023
1163.0;2.0;5.0;Lower Manhattan;59.0;4.5;Drinking Chocolate;Hot chocolate;Dark chocolate Lg;9.0;2023-01-03 08:56:41;8;Tuesday;1;2023
1164.0;2.0;5.0;Lower Manhattan;50.0;2.5;Tea;Brewed Black tea;Earl Grey Rg;5.0;2023-01-03 09:03:49;9;Tuesday;1;2023
1165.0;2.0;5.0;Lower Manhattan;87.0;3.0;Coffee;Barista Espresso;Ouro Brasileiro shot;6.0;2023-01-03 09:07:30;9;Tuesday;1;2023
1166.0;1.0;5.0;Lower Manhattan;70.0;3.25;Bakery;Scone;Cranberry Scone;3.25;2023-01-03 09:07:30;9;Tuesday;1;2023
1167.0;1.0;8.0;Hell's Kitchen;52.0;2.5;Tea;Brewed Chai tea;Traditional Blend Chai Rg;2.5;2023-01-03 09:07:36;9;Tuesday;1;2023
1168.0;1.0;8.0;Hell's Kitchen;73.0;3.75;Bakery;Pastry;Almond Croissant;3.75;2023-01-03 09:07:36;9;Tuesday;1;2023
1169.0;2.0;8.0;Hell's Kitchen;26.0;3.0;Coffee;Organic brewed coffee;Brazilian Rg;6.0;2023-01-03 09:09:30;9;Tuesday;1;2023
1170.0;1.0;5.0;Lower Manhattan;37.0;3.0;Coffee;Barista Espresso;Espresso shot;3.0;2023-01-03 09:09:39;9;Tuesday;1;2023
1171.0;1.0;5.0;Lower Manhattan;45.0;3.0;Tea;Brewed herbal tea;Peppermint Lg;3.0;2023-01-03 09:15:44;9;Tuesday;1;2023
1172.0;1.0;8.0;Hell's Kitchen;22.0;2.0;Coffee;Drip coffee;Our Old Time Diner Blend Sm;2.0;2023-01-03 09:18:30;9;Tuesday;1;2023
1173.0;2.0;5.0;Lower Manhattan;22.0;2.0;Coffee;Drip coffee;Our Old Time Diner Blend Sm;4.0;2023-01-03 09:18:59;9;Tuesday;1;2023
1174.0;1.0;8.0;Hell's Kitchen;45.0;3.0;Tea;Brewed herbal tea;Peppermint Lg;3.0;2023-01-03 09:19:21;9;Tuesday;1;2023
1175.0;1.0;5.0;Lower Manhattan;25.0;2.2;Coffee;Organic brewed coffee;Brazilian Sm;2.2;2023-01-03 09:23:33;9;Tuesday;1;2023
1176.0;1.0;5.0;Lower Manhattan;54.0;2.5;Tea;Brewed Chai tea;Morning Sunrise Chai Rg;2.5;2023-01-03 09:24:46;9;Tuesday;1;2023
1177.0;2.0;8.0;Hell's Kitchen;50.0;2.5;Tea;Brewed Black tea;Earl Grey Rg;5.0;2023-01-03 09:27:13;9;Tuesday;1;2023
1178.0;1.0;5.0;Lower Manhattan;29.0;2.5;Coffee;Gourmet brewed coffee;Columbian Medium Roast Rg;2.5;2023-01-03 09:30:08;9;Tuesday;1;2023
1179.0;1.0;8.0;Hell's Kitchen;42.0;2.5;Tea;Brewed herbal tea;Lemon Grass Rg;2.5;2023-01-03 09:33:20;9;Tuesday;1;2023
1180.0;1.0;5.0;Lower Manhattan;45.0;3.0;Tea;Brewed herbal tea;Peppermint Lg;3.0;2023-01-03 09:43:23;9;Tuesday;1;2023
1181.0;1.0;8.0;Hell's Kitchen;55.0;4.0;Tea;Brewed Chai tea;Morning Sunrise Chai Lg;4.0;2023-01-03 09:44:41;9;Tuesday;1;2023
1182.0;1.0;8.0;Hell's Kitchen;54.0;2.5;Tea;Brewed Chai tea;Morning Sunrise Chai Rg;2.5;2023-01-03 09:44:59;9;Tuesday;1;2023
1183.0;2.0;5.0;Lower Manhattan;50.0;2.5;Tea;Brewed Black tea;Earl Grey Rg;5.0;2023-01-03 09:45:43;9;Tuesday;1;2023
1184.0;2.0;5.0;Lower Manhattan;59.0;4.5;Drinking Chocolate;Hot chocolate;Dark chocolate Lg;9.0;2023-01-03 09:49:52;9;Tuesday;1;2023
1185.0;2.0;5.0;Lower Manhattan;43.0;3.0;Tea;Brewed herbal tea;Lemon Grass Lg;6.0;2023-01-03 09:50:02;9;Tuesday;1;2023
1186.0;2.0;8.0;Hell's Kitchen;50.0;2.5;Tea;Brewed Black tea;Earl Grey Rg;5.0;2023-01-03 09:50:30;9;Tuesday;1;2023
1187.0;2.0;8.0;Hell's Kitchen;55.0;4.0;Tea;Brewed Chai tea;Morning Sunrise Chai Lg;8.0;2023-01-03 09:50:48;9;Tuesday;1;2023
1188.0;2.0;8.0;Hell's Kitchen;51.0;3.0;Tea;Brewed Black tea;Earl Grey Lg;6.0;2023-01-03 09:52:19;9;Tuesday;1;2023
1189.0;2.0;8.0;Hell's Kitchen;37.0;3.0;Coffee;Barista Espresso;Espresso shot;6.0;2023-01-03 09:53:13;9;Tuesday;1;2023
;2.0;5.0;Lower Manhattan;;3.0;Tea;Brewed Black tea;English Breakfast Lg;6.0;2023-01-03 09:56:34;9;Tuesday;1;2023
1191.0;1.0;8.0;Hell's Kitchen;40.0;3.75;Coffee;Barista Espresso;Cappuccino;3.75;2023-01-03 10:00:05;10;Tuesday;1;2023
1192.0;1.0;5.0;Lower Manhattan;87.0;3.0;Coffee;Barista Espresso;Ouro Brasileiro shot;3.0;2023-01-03 10:01:51;10;Tuesday;1;2023
1193.0;1.0;8.0;Hell's Kitchen;33.0;3.5;Coffee;Gourmet brewed coffee;Ethiopia Lg;3.5;2023-01-03 10:11:25;10;Tuesday;1;2023
1194.0;1.0;5.0;Lower Manhattan;40.0;3.75;Coffee;Barista Espresso;Cappuccino;3.75;2023-01-03 10:12:21;10;Tuesday;1;2023
1195.0;1.0;5.0;Lower Manhattan;37.0;3.0;Coffee;Barista Espresso;Espresso shot;3.0;2023-01-03 10:17:13;10;Tuesday;1;2023
1196.0;1.0;5.0;Lower Manhattan;34.0;2.45;Coffee;Premium brewed coffee;Jamaican Coffee River Sm;2.45;2023-01-03 10:19:53;10;Tuesday;1;2023
1197.0;1.0;5.0;Lower Manhattan;38.0;3.75;Coffee;Barista Espresso;Latte;3.75;2023-01-03 10:20:42;10;Tuesday;1;2023
1198.0;2.0;5.0;Lower Manhattan;49.0;3.0;Tea;Brewed Black tea;English Breakfast Lg;6.0;2023-01-03 10:22:26;10;Tuesday;1;2023
1199.0;2.0;5.0;Lower Manhattan;26.0;3.0;Coffee;Organic brewed coffee;Brazilian Rg;6.0;2023-01-03 10:25:55;10;Tuesday;1;2023
1200.0;1.0;8.0;Hell's Kitchen;55.0;4.0;Tea;Brewed Chai tea;Morning Sunrise Chai Lg;4.0;2023-01-03 10:26:39;10;Tuesday;1;2023
1201.0;1.0;8.0;Hell's Kitchen;56.0;2.55;Tea;Brewed Chai tea;Spicy Eye Opener Chai Rg;2.55;2023-01-03 10:28:45;10;Tuesday;1;2023
1202.0;2.0;5.0;Lower Manhattan;50.0;2.5;Tea;Brewed Black tea;Earl Grey Rg;5.0;2023-01-03 10:30:42;10;Tuesday;1;2023
1203.0;1.0;5.0;Lower Manhattan;29.0;2.5;Coffee;Gourmet brewed coffee;Columbian Medium Roast Rg;2.5;2023-01-03 10:33:49;10;Tuesday;1;2023
1204.0;2.0;5.0;Lower Manhattan;36.0;3.75;Coffee;Premium brewed coffee;Jamaican Coffee River Lg;7.5;2023-01-03 10:40:11;10;Tuesday;1;2023
1205.0;1.0;5.0;Lower Manhattan;33.0;3.5;Coffee;Gourmet brewed coffee;Ethiopia Lg;3.5;2023-01-03 10:41:29;10;Tuesday;1;2023
1206.0;1.0;5.0;Lower Manhattan;72.0;3.25;Bakery;Scone;Ginger Scone;3.25;2023-01-03 10:41:29;10;Tuesday;1;2023
1207.0;1.0;5.0;Lower Manhattan;47.0;3.0;Tea;Brewed Green tea;Serenity Green Tea Lg;3.0;2023-01-03 10:43:23;10;Tuesday;1;2023
1208.0;2.0;8.0;Hell's Kitchen;46.0;2.5;Tea;Brewed Green tea;Serenity Green Tea Rg;5.0;2023-01-03 10:47:34;10;Tuesday;1;2023
1209.0;1.0;8.0;Hell's Kitchen;37.0;3.0;Coffee;Barista Espresso;Espresso shot;3.0;2023-01-03 10:49:47;10;Tuesday;1;2023
1210.0;1.0;8.0;Hell's Kitchen;25.0;2.2;Coffee;Organic brewed coffee;Brazilian Sm;2.2;2023-01-03 10:52:38;10;Tuesday;1;2023
1211.0;2.0;5.0;Lower Manhattan;39.0;4.25;Coffee;Barista Espresso;Latte Rg;8.5;2023-01-03 10:54:16;10;Tuesday;1;2023
1212.0;2.0;5.0;Lower Manhattan;29.0;2.5;Coffee;Gourmet brewed coffee;Columbian Medium Roast Rg;5.0;2023-01-03 10:54:52;10;Tuesday;1;2023
1213.0;2.0;5.0;Lower Manhattan;43.0;3.0;Tea;Brewed herbal tea;Lemon Grass Lg;6.0;2023-01-03 10:56:53;10;Tuesday;1;2023
1214.0;1.0;5.0;Lower Manhattan;73.0;3.75;Bakery;Pastry;Almond Croissant;3.75;2023-01-03 10:56:53;10;Tuesday;1;2023
1215.0;1.0;8.0;Hell's Kitchen;45.0;3.0;Tea;Brewed herbal tea;Peppermint Lg;3.0;2023-01-03 10:58:20;10;Tuesday;1;2023
1216.0;2.0;8.0;Hell's Kitchen;32.0;3.0;Coffee;Gourmet brewed coffee;Ethiopia Rg;6.0;2023-01-03 10:59:41;10;Tuesday;1;2023
1217.0;1.0;5.0;Lower Manhattan;54.0;2.5;Tea;Brewed Chai tea;Morning Sunrise Chai Rg;2.5;2023-01-03 11:02:48;11;Tuesday;1;2023
1218.0;2.0;3.0;Astoria;28.0;2.0;Coffee;Gourmet brewed coffee;Columbian Medium Roast Sm;4.0;2023-01-03 11:05:55;11;Tuesday;1;2023
1219.0;2.0;3.0;Astoria;28.0;2.0;Coffee;Gourmet brewed coffee;Columbian Medium Roast Sm;4.0;2023-01-03 11:06:30;11;Tuesday;1;2023
1220.0;2.0;3.0;Astoria;36.0;3.75;Coffee;Premium brewed coffee;Jamaican Coffee River Lg;7.5;2023-01-03 11:08:16;11;Tuesday;1;2023
1221.0;2.0;8.0;Hell's Kitchen;30.0;3.0;Coffee;Gourmet brewed coffee;Columbian Medium Roast Lg;6.0;2023-01-03 11:08:51;11;Tuesday;1;2023
1222.0;2.0;3.0;Astoria;24.0;3.0;Coffee;Drip coffee;Our Old Time Diner Blend Lg;6.0;2023-01-03 11:10:02;11;Tuesday;1;2023
1223.0;2.0;5.0;Lower Manhattan;26.0;3.0;Coffee;Organic brewed coffee;Brazilian Rg;6.0;2023-01-03 11:11:10;11;Tuesday;1;2023
1224.0;1.0;5.0;Lower Manhattan;52.0;2.5;Tea;Brewed Chai tea;Traditional Blend Chai Rg;2.5;2023-01-03 11:11:22;11;Tuesday;1;2023
1225.0;2.0;3.0;Astoria;24.0;3.0;Coffee;Drip coffee;Our Old Time Diner Blend Lg;6.0;2023-01-03 11:16:22;11;Tuesday;1;2023
1226.0;2.0;3.0;Astoria;26.0;3.0;Coffee;Organic brewed coffee;Brazilian Rg;6.0;2023-01-03 11:16:40;11;Tuesday;1;2023
1228.0;2.0;3.0;Astoria;27.0;3.5;Coffee;Organic brewed coffee;Brazilian Lg;7.0;2023-01-03 11:18:12;11;Tuesday;1;2023
1229.0;2.0;8.0;Hell's Kitchen;49.0;3.0;Tea;Brewed Black tea;English Breakfast Lg;6.0;2023-01-03 11:20:10;11;Tuesday;1;2023
1230.0;1.0;8.0;Hell's Kitchen;42.0;2.5;Tea;Brewed herbal tea;Lemon Grass Rg;2.5;2023-01-03 11:21:22;11;Tuesday;1;2023
1231.0;2.0;5.0;Lower Manhattan;26.0;3.0;Coffee;Organic brewed coffee;Brazilian Rg;6.0;2023-01-03 11:23:05;11;Tuesday;1;2023
1232.0;1.0;5.0;Lower Manhattan;73.0;3.75;Bakery;Pastry;Almond Croissant;3.75;2023-01-03 11:23:05;11;Tuesday;1;2023
1233.0;1.0;8.0;Hell's Kitchen;54.0;2.5;Tea;Brewed Chai tea;Morning Sunrise Chai Rg;2.5;2023-01-03 11:23:56;11;Tuesday;1;2023
1234.0;1.0;8.0;Hell's Kitchen;72.0;3.25;Bakery;Scone;Ginger Scone;3.25;2023-01-03 11:23:56;11;Tuesday;1;2023
1235.0;2.0;8.0;Hell's Kitchen;61.0;4.75;Drinking Chocolate;Hot chocolate;Sustainably Grown Organic Lg;9.5;2023-01-03 11:26:09;11;Tuesday;1;2023
1236.0;2.0;3.0;Astoria;60.0;3.75;Drinking Chocolate;Hot chocolate;Sustainably Grown Organic Rg;7.5;2023-01-03 11:26:40;11;Tuesday;1;2023
1237.0;1.0;3.0;Astoria;78.0;4.5;Bakery;Scone;Scottish Cream Scone ;4.5;2023-01-03 11:26:40;11;Tuesday;1;2023
1238.0;2.0;3.0;Astoria;47.0;3.0;Tea;Brewed Green tea;Serenity Green Tea Lg;6.0;2023-01-03 11:26:49;11;Tuesday;1;2023
1239.0;1.0;8.0;Hell's Kitchen;46.0;2.5;Tea;Brewed Green tea;Serenity Green Tea Rg;2.5;2023-01-03 11:27:36;11;Tuesday;1;2023
1240.0;2.0;8.0;Hell's Kitchen;37.0;3.0;Coffee;Barista Espresso;Espresso shot;6.0;2023-01-03 11:30:16;11;Tuesday;1;2023
1241.0;2.0;5.0;Lower Manhattan;39.0;4.25;Coffee;Barista Espresso;Latte Rg;8.5;2023-01-03 11:31:00;11;Tuesday;1;2023
1242.0;1.0;5.0;Lower Manhattan;70.0;3.25;Bakery;Scone;Cranberry Scone;3.25;2023-01-03 11:31:00;11;Tuesday;1;2023
1243.0;1.0;8.0;Hell's Kitchen;50.0;2.5;Tea;Brewed Black tea;Earl Grey Rg;2.5;2023-01-03 11:31:11;11;Tuesday;1;2023
1244.0;1.0;8.0;Hell's Kitchen;47.0;3.0;Tea;Brewed Green tea;Serenity Green Tea Lg;3.0;2023-01-03 11:32:49;11;Tuesday;1;2023
1245.0;2.0;5.0;Lower Manhattan;31.0;2.2;Coffee;Gourmet brewed coffee;Ethiopia Sm;4.4;2023-01-03 11:33:06;11;Tuesday;1;2023
1246.0;1.0;8.0;Hell's Kitchen;24.0;3.0;Coffee;Drip coffee;Our Old Time Diner Blend Lg;3.0;2023-01-03 11:33:08;11;Tuesday;1;2023
1247.0;2.0;5.0;Lower Manhattan;26.0;3.0;Coffee;Organic brewed coffee;Brazilian Rg;6.0;2023-01-03 11:33:44;11;Tuesday;1;2023
1248.0;1.0;5.0;Lower Manhattan;75.0;3.5;Bakery;Pastry;Croissant;3.5;2023-01-03 11:33:44;11;Tuesday;1;2023
1249.0;1.0;3.0;Astoria;41.0;4.25;Coffee;Barista Espresso;Cappuccino Lg;4.25;2023-01-03 11:36:44;11;Tuesday;1;2023
1250.0;2.0;8.0;Hell's Kitchen;33.0;3.5;Coffee;Gourmet brewed coffee;Ethiopia Lg;7.0;2023-01-03 11:36:49;11;Tuesday;1;2023
1251.0;2.0;3.0;Astoria;46.0;2.5;Tea;Brewed Green tea;Serenity Green Tea Rg;5.0;2023-01-03 11:37:40;11;Tuesday;1;2023
1252.0;2.0;3.0;Astoria;32.0;3.0;Coffee;Gourmet brewed coffee;Ethiopia Rg;6.0;2023-01-03 11:37:50;11;Tuesday;1;2023
1253.0;1.0;3.0;Astoria;32.0;3.0;Coffee;Gourmet brewed coffee;Ethiopia Rg;3.0;2023-01-03 11:37:55;11;Tuesday;1;2023
1254.0;2.0;3.0;Astoria;30.0;3.0;Coffee;Gourmet brewed coffee;Columbian Medium Roast Lg;6.0;2023-01-03 11:40:15;11;Tuesday;1;2023
1256.0;2.0;5.0;Lower Manhattan;28.0;2.0;Coffee;Gourmet brewed coffee;Columbian Medium Roast Sm;4.0;2023-01-03 11:42:01;11;Tuesday;1;2023
1257.0;2.0;3.0;Astoria;40.0;3.75;Coffee;Barista Espresso;Cappuccino;7.5;2023-01-03 11:42:48;11;Tuesday;1;2023
1258.0;1.0;3.0;Astoria;77.0;3.0;Bakery;Scone;Oatmeal Scone;3.0;2023-01-03 11:42:48;11;Tuesday;1;2023
1259.0;1.0;5.0;Lower Manhattan;50.0;2.5;Tea;Brewed Black tea;Earl Grey Rg;2.5;2023-01-03 11:42:51;11;Tuesday;1;2023
1260.0;2.0;5.0;Lower Manhattan;22.0;2.0;Coffee;Drip coffee;Our Old Time Diner Blend Sm;4.0;2023-01-03 11:43:18;11;Tuesday;1;2023
1261.0;1.0;8.0;Hell's Kitchen;35.0;3.1;Coffee;Premium brewed coffee;Jamaican Coffee River Rg;3.1;2023-01-03 11:46:27;11;Tuesday;1;2023
1262.0;1.0;8.0;Hell's Kitchen;69.0;3.25;Bakery;Biscotti;Hazelnut Biscotti;3.25;2023-01-03 11:46:27;11;Tuesday;1;2023
1263.0;2.0;3.0;Astoria;35.0;3.1;Coffee;Premium brewed coffee;Jamaican Coffee River Rg;6.2;2023-01-03 11:46:29;11;Tuesday;1;2023
1264.0;1.0;3.0;Astoria;77.0;3.0;Bakery;Scone;Oatmeal Scone;3.0;2023-01-03 11:46:29;11;Tuesday;1;2023
1265.0;1.0;5.0;Lower Manhattan;48.0;2.5;Tea;Brewed Black tea;English Breakfast Rg;2.5;2023-01-03 11:47:50;11;Tuesday;1;2023
1266.0;1.0;8.0;Hell's Kitchen;29.0;2.5;Coffee;Gourmet brewed coffee;Columbian Medium Roast Rg;2.5;2023-01-03 11:50:55;11;Tuesday;1;2023
1267.0;1.0;8.0;Hell's Kitchen;43.0;3.0;Tea;Brewed herbal tea;Lemon Grass Lg;3.0;2023-01-03 11:51:18;11;Tuesday;1;2023
1268.0;1.0;8.0;Hell's Kitchen;59.0;4.5;Drinking Chocolate;Hot chocolate;Dark chocolate Lg;4.5;2023-01-03 11:52:48;11;Tuesday;1;2023
1269.0;1.0;5.0;Lower Manhattan;35.0;3.1;Coffee;Premium brewed coffee;Jamaican Coffee River Rg;3.1;2023-01-03 11:56:15;11;Tuesday;1;2023
;1.0;;Lower Manhattan;;3.75;Bakery;Pastry;Chocolate Croissant;3.75;2023-01-03 11:56:15;11;Tuesday;1;2023
1271.0;1.0;3.0;Astoria;24.0;3.0;Coffee;Drip coffee;Our Old Time Diner Blend Lg;3.0;2023-01-03 11:57:06;11;Tuesday;1;2023
1272.0;1.0;5.0;Lower Manhattan;33.0;3.5;Coffee;Gourmet brewed coffee;Ethiopia Lg;3.5;2023-01-03 11:57:55;11;Tuesday;1;2023
1273.0;1.0;5.0;Lower Manhattan;36.0;3.75;Coffee;Premium brewed coffee;Jamaican Coffee River Lg;3.75;2023-01-03 11:58:06;11;Tuesday;1;2023
1274.0;2.0;8.0;Hell's Kitchen;37.0;3.0;Coffee;Barista Espresso;Espresso shot;6.0;2023-01-03 11:58:07;11;Tuesday;1;2023
1275.0;1.0;3.0;Astoria;39.0;4.25;Coffee;Barista Espresso;Latte Rg;4.25;2023-01-03 11:59:06;11;Tuesday;1;2023
1276.0;2.0;5.0;Lower Manhattan;50.0;2.5;Tea;Brewed Black tea;Earl Grey Rg;5.0;2023-01-03 11:59:16;11;Tuesday;1;2023
1277.0;2.0;5.0;Lower Manhattan;37.0;3.0;Coffee;Barista Espresso;Espresso shot;6.0;2023-01-03 11:59:49;11;Tuesday;1;2023
1278.0;1.0;3.0;Astoria;50.0;2.5;Tea;Brewed Black tea;Earl Grey Rg;2.5;2023-01-03 12:00:52;12;Tuesday;1;2023
1279.0;2.0;5.0;Lower Manhattan;38.0;3.75;Coffee;Barista Espresso;Latte;7.5;2023-01-03 12:04:32;12;Tuesday;1;2023
1280.0;1.0;5.0;Lower Manhattan;25.0;2.2;Coffee;Organic brewed coffee;Brazilian Sm;2.2;2023-01-03 12:05:39;12;Tuesday;1;2023
1281.0;1.0;8.0;Hell's Kitchen;38.0;3.75;Coffee;Barista Espresso;Latte;3.75;2023-01-03 12:06:47;12;Tuesday;1;2023
1282.0;2.0;3.0;Astoria;55.0;4.0;Tea;Brewed Chai tea;Morning Sunrise Chai Lg;8.0;2023-01-03 12:08:20;12;Tuesday;1;2023
1283.0;1.0;8.0;Hell's Kitchen;56.0;2.55;Tea;Brewed Chai tea;Spicy Eye Opener Chai Rg;2.55;2023-01-03 12:14:46;12;Tuesday;1;2023
1284.0;2.0;5.0;Lower Manhattan;25.0;2.2;Coffee;Organic brewed coffee;Brazilian Sm;4.4;2023-01-03 12:16:03;12;Tuesday;1;2023
1285.0;1.0;3.0;Astoria;46.0;2.5;Tea;Brewed Green tea;Serenity Green Tea Rg;2.5;2023-01-03 12:16:30;12;Tuesday;1;2023
1286.0;1.0;3.0;Astoria;27.0;3.5;Coffee;Organic brewed coffee;Brazilian Lg;3.5;2023-01-03 12:17:20;12;Tuesday;1;2023
1287.0;2.0;5.0;Lower Manhattan;47.0;3.0;Tea;Brewed Green tea;Serenity Green Tea Lg;6.0;2023-01-03 12:20:44;12;Tuesday;1;2023
1288.0;2.0;8.0;Hell's Kitchen;23.0;2.5;Coffee;Drip coffee;Our Old Time Diner Blend Rg;5.0;2023-01-03 12:20:50;12;Tuesday;1;2023
1289.0;1.0;8.0;Hell's Kitchen;35.0;3.1;Coffee;Premium brewed coffee;Jamaican Coffee River Rg;3.1;2023-01-03 12:23:36;12;Tuesday;1;2023
1290.0;1.0;3.0;Astoria;51.0;3.0;Tea;Brewed Black tea;Earl Grey Lg;3.0;2023-01-03 12:26:03;12;Tuesday;1;2023
1291.0;2.0;3.0;Astoria;59.0;4.5;Drinking Chocolate;Hot chocolate;Dark chocolate Lg;9.0;2023-01-03 12:27:58;12;Tuesday;1;2023
1292.0;1.0;5.0;Lower Manhattan;51.0;3.0;Tea;Brewed Black tea;Earl Grey Lg;3.0;2023-01-03 12:30:20;12;Tuesday;1;2023
1293.0;2.0;3.0;Astoria;59.0;4.5;Drinking Chocolate;Hot chocolate;Dark chocolate Lg;9.0;2023-01-03 12:31:47;12;Tuesday;1;2023
1294.0;2.0;8.0;Hell's Kitchen;61.0;4.75;Drinking Chocolate;Hot chocolate;Sustainably Grown Organic Lg;9.5;2023-01-03 12:35:27;12;Tuesday;1;2023
1295.0;1.0;3.0;Astoria;24.0;3.0;Coffee;Drip coffee;Our Old Time Diner Blend Lg;3.0;2023-01-03 12:36:05;12;Tuesday;1;2023
1296.0;1.0;3.0;Astoria;24.0;3.0;Coffee;Drip coffee;Our Old Time Diner Blend Lg;3.0;2023-01-03 12:37:48;12;Tuesday;1;2023
1297.0;1.0;8.0;Hell's Kitchen;60.0;3.75;Drinking Chocolate;Hot chocolate;Sustainably Grown Organic Rg;3.75;2023-01-03 12:38:56;12;Tuesday;1;2023
1298.0;1.0;8.0;Hell's Kitchen;45.0;3.0;Tea;Brewed herbal tea;Peppermint Lg;3.0;2023-01-03 12:40:55;12;Tuesday;1;2023
1299.0;1.0;5.0;Lower Manhattan;46.0;2.5;Tea;Brewed Green tea;Serenity Green Tea Rg;2.5;2023-01-03 12:44:41;12;Tuesday;1;2023
1300.0;1.0;3.0;Astoria;51.0;3.0;Tea;Brewed Black tea;Earl Grey Lg;3.0;2023-01-03 12:45:07;12;Tuesday;1;2023
1301.0;1.0;3.0;Astoria;72.0;3.25;Bakery;Scone;Ginger Scone;3.25;2023-01-03 12:45:07;12;Tuesday;1;2023
1302.0;2.0;3.0;Astoria;27.0;3.5;Coffee;Organic brewed coffee;Brazilian Lg;7.0;2023-01-03 12:46:52;12;Tuesday;1;2023
1303.0;2.0;8.0;Hell's Kitchen;50.0;2.5;Tea;Brewed Black tea;Earl Grey Rg;5.0;2023-01-03 12:47:41;12;Tuesday;1;2023
1304.0;2.0;8.0;Hell's Kitchen;53.0;3.0;Tea;Brewed Chai tea;Traditional Blend Chai Lg;6.0;2023-01-03 12:48:20;12;Tuesday;1;2023
1305.0;1.0;5.0;Lower Manhattan;33.0;3.5;Coffee;Gourmet brewed coffee;Ethiopia Lg;3.5;2023-01-03 12:48:38;12;Tuesday;1;2023
1306.0;1.0;5.0;Lower Manhattan;76.0;3.5;Bakery;Biscotti;Chocolate Chip Biscotti;3.5;2023-01-03 12:48:38;12;Tuesday;1;2023
1307.0;2.0;3.0;Astoria;58.0;3.5;Drinking Chocolate;Hot chocolate;Dark chocolate Rg;7.0;2023-01-03 12:50:34;12;Tuesday;1;2023
1308.0;2.0;8.0;Hell's Kitchen;58.0;3.5;Drinking Chocolate;Hot chocolate;Dark chocolate Rg;7.0;2023-01-03 12:50:49;12;Tuesday;1;2023
1309.0;2.0;8.0;Hell's Kitchen;49.0;3.0;Tea;Brewed Black tea;English Breakfast Lg;6.0;2023-01-03 12:51:17;12;Tuesday;1;2023
1310.0;2.0;8.0;Hell's Kitchen;48.0;2.5;Tea;Brewed Black tea;English Breakfast Rg;5.0;2023-01-03 12:52:36;12;Tuesday;1;2023
1311.0;1.0;8.0;Hell's Kitchen;74.0;3.5;Bakery;Biscotti;Ginger Biscotti;3.5;2023-01-03 12:52:36;12;Tuesday;1;2023
1312.0;2.0;3.0;Astoria;39.0;4.25;Coffee;Barista Espresso;Latte Rg;8.5;2023-01-03 12:52:37;12;Tuesday;1;2023
1313.0;2.0;3.0;Astoria;30.0;3.0;Coffee;Gourmet brewed coffee;Columbian Medium Roast Lg;6.0;2023-01-03 12:55:25;12;Tuesday;1;2023
1314.0;1.0;5.0;Lower Manhattan;45.0;3.0;Tea;Brewed herbal tea;Peppermint Lg;3.0;2023-01-03 12:55:49;12;Tuesday;1;2023
1315.0;2.0;8.0;Hell's Kitchen;50.0;2.5;Tea;Brewed Black tea;Earl Grey Rg;5.0;2023-01-03 12:56:02;12;Tuesday;1;2023
1316.0;1.0;3.0;Astoria;39.0;4.25;Coffee;Barista Espresso;Latte Rg;4.25;2023-01-03 12:57:48;12;Tuesday;1;2023
1317.0;2.0;5.0;Lower Manhattan;35.0;3.1;Coffee;Premium brewed coffee;Jamaican Coffee River Rg;6.2;2023-01-03 12:58:20;12;Tuesday;1;2023
1318.0;2.0;3.0;Astoria;30.0;3.0;Coffee;Gourmet brewed coffee;Columbian Medium Roast Lg;6.0;2023-01-03 13:03:37;13;Tuesday;1;2023
1319.0;1.0;5.0;Lower Manhattan;42.0;2.5;Tea;Brewed herbal tea;Lemon Grass Rg;2.5;2023-01-03 13:04:25;13;Tuesday;1;2023
1320.0;2.0;5.0;Lower Manhattan;35.0;3.1;Coffee;Premium brewed coffee;Jamaican Coffee River Rg;6.2;2023-01-03 13:04:48;13;Tuesday;1;2023
1321.0;1.0;5.0;Lower Manhattan;74.0;3.5;Bakery;Biscotti;Ginger Biscotti;3.5;2023-01-03 13:04:48;13;Tuesday;1;2023
1322.0;1.0;8.0;Hell's Kitchen;22.0;2.0;Coffee;Drip coffee;Our Old Time Diner Blend Sm;2.0;2023-01-03 13:05:00;13;Tuesday;1;2023
1323.0;1.0;3.0;Astoria;59.0;4.5;Drinking Chocolate;Hot chocolate;Dark chocolate Lg;4.5;2023-01-03 13:05:16;13;Tuesday;1;2023
1324.0;1.0;3.0;Astoria;76.0;3.5;Bakery;Biscotti;Chocolate Chip Biscotti;3.5;2023-01-03 13:05:16;13;Tuesday;1;2023
1325.0;2.0;3.0;Astoria;22.0;2.0;Coffee;Drip coffee;Our Old Time Diner Blend Sm;4.0;2023-01-03 13:06:00;13;Tuesday;1;2023
1326.0;1.0;3.0;Astoria;54.0;2.5;Tea;Brewed Chai tea;Morning Sunrise Chai Rg;2.5;2023-01-03 13:07:30;13;Tuesday;1;2023
1327.0;2.0;5.0;Lower Manhattan;56.0;2.55;Tea;Brewed Chai tea;Spicy Eye Opener Chai Rg;5.1;2023-01-03 13:09:01;13;Tuesday;1;2023
1328.0;1.0;5.0;Lower Manhattan;74.0;3.5;Bakery;Biscotti;Ginger Biscotti;3.5;2023-01-03 13:09:01;13;Tuesday;1;2023
1329.0;2.0;3.0;Astoria;23.0;2.5;Coffee;Drip coffee;Our Old Time Diner Blend Rg;5.0;2023-01-03 13:12:16;13;Tuesday;1;2023
1330.0;2.0;5.0;Lower Manhattan;42.0;2.5;Tea;Brewed herbal tea;Lemon Grass Rg;5.0;2023-01-03 13:12:49;13;Tuesday;1;2023
1331.0;1.0;5.0;Lower Manhattan;78.0;4.5;Bakery;Scone;Scottish Cream Scone ;4.5;2023-01-03 13:12:49;13;Tuesday;1;2023
1332.0;2.0;3.0;Astoria;37.0;3.0;Coffee;Barista Espresso;Espresso shot;6.0;2023-01-03 13:13:33;13;Tuesday;1;2023
1333.0;2.0;3.0;Astoria;49.0;3.0;Tea;Brewed Black tea;English Breakfast Lg;6.0;2023-01-03 13:16:53;13;Tuesday;1;2023
1335.0;2.0;3.0;Astoria;51.0;3.0;Tea;Brewed Black tea;Earl Grey Lg;6.0;2023-01-03 13:18:51;13;Tuesday;1;2023
1336.0;1.0;3.0;Astoria;75.0;3.5;Bakery;Pastry;Croissant;3.5;2023-01-03 13:18:51;13;Tuesday;1;2023
1337.0;2.0;3.0;Astoria;23.0;2.5;Coffee;Drip coffee;Our Old Time Diner Blend Rg;5.0;2023-01-03 13:20:01;13;Tuesday;1;2023
1338.0;1.0;3.0;Astoria;34.0;2.45;Coffee;Premium brewed coffee;Jamaican Coffee River Sm;2.45;2023-01-03 13:20:13;13;Tuesday;1;2023
1339.0;1.0;3.0;Astoria;55.0;4.0;Tea;Brewed Chai tea;Morning Sunrise Chai Lg;4.0;2023-01-03 13:24:10;13;Tuesday;1;2023
1340.0;1.0;8.0;Hell's Kitchen;44.0;2.5;Tea;Brewed herbal tea;Peppermint Rg;2.5;2023-01-03 13:26:51;13;Tuesday;1;2023
1341.0;1.0;8.0;Hell's Kitchen;70.0;3.25;Bakery;Scone;Cranberry Scone;3.25;2023-01-03 13:26:51;13;Tuesday;1;2023
1342.0;1.0;3.0;Astoria;38.0;3.75;Coffee;Barista Espresso;Latte;3.75;2023-01-03 13:28:12;13;Tuesday;1;2023
1343.0;1.0;5.0;Lower Manhattan;43.0;3.0;Tea;Brewed herbal tea;Lemon Grass Lg;3.0;2023-01-03 13:31:04;13;Tuesday;1;2023
1344.0;1.0;5.0;Lower Manhattan;74.0;3.5;Bakery;Biscotti;Ginger Biscotti;3.5;2023-01-03 13:31:04;13;Tuesday;1;2023
1345.0;1.0;8.0;Hell's Kitchen;37.0;3.0;Coffee;Barista Espresso;Espresso shot;3.0;2023-01-03 13:34:08;13;Tuesday;1;2023
1346.0;2.0;3.0;Astoria;50.0;2.5;Tea;Brewed Black tea;Earl Grey Rg;5.0;2023-01-03 13:38:29;13;Tuesday;1;2023
1347.0;1.0;8.0;Hell's Kitchen;29.0;2.5;Coffee;Gourmet brewed coffee;Columbian Medium Roast Rg;2.5;2023-01-03 13:39:52;13;Tuesday;1;2023
1348.0;1.0;3.0;Astoria;55.0;4.0;Tea;Brewed Chai tea;Morning Sunrise Chai Lg;4.0;2023-01-03 13:41:00;13;Tuesday;1;2023
1349.0;1.0;8.0;Hell's Kitchen;54.0;2.5;Tea;Brewed Chai tea;Morning Sunrise Chai Rg;2.5;2023-01-03 13:44:19;13;Tuesday;1;2023
1350.0;2.0;3.0;Astoria;43.0;3.0;Tea;Brewed herbal tea;Lemon Grass Lg;6.0;2023-01-03 13:45:54;13;Tuesday;1;2023
1351.0;2.0;3.0;Astoria;26.0;3.0;Coffee;Organic brewed coffee;Brazilian Rg;6.0;2023-01-03 13:48:42;13;Tuesday;1;2023
1352.0;2.0;8.0;Hell's Kitchen;42.0;2.5;Tea;Brewed herbal tea;Lemon Grass Rg;5.0;2023-01-03 13:48:44;13;Tuesday;1;2023
1354.0;1.0;3.0;Astoria;54.0;2.5;Tea;Brewed Chai tea;Morning Sunrise Chai Rg;2.5;2023-01-03 13:52:13;13;Tuesday;1;2023
1356.0;2.0;3.0;Astoria;27.0;3.5;Coffee;Organic brewed coffee;Brazilian Lg;7.0;2023-01-03 13:57:02;13;Tuesday;1;2023
1357.0;2.0;3.0;Astoria;48.0;2.5;Tea;Brewed Black tea;English Breakfast Rg;5.0;2023-01-03 13:57:16;13;Tuesday;1;2023
1358.0;2.0;3.0;Astoria;57.0;3.1;Tea;Brewed Chai tea;Spicy Eye Opener Chai Lg;6.2;2023-01-03 13:57:24;13;Tuesday;1;2023
1359.0;1.0;8.0;Hell's Kitchen;57.0;3.1;Tea;Brewed Chai tea;Spicy Eye Opener Chai Lg;3.1;2023-01-03 13:57:28;13;Tuesday;1;2023
1360.0;1.0;3.0;Astoria;45.0;3.0;Tea;Brewed herbal tea;Peppermint Lg;3.0;2023-01-03 13:58:14;13;Tuesday;1;2023
1362.0;1.0;3.0;Astoria;55.0;4.0;Tea;Brewed Chai tea;Morning Sunrise Chai Lg;4.0;2023-01-03 14:00:27;14;Tuesday;1;2023
1363.0;2.0;3.0;Astoria;26.0;3.0;Coffee;Organic brewed coffee;Brazilian Rg;6.0;2023-01-03 14:03:06;14;Tuesday;1;2023
1364.0;2.0;3.0;Astoria;49.0;3.0;Tea;Brewed Black tea;English Breakfast Lg;6.0;2023-01-03 14:03:48;14;Tuesday;1;2023
1365.0;1.0;3.0;Astoria;56.0;2.55;Tea;Brewed Chai tea;Spicy Eye Opener Chai Rg;2.55;2023-01-03 14:03:54;14;Tuesday;1;2023
1366.0;2.0;5.0;Lower Manhattan;38.0;3.75;Coffee;Barista Espresso;Latte;7.5;2023-01-03 14:04:38;14;Tuesday;1;2023
1367.0;2.0;3.0;Astoria;59.0;4.5;Drinking Chocolate;Hot chocolate;Dark chocolate Lg;9.0;2023-01-03 14:04:48;14;Tuesday;1;2023
1368.0;2.0;3.0;Astoria;49.0;3.0;Tea;Brewed Black tea;English Breakfast Lg;6.0;2023-01-03 14:06:01;14;Tuesday;1;2023
1369.0;1.0;3.0;Astoria;37.0;3.0;Coffee;Barista Espresso;Espresso shot;3.0;2023-01-03 14:07:15;14;Tuesday;1;2023
1370.0;1.0;8.0;Hell's Kitchen;39.0;4.25;Coffee;Barista Espresso;Latte Rg;4.25;2023-01-03 14:08:26;14;Tuesday;1;2023
1371.0;1.0;8.0;Hell's Kitchen;42.0;2.5;Tea;Brewed herbal tea;Lemon Grass Rg;2.5;2023-01-03 14:09:18;14;Tuesday;1;2023
1372.0;1.0;8.0;Hell's Kitchen;56.0;2.55;Tea;Brewed Chai tea;Spicy Eye Opener Chai Rg;2.55;2023-01-03 14:09:52;14;Tuesday;1;2023
1373.0;1.0;8.0;Hell's Kitchen;39.0;4.25;Coffee;Barista Espresso;Latte Rg;4.25;2023-01-03 14:10:19;14;Tuesday;1;2023
1374.0;2.0;3.0;Astoria;24.0;3.0;Coffee;Drip coffee;Our Old Time Diner Blend Lg;6.0;2023-01-03 14:13:15;14;Tuesday;1;2023
1375.0;2.0;5.0;Lower Manhattan;54.0;2.5;Tea;Brewed Chai tea;Morning Sunrise Chai Rg;5.0;2023-01-03 14:13:47;14;Tuesday;1;2023
1376.0;1.0;5.0;Lower Manhattan;72.0;3.25;Bakery;Scone;Ginger Scone;3.25;2023-01-03 14:13:47;14;Tuesday;1;2023
1377.0;2.0;5.0;Lower Manhattan;48.0;2.5;Tea;Brewed Black tea;English Breakfast Rg;5.0;2023-01-03 14:14:01;14;Tuesday;1;2023
1378.0;2.0;3.0;Astoria;57.0;3.1;Tea;Brewed Chai tea;Spicy Eye Opener Chai Lg;6.2;2023-01-03 14:15:05;14;Tuesday;1;2023
1379.0;2.0;8.0;Hell's Kitchen;54.0;2.5;Tea;Brewed Chai tea;Morning Sunrise Chai Rg;5.0;2023-01-03 14:15:50;14;Tuesday;1;2023
1380.0;1.0;5.0;Lower Manhattan;41.0;4.25;Coffee;Barista Espresso;Cappuccino Lg;4.25;2023-01-03 14:17:42;14;Tuesday;1;2023
1381.0;2.0;5.0;Lower Manhattan;35.0;3.1;Coffee;Premium brewed coffee;Jamaican Coffee River Rg;6.2;2023-01-03 14:18:47;14;Tuesday;1;2023
1382.0;1.0;5.0;Lower Manhattan;71.0;3.75;Bakery;Pastry;Chocolate Croissant;3.75;2023-01-03 14:18:47;14;Tuesday;1;2023
1383.0;2.0;3.0;Astoria;57.0;3.1;Tea;Brewed Chai tea;Spicy Eye Opener Chai Lg;6.2;2023-01-03 14:18:58;14;Tuesday;1;2023
1384.0;2.0;5.0;Lower Manhattan;59.0;4.5;Drinking Chocolate;Hot chocolate;Dark chocolate Lg;9.0;2023-01-03 14:19:44;14;Tuesday;1;2023
1385.0;2.0;3.0;Astoria;38.0;3.75;Coffee;Barista Espresso;Latte;7.5;2023-01-03 14:21:57;14;Tuesday;1;2023
1386.0;2.0;5.0;Lower Manhattan;36.0;3.75;Coffee;Premium brewed coffee;Jamaican Coffee River Lg;7.5;2023-01-03 14:22:00;14;Tuesday;1;2023
1387.0;1.0;5.0;Lower Manhattan;79.0;3.75;Bakery;Scone;Jumbo Savory Scone;3.75;2023-01-03 14:22:00;14;Tuesday;1;2023
1388.0;2.0;5.0;Lower Manhattan;26.0;3.0;Coffee;Organic brewed coffee;Brazilian Rg;6.0;2023-01-03 14:22:48;14;Tuesday;1;2023
1389.0;2.0;3.0;Astoria;32.0;3.0;Coffee;Gourmet brewed coffee;Ethiopia Rg;6.0;2023-01-03 14:23:43;14;Tuesday;1;2023
1391.0;2.0;8.0;Hell's Kitchen;23.0;2.5;Coffee;Drip coffee;Our Old Time Diner Blend Rg;5.0;2023-01-03 14:24:01;14;Tuesday;1;2023
1392.0;1.0;8.0;Hell's Kitchen;74.0;3.5;Bakery;Biscotti;Ginger Biscotti;3.5;2023-01-03 14:24:01;14;Tuesday;1;2023
1393.0;1.0;8.0;Hell's Kitchen;35.0;3.1;Coffee;Premium brewed coffee;Jamaican Coffee River Rg;3.1;2023-01-03 14:24:14;14;Tuesday;1;2023
1394.0;2.0;8.0;Hell's Kitchen;52.0;2.5;Tea;Brewed Chai tea;Traditional Blend Chai Rg;5.0;2023-01-03 14:28:01;14;Tuesday;1;2023
1395.0;2.0;3.0;Astoria;27.0;3.5;Coffee;Organic brewed coffee;Brazilian Lg;7.0;2023-01-03 14:30:24;14;Tuesday;1;2023
1396.0;1.0;8.0;Hell's Kitchen;37.0;3.0;Coffee;Barista Espresso;Espresso shot;3.0;2023-01-03 14:30:38;14;Tuesday;1;2023
1397.0;2.0;3.0;Astoria;37.0;3.0;Coffee;Barista Espresso;Espresso shot;6.0;2023-01-03 14:31:14;14;Tuesday;1;2023
1398.0;2.0;8.0;Hell's Kitchen;45.0;3.0;Tea;Brewed herbal tea;Peppermint Lg;6.0;2023-01-03 14:33:36;14;Tuesday;1;2023
1399.0;1.0;8.0;Hell's Kitchen;25.0;2.2;Coffee;Organic brewed coffee;Brazilian Sm;2.2;2023-01-03 14:34:28;14;Tuesday;1;2023
1400.0;2.0;5.0;Lower Manhattan;31.0;2.2;Coffee;Gourmet brewed coffee;Ethiopia Sm;4.4;2023-01-03 14:35:13;14;Tuesday;1;2023
1401.0;1.0;3.0;Astoria;41.0;4.25;Coffee;Barista Espresso;Cappuccino Lg;4.25;2023-01-03 14:37:12;14;Tuesday;1;2023
1402.0;1.0;3.0;Astoria;40.0;3.75;Coffee;Barista Espresso;Cappuccino;3.75;2023-01-03 14:38:17;14;Tuesday;1;2023
1403.0;1.0;3.0;Astoria;74.0;3.5;Bakery;Biscotti;Ginger Biscotti;3.5;2023-01-03 14:38:17;14;Tuesday;1;2023
1404.0;2.0;3.0;Astoria;36.0;3.75;Coffee;Premium brewed coffee;Jamaican Coffee River Lg;7.5;2023-01-03 14:41:47;14;Tuesday;1;2023
1405.0;1.0;5.0;Lower Manhattan;51.0;3.0;Tea;Brewed Black tea;Earl Grey Lg;3.0;2023-01-03 14:42:59;14;Tuesday;1;2023
1406.0;2.0;8.0;Hell's Kitchen;59.0;4.5;Drinking Chocolate;Hot chocolate;Dark chocolate Lg;9.0;2023-01-03 14:43:48;14;Tuesday;1;2023
1407.0;1.0;3.0;Astoria;27.0;3.5;Coffee;Organic brewed coffee;Brazilian Lg;3.5;2023-01-03 14:44:43;14;Tuesday;1;2023
1408.0;1.0;3.0;Astoria;70.0;3.25;Bakery;Scone;Cranberry Scone;3.25;2023-01-03 14:44:43;14;Tuesday;1;2023
1409.0;1.0;3.0;Astoria;37.0;3.0;Coffee;Barista Espresso;Espresso shot;3.0;2023-01-03 14:45:14;14;Tuesday;1;2023
1410.0;2.0;3.0;Astoria;26.0;3.0;Coffee;Organic brewed coffee;Brazilian Rg;6.0;2023-01-03 14:47:09;14;Tuesday;1;2023
1411.0;1.0;3.0;Astoria;55.0;4.0;Tea;Brewed Chai tea;Morning Sunrise Chai Lg;4.0;2023-01-03 14:47:10;14;Tuesday;1;2023
1412.0;1.0;3.0;Astoria;76.0;3.5;Bakery;Biscotti;Chocolate Chip Biscotti;3.5;2023-01-03 14:47:10;14;Tuesday;1;2023
1413.0;2.0;8.0;Hell's Kitchen;24.0;3.0;Coffee;Drip coffee;Our Old Time Diner Blend Lg;6.0;2023-01-03 14:47:45;14;Tuesday;1;2023
1414.0;1.0;8.0;Hell's Kitchen;78.0;4.5;Bakery;Scone;Scottish Cream Scone ;4.5;2023-01-03 14:47:45;14;Tuesday;1;2023
1416.0;1.0;8.0;Hell's Kitchen;27.0;3.5;Coffee;Organic brewed coffee;Brazilian Lg;3.5;2023-01-03 14:48:30;14;Tuesday;1;2023
1417.0;1.0;8.0;Hell's Kitchen;60.0;3.75;Drinking Chocolate;Hot chocolate;Sustainably Grown Organic Rg;3.75;2023-01-03 14:49:31;14;Tuesday;1;2023
1418.0;2.0;8.0;Hell's Kitchen;87.0;3.0;Coffee;Barista Espresso;Ouro Brasileiro shot;6.0;2023-01-03 14:49:39;14;Tuesday;1;2023
1419.0;2.0;5.0;Lower Manhattan;47.0;3.0;Tea;Brewed Green tea;Serenity Green Tea Lg;6.0;2023-01-03 14:51:06;14;Tuesday;1;2023
1420.0;2.0;8.0;Hell's Kitchen;35.0;3.1;Coffee;Premium brewed coffee;Jamaican Coffee River Rg;6.2;2023-01-03 14:53:17;14;Tuesday;1;2023
1421.0;1.0;8.0;Hell's Kitchen;72.0;3.25;Bakery;Scone;Ginger Scone;3.25;2023-01-03 14:53:17;14;Tuesday;1;2023
1422.0;2.0;3.0;Astoria;44.0;2.5;Tea;Brewed herbal tea;Peppermint Rg;5.0;2023-01-03 14:53:51;14;Tuesday;1;2023
1423.0;1.0;3.0;Astoria;42.0;2.5;Tea;Brewed herbal tea;Lemon Grass Rg;2.5;2023-01-03 14:53:52;14;Tuesday;1;2023
1424.0;1.0;8.0;Hell's Kitchen;44.0;2.5;Tea;Brewed herbal tea;Peppermint Rg;2.5;2023-01-03 14:54:41;14;Tuesday;1;2023
1425.0;1.0;3.0;Astoria;34.0;2.45;Coffee;Premium brewed coffee;Jamaican Coffee River Sm;2.45;2023-01-03 14:54:59;14;Tuesday;1;2023
1426.0;1.0;5.0;Lower Manhattan;51.0;3.0;Tea;Brewed Black tea;Earl Grey Lg;3.0;2023-01-03 14:55:03;14;Tuesday;1;2023
1427.0;1.0;3.0;Astoria;54.0;2.5;Tea;Brewed Chai tea;Morning Sunrise Chai Rg;2.5;2023-01-03 14:56:33;14;Tuesday;1;2023
1428.0;1.0;8.0;Hell's Kitchen;52.0;2.5;Tea;Brewed Chai tea;Traditional Blend Chai Rg;2.5;2023-01-03 14:57:23;14;Tuesday;1;2023
1429.0;2.0;5.0;Lower Manhattan;57.0;3.1;Tea;Brewed Chai tea;Spicy Eye Opener Chai Lg;6.2;2023-01-03 14:57:49;14;Tuesday;1;2023
1430.0;2.0;5.0;Lower Manhattan;36.0;3.75;Coffee;Premium brewed coffee;Jamaican Coffee River Lg;7.5;2023-01-03 15:00:04;15;Tuesday;1;2023
1431.0;1.0;8.0;Hell's Kitchen;41.0;4.25;Coffee;Barista Espresso;Cappuccino Lg;4.25;2023-01-03 15:01:43;15;Tuesday;1;2023
1432.0;1.0;8.0;Hell's Kitchen;76.0;3.5;Bakery;Biscotti;Chocolate Chip Biscotti;3.5;2023-01-03 15:01:43;15;Tuesday;1;2023
1433.0;1.0;3.0;Astoria;48.0;2.5;Tea;Brewed Black tea;English Breakfast Rg;2.5;2023-01-03 15:02:09;15;Tuesday;1;2023
1434.0;1.0;3.0;Astoria;70.0;3.25;Bakery;Scone;Cranberry Scone;3.25;2023-01-03 15:02:09;15;Tuesday;1;2023
1435.0;1.0;3.0;Astoria;24.0;3.0;Coffee;Drip coffee;Our Old Time Diner Blend Lg;3.0;2023-01-03 15:02:34;15;Tuesday;1;2023
1436.0;1.0;3.0;Astoria;53.0;3.0;Tea;Brewed Chai tea;Traditional Blend Chai Lg;3.0;2023-01-03 15:03:23;15;Tuesday;1;2023
1437.0;2.0;5.0;Lower Manhattan;43.0;3.0;Tea;Brewed herbal tea;Lemon Grass Lg;6.0;2023-01-03 15:04:07;15;Tuesday;1;2023
1438.0;2.0;8.0;Hell's Kitchen;87.0;3.0;Coffee;Barista Espresso;Ouro Brasileiro shot;6.0;2023-01-03 15:05:33;15;Tuesday;1;2023
1439.0;1.0;3.0;Astoria;25.0;2.2;Coffee;Organic brewed coffee;Brazilian Sm;2.2;2023-01-03 15:06:00;15;Tuesday;1;2023
1440.0;1.0;5.0;Lower Manhattan;49.0;3.0;Tea;Brewed Black tea;English Breakfast Lg;3.0;2023-01-03 15:06:37;15;Tuesday;1;2023
1441.0;1.0;5.0;Lower Manhattan;75.0;3.5;Bakery;Pastry;Croissant;3.5;2023-01-03 15:06:37;15;Tuesday;1;2023
1442.0;1.0;3.0;Astoria;47.0;3.0;Tea;Brewed Green tea;Serenity Green Tea Lg;3.0;2023-01-03 15:07:41;15;Tuesday;1;2023
1443.0;1.0;3.0;Astoria;46.0;2.5;Tea;Brewed Green tea;Serenity Green Tea Rg;2.5;2023-01-03 15:08:18;15;Tuesday;1;2023
1444.0;1.0;3.0;Astoria;69.0;3.25;Bakery;Biscotti;Hazelnut Biscotti;3.25;2023-01-03 15:08:18;15;Tuesday;1;2023
1445.0;2.0;5.0;Lower Manhattan;32.0;3.0;Coffee;Gourmet brewed coffee;Ethiopia Rg;6.0;2023-01-03 15:10:02;15;Tuesday;1;2023
1446.0;2.0;8.0;Hell's Kitchen;30.0;3.0;Coffee;Gourmet brewed coffee;Columbian Medium Roast Lg;6.0;2023-01-03 15:10:51;15;Tuesday;1;2023
1447.0;2.0;8.0;Hell's Kitchen;48.0;2.5;Tea;Brewed Black tea;English Breakfast Rg;5.0;2023-01-03 15:11:28;15;Tuesday;1;2023
1448.0;1.0;8.0;Hell's Kitchen;77.0;3.0;Bakery;Scone;Oatmeal Scone;3.0;2023-01-03 15:11:28;15;Tuesday;1;2023
1449.0;2.0;3.0;Astoria;48.0;2.5;Tea;Brewed Black tea;English Breakfast Rg;5.0;2023-01-03 15:13:22;15;Tuesday;1;2023
1450.0;2.0;5.0;Lower Manhattan;37.0;3.0;Coffee;Barista Espresso;Espresso shot;6.0;2023-01-03 15:13:46;15;Tuesday;1;2023
1451.0;2.0;8.0;Hell's Kitchen;45.0;3.0;Tea;Brewed herbal tea;Peppermint Lg;6.0;2023-01-03 15:15:01;15;Tuesday;1;2023
1452.0;1.0;3.0;Astoria;57.0;3.1;Tea;Brewed Chai tea;Spicy Eye Opener Chai Lg;3.1;2023-01-03 15:15:39;15;Tuesday;1;2023
1453.0;2.0;5.0;Lower Manhattan;34.0;2.45;Coffee;Premium brewed coffee;Jamaican Coffee River Sm;4.9;2023-01-03 15:15:48;15;Tuesday;1;2023
1455.0;1.0;5.0;Lower Manhattan;78.0;4.5;Bakery;Scone;Scottish Cream Scone ;4.5;2023-01-03 15:17:03;15;Tuesday;1;2023
1456.0;2.0;8.0;Hell's Kitchen;32.0;3.0;Coffee;Gourmet brewed coffee;Ethiopia Rg;6.0;2023-01-03 15:18:13;15;Tuesday;1;2023
1457.0;1.0;5.0;Lower Manhattan;47.0;3.0;Tea;Brewed Green tea;Serenity Green Tea Lg;3.0;2023-01-03 15:19:17;15;Tuesday;1;2023
1458.0;1.0;5.0;Lower Manhattan;79.0;3.75;Bakery;Scone;Jumbo Savory Scone;3.75;2023-01-03 15:19:17;15;Tuesday;1;2023
1459.0;1.0;8.0;Hell's Kitchen;48.0;2.5;Tea;Brewed Black tea;English Breakfast Rg;2.5;2023-01-03 15:19:59;15;Tuesday;1;2023
1460.0;2.0;3.0;Astoria;54.0;2.5;Tea;Brewed Chai tea;Morning Sunrise Chai Rg;5.0;2023-01-03 15:23:04;15;Tuesday;1;2023
1461.0;1.0;3.0;Astoria;29.0;2.5;Coffee;Gourmet brewed coffee;Columbian Medium Roast Rg;2.5;2023-01-03 15:24:23;15;Tuesday;1;2023
1462.0;2.0;3.0;Astoria;41.0;4.25;Coffee;Barista Espresso;Cappuccino Lg;8.5;2023-01-03 15:24:48;15;Tuesday;1;2023
1463.0;2.0;3.0;Astoria;29.0;2.5;Coffee;Gourmet brewed coffee;Columbian Medium Roast Rg;5.0;2023-01-03 15:26:58;15;Tuesday;1;2023
1464.0;2.0;8.0;Hell's Kitchen;38.0;3.75;Coffee;Barista Espresso;Latte;7.5;2023-01-03 15:27:29;15;Tuesday;1;2023
1465.0;2.0;5.0;Lower Manhattan;31.0;2.2;Coffee;Gourmet brewed coffee;Ethiopia Sm;4.4;2023-01-03 15:28:42;15;Tuesday;1;2023
1466.0;2.0;3.0;Astoria;27.0;3.5;Coffee;Organic brewed coffee;Brazilian Lg;7.0;2023-01-03 15:29:25;15;Tuesday;1;2023
1467.0;2.0;5.0;Lower Manhattan;22.0;2.0;Coffee;Drip coffee;Our Old Time Diner Blend Sm;4.0;2023-01-03 15:30:42;15;Tuesday;1;2023
1468.0;2.0;3.0;Astoria;25.0;2.2;Coffee;Organic brewed coffee;Brazilian Sm;4.4;2023-01-03 15:32:00;15;Tuesday;1;2023
1469.0;1.0;3.0;Astoria;79.0;3.75;Bakery;Scone;Jumbo Savory Scone;3.75;2023-01-03 15:32:00;15;Tuesday;1;2023
1470.0;2.0;3.0;Astoria;22.0;2.0;Coffee;Drip coffee;Our Old Time Diner Blend Sm;4.0;2023-01-03 15:33:20;15;Tuesday;1;2023
1471.0;1.0;8.0;Hell's Kitchen;54.0;2.5;Tea;Brewed Chai tea;Morning Sunrise Chai Rg;2.5;2023-01-03 15:33:20;15;Tuesday;1;2023
1472.0;1.0;8.0;Hell's Kitchen;74.0;3.5;Bakery;Biscotti;Ginger Biscotti;3.5;2023-01-03 15:33:20;15;Tuesday;1;2023
1473.0;2.0;5.0;Lower Manhattan;38.0;3.75;Coffee;Barista Espresso;Latte;7.5;2023-01-03 15:33:40;15;Tuesday;1;2023
1474.0;1.0;8.0;Hell's Kitchen;31.0;2.2;Coffee;Gourmet brewed coffee;Ethiopia Sm;2.2;2023-01-03 15:35:23;15;Tuesday;1;2023
1475.0;2.0;3.0;Astoria;43.0;3.0;Tea;Brewed herbal tea;Lemon Grass Lg;6.0;2023-01-03 15:35:49;15;Tuesday;1;2023
1476.0;1.0;3.0;Astoria;53.0;3.0;Tea;Brewed Chai tea;Traditional Blend Chai Lg;3.0;2023-01-03 15:36:04;15;Tuesday;1;2023
1477.0;1.0;8.0;Hell's Kitchen;44.0;2.5;Tea;Brewed herbal tea;Peppermint Rg;2.5;2023-01-03 15:36:32;15;Tuesday;1;2023
1478.0;1.0;3.0;Astoria;60.0;3.75;Drinking Chocolate;Hot chocolate;Sustainably Grown Organic Rg;3.75;2023-01-03 15:37:29;15;Tuesday;1;2023
1479.0;1.0;3.0;Astoria;69.0;3.25;Bakery;Biscotti;Hazelnut Biscotti;3.25;2023-01-03 15:37:29;15;Tuesday;1;2023
1480.0;1.0;8.0;Hell's Kitchen;23.0;2.5;Coffee;Drip coffee;Our Old Time Diner Blend Rg;2.5;2023-01-03 15:39:00;15;Tuesday;1;2023
1481.0;2.0;8.0;Hell's Kitchen;43.0;3.0;Tea;Brewed herbal tea;Lemon Grass Lg;6.0;2023-01-03 15:41:00;15;Tuesday;1;2023
1482.0;1.0;3.0;Astoria;55.0;4.0;Tea;Brewed Chai tea;Morning Sunrise Chai Lg;4.0;2023-01-03 15:43:32;15;Tuesday;1;2023
1483.0;2.0;3.0;Astoria;54.0;2.5;Tea;Brewed Chai tea;Morning Sunrise Chai Rg;5.0;2023-01-03 15:43:40;15;Tuesday;1;2023
1484.0;1.0;8.0;Hell's Kitchen;58.0;3.5;Drinking Chocolate;Hot chocolate;Dark chocolate Rg;3.5;2023-01-03 15:45:20;15;Tuesday;1;2023
1486.0;1.0;8.0;Hell's Kitchen;87.0;3.0;Coffee;Barista Espresso;Ouro Brasileiro shot;3.0;2023-01-03 15:46:51;15;Tuesday;1;2023
1487.0;1.0;8.0;Hell's Kitchen;77.0;3.0;Bakery;Scone;Oatmeal Scone;3.0;2023-01-03 15:46:51;15;Tuesday;1;2023
1488.0;2.0;8.0;Hell's Kitchen;61.0;4.75;Drinking Chocolate;Hot chocolate;Sustainably Grown Organic Lg;9.5;2023-01-03 15:47:58;15;Tuesday;1;2023
1489.0;1.0;8.0;Hell's Kitchen;76.0;3.5;Bakery;Biscotti;Chocolate Chip Biscotti;3.5;2023-01-03 15:47:58;15;Tuesday;1;2023
1490.0;2.0;5.0;Lower Manhattan;54.0;2.5;Tea;Brewed Chai tea;Morning Sunrise Chai Rg;5.0;2023-01-03 15:48:24;15;Tuesday;1;2023
1491.0;1.0;8.0;Hell's Kitchen;59.0;4.5;Drinking Chocolate;Hot chocolate;Dark chocolate Lg;4.5;2023-01-03 15:48:25;15;Tuesday;1;2023
1492.0;2.0;5.0;Lower Manhattan;55.0;4.0;Tea;Brewed Chai tea;Morning Sunrise Chai Lg;8.0;2023-01-03 15:48:46;15;Tuesday;1;2023
1493.0;1.0;5.0;Lower Manhattan;59.0;4.5;Drinking Chocolate;Hot chocolate;Dark chocolate Lg;4.5;2023-01-03 15:49:11;15;Tuesday;1;2023
1494.0;1.0;8.0;Hell's Kitchen;27.0;3.5;Coffee;Organic brewed coffee;Brazilian Lg;3.5;2023-01-03 15:51:55;15;Tuesday;1;2023
1495.0;1.0;3.0;Astoria;43.0;3.0;Tea;Brewed herbal tea;Lemon Grass Lg;3.0;2023-01-03 15:52:01;15;Tuesday;1;2023
1496.0;1.0;3.0;Astoria;56.0;2.55;Tea;Brewed Chai tea;Spicy Eye Opener Chai Rg;2.55;2023-01-03 15:53:19;15;Tuesday;1;2023
1497.0;1.0;8.0;Hell's Kitchen;34.0;2.45;Coffee;Premium brewed coffee;Jamaican Coffee River Sm;2.45;2023-01-03 15:55:15;15;Tuesday;1;2023
1498.0;1.0;5.0;Lower Manhattan;30.0;3.0;Coffee;Gourmet brewed coffee;Columbian Medium Roast Lg;3.0;2023-01-03 15:55:31;15;Tuesday;1;2023
;1.0;;Lower Manhattan;58.0;3.5;Drinking Chocolate;Hot chocolate;Dark chocolate Rg;3.5;2023-01-03 15:55:36;15;Tuesday;1;2023
1500.0;2.0;8.0;Hell's Kitchen;46.0;2.5;Tea;Brewed Green tea;Serenity Green Tea Rg;5.0;2023-01-03 15:55:59;15;Tuesday;1;2023
1501.0;2.0;5.0;Lower Manhattan;87.0;3.0;Coffee;Barista Espresso;Ouro Brasileiro shot;6.0;2023-01-03 15:57:20;15;Tuesday;1;2023
1503.0;2.0;3.0;Astoria;40.0;3.75;Coffee;Barista Espresso;Cappuccino;7.5;2023-01-03 15:58:31;15;Tuesday;1;2023
1504.0;2.0;8.0;Hell's Kitchen;24.0;3.0;Coffee;Drip coffee;Our Old Time Diner Blend Lg;6.0;2023-01-03 16:00:06;16;Tuesday;1;2023
1505.0;1.0;5.0;Lower Manhattan;26.0;3.0;Coffee;Organic brewed coffee;Brazilian Rg;3.0;2023-01-03 16:00:44;16;Tuesday;1;2023
1506.0;1.0;3.0;Astoria;25.0;2.2;Coffee;Organic brewed coffee;Brazilian Sm;2.2;2023-01-03 16:03:08;16;Tuesday;1;2023
1507.0;2.0;3.0;Astoria;27.0;3.5;Coffee;Organic brewed coffee;Brazilian Lg;7.0;2023-01-03 16:04:22;16;Tuesday;1;2023
1508.0;2.0;5.0;Lower Manhattan;38.0;3.75;Coffee;Barista Espresso;Latte;7.5;2023-01-03 16:07:48;16;Tuesday;1;2023
1509.0;1.0;8.0;Hell's Kitchen;47.0;3.0;Tea;Brewed Green tea;Serenity Green Tea Lg;3.0;2023-01-03 16:08:18;16;Tuesday;1;2023
1510.0;1.0;3.0;Astoria;47.0;3.0;Tea;Brewed Green tea;Serenity Green Tea Lg;3.0;2023-01-03 16:13:17;16;Tuesday;1;2023
1511.0;1.0;3.0;Astoria;76.0;3.5;Bakery;Biscotti;Chocolate Chip Biscotti;3.5;2023-01-03 16:13:17;16;Tuesday;1;2023
1512.0;1.0;5.0;Lower Manhattan;45.0;3.0;Tea;Brewed herbal tea;Peppermint Lg;3.0;2023-01-03 16:14:44;16;Tuesday;1;2023
1513.0;1.0;3.0;Astoria;58.0;3.5;Drinking Chocolate;Hot chocolate;Dark chocolate Rg;3.5;2023-01-03 16:15:10;16;Tuesday;1;2023
1514.0;1.0;8.0;Hell's Kitchen;60.0;3.75;Drinking Chocolate;Hot chocolate;Sustainably Grown Organic Rg;3.75;2023-01-03 16:16:00;16;Tuesday;1;2023
1515.0;1.0;8.0;Hell's Kitchen;76.0;3.5;Bakery;Biscotti;Chocolate Chip Biscotti;3.5;2023-01-03 16:16:00;16;Tuesday;1;2023
1516.0;1.0;;Astoria;;3.0;Tea;Brewed herbal tea;Lemon Grass Lg;3.0;2023-01-03 16:16:52;16;Tuesday;1;2023
1517.0;1.0;8.0;Hell's Kitchen;46.0;2.5;Tea;Brewed Green tea;Serenity Green Tea Rg;2.5;2023-01-03 16:21:27;16;Tuesday;1;2023
1518.0;1.0;3.0;Astoria;37.0;3.0;Coffee;Barista Espresso;Espresso shot;3.0;2023-01-03 16:22:03;16;Tuesday;1;2023
1519.0;2.0;8.0;Hell's Kitchen;46.0;2.5;Tea;Brewed Green tea;Serenity Green Tea Rg;5.0;2023-01-03 16:22:58;16;Tuesday;1;2023
1520.0;1.0;5.0;Lower Manhattan;39.0;4.25;Coffee;Barista Espresso;Latte Rg;4.25;2023-01-03 16:23:10;16;Tuesday;1;2023
1521.0;1.0;5.0;Lower Manhattan;77.0;3.0;Bakery;Scone;Oatmeal Scone;3.0;2023-01-03 16:23:10;16;Tuesday;1;2023
1522.0;2.0;8.0;Hell's Kitchen;25.0;2.2;Coffee;Organic brewed coffee;Brazilian Sm;4.4;2023-01-03 16:23:27;16;Tuesday;1;2023
1523.0;2.0;8.0;Hell's Kitchen;53.0;3.0;Tea;Brewed Chai tea;Traditional Blend Chai Lg;6.0;2023-01-03 16:24:45;16;Tuesday;1;2023
1524.0;1.0;8.0;Hell's Kitchen;75.0;3.5;Bakery;Pastry;Croissant;3.5;2023-01-03 16:24:45;16;Tuesday;1;2023
1525.0;1.0;8.0;Hell's Kitchen;53.0;3.0;Tea;Brewed Chai tea;Traditional Blend Chai Lg;3.0;2023-01-03 16:25:31;16;Tuesday;1;2023
1526.0;2.0;3.0;Astoria;49.0;3.0;Tea;Brewed Black tea;English Breakfast Lg;6.0;2023-01-03 16:25:47;16;Tuesday;1;2023
1527.0;2.0;8.0;Hell's Kitchen;46.0;2.5;Tea;Brewed Green tea;Serenity Green Tea Rg;5.0;2023-01-03 16:29:14;16;Tuesday;1;2023
1528.0;2.0;5.0;Lower Manhattan;27.0;3.5;Coffee;Organic brewed coffee;Brazilian Lg;7.0;2023-01-03 16:29:19;16;Tuesday;1;2023
1529.0;1.0;5.0;Lower Manhattan;72.0;3.25;Bakery;Scone;Ginger Scone;3.25;2023-01-03 16:29:19;16;Tuesday;1;2023
1530.0;1.0;3.0;Astoria;54.0;2.5;Tea;Brewed Chai tea;Morning Sunrise Chai Rg;2.5;2023-01-03 16:29:24;16;Tuesday;1;2023
1531.0;2.0;3.0;Astoria;36.0;3.75;Coffee;Premium brewed coffee;Jamaican Coffee River Lg;7.5;2023-01-03 16:29:35;16;Tuesday;1;2023
1532.0;1.0;8.0;Hell's Kitchen;50.0;2.5;Tea;Brewed Black tea;Earl Grey Rg;2.5;2023-01-03 16:30:03;16;Tuesday;1;2023
1533.0;1.0;8.0;Hell's Kitchen;32.0;3.0;Coffee;Gourmet brewed coffee;Ethiopia Rg;3.0;2023-01-03 16:31:06;16;Tuesday;1;2023
1534.0;1.0;8.0;Hell's Kitchen;71.0;3.75;Bakery;Pastry;Chocolate Croissant;3.75;2023-01-03 16:31:06;16;Tuesday;1;2023
1535.0;1.0;3.0;Astoria;54.0;2.5;Tea;Brewed Chai tea;Morning Sunrise Chai Rg;2.5;2023-01-03 16:31:41;16;Tuesday;1;2023
1536.0;2.0;3.0;Astoria;51.0;3.0;Tea;Brewed Black tea;Earl Grey Lg;6.0;2023-01-03 16:32:29;16;Tuesday;1;2023
1537.0;1.0;5.0;Lower Manhattan;30.0;3.0;Coffee;Gourmet brewed coffee;Columbian Medium Roast Lg;3.0;2023-01-03 16:33:26;16;Tuesday;1;2023
1538.0;1.0;5.0;Lower Manhattan;61.0;4.75;Drinking Chocolate;Hot chocolate;Sustainably Grown Organic Lg;4.75;2023-01-03 16:34:56;16;Tuesday;1;2023
1539.0;1.0;5.0;Lower Manhattan;75.0;3.5;Bakery;Pastry;Croissant;3.5;2023-01-03 16:34:56;16;Tuesday;1;2023
1540.0;1.0;8.0;Hell's Kitchen;32.0;3.0;Coffee;Gourmet brewed coffee;Ethiopia Rg;3.0;2023-01-03 16:35:23;16;Tuesday;1;2023
1541.0;1.0;8.0;Hell's Kitchen;79.0;3.75;Bakery;Scone;Jumbo Savory Scone;3.75;2023-01-03 16:35:23;16;Tuesday;1;2023
1542.0;2.0;3.0;Astoria;36.0;3.75;Coffee;Premium brewed coffee;Jamaican Coffee River Lg;7.5;2023-01-03 16:37:31;16;Tuesday;1;2023
1543.0;2.0;8.0;Hell's Kitchen;28.0;2.0;Coffee;Gourmet brewed coffee;Columbian Medium Roast Sm;4.0;2023-01-03 16:37:59;16;Tuesday;1;2023
1544.0;1.0;8.0;Hell's Kitchen;73.0;3.75;Bakery;Pastry;Almond Croissant;3.75;2023-01-03 16:37:59;16;Tuesday;1;2023
1545.0;1.0;5.0;Lower Manhattan;32.0;3.0;Coffee;Gourmet brewed coffee;Ethiopia Rg;3.0;2023-01-03 16:39:44;16;Tuesday;1;2023
1546.0;2.0;8.0;Hell's Kitchen;26.0;3.0;Coffee;Organic brewed coffee;Brazilian Rg;6.0;2023-01-03 16:40:42;16;Tuesday;1;2023
1547.0;1.0;8.0;Hell's Kitchen;33.0;3.5;Coffee;Gourmet brewed coffee;Ethiopia Lg;3.5;2023-01-03 16:41:45;16;Tuesday;1;2023
1548.0;2.0;3.0;Astoria;25.0;2.2;Coffee;Organic brewed coffee;Brazilian Sm;4.4;2023-01-03 16:42:17;16;Tuesday;1;2023
1549.0;1.0;5.0;Lower Manhattan;54.0;2.5;Tea;Brewed Chai tea;Morning Sunrise Chai Rg;2.5;2023-01-03 16:43:22;16;Tuesday;1;2023
1550.0;1.0;3.0;Astoria;22.0;2.0;Coffee;Drip coffee;Our Old Time Diner Blend Sm;2.0;2023-01-03 16:43:36;16;Tuesday;1;2023
;1.0;;Lower Manhattan;46.0;2.5;Tea;Brewed Green tea;Serenity Green Tea Rg;2.5;2023-01-03 16:43:58;16;Tuesday;1;2023
1552.0;1.0;5.0;Lower Manhattan;71.0;3.75;Bakery;Pastry;Chocolate Croissant;3.75;2023-01-03 16:43:58;16;Tuesday;1;2023
1553.0;2.0;3.0;Astoria;57.0;3.1;Tea;Brewed Chai tea;Spicy Eye Opener Chai Lg;6.2;2023-01-03 16:48:31;16;Tuesday;1;2023
1554.0;1.0;5.0;Lower Manhattan;45.0;3.0;Tea;Brewed herbal tea;Peppermint Lg;3.0;2023-01-03 16:49:49;16;Tuesday;1;2023
1555.0;1.0;8.0;Hell's Kitchen;61.0;4.75;Drinking Chocolate;Hot chocolate;Sustainably Grown Organic Lg;4.75;2023-01-03 16:50:27;16;Tuesday;1;2023
1556.0;2.0;5.0;Lower Manhattan;23.0;2.5;Coffee;Drip coffee;Our Old Time Diner Blend Rg;5.0;2023-01-03 16:50:47;16;Tuesday;1;2023
1557.0;1.0;5.0;Lower Manhattan;77.0;3.0;Bakery;Scone;Oatmeal Scone;3.0;2023-01-03 16:50:47;16;Tuesday;1;2023
1558.0;1.0;3.0;Astoria;30.0;3.0;Coffee;Gourmet brewed coffee;Columbian Medium Roast Lg;3.0;2023-01-03 16:51:10;16;Tuesday;1;2023
1559.0;2.0;8.0;Hell's Kitchen;22.0;2.0;Coffee;Drip coffee;Our Old Time Diner Blend Sm;4.0;2023-01-03 16:51:51;16;Tuesday;1;2023
1560.0;2.0;8.0;Hell's Kitchen;47.0;3.0;Tea;Brewed Green tea;Serenity Green Tea Lg;6.0;2023-01-03 16:54:02;16;Tuesday;1;2023
1561.0;2.0;8.0;Hell's Kitchen;53.0;3.0;Tea;Brewed Chai tea;Traditional Blend Chai Lg;6.0;2023-01-03 16:54:58;16;Tuesday;1;2023
1562.0;1.0;8.0;Hell's Kitchen;61.0;4.75;Drinking Chocolate;Hot chocolate;Sustainably Grown Organic Lg;4.75;2023-01-03 16:55:17;16;Tuesday;1;2023
1563.0;1.0;3.0;Astoria;34.0;2.45;Coffee;Premium brewed coffee;Jamaican Coffee River Sm;2.45;2023-01-03 16:58:19;16;Tuesday;1;2023
1564.0;2.0;5.0;Lower Manhattan;57.0;3.1;Tea;Brewed Chai tea;Spicy Eye Opener Chai Lg;6.2;2023-01-03 16:59:26;16;Tuesday;1;2023
1565.0;1.0;5.0;Lower Manhattan;25.0;2.2;Coffee;Organic brewed coffee;Brazilian Sm;2.2;2023-01-03 17:00:58;17;Tuesday;1;2023
1566.0;1.0;5.0;Lower Manhattan;79.0;3.75;Bakery;Scone;Jumbo Savory Scone;3.75;2023-01-03 17:00:58;17;Tuesday;1;2023
1567.0;1.0;3.0;Astoria;41.0;4.25;Coffee;Barista Espresso;Cappuccino Lg;4.25;2023-01-03 17:03:52;17;Tuesday;1;2023
1568.0;1.0;3.0;Astoria;31.0;2.2;Coffee;Gourmet brewed coffee;Ethiopia Sm;2.2;2023-01-03 17:04:17;17;Tuesday;1;2023
1569.0;1.0;5.0;Lower Manhattan;58.0;3.5;Drinking Chocolate;Hot chocolate;Dark chocolate Rg;3.5;2023-01-03 17:04:37;17;Tuesday;1;2023
1570.0;2.0;8.0;Hell's Kitchen;58.0;3.5;Drinking Chocolate;Hot chocolate;Dark chocolate Rg;7.0;2023-01-03 17:04:43;17;Tuesday;1;2023
1571.0;1.0;8.0;Hell's Kitchen;78.0;4.5;Bakery;Scone;Scottish Cream Scone ;4.5;2023-01-03 17:04:43;17;Tuesday;1;2023
1572.0;1.0;5.0;Lower Manhattan;56.0;2.55;Tea;Brewed Chai tea;Spicy Eye Opener Chai Rg;2.55;2023-01-03 17:06:06;17;Tuesday;1;2023
1573.0;2.0;8.0;Hell's Kitchen;39.0;4.25;Coffee;Barista Espresso;Latte Rg;8.5;2023-01-03 17:06:38;17;Tuesday;1;2023
1574.0;1.0;8.0;Hell's Kitchen;57.0;3.1;Tea;Brewed Chai tea;Spicy Eye Opener Chai Lg;3.1;2023-01-03 17:06:42;17;Tuesday;1;2023
1575.0;1.0;5.0;Lower Manhattan;25.0;2.2;Coffee;Organic brewed coffee;Brazilian Sm;2.2;2023-01-03 17:08:41;17;Tuesday;1;2023
1576.0;1.0;8.0;Hell's Kitchen;52.0;2.5;Tea;Brewed Chai tea;Traditional Blend Chai Rg;2.5;2023-01-03 17:09:42;17;Tuesday;1;2023
1577.0;1.0;3.0;Astoria;42.0;2.5;Tea;Brewed herbal tea;Lemon Grass Rg;2.5;2023-01-03 17:10:42;17;Tuesday;1;2023
1578.0;2.0;5.0;Lower Manhattan;54.0;2.5;Tea;Brewed Chai tea;Morning Sunrise Chai Rg;5.0;2023-01-03 17:13:41;17;Tuesday;1;2023
1579.0;1.0;5.0;Lower Manhattan;56.0;2.55;Tea;Brewed Chai tea;Spicy Eye Opener Chai Rg;2.55;2023-01-03 17:15:25;17;Tuesday;1;2023
1580.0;2.0;5.0;Lower Manhattan;87.0;3.0;Coffee;Barista Espresso;Ouro Brasileiro shot;6.0;2023-01-03 17:15:31;17;Tuesday;1;2023
1581.0;1.0;8.0;Hell's Kitchen;52.0;2.5;Tea;Brewed Chai tea;Traditional Blend Chai Rg;2.5;2023-01-03 17:18:26;17;Tuesday;1;2023
1582.0;1.0;8.0;Hell's Kitchen;75.0;3.5;Bakery;Pastry;Croissant;3.5;2023-01-03 17:18:26;17;Tuesday;1;2023
1583.0;1.0;3.0;Astoria;60.0;3.75;Drinking Chocolate;Hot chocolate;Sustainably Grown Organic Rg;3.75;2023-01-03 17:19:24;17;Tuesday;1;2023
1584.0;2.0;8.0;Hell's Kitchen;52.0;2.5;Tea;Brewed Chai tea;Traditional Blend Chai Rg;5.0;2023-01-03 17:21:34;17;Tuesday;1;2023
1585.0;2.0;3.0;Astoria;60.0;3.75;Drinking Chocolate;Hot chocolate;Sustainably Grown Organic Rg;7.5;2023-01-03 17:22:39;17;Tuesday;1;2023
1586.0;2.0;3.0;Astoria;48.0;2.5;Tea;Brewed Black tea;English Breakfast Rg;5.0;2023-01-03 17:23:03;17;Tuesday;1;2023
1587.0;2.0;3.0;Astoria;28.0;2.0;Coffee;Gourmet brewed coffee;Columbian Medium Roast Sm;4.0;2023-01-03 17:24:14;17;Tuesday;1;2023
1588.0;2.0;8.0;Hell's Kitchen;25.0;2.2;Coffee;Organic brewed coffee;Brazilian Sm;4.4;2023-01-03 17:25:29;17;Tuesday;1;2023
1590.0;2.0;5.0;Lower Manhattan;27.0;3.5;Coffee;Organic brewed coffee;Brazilian Lg;7.0;2023-01-03 17:26:45;17;Tuesday;1;2023
1591.0;1.0;5.0;Lower Manhattan;77.0;3.0;Bakery;Scone;Oatmeal Scone;3.0;2023-01-03 17:26:45;17;Tuesday;1;2023
1592.0;1.0;8.0;Hell's Kitchen;56.0;2.55;Tea;Brewed Chai tea;Spicy Eye Opener Chai Rg;2.55;2023-01-03 17:27:11;17;Tuesday;1;2023
1593.0;1.0;5.0;Lower Manhattan;61.0;4.75;Drinking Chocolate;Hot chocolate;Sustainably Grown Organic Lg;4.75;2023-01-03 17:27:22;17;Tuesday;1;2023
1594.0;2.0;8.0;Hell's Kitchen;50.0;2.5;Tea;Brewed Black tea;Earl Grey Rg;5.0;2023-01-03 17:27:24;17;Tuesday;1;2023
1595.0;1.0;8.0;Hell's Kitchen;69.0;3.25;Bakery;Biscotti;Hazelnut Biscotti;3.25;2023-01-03 17:27:24;17;Tuesday;1;2023
1596.0;2.0;8.0;Hell's Kitchen;37.0;3.0;Coffee;Barista Espresso;Espresso shot;6.0;2023-01-03 17:28:50;17;Tuesday;1;2023
1597.0;1.0;3.0;Astoria;48.0;2.5;Tea;Brewed Black tea;English Breakfast Rg;2.5;2023-01-03 17:30:08;17;Tuesday;1;2023
1598.0;1.0;8.0;Hell's Kitchen;59.0;4.5;Drinking Chocolate;Hot chocolate;Dark chocolate Lg;4.5;2023-01-03 17:32:11;17;Tuesday;1;2023
1599.0;2.0;8.0;Hell's Kitchen;46.0;2.5;Tea;Brewed Green tea;Serenity Green Tea Rg;5.0;2023-01-03 17:35:29;17;Tuesday;1;2023
1600.0;1.0;3.0;Astoria;50.0;2.5;Tea;Brewed Black tea;Earl Grey Rg;2.5;2023-01-03 17:35:46;17;Tuesday;1;2023
1601.0;1.0;3.0;Astoria;69.0;3.25;Bakery;Biscotti;Hazelnut Biscotti;3.25;2023-01-03 17:35:46;17;Tuesday;1;2023
1603.0;2.0;5.0;Lower Manhattan;39.0;4.25;Coffee;Barista Espresso;Latte Rg;8.5;2023-01-03 17:39:49;17;Tuesday;1;2023
1604.0;1.0;8.0;Hell's Kitchen;24.0;3.0;Coffee;Drip coffee;Our Old Time Diner Blend Lg;3.0;2023-01-03 17:40:08;17;Tuesday;1;2023
1605.0;1.0;3.0;Astoria;54.0;2.5;Tea;Brewed Chai tea;Morning Sunrise Chai Rg;2.5;2023-01-03 17:40:15;17;Tuesday;1;2023
1606.0;1.0;3.0;Astoria;41.0;4.25;Coffee;Barista Espresso;Cappuccino Lg;4.25;2023-01-03 17:41:27;17;Tuesday;1;2023
1607.0;1.0;3.0;Astoria;35.0;3.1;Coffee;Premium brewed coffee;Jamaican Coffee River Rg;3.1;2023-01-03 17:42:13;17;Tuesday;1;2023
1608.0;2.0;5.0;Lower Manhattan;45.0;3.0;Tea;Brewed herbal tea;Peppermint Lg;6.0;2023-01-03 17:42:34;17;Tuesday;1;2023
1609.0;1.0;3.0;Astoria;38.0;3.75;Coffee;Barista Espresso;Latte;3.75;2023-01-03 17:44:32;17;Tuesday;1;2023
1612.0;1.0;3.0;Astoria;31.0;2.2;Coffee;Gourmet brewed coffee;Ethiopia Sm;2.2;2023-01-03 17:55:59;17;Tuesday;1;2023
1613.0;1.0;3.0;Astoria;38.0;3.75;Coffee;Barista Espresso;Latte;3.75;2023-01-03 17:56:21;17;Tuesday;1;2023
1614.0;1.0;5.0;Lower Manhattan;51.0;3.0;Tea;Brewed Black tea;Earl Grey Lg;3.0;2023-01-03 17:57:08;17;Tuesday;1;2023
1615.0;1.0;5.0;Lower Manhattan;51.0;3.0;Tea;Brewed Black tea;Earl Grey Lg;3.0;2023-01-03 17:58:41;17;Tuesday;1;2023
1616.0;2.0;8.0;Hell's Kitchen;40.0;3.75;Coffee;Barista Espresso;Cappuccino;7.5;2023-01-03 17:59:02;17;Tuesday;1;2023
1618.0;1.0;3.0;Astoria;39.0;4.25;Coffee;Barista Espresso;Latte Rg;4.25;2023-01-03 18:00:57;18;Tuesday;1;2023
1619.0;2.0;3.0;Astoria;37.0;3.0;Coffee;Barista Espresso;Espresso shot;6.0;2023-01-03 18:01:19;18;Tuesday;1;2023
1620.0;1.0;3.0;Astoria;49.0;3.0;Tea;Brewed Black tea;English Breakfast Lg;3.0;2023-01-03 18:01:37;18;Tuesday;1;2023
1621.0;1.0;3.0;Astoria;42.0;2.5;Tea;Brewed herbal tea;Lemon Grass Rg;2.5;2023-01-03 18:01:58;18;Tuesday;1;2023
1623.0;1.0;3.0;Astoria;31.0;2.2;Coffee;Gourmet brewed coffee;Ethiopia Sm;2.2;2023-01-03 18:03:28;18;Tuesday;1;2023
1624.0;2.0;8.0;Hell's Kitchen;38.0;3.75;Coffee;Barista Espresso;Latte;7.5;2023-01-03 18:07:36;18;Tuesday;1;2023
1625.0;2.0;3.0;Astoria;59.0;4.5;Drinking Chocolate;Hot chocolate;Dark chocolate Lg;9.0;2023-01-03 18:07:48;18;Tuesday;1;2023
;1.0;;Astoria;;2.5;Tea;Brewed herbal tea;Lemon Grass Rg;2.5;2023-01-03 18:12:02;18;Tuesday;1;2023
1627.0;1.0;3.0;Astoria;58.0;3.5;Drinking Chocolate;Hot chocolate;Dark chocolate Rg;3.5;2023-01-03 18:14:14;18;Tuesday;1;2023
1628.0;2.0;3.0;Astoria;59.0;4.5;Drinking Chocolate;Hot chocolate;Dark chocolate Lg;9.0;2023-01-03 18:16:50;18;Tuesday;1;2023
1629.0;1.0;5.0;Lower Manhattan;51.0;3.0;Tea;Brewed Black tea;Earl Grey Lg;3.0;2023-01-03 18:17:17;18;Tuesday;1;2023
1630.0;1.0;5.0;Lower Manhattan;74.0;3.5;Bakery;Biscotti;Ginger Biscotti;3.5;2023-01-03 18:17:17;18;Tuesday;1;2023
1631.0;2.0;8.0;Hell's Kitchen;31.0;2.2;Coffee;Gourmet brewed coffee;Ethiopia Sm;4.4;2023-01-03 18:18:00;18;Tuesday;1;2023
1632.0;2.0;8.0;Hell's Kitchen;25.0;2.2;Coffee;Organic brewed coffee;Brazilian Sm;4.4;2023-01-03 18:18:29;18;Tuesday;1;2023
1633.0;1.0;3.0;Astoria;57.0;3.1;Tea;Brewed Chai tea;Spicy Eye Opener Chai Lg;3.1;2023-01-03 18:20:26;18;Tuesday;1;2023
1634.0;1.0;3.0;Astoria;47.0;3.0;Tea;Brewed Green tea;Serenity Green Tea Lg;3.0;2023-01-03 18:20:48;18;Tuesday;1;2023
1635.0;2.0;3.0;Astoria;30.0;3.0;Coffee;Gourmet brewed coffee;Columbian Medium Roast Lg;6.0;2023-01-03 18:22:37;18;Tuesday;1;2023
1636.0;2.0;3.0;Astoria;23.0;2.5;Coffee;Drip coffee;Our Old Time Diner Blend Rg;5.0;2023-01-03 18:26:13;18;Tuesday;1;2023
1637.0;2.0;3.0;Astoria;51.0;3.0;Tea;Brewed Black tea;Earl Grey Lg;6.0;2023-01-03 18:27:27;18;Tuesday;1;2023
1638.0;1.0;3.0;Astoria;25.0;2.2;Coffee;Organic brewed coffee;Brazilian Sm;2.2;2023-01-03 18:29:24;18;Tuesday;1;2023
1639.0;1.0;3.0;Astoria;58.0;3.5;Drinking Chocolate;Hot chocolate;Dark chocolate Rg;3.5;2023-01-03 18:30:40;18;Tuesday;1;2023
1640.0;1.0;8.0;Hell's Kitchen;43.0;3.0;Tea;Brewed herbal tea;Lemon Grass Lg;3.0;2023-01-03 18:32:23;18;Tuesday;1;2023
1641.0;2.0;8.0;Hell's Kitchen;52.0;2.5;Tea;Brewed Chai tea;Traditional Blend Chai Rg;5.0;2023-01-03 18:34:55;18;Tuesday;1;2023
1642.0;1.0;8.0;Hell's Kitchen;37.0;3.0;Coffee;Barista Espresso;Espresso shot;3.0;2023-01-03 18:37:32;18;Tuesday;1;2023
1643.0;1.0;8.0;Hell's Kitchen;87.0;3.0;Coffee;Barista Espresso;Ouro Brasileiro shot;3.0;2023-01-03 18:39:35;18;Tuesday;1;2023
1644.0;2.0;3.0;Astoria;35.0;3.1;Coffee;Premium brewed coffee;Jamaican Coffee River Rg;6.2;2023-01-03 18:40:45;18;Tuesday;1;2023
1645.0;1.0;3.0;Astoria;39.0;4.25;Coffee;Barista Espresso;Latte Rg;4.25;2023-01-03 18:42:28;18;Tuesday;1;2023
1646.0;2.0;8.0;Hell's Kitchen;27.0;3.5;Coffee;Organic brewed coffee;Brazilian Lg;7.0;2023-01-03 18:44:21;18;Tuesday;1;2023
1647.0;1.0;8.0;Hell's Kitchen;75.0;3.5;Bakery;Pastry;Croissant;3.5;2023-01-03 18:44:21;18;Tuesday;1;2023
1648.0;1.0;3.0;Astoria;56.0;2.55;Tea;Brewed Chai tea;Spicy Eye Opener Chai Rg;2.55;2023-01-03 18:45:31;18;Tuesday;1;2023
1649.0;1.0;3.0;Astoria;79.0;3.75;Bakery;Scone;Jumbo Savory Scone;3.75;2023-01-03 18:45:31;18;Tuesday;1;2023
1650.0;1.0;3.0;Astoria;32.0;3.0;Coffee;Gourmet brewed coffee;Ethiopia Rg;3.0;2023-01-03 18:46:25;18;Tuesday;1;2023
1651.0;1.0;3.0;Astoria;41.0;4.25;Coffee;Barista Espresso;Cappuccino Lg;4.25;2023-01-03 18:49:23;18;Tuesday;1;2023
1653.0;1.0;8.0;Hell's Kitchen;48.0;2.5;Tea;Brewed Black tea;English Breakfast Rg;2.5;2023-01-03 18:54:16;18;Tuesday;1;2023
1654.0;1.0;3.0;Astoria;39.0;4.25;Coffee;Barista Espresso;Latte Rg;4.25;2023-01-03 18:56:00;18;Tuesday;1;2023
1655.0;1.0;3.0;Astoria;45.0;3.0;Tea;Brewed herbal tea;Peppermint Lg;3.0;2023-01-03 18:57:29;18;Tuesday;1;2023
1656.0;2.0;3.0;Astoria;25.0;2.2;Coffee;Organic brewed coffee;Brazilian Sm;4.4;2023-01-03 18:58:53;18;Tuesday;1;2023
1657.0;1.0;8.0;Hell's Kitchen;51.0;3.0;Tea;Brewed Black tea;Earl Grey Lg;3.0;2023-01-03 18:59:38;18;Tuesday;1;2023
1658.0;1.0;3.0;Astoria;34.0;2.45;Coffee;Premium brewed coffee;Jamaican Coffee River Sm;2.45;2023-01-03 19:00:13;19;Tuesday;1;2023
1659.0;1.0;8.0;Hell's Kitchen;49.0;3.0;Tea;Brewed Black tea;English Breakfast Lg;3.0;2023-01-03 19:05:02;19;Tuesday;1;2023
1660.0;2.0;8.0;Hell's Kitchen;43.0;3.0;Tea;Brewed herbal tea;Lemon Grass Lg;6.0;2023-01-03 19:06:16;19;Tuesday;1;2023
1661.0;1.0;3.0;Astoria;34.0;2.45;Coffee;Premium brewed coffee;Jamaican Coffee River Sm;2.45;2023-01-03 19:07:24;19;Tuesday;1;2023
1662.0;1.0;3.0;Astoria;78.0;4.5;Bakery;Scone;Scottish Cream Scone ;4.5;2023-01-03 19:07:24;19;Tuesday;1;2023
1663.0;1.0;3.0;Astoria;50.0;2.5;Tea;Brewed Black tea;Earl Grey Rg;2.5;2023-01-03 19:09:50;19;Tuesday;1;2023
;1.0;;Astoria;;3.75;Drinking Chocolate;Hot chocolate;Sustainably Grown Organic Rg;3.75;2023-01-03 19:10:40;19;Tuesday;1;2023
1665.0;1.0;3.0;Astoria;55.0;4.0;Tea;Brewed Chai tea;Morning Sunrise Chai Lg;4.0;2023-01-03 19:11:11;19;Tuesday;1;2023
1666.0;1.0;3.0;Astoria;71.0;3.75;Bakery;Pastry;Chocolate Croissant;3.75;2023-01-03 19:11:11;19;Tuesday;1;2023
1667.0;1.0;3.0;Astoria;48.0;2.5;Tea;Brewed Black tea;English Breakfast Rg;2.5;2023-01-03 19:14:00;19;Tuesday;1;2023
1668.0;1.0;3.0;Astoria;53.0;3.0;Tea;Brewed Chai tea;Traditional Blend Chai Lg;3.0;2023-01-03 19:15:30;19;Tuesday;1;2023
1669.0;1.0;3.0;Astoria;29.0;2.5;Coffee;Gourmet brewed coffee;Columbian Medium Roast Rg;2.5;2023-01-03 19:19:16;19;Tuesday;1;2023
1670.0;1.0;8.0;Hell's Kitchen;35.0;3.1;Coffee;Premium brewed coffee;Jamaican Coffee River Rg;3.1;2023-01-03 19:19:20;19;Tuesday;1;2023
1671.0;2.0;8.0;Hell's Kitchen;27.0;3.5;Coffee;Organic brewed coffee;Brazilian Lg;7.0;2023-01-03 19:21:51;19;Tuesday;1;2023
1672.0;2.0;8.0;Hell's Kitchen;50.0;2.5;Tea;Brewed Black tea;Earl Grey Rg;5.0;2023-01-03 19:22:36;19;Tuesday;1;2023
1673.0;1.0;3.0;Astoria;54.0;2.5;Tea;Brewed Chai tea;Morning Sunrise Chai Rg;2.5;2023-01-03 19:23:06;19;Tuesday;1;2023
1674.0;2.0;8.0;Hell's Kitchen;61.0;4.75;Drinking Chocolate;Hot chocolate;Sustainably Grown Organic Lg;9.5;2023-01-03 19:23:22;19;Tuesday;1;2023
1675.0;1.0;3.0;Astoria;34.0;2.45;Coffee;Premium brewed coffee;Jamaican Coffee River Sm;2.45;2023-01-03 19:25:19;19;Tuesday;1;2023
1676.0;2.0;8.0;Hell's Kitchen;44.0;2.5;Tea;Brewed herbal tea;Peppermint Rg;5.0;2023-01-03 19:27:38;19;Tuesday;1;2023
1677.0;1.0;3.0;Astoria;46.0;2.5;Tea;Brewed Green tea;Serenity Green Tea Rg;2.5;2023-01-03 19:31:40;19;Tuesday;1;2023
1678.0;1.0;3.0;Astoria;71.0;3.75;Bakery;Pastry;Chocolate Croissant;3.75;2023-01-03 19:31:40;19;Tuesday;1;2023
1679.0;1.0;8.0;Hell's Kitchen;46.0;2.5;Tea;Brewed Green tea;Serenity Green Tea Rg;2.5;2023-01-03 19:32:22;19;Tuesday;1;2023
1680.0;2.0;3.0;Astoria;47.0;3.0;Tea;Brewed Green tea;Serenity Green Tea Lg;6.0;2023-01-03 19:33:51;19;Tuesday;1;2023
1681.0;1.0;3.0;Astoria;32.0;3.0;Coffee;Gourmet brewed coffee;Ethiopia Rg;3.0;2023-01-03 19:35:27;19;Tuesday;1;2023
1682.0;1.0;8.0;Hell's Kitchen;61.0;4.75;Drinking Chocolate;Hot chocolate;Sustainably Grown Organic Lg;4.75;2023-01-03 19:35:54;19;Tuesday;1;2023
1683.0;1.0;3.0;Astoria;46.0;2.5;Tea;Brewed Green tea;Serenity Green Tea Rg;2.5;2023-01-03 19:37:44;19;Tuesday;1;2023
1684.0;2.0;3.0;Astoria;22.0;2.0;Coffee;Drip coffee;Our Old Time Diner Blend Sm;4.0;2023-01-03 19:38:33;19;Tuesday;1;2023
1685.0;2.0;3.0;Astoria;61.0;4.75;Drinking Chocolate;Hot chocolate;Sustainably Grown Organic Lg;9.5;2023-01-03 19:39:21;19;Tuesday;1;2023
1686.0;1.0;8.0;Hell's Kitchen;57.0;3.1;Tea;Brewed Chai tea;Spicy Eye Opener Chai Lg;3.1;2023-01-03 19:40:09;19;Tuesday;1;2023
1687.0;2.0;8.0;Hell's Kitchen;25.0;2.2;Coffee;Organic brewed coffee;Brazilian Sm;4.4;2023-01-03 19:40:35;19;Tuesday;1;2023
1688.0;2.0;8.0;Hell's Kitchen;34.0;2.45;Coffee;Premium brewed coffee;Jamaican Coffee River Sm;4.9;2023-01-03 19:49:19;19;Tuesday;1;2023
1689.0;1.0;8.0;Hell's Kitchen;79.0;3.75;Bakery;Scone;Jumbo Savory Scone;3.75;2023-01-03 19:49:19;19;Tuesday;1;2023
1690.0;1.0;3.0;Astoria;61.0;4.75;Drinking Chocolate;Hot chocolate;Sustainably Grown Organic Lg;4.75;2023-01-03 19:50:56;19;Tuesday;1;2023
1691.0;1.0;3.0;Astoria;72.0;3.25;Bakery;Scone;Ginger Scone;3.25;2023-01-03 19:50:56;19;Tuesday;1;2023
1692.0;2.0;3.0;Astoria;39.0;4.25;Coffee;Barista Espresso;Latte Rg;8.5;2023-01-03 19:52:04;19;Tuesday;1;2023
1693.0;2.0;8.0;Hell's Kitchen;61.0;4.75;Drinking Chocolate;Hot chocolate;Sustainably Grown Organic Lg;9.5;2023-01-03 19:52:34;19;Tuesday;1;2023
1694.0;1.0;3.0;Astoria;29.0;2.5;Coffee;Gourmet brewed coffee;Columbian Medium Roast Rg;2.5;2023-01-03 19:53:30;19;Tuesday;1;2023
1695.0;1.0;3.0;Astoria;72.0;3.25;Bakery;Scone;Ginger Scone;3.25;2023-01-03 19:53:30;19;Tuesday;1;2023
1696.0;1.0;8.0;Hell's Kitchen;56.0;2.55;Tea;Brewed Chai tea;Spicy Eye Opener Chai Rg;2.55;2023-01-03 19:54:02;19;Tuesday;1;2023
1697.0;2.0;8.0;Hell's Kitchen;52.0;2.5;Tea;Brewed Chai tea;Traditional Blend Chai Rg;5.0;2023-01-03 19:58:26;19;Tuesday;1;2023
1698.0;1.0;3.0;Astoria;33.0;3.5;Coffee;Gourmet brewed coffee;Ethiopia Lg;3.5;2023-01-03 19:59:36;19;Tuesday;1;2023
1699.0;1.0;5.0;Lower Manhattan;22.0;2.0;Coffee;Drip coffee;Our Old Time Diner Blend Sm;2.0;2023-01-04 07:09:20;7;Wednesday;1;2023
1700.0;1.0;5.0;Lower Manhattan;42.0;2.5;Tea;Brewed herbal tea;Lemon Grass Rg;2.5;2023-01-04 07:12:12;7;Wednesday;1;2023
1701.0;1.0;5.0;Lower Manhattan;30.0;3.0;Coffee;Gourmet brewed coffee;Columbian Medium Roast Lg;3.0;2023-01-04 07:15:38;7;Wednesday;1;2023
1702.0;1.0;5.0;Lower Manhattan;31.0;2.2;Coffee;Gourmet brewed coffee;Ethiopia Sm;2.2;2023-01-04 07:30:48;7;Wednesday;1;2023
1703.0;1.0;5.0;Lower Manhattan;45.0;3.0;Tea;Brewed herbal tea;Peppermint Lg;3.0;2023-01-04 07:35:22;7;Wednesday;1;2023
1704.0;1.0;5.0;Lower Manhattan;73.0;3.75;Bakery;Pastry;Almond Croissant;3.75;2023-01-04 07:35:22;7;Wednesday;1;2023
1705.0;2.0;5.0;Lower Manhattan;58.0;3.5;Drinking Chocolate;Hot chocolate;Dark chocolate Rg;7.0;2023-01-04 07:40:18;7;Wednesday;1;2023
1706.0;1.0;5.0;Lower Manhattan;72.0;3.25;Bakery;Scone;Ginger Scone;3.25;2023-01-04 07:40:18;7;Wednesday;1;2023
1707.0;2.0;5.0;Lower Manhattan;23.0;2.5;Coffee;Drip coffee;Our Old Time Diner Blend Rg;5.0;2023-01-04 07:49:49;7;Wednesday;1;2023
1708.0;2.0;8.0;Hell's Kitchen;29.0;2.5;Coffee;Gourmet brewed coffee;Columbian Medium Roast Rg;5.0;2023-01-04 08:03:34;8;Wednesday;1;2023
1709.0;1.0;8.0;Hell's Kitchen;72.0;3.25;Bakery;Scone;Ginger Scone;3.25;2023-01-04 08:03:34;8;Wednesday;1;2023
1710.0;1.0;8.0;Hell's Kitchen;61.0;4.75;Drinking Chocolate;Hot chocolate;Sustainably Grown Organic Lg;4.75;2023-01-04 08:06:13;8;Wednesday;1;2023
1711.0;1.0;8.0;Hell's Kitchen;72.0;3.25;Bakery;Scone;Ginger Scone;3.25;2023-01-04 08:06:13;8;Wednesday;1;2023
1712.0;2.0;8.0;Hell's Kitchen;25.0;2.2;Coffee;Organic brewed coffee;Brazilian Sm;4.4;2023-01-04 08:09:05;8;Wednesday;1;2023
1713.0;2.0;8.0;Hell's Kitchen;58.0;3.5;Drinking Chocolate;Hot chocolate;Dark chocolate Rg;7.0;2023-01-04 08:14:55;8;Wednesday;1;2023
1714.0;1.0;5.0;Lower Manhattan;22.0;2.0;Coffee;Drip coffee;Our Old Time Diner Blend Sm;2.0;2023-01-04 08:16:20;8;Wednesday;1;2023
1715.0;1.0;8.0;Hell's Kitchen;46.0;2.5;Tea;Brewed Green tea;Serenity Green Tea Rg;2.5;2023-01-04 08:18:32;8;Wednesday;1;2023
1716.0;1.0;8.0;Hell's Kitchen;79.0;3.75;Bakery;Scone;Jumbo Savory Scone;3.75;2023-01-04 08:18:32;8;Wednesday;1;2023
1717.0;1.0;8.0;Hell's Kitchen;32.0;3.0;Coffee;Gourmet brewed coffee;Ethiopia Rg;3.0;2023-01-04 08:25:05;8;Wednesday;1;2023
1719.0;1.0;5.0;Lower Manhattan;27.0;3.5;Coffee;Organic brewed coffee;Brazilian Lg;3.5;2023-01-04 08:29:19;8;Wednesday;1;2023
1720.0;2.0;8.0;Hell's Kitchen;27.0;3.5;Coffee;Organic brewed coffee;Brazilian Lg;7.0;2023-01-04 08:30:16;8;Wednesday;1;2023
1722.0;2.0;5.0;Lower Manhattan;54.0;2.5;Tea;Brewed Chai tea;Morning Sunrise Chai Rg;5.0;2023-01-04 08:32:18;8;Wednesday;1;2023
1724.0;1.0;8.0;Hell's Kitchen;46.0;2.5;Tea;Brewed Green tea;Serenity Green Tea Rg;2.5;2023-01-04 08:37:10;8;Wednesday;1;2023
1725.0;1.0;8.0;Hell's Kitchen;40.0;3.75;Coffee;Barista Espresso;Cappuccino;3.75;2023-01-04 08:37:14;8;Wednesday;1;2023
1726.0;1.0;8.0;Hell's Kitchen;47.0;3.0;Tea;Brewed Green tea;Serenity Green Tea Lg;3.0;2023-01-04 08:38:20;8;Wednesday;1;2023
1727.0;2.0;5.0;Lower Manhattan;28.0;2.0;Coffee;Gourmet brewed coffee;Columbian Medium Roast Sm;4.0;2023-01-04 08:42:10;8;Wednesday;1;2023
1728.0;1.0;8.0;Hell's Kitchen;44.0;2.5;Tea;Brewed herbal tea;Peppermint Rg;2.5;2023-01-04 08:43:01;8;Wednesday;1;2023
1729.0;2.0;8.0;Hell's Kitchen;29.0;2.5;Coffee;Gourmet brewed coffee;Columbian Medium Roast Rg;5.0;2023-01-04 08:43:10;8;Wednesday;1;2023
1730.0;2.0;8.0;Hell's Kitchen;27.0;3.5;Coffee;Organic brewed coffee;Brazilian Lg;7.0;2023-01-04 08:44:26;8;Wednesday;1;2023
1731.0;2.0;8.0;Hell's Kitchen;52.0;2.5;Tea;Brewed Chai tea;Traditional Blend Chai Rg;5.0;2023-01-04 08:45:29;8;Wednesday;1;2023
1732.0;1.0;5.0;Lower Manhattan;39.0;4.25;Coffee;Barista Espresso;Latte Rg;4.25;2023-01-04 08:53:36;8;Wednesday;1;2023
1733.0;1.0;8.0;Hell's Kitchen;22.0;2.0;Coffee;Drip coffee;Our Old Time Diner Blend Sm;2.0;2023-01-04 08:58:38;8;Wednesday;1;2023
1734.0;2.0;8.0;Hell's Kitchen;35.0;3.1;Coffee;Premium brewed coffee;Jamaican Coffee River Rg;6.2;2023-01-04 09:01:37;9;Wednesday;1;2023
1735.0;2.0;5.0;Lower Manhattan;44.0;2.5;Tea;Brewed herbal tea;Peppermint Rg;5.0;2023-01-04 09:04:45;9;Wednesday;1;2023
1736.0;2.0;5.0;Lower Manhattan;55.0;4.0;Tea;Brewed Chai tea;Morning Sunrise Chai Lg;8.0;2023-01-04 09:06:58;9;Wednesday;1;2023
1737.0;2.0;8.0;Hell's Kitchen;42.0;2.5;Tea;Brewed herbal tea;Lemon Grass Rg;5.0;2023-01-04 09:08:30;9;Wednesday;1;2023
1739.0;1.0;5.0;Lower Manhattan;44.0;2.5;Tea;Brewed herbal tea;Peppermint Rg;2.5;2023-01-04 09:16:58;9;Wednesday;1;2023
1740.0;1.0;5.0;Lower Manhattan;76.0;3.5;Bakery;Biscotti;Chocolate Chip Biscotti;3.5;2023-01-04 09:16:58;9;Wednesday;1;2023
1741.0;2.0;5.0;Lower Manhattan;50.0;2.5;Tea;Brewed Black tea;Earl Grey Rg;5.0;2023-01-04 09:21:25;9;Wednesday;1;2023
1742.0;1.0;8.0;Hell's Kitchen;44.0;2.5;Tea;Brewed herbal tea;Peppermint Rg;2.5;2023-01-04 09:23:19;9;Wednesday;1;2023
;2.0;;Hell's Kitchen;;3.0;Tea;Brewed Black tea;Earl Grey Lg;6.0;2023-01-04 09:30:16;9;Wednesday;1;2023
1744.0;1.0;8.0;Hell's Kitchen;25.0;2.2;Coffee;Organic brewed coffee;Brazilian Sm;2.2;2023-01-04 09:38:54;9;Wednesday;1;2023
1745.0;2.0;5.0;Lower Manhattan;36.0;3.75;Coffee;Premium brewed coffee;Jamaican Coffee River Lg;7.5;2023-01-04 09:40:25;9;Wednesday;1;2023
1746.0;2.0;5.0;Lower Manhattan;52.0;2.5;Tea;Brewed Chai tea;Traditional Blend Chai Rg;5.0;2023-01-04 09:40:45;9;Wednesday;1;2023
1749.0;1.0;5.0;Lower Manhattan;50.0;2.5;Tea;Brewed Black tea;Earl Grey Rg;2.5;2023-01-04 09:50:48;9;Wednesday;1;2023
1750.0;2.0;8.0;Hell's Kitchen;35.0;3.1;Coffee;Premium brewed coffee;Jamaican Coffee River Rg;6.2;2023-01-04 09:53:31;9;Wednesday;1;2023
1751.0;1.0;8.0;Hell's Kitchen;32.0;3.0;Coffee;Gourmet brewed coffee;Ethiopia Rg;3.0;2023-01-04 09:53:44;9;Wednesday;1;2023
1753.0;2.0;5.0;Lower Manhattan;54.0;2.5;Tea;Brewed Chai tea;Morning Sunrise Chai Rg;5.0;2023-01-04 09:56:35;9;Wednesday;1;2023
1754.0;1.0;5.0;Lower Manhattan;72.0;3.25;Bakery;Scone;Ginger Scone;3.25;2023-01-04 09:56:35;9;Wednesday;1;2023
1755.0;1.0;5.0;Lower Manhattan;43.0;3.0;Tea;Brewed herbal tea;Lemon Grass Lg;3.0;2023-01-04 09:57:39;9;Wednesday;1;2023
1756.0;1.0;8.0;Hell's Kitchen;31.0;2.2;Coffee;Gourmet brewed coffee;Ethiopia Sm;2.2;2023-01-04 09:58:10;9;Wednesday;1;2023
1757.0;1.0;8.0;Hell's Kitchen;48.0;2.5;Tea;Brewed Black tea;English Breakfast Rg;2.5;2023-01-04 10:01:39;10;Wednesday;1;2023
1758.0;1.0;5.0;Lower Manhattan;47.0;3.0;Tea;Brewed Green tea;Serenity Green Tea Lg;3.0;2023-01-04 10:03:45;10;Wednesday;1;2023
1759.0;2.0;8.0;Hell's Kitchen;34.0;2.45;Coffee;Premium brewed coffee;Jamaican Coffee River Sm;4.9;2023-01-04 10:04:51;10;Wednesday;1;2023
1760.0;2.0;5.0;Lower Manhattan;35.0;3.1;Coffee;Premium brewed coffee;Jamaican Coffee River Rg;6.2;2023-01-04 10:05:03;10;Wednesday;1;2023
1761.0;1.0;5.0;Lower Manhattan;69.0;3.25;Bakery;Biscotti;Hazelnut Biscotti;3.25;2023-01-04 10:05:03;10;Wednesday;1;2023
1762.0;2.0;8.0;Hell's Kitchen;55.0;4.0;Tea;Brewed Chai tea;Morning Sunrise Chai Lg;8.0;2023-01-04 10:13:21;10;Wednesday;1;2023
1763.0;1.0;8.0;Hell's Kitchen;55.0;4.0;Tea;Brewed Chai tea;Morning Sunrise Chai Lg;4.0;2023-01-04 10:13:38;10;Wednesday;1;2023
1764.0;2.0;5.0;Lower Manhattan;51.0;3.0;Tea;Brewed Black tea;Earl Grey Lg;6.0;2023-01-04 10:18:40;10;Wednesday;1;2023
1765.0;1.0;8.0;Hell's Kitchen;51.0;3.0;Tea;Brewed Black tea;Earl Grey Lg;3.0;2023-01-04 10:18:58;10;Wednesday;1;2023
1766.0;2.0;8.0;Hell's Kitchen;87.0;3.0;Coffee;Barista Espresso;Ouro Brasileiro shot;6.0;2023-01-04 10:19:21;10;Wednesday;1;2023
1767.0;1.0;8.0;Hell's Kitchen;57.0;3.1;Tea;Brewed Chai tea;Spicy Eye Opener Chai Lg;3.1;2023-01-04 10:22:16;10;Wednesday;1;2023
1768.0;2.0;5.0;Lower Manhattan;24.0;3.0;Coffee;Drip coffee;Our Old Time Diner Blend Lg;6.0;2023-01-04 10:24:25;10;Wednesday;1;2023
1769.0;2.0;5.0;Lower Manhattan;56.0;2.55;Tea;Brewed Chai tea;Spicy Eye Opener Chai Rg;5.1;2023-01-04 10:24:38;10;Wednesday;1;2023
1770.0;2.0;5.0;Lower Manhattan;46.0;2.5;Tea;Brewed Green tea;Serenity Green Tea Rg;5.0;2023-01-04 10:27:54;10;Wednesday;1;2023
1771.0;1.0;5.0;Lower Manhattan;71.0;3.75;Bakery;Pastry;Chocolate Croissant;3.75;2023-01-04 10:27:54;10;Wednesday;1;2023
1772.0;2.0;8.0;Hell's Kitchen;39.0;4.25;Coffee;Barista Espresso;Latte Rg;8.5;2023-01-04 10:28:27;10;Wednesday;1;2023
1773.0;2.0;8.0;Hell's Kitchen;33.0;3.5;Coffee;Gourmet brewed coffee;Ethiopia Lg;7.0;2023-01-04 10:40:09;10;Wednesday;1;2023
1774.0;1.0;5.0;Lower Manhattan;54.0;2.5;Tea;Brewed Chai tea;Morning Sunrise Chai Rg;2.5;2023-01-04 10:43:20;10;Wednesday;1;2023
1775.0;2.0;3.0;Astoria;31.0;2.2;Coffee;Gourmet brewed coffee;Ethiopia Sm;4.4;2023-01-04 11:01:13;11;Wednesday;1;2023
1776.0;2.0;8.0;Hell's Kitchen;28.0;2.0;Coffee;Gourmet brewed coffee;Columbian Medium Roast Sm;4.0;2023-01-04 11:01:26;11;Wednesday;1;2023
1777.0;1.0;8.0;Hell's Kitchen;27.0;3.5;Coffee;Organic brewed coffee;Brazilian Lg;3.5;2023-01-04 11:01:28;11;Wednesday;1;2023
1778.0;1.0;3.0;Astoria;58.0;3.5;Drinking Chocolate;Hot chocolate;Dark chocolate Rg;3.5;2023-01-04 11:01:48;11;Wednesday;1;2023
1779.0;1.0;3.0;Astoria;71.0;3.75;Bakery;Pastry;Chocolate Croissant;3.75;2023-01-04 11:01:48;11;Wednesday;1;2023
1780.0;2.0;3.0;Astoria;60.0;3.75;Drinking Chocolate;Hot chocolate;Sustainably Grown Organic Rg;7.5;2023-01-04 11:06:08;11;Wednesday;1;2023
1781.0;1.0;5.0;Lower Manhattan;59.0;4.5;Drinking Chocolate;Hot chocolate;Dark chocolate Lg;4.5;2023-01-04 11:11:40;11;Wednesday;1;2023
1782.0;1.0;5.0;Lower Manhattan;24.0;3.0;Coffee;Drip coffee;Our Old Time Diner Blend Lg;3.0;2023-01-04 11:11:46;11;Wednesday;1;2023
1783.0;1.0;5.0;Lower Manhattan;30.0;3.0;Coffee;Gourmet brewed coffee;Columbian Medium Roast Lg;3.0;2023-01-04 11:11:58;11;Wednesday;1;2023
1784.0;2.0;8.0;Hell's Kitchen;50.0;2.5;Tea;Brewed Black tea;Earl Grey Rg;5.0;2023-01-04 11:12:15;11;Wednesday;1;2023
1785.0;2.0;3.0;Astoria;39.0;4.25;Coffee;Barista Espresso;Latte Rg;8.5;2023-01-04 11:12:51;11;Wednesday;1;2023
1786.0;2.0;8.0;Hell's Kitchen;45.0;3.0;Tea;Brewed herbal tea;Peppermint Lg;6.0;2023-01-04 11:14:39;11;Wednesday;1;2023
1787.0;1.0;8.0;Hell's Kitchen;74.0;3.5;Bakery;Biscotti;Ginger Biscotti;3.5;2023-01-04 11:14:39;11;Wednesday;1;2023
1788.0;2.0;8.0;Hell's Kitchen;24.0;3.0;Coffee;Drip coffee;Our Old Time Diner Blend Lg;6.0;2023-01-04 11:21:23;11;Wednesday;1;2023
1789.0;2.0;8.0;Hell's Kitchen;59.0;4.5;Drinking Chocolate;Hot chocolate;Dark chocolate Lg;9.0;2023-01-04 11:21:27;11;Wednesday;1;2023
1790.0;2.0;8.0;Hell's Kitchen;44.0;2.5;Tea;Brewed herbal tea;Peppermint Rg;5.0;2023-01-04 11:22:35;11;Wednesday;1;2023
1791.0;2.0;8.0;Hell's Kitchen;29.0;2.5;Coffee;Gourmet brewed coffee;Columbian Medium Roast Rg;5.0;2023-01-04 11:22:36;11;Wednesday;1;2023
1792.0;2.0;3.0;Astoria;46.0;2.5;Tea;Brewed Green tea;Serenity Green Tea Rg;5.0;2023-01-04 11:24:28;11;Wednesday;1;2023
1793.0;1.0;3.0;Astoria;44.0;2.5;Tea;Brewed herbal tea;Peppermint Rg;2.5;2023-01-04 11:26:14;11;Wednesday;1;2023
1794.0;1.0;8.0;Hell's Kitchen;23.0;2.5;Coffee;Drip coffee;Our Old Time Diner Blend Rg;2.5;2023-01-04 11:27:20;11;Wednesday;1;2023
1795.0;1.0;8.0;Hell's Kitchen;61.0;4.75;Drinking Chocolate;Hot chocolate;Sustainably Grown Organic Lg;4.75;2023-01-04 11:28:10;11;Wednesday;1;2023
1796.0;1.0;8.0;Hell's Kitchen;79.0;3.75;Bakery;Scone;Jumbo Savory Scone;3.75;2023-01-04 11:28:10;11;Wednesday;1;2023
1797.0;1.0;3.0;Astoria;56.0;2.55;Tea;Brewed Chai tea;Spicy Eye Opener Chai Rg;2.55;2023-01-04 11:28:17;11;Wednesday;1;2023
1798.0;2.0;5.0;Lower Manhattan;22.0;2.0;Coffee;Drip coffee;Our Old Time Diner Blend Sm;4.0;2023-01-04 11:28:26;11;Wednesday;1;2023
1799.0;1.0;5.0;Lower Manhattan;71.0;3.75;Bakery;Pastry;Chocolate Croissant;3.75;2023-01-04 11:28:26;11;Wednesday;1;2023
1800.0;2.0;5.0;Lower Manhattan;36.0;3.75;Coffee;Premium brewed coffee;Jamaican Coffee River Lg;7.5;2023-01-04 11:29:36;11;Wednesday;1;2023
1801.0;2.0;8.0;Hell's Kitchen;29.0;2.5;Coffee;Gourmet brewed coffee;Columbian Medium Roast Rg;5.0;2023-01-04 11:31:06;11;Wednesday;1;2023
1802.0;1.0;3.0;Astoria;31.0;2.2;Coffee;Gourmet brewed coffee;Ethiopia Sm;2.2;2023-01-04 11:31:26;11;Wednesday;1;2023
1803.0;1.0;8.0;Hell's Kitchen;56.0;2.55;Tea;Brewed Chai tea;Spicy Eye Opener Chai Rg;2.55;2023-01-04 11:33:32;11;Wednesday;1;2023
1804.0;2.0;3.0;Astoria;23.0;2.5;Coffee;Drip coffee;Our Old Time Diner Blend Rg;5.0;2023-01-04 11:38:25;11;Wednesday;1;2023
1805.0;1.0;8.0;Hell's Kitchen;26.0;3.0;Coffee;Organic brewed coffee;Brazilian Rg;3.0;2023-01-04 11:39:47;11;Wednesday;1;2023
1806.0;1.0;3.0;Astoria;30.0;3.0;Coffee;Gourmet brewed coffee;Columbian Medium Roast Lg;3.0;2023-01-04 11:40:03;11;Wednesday;1;2023
1807.0;1.0;3.0;Astoria;55.0;4.0;Tea;Brewed Chai tea;Morning Sunrise Chai Lg;4.0;2023-01-04 11:42:48;11;Wednesday;1;2023
1808.0;2.0;3.0;Astoria;24.0;3.0;Coffee;Drip coffee;Our Old Time Diner Blend Lg;6.0;2023-01-04 11:44:07;11;Wednesday;1;2023
1809.0;2.0;8.0;Hell's Kitchen;40.0;3.75;Coffee;Barista Espresso;Cappuccino;7.5;2023-01-04 11:46:45;11;Wednesday;1;2023
1810.0;2.0;3.0;Astoria;26.0;3.0;Coffee;Organic brewed coffee;Brazilian Rg;6.0;2023-01-04 11:48:07;11;Wednesday;1;2023
1811.0;1.0;8.0;Hell's Kitchen;38.0;3.75;Coffee;Barista Espresso;Latte;3.75;2023-01-04 11:51:42;11;Wednesday;1;2023
1812.0;2.0;8.0;Hell's Kitchen;34.0;2.45;Coffee;Premium brewed coffee;Jamaican Coffee River Sm;4.9;2023-01-04 11:52:23;11;Wednesday;1;2023
1813.0;2.0;5.0;Lower Manhattan;47.0;3.0;Tea;Brewed Green tea;Serenity Green Tea Lg;6.0;2023-01-04 11:55:06;11;Wednesday;1;2023
1814.0;2.0;3.0;Astoria;39.0;4.25;Coffee;Barista Espresso;Latte Rg;8.5;2023-01-04 11:56:32;11;Wednesday;1;2023
1815.0;2.0;8.0;Hell's Kitchen;49.0;3.0;Tea;Brewed Black tea;English Breakfast Lg;6.0;2023-01-04 11:57:34;11;Wednesday;1;2023
1816.0;2.0;8.0;Hell's Kitchen;40.0;3.75;Coffee;Barista Espresso;Cappuccino;7.5;2023-01-04 11:59:01;11;Wednesday;1;2023
1817.0;1.0;8.0;Hell's Kitchen;74.0;3.5;Bakery;Biscotti;Ginger Biscotti;3.5;2023-01-04 11:59:01;11;Wednesday;1;2023
1818.0;1.0;5.0;Lower Manhattan;29.0;2.5;Coffee;Gourmet brewed coffee;Columbian Medium Roast Rg;2.5;2023-01-04 11:59:26;11;Wednesday;1;2023
1819.0;1.0;5.0;Lower Manhattan;87.0;3.0;Coffee;Barista Espresso;Ouro Brasileiro shot;3.0;2023-01-04 12:00:11;12;Wednesday;1;2023
1820.0;1.0;5.0;Lower Manhattan;77.0;3.0;Bakery;Scone;Oatmeal Scone;3.0;2023-01-04 12:00:11;12;Wednesday;1;2023
1821.0;2.0;3.0;Astoria;34.0;2.45;Coffee;Premium brewed coffee;Jamaican Coffee River Sm;4.9;2023-01-04 12:00:58;12;Wednesday;1;2023
1822.0;2.0;3.0;Astoria;55.0;4.0;Tea;Brewed Chai tea;Morning Sunrise Chai Lg;8.0;2023-01-04 12:01:42;12;Wednesday;1;2023
1823.0;2.0;3.0;Astoria;55.0;4.0;Tea;Brewed Chai tea;Morning Sunrise Chai Lg;8.0;2023-01-04 12:02:09;12;Wednesday;1;2023
1824.0;2.0;5.0;Lower Manhattan;45.0;3.0;Tea;Brewed herbal tea;Peppermint Lg;6.0;2023-01-04 12:02:52;12;Wednesday;1;2023
1825.0;1.0;8.0;Hell's Kitchen;46.0;2.5;Tea;Brewed Green tea;Serenity Green Tea Rg;2.5;2023-01-04 12:04:48;12;Wednesday;1;2023
1826.0;1.0;5.0;Lower Manhattan;28.0;2.0;Coffee;Gourmet brewed coffee;Columbian Medium Roast Sm;2.0;2023-01-04 12:04:58;12;Wednesday;1;2023
1827.0;2.0;8.0;Hell's Kitchen;87.0;3.0;Coffee;Barista Espresso;Ouro Brasileiro shot;6.0;2023-01-04 12:05:50;12;Wednesday;1;2023
1830.0;2.0;3.0;Astoria;35.0;3.1;Coffee;Premium brewed coffee;Jamaican Coffee River Rg;6.2;2023-01-04 12:07:51;12;Wednesday;1;2023
1831.0;1.0;3.0;Astoria;73.0;3.75;Bakery;Pastry;Almond Croissant;3.75;2023-01-04 12:07:51;12;Wednesday;1;2023
1833.0;1.0;3.0;Astoria;76.0;3.5;Bakery;Biscotti;Chocolate Chip Biscotti;3.5;2023-01-04 12:07:52;12;Wednesday;1;2023
1834.0;2.0;8.0;Hell's Kitchen;26.0;3.0;Coffee;Organic brewed coffee;Brazilian Rg;6.0;2023-01-04 12:09:31;12;Wednesday;1;2023
1835.0;2.0;5.0;Lower Manhattan;45.0;3.0;Tea;Brewed herbal tea;Peppermint Lg;6.0;2023-01-04 12:10:02;12;Wednesday;1;2023
1836.0;1.0;5.0;Lower Manhattan;27.0;3.5;Coffee;Organic brewed coffee;Brazilian Lg;3.5;2023-01-04 12:11:39;12;Wednesday;1;2023
1838.0;1.0;3.0;Astoria;36.0;3.75;Coffee;Premium brewed coffee;Jamaican Coffee River Lg;3.75;2023-01-04 12:12:00;12;Wednesday;1;2023
1839.0;1.0;5.0;Lower Manhattan;45.0;3.0;Tea;Brewed herbal tea;Peppermint Lg;3.0;2023-01-04 12:14:53;12;Wednesday;1;2023
;1.0;;Hell's Kitchen;;3.75;Coffee;Barista Espresso;Cappuccino;3.75;2023-01-04 12:15:32;12;Wednesday;1;2023
1841.0;2.0;5.0;Lower Manhattan;50.0;2.5;Tea;Brewed Black tea;Earl Grey Rg;5.0;2023-01-04 12:16:10;12;Wednesday;1;2023
1842.0;2.0;3.0;Astoria;58.0;3.5;Drinking Chocolate;Hot chocolate;Dark chocolate Rg;7.0;2023-01-04 12:16:32;12;Wednesday;1;2023
1843.0;2.0;5.0;Lower Manhattan;52.0;2.5;Tea;Brewed Chai tea;Traditional Blend Chai Rg;5.0;2023-01-04 12:17:21;12;Wednesday;1;2023
1844.0;1.0;3.0;Astoria;24.0;3.0;Coffee;Drip coffee;Our Old Time Diner Blend Lg;3.0;2023-01-04 12:17:51;12;Wednesday;1;2023
1845.0;1.0;3.0;Astoria;46.0;2.5;Tea;Brewed Green tea;Serenity Green Tea Rg;2.5;2023-01-04 12:18:15;12;Wednesday;1;2023
1846.0;1.0;3.0;Astoria;31.0;2.2;Coffee;Gourmet brewed coffee;Ethiopia Sm;2.2;2023-01-04 12:20:07;12;Wednesday;1;2023
1847.0;1.0;3.0;Astoria;59.0;4.5;Drinking Chocolate;Hot chocolate;Dark chocolate Lg;4.5;2023-01-04 12:20:52;12;Wednesday;1;2023
1848.0;1.0;3.0;Astoria;71.0;3.75;Bakery;Pastry;Chocolate Croissant;3.75;2023-01-04 12:20:52;12;Wednesday;1;2023
1849.0;1.0;8.0;Hell's Kitchen;48.0;2.5;Tea;Brewed Black tea;English Breakfast Rg;2.5;2023-01-04 12:23:16;12;Wednesday;1;2023
1850.0;2.0;3.0;Astoria;34.0;2.45;Coffee;Premium brewed coffee;Jamaican Coffee River Sm;4.9;2023-01-04 12:23:21;12;Wednesday;1;2023
1851.0;2.0;5.0;Lower Manhattan;40.0;3.75;Coffee;Barista Espresso;Cappuccino;7.5;2023-01-04 12:23:34;12;Wednesday;1;2023
1852.0;2.0;3.0;Astoria;59.0;4.5;Drinking Chocolate;Hot chocolate;Dark chocolate Lg;9.0;2023-01-04 12:28:36;12;Wednesday;1;2023
1853.0;2.0;3.0;Astoria;38.0;3.75;Coffee;Barista Espresso;Latte;7.5;2023-01-04 12:28:49;12;Wednesday;1;2023
1854.0;2.0;3.0;Astoria;26.0;3.0;Coffee;Organic brewed coffee;Brazilian Rg;6.0;2023-01-04 12:29:24;12;Wednesday;1;2023
1855.0;1.0;3.0;Astoria;52.0;2.5;Tea;Brewed Chai tea;Traditional Blend Chai Rg;2.5;2023-01-04 12:30:36;12;Wednesday;1;2023
1857.0;2.0;3.0;Astoria;23.0;2.5;Coffee;Drip coffee;Our Old Time Diner Blend Rg;5.0;2023-01-04 12:31:19;12;Wednesday;1;2023
1858.0;2.0;8.0;Hell's Kitchen;37.0;3.0;Coffee;Barista Espresso;Espresso shot;6.0;2023-01-04 12:34:06;12;Wednesday;1;2023
1859.0;2.0;8.0;Hell's Kitchen;44.0;2.5;Tea;Brewed herbal tea;Peppermint Rg;5.0;2023-01-04 12:34:32;12;Wednesday;1;2023
1860.0;1.0;8.0;Hell's Kitchen;60.0;3.75;Drinking Chocolate;Hot chocolate;Sustainably Grown Organic Rg;3.75;2023-01-04 12:35:16;12;Wednesday;1;2023
1861.0;1.0;3.0;Astoria;28.0;2.0;Coffee;Gourmet brewed coffee;Columbian Medium Roast Sm;2.0;2023-01-04 12:36:02;12;Wednesday;1;2023
1862.0;2.0;8.0;Hell's Kitchen;29.0;2.5;Coffee;Gourmet brewed coffee;Columbian Medium Roast Rg;5.0;2023-01-04 12:42:56;12;Wednesday;1;2023
1863.0;2.0;5.0;Lower Manhattan;30.0;3.0;Coffee;Gourmet brewed coffee;Columbian Medium Roast Lg;6.0;2023-01-04 12:44:08;12;Wednesday;1;2023
1864.0;2.0;5.0;Lower Manhattan;34.0;2.45;Coffee;Premium brewed coffee;Jamaican Coffee River Sm;4.9;2023-01-04 12:45:57;12;Wednesday;1;2023
1865.0;1.0;8.0;Hell's Kitchen;32.0;3.0;Coffee;Gourmet brewed coffee;Ethiopia Rg;3.0;2023-01-04 12:49:10;12;Wednesday;1;2023
1866.0;2.0;5.0;Lower Manhattan;34.0;2.45;Coffee;Premium brewed coffee;Jamaican Coffee River Sm;4.9;2023-01-04 12:50:19;12;Wednesday;1;2023
1867.0;1.0;8.0;Hell's Kitchen;24.0;3.0;Coffee;Drip coffee;Our Old Time Diner Blend Lg;3.0;2023-01-04 12:50:56;12;Wednesday;1;2023
1868.0;2.0;3.0;Astoria;29.0;2.5;Coffee;Gourmet brewed coffee;Columbian Medium Roast Rg;5.0;2023-01-04 12:51:54;12;Wednesday;1;2023
1869.0;1.0;8.0;Hell's Kitchen;47.0;3.0;Tea;Brewed Green tea;Serenity Green Tea Lg;3.0;2023-01-04 12:54:13;12;Wednesday;1;2023
1870.0;1.0;8.0;Hell's Kitchen;70.0;3.25;Bakery;Scone;Cranberry Scone;3.25;2023-01-04 12:54:13;12;Wednesday;1;2023
1871.0;1.0;8.0;Hell's Kitchen;26.0;3.0;Coffee;Organic brewed coffee;Brazilian Rg;3.0;2023-01-04 12:54:41;12;Wednesday;1;2023
1872.0;1.0;8.0;Hell's Kitchen;78.0;4.5;Bakery;Scone;Scottish Cream Scone ;4.5;2023-01-04 12:54:41;12;Wednesday;1;2023
1873.0;2.0;3.0;Astoria;30.0;3.0;Coffee;Gourmet brewed coffee;Columbian Medium Roast Lg;6.0;2023-01-04 12:57:48;12;Wednesday;1;2023
1874.0;1.0;3.0;Astoria;71.0;3.75;Bakery;Pastry;Chocolate Croissant;3.75;2023-01-04 12:57:48;12;Wednesday;1;2023
1875.0;1.0;3.0;Astoria;29.0;2.5;Coffee;Gourmet brewed coffee;Columbian Medium Roast Rg;2.5;2023-01-04 12:58:36;12;Wednesday;1;2023
1876.0;1.0;3.0;Astoria;39.0;4.25;Coffee;Barista Espresso;Latte Rg;4.25;2023-01-04 12:59:15;12;Wednesday;1;2023
1877.0;1.0;3.0;Astoria;69.0;3.25;Bakery;Biscotti;Hazelnut Biscotti;3.25;2023-01-04 12:59:15;12;Wednesday;1;2023
1878.0;1.0;3.0;Astoria;38.0;3.75;Coffee;Barista Espresso;Latte;3.75;2023-01-04 12:59:29;12;Wednesday;1;2023
1879.0;1.0;5.0;Lower Manhattan;53.0;3.0;Tea;Brewed Chai tea;Traditional Blend Chai Lg;3.0;2023-01-04 13:00:20;13;Wednesday;1;2023
1880.0;1.0;8.0;Hell's Kitchen;59.0;4.5;Drinking Chocolate;Hot chocolate;Dark chocolate Lg;4.5;2023-01-04 13:03:55;13;Wednesday;1;2023
1881.0;2.0;8.0;Hell's Kitchen;25.0;2.2;Coffee;Organic brewed coffee;Brazilian Sm;4.4;2023-01-04 13:07:28;13;Wednesday;1;2023
1882.0;1.0;8.0;Hell's Kitchen;38.0;3.75;Coffee;Barista Espresso;Latte;3.75;2023-01-04 13:08:33;13;Wednesday;1;2023
1883.0;2.0;3.0;Astoria;60.0;3.75;Drinking Chocolate;Hot chocolate;Sustainably Grown Organic Rg;7.5;2023-01-04 13:09:08;13;Wednesday;1;2023
1884.0;1.0;3.0;Astoria;45.0;3.0;Tea;Brewed herbal tea;Peppermint Lg;3.0;2023-01-04 13:12:37;13;Wednesday;1;2023
1885.0;1.0;3.0;Astoria;58.0;3.5;Drinking Chocolate;Hot chocolate;Dark chocolate Rg;3.5;2023-01-04 13:13:40;13;Wednesday;1;2023
1886.0;1.0;3.0;Astoria;39.0;4.25;Coffee;Barista Espresso;Latte Rg;4.25;2023-01-04 13:14:55;13;Wednesday;1;2023
1887.0;2.0;5.0;Lower Manhattan;23.0;2.5;Coffee;Drip coffee;Our Old Time Diner Blend Rg;5.0;2023-01-04 13:15:30;13;Wednesday;1;2023
1888.0;1.0;3.0;Astoria;50.0;2.5;Tea;Brewed Black tea;Earl Grey Rg;2.5;2023-01-04 13:15:45;13;Wednesday;1;2023
1889.0;1.0;3.0;Astoria;31.0;2.2;Coffee;Gourmet brewed coffee;Ethiopia Sm;2.2;2023-01-04 13:17:22;13;Wednesday;1;2023
1890.0;2.0;3.0;Astoria;34.0;2.45;Coffee;Premium brewed coffee;Jamaican Coffee River Sm;4.9;2023-01-04 13:17:25;13;Wednesday;1;2023
1891.0;2.0;3.0;Astoria;48.0;2.5;Tea;Brewed Black tea;English Breakfast Rg;5.0;2023-01-04 13:17:56;13;Wednesday;1;2023
1892.0;2.0;5.0;Lower Manhattan;57.0;3.1;Tea;Brewed Chai tea;Spicy Eye Opener Chai Lg;6.2;2023-01-04 13:19:45;13;Wednesday;1;2023
1893.0;1.0;5.0;Lower Manhattan;73.0;3.75;Bakery;Pastry;Almond Croissant;3.75;2023-01-04 13:19:45;13;Wednesday;1;2023
1894.0;2.0;3.0;Astoria;23.0;2.5;Coffee;Drip coffee;Our Old Time Diner Blend Rg;5.0;2023-01-04 13:20:51;13;Wednesday;1;2023
1895.0;2.0;3.0;Astoria;54.0;2.5;Tea;Brewed Chai tea;Morning Sunrise Chai Rg;5.0;2023-01-04 13:26:45;13;Wednesday;1;2023
1896.0;1.0;8.0;Hell's Kitchen;34.0;2.45;Coffee;Premium brewed coffee;Jamaican Coffee River Sm;2.45;2023-01-04 13:27:17;13;Wednesday;1;2023
1897.0;1.0;5.0;Lower Manhattan;45.0;3.0;Tea;Brewed herbal tea;Peppermint Lg;3.0;2023-01-04 13:28:24;13;Wednesday;1;2023
1898.0;2.0;3.0;Astoria;24.0;3.0;Coffee;Drip coffee;Our Old Time Diner Blend Lg;6.0;2023-01-04 13:30:02;13;Wednesday;1;2023
1899.0;1.0;3.0;Astoria;38.0;3.75;Coffee;Barista Espresso;Latte;3.75;2023-01-04 13:31:23;13;Wednesday;1;2023
1900.0;1.0;3.0;Astoria;57.0;3.1;Tea;Brewed Chai tea;Spicy Eye Opener Chai Lg;3.1;2023-01-04 13:32:03;13;Wednesday;1;2023
1901.0;1.0;3.0;Astoria;60.0;3.75;Drinking Chocolate;Hot chocolate;Sustainably Grown Organic Rg;3.75;2023-01-04 13:39:22;13;Wednesday;1;2023
1902.0;2.0;8.0;Hell's Kitchen;35.0;3.1;Coffee;Premium brewed coffee;Jamaican Coffee River Rg;6.2;2023-01-04 13:41:31;13;Wednesday;1;2023
1903.0;2.0;8.0;Hell's Kitchen;56.0;2.55;Tea;Brewed Chai tea;Spicy Eye Opener Chai Rg;5.1;2023-01-04 13:42:03;13;Wednesday;1;2023
1904.0;2.0;8.0;Hell's Kitchen;45.0;3.0;Tea;Brewed herbal tea;Peppermint Lg;6.0;2023-01-04 13:42:22;13;Wednesday;1;2023
1905.0;2.0;8.0;Hell's Kitchen;42.0;2.5;Tea;Brewed herbal tea;Lemon Grass Rg;5.0;2023-01-04 13:44:07;13;Wednesday;1;2023
1906.0;1.0;8.0;Hell's Kitchen;76.0;3.5;Bakery;Biscotti;Chocolate Chip Biscotti;3.5;2023-01-04 13:44:07;13;Wednesday;1;2023
1907.0;2.0;5.0;Lower Manhattan;31.0;2.2;Coffee;Gourmet brewed coffee;Ethiopia Sm;4.4;2023-01-04 13:44:15;13;Wednesday;1;2023
1908.0;2.0;3.0;Astoria;53.0;3.0;Tea;Brewed Chai tea;Traditional Blend Chai Lg;6.0;2023-01-04 13:48:50;13;Wednesday;1;2023
1909.0;2.0;5.0;Lower Manhattan;57.0;3.1;Tea;Brewed Chai tea;Spicy Eye Opener Chai Lg;6.2;2023-01-04 13:49:07;13;Wednesday;1;2023
1910.0;1.0;5.0;Lower Manhattan;76.0;3.5;Bakery;Biscotti;Chocolate Chip Biscotti;3.5;2023-01-04 13:49:07;13;Wednesday;1;2023
1911.0;2.0;3.0;Astoria;43.0;3.0;Tea;Brewed herbal tea;Lemon Grass Lg;6.0;2023-01-04 13:50:04;13;Wednesday;1;2023
1912.0;1.0;3.0;Astoria;44.0;2.5;Tea;Brewed herbal tea;Peppermint Rg;2.5;2023-01-04 13:51:18;13;Wednesday;1;2023
1913.0;2.0;3.0;Astoria;28.0;2.0;Coffee;Gourmet brewed coffee;Columbian Medium Roast Sm;4.0;2023-01-04 13:51:44;13;Wednesday;1;2023
1914.0;1.0;8.0;Hell's Kitchen;33.0;3.5;Coffee;Gourmet brewed coffee;Ethiopia Lg;3.5;2023-01-04 13:51:59;13;Wednesday;1;2023
1915.0;2.0;5.0;Lower Manhattan;54.0;2.5;Tea;Brewed Chai tea;Morning Sunrise Chai Rg;5.0;2023-01-04 13:56:40;13;Wednesday;1;2023
1916.0;1.0;3.0;Astoria;22.0;2.0;Coffee;Drip coffee;Our Old Time Diner Blend Sm;2.0;2023-01-04 13:57:11;13;Wednesday;1;2023
1917.0;1.0;3.0;Astoria;73.0;3.75;Bakery;Pastry;Almond Croissant;3.75;2023-01-04 13:57:11;13;Wednesday;1;2023
1918.0;1.0;3.0;Astoria;45.0;3.0;Tea;Brewed herbal tea;Peppermint Lg;3.0;2023-01-04 13:57:40;13;Wednesday;1;2023
1919.0;2.0;3.0;Astoria;45.0;3.0;Tea;Brewed herbal tea;Peppermint Lg;6.0;2023-01-04 13:58:49;13;Wednesday;1;2023
1920.0;2.0;3.0;Astoria;41.0;4.25;Coffee;Barista Espresso;Cappuccino Lg;8.5;2023-01-04 13:58:53;13;Wednesday;1;2023
1921.0;1.0;3.0;Astoria;53.0;3.0;Tea;Brewed Chai tea;Traditional Blend Chai Lg;3.0;2023-01-04 13:59:57;13;Wednesday;1;2023
1922.0;1.0;8.0;Hell's Kitchen;57.0;3.1;Tea;Brewed Chai tea;Spicy Eye Opener Chai Lg;3.1;2023-01-04 14:02:55;14;Wednesday;1;2023
1923.0;2.0;3.0;Astoria;46.0;2.5;Tea;Brewed Green tea;Serenity Green Tea Rg;5.0;2023-01-04 14:03:19;14;Wednesday;1;2023
1924.0;1.0;5.0;Lower Manhattan;34.0;2.45;Coffee;Premium brewed coffee;Jamaican Coffee River Sm;2.45;2023-01-04 14:03:56;14;Wednesday;1;2023
1925.0;2.0;5.0;Lower Manhattan;40.0;3.75;Coffee;Barista Espresso;Cappuccino;7.5;2023-01-04 14:04:09;14;Wednesday;1;2023
1926.0;1.0;5.0;Lower Manhattan;77.0;3.0;Bakery;Scone;Oatmeal Scone;3.0;2023-01-04 14:04:09;14;Wednesday;1;2023
1927.0;1.0;5.0;Lower Manhattan;41.0;4.25;Coffee;Barista Espresso;Cappuccino Lg;4.25;2023-01-04 14:05:55;14;Wednesday;1;2023
1928.0;2.0;5.0;Lower Manhattan;42.0;2.5;Tea;Brewed herbal tea;Lemon Grass Rg;5.0;2023-01-04 14:07:09;14;Wednesday;1;2023
1929.0;2.0;3.0;Astoria;49.0;3.0;Tea;Brewed Black tea;English Breakfast Lg;6.0;2023-01-04 14:07:36;14;Wednesday;1;2023
1930.0;2.0;3.0;Astoria;27.0;3.5;Coffee;Organic brewed coffee;Brazilian Lg;7.0;2023-01-04 14:08:52;14;Wednesday;1;2023
1931.0;2.0;3.0;Astoria;49.0;3.0;Tea;Brewed Black tea;English Breakfast Lg;6.0;2023-01-04 14:12:24;14;Wednesday;1;2023
1932.0;1.0;8.0;Hell's Kitchen;39.0;4.25;Coffee;Barista Espresso;Latte Rg;4.25;2023-01-04 14:13:50;14;Wednesday;1;2023
1933.0;2.0;5.0;Lower Manhattan;45.0;3.0;Tea;Brewed herbal tea;Peppermint Lg;6.0;2023-01-04 14:15:31;14;Wednesday;1;2023
1934.0;2.0;8.0;Hell's Kitchen;44.0;2.5;Tea;Brewed herbal tea;Peppermint Rg;5.0;2023-01-04 14:15:47;14;Wednesday;1;2023
1935.0;2.0;5.0;Lower Manhattan;37.0;3.0;Coffee;Barista Espresso;Espresso shot;6.0;2023-01-04 14:16:49;14;Wednesday;1;2023
1936.0;2.0;8.0;Hell's Kitchen;50.0;2.5;Tea;Brewed Black tea;Earl Grey Rg;5.0;2023-01-04 14:17:15;14;Wednesday;1;2023
1937.0;2.0;3.0;Astoria;30.0;3.0;Coffee;Gourmet brewed coffee;Columbian Medium Roast Lg;6.0;2023-01-04 14:17:50;14;Wednesday;1;2023
1938.0;2.0;5.0;Lower Manhattan;59.0;4.5;Drinking Chocolate;Hot chocolate;Dark chocolate Lg;9.0;2023-01-04 14:19:06;14;Wednesday;1;2023
1939.0;1.0;5.0;Lower Manhattan;71.0;3.75;Bakery;Pastry;Chocolate Croissant;3.75;2023-01-04 14:19:06;14;Wednesday;1;2023
1940.0;1.0;5.0;Lower Manhattan;45.0;3.0;Tea;Brewed herbal tea;Peppermint Lg;3.0;2023-01-04 14:19:28;14;Wednesday;1;2023
1941.0;1.0;5.0;Lower Manhattan;34.0;2.45;Coffee;Premium brewed coffee;Jamaican Coffee River Sm;2.45;2023-01-04 14:20:56;14;Wednesday;1;2023
1942.0;1.0;5.0;Lower Manhattan;77.0;3.0;Bakery;Scone;Oatmeal Scone;3.0;2023-01-04 14:20:56;14;Wednesday;1;2023
1943.0;1.0;3.0;Astoria;43.0;3.0;Tea;Brewed herbal tea;Lemon Grass Lg;3.0;2023-01-04 14:21:09;14;Wednesday;1;2023
1944.0;2.0;3.0;Astoria;53.0;3.0;Tea;Brewed Chai tea;Traditional Blend Chai Lg;6.0;2023-01-04 14:21:46;14;Wednesday;1;2023
1945.0;2.0;8.0;Hell's Kitchen;30.0;3.0;Coffee;Gourmet brewed coffee;Columbian Medium Roast Lg;6.0;2023-01-04 14:24:03;14;Wednesday;1;2023
1946.0;2.0;8.0;Hell's Kitchen;39.0;4.25;Coffee;Barista Espresso;Latte Rg;8.5;2023-01-04 14:26:56;14;Wednesday;1;2023
1947.0;2.0;5.0;Lower Manhattan;36.0;3.75;Coffee;Premium brewed coffee;Jamaican Coffee River Lg;7.5;2023-01-04 14:28:28;14;Wednesday;1;2023
1948.0;1.0;5.0;Lower Manhattan;72.0;3.25;Bakery;Scone;Ginger Scone;3.25;2023-01-04 14:28:28;14;Wednesday;1;2023
1949.0;2.0;8.0;Hell's Kitchen;46.0;2.5;Tea;Brewed Green tea;Serenity Green Tea Rg;5.0;2023-01-04 14:31:03;14;Wednesday;1;2023
1950.0;1.0;8.0;Hell's Kitchen;49.0;3.0;Tea;Brewed Black tea;English Breakfast Lg;3.0;2023-01-04 14:32:08;14;Wednesday;1;2023
1951.0;2.0;5.0;Lower Manhattan;27.0;3.5;Coffee;Organic brewed coffee;Brazilian Lg;7.0;2023-01-04 14:33:34;14;Wednesday;1;2023
1952.0;1.0;3.0;Astoria;23.0;2.5;Coffee;Drip coffee;Our Old Time Diner Blend Rg;2.5;2023-01-04 14:36:27;14;Wednesday;1;2023
1953.0;1.0;5.0;Lower Manhattan;34.0;2.45;Coffee;Premium brewed coffee;Jamaican Coffee River Sm;2.45;2023-01-04 14:37:07;14;Wednesday;1;2023
1954.0;1.0;8.0;Hell's Kitchen;50.0;2.5;Tea;Brewed Black tea;Earl Grey Rg;2.5;2023-01-04 14:38:03;14;Wednesday;1;2023
1956.0;2.0;3.0;Astoria;27.0;3.5;Coffee;Organic brewed coffee;Brazilian Lg;7.0;2023-01-04 14:39:12;14;Wednesday;1;2023
1957.0;1.0;3.0;Astoria;29.0;2.5;Coffee;Gourmet brewed coffee;Columbian Medium Roast Rg;2.5;2023-01-04 14:41:42;14;Wednesday;1;2023
1959.0;2.0;5.0;Lower Manhattan;49.0;3.0;Tea;Brewed Black tea;English Breakfast Lg;6.0;2023-01-04 14:42:44;14;Wednesday;1;2023
1960.0;2.0;8.0;Hell's Kitchen;87.0;3.0;Coffee;Barista Espresso;Ouro Brasileiro shot;6.0;2023-01-04 14:42:55;14;Wednesday;1;2023
1962.0;1.0;5.0;Lower Manhattan;28.0;2.0;Coffee;Gourmet brewed coffee;Columbian Medium Roast Sm;2.0;2023-01-04 14:43:52;14;Wednesday;1;2023
1963.0;2.0;8.0;Hell's Kitchen;43.0;3.0;Tea;Brewed herbal tea;Lemon Grass Lg;6.0;2023-01-04 14:44:00;14;Wednesday;1;2023
1964.0;1.0;3.0;Astoria;60.0;3.75;Drinking Chocolate;Hot chocolate;Sustainably Grown Organic Rg;3.75;2023-01-04 14:45:13;14;Wednesday;1;2023
1965.0;2.0;3.0;Astoria;45.0;3.0;Tea;Brewed herbal tea;Peppermint Lg;6.0;2023-01-04 14:45:36;14;Wednesday;1;2023
1966.0;2.0;8.0;Hell's Kitchen;37.0;3.0;Coffee;Barista Espresso;Espresso shot;6.0;2023-01-04 14:46:24;14;Wednesday;1;2023
1967.0;1.0;3.0;Astoria;29.0;2.5;Coffee;Gourmet brewed coffee;Columbian Medium Roast Rg;2.5;2023-01-04 14:46:46;14;Wednesday;1;2023
1968.0;1.0;8.0;Hell's Kitchen;22.0;2.0;Coffee;Drip coffee;Our Old Time Diner Blend Sm;2.0;2023-01-04 14:47:54;14;Wednesday;1;2023
1969.0;1.0;3.0;Astoria;36.0;3.75;Coffee;Premium brewed coffee;Jamaican Coffee River Lg;3.75;2023-01-04 14:48:08;14;Wednesday;1;2023
1970.0;2.0;8.0;Hell's Kitchen;60.0;3.75;Drinking Chocolate;Hot chocolate;Sustainably Grown Organic Rg;7.5;2023-01-04 14:48:49;14;Wednesday;1;2023
1971.0;1.0;3.0;Astoria;54.0;2.5;Tea;Brewed Chai tea;Morning Sunrise Chai Rg;2.5;2023-01-04 14:49:43;14;Wednesday;1;2023
1972.0;2.0;8.0;Hell's Kitchen;40.0;3.75;Coffee;Barista Espresso;Cappuccino;7.5;2023-01-04 14:52:17;14;Wednesday;1;2023
1973.0;2.0;5.0;Lower Manhattan;33.0;3.5;Coffee;Gourmet brewed coffee;Ethiopia Lg;7.0;2023-01-04 14:53:17;14;Wednesday;1;2023
1974.0;2.0;3.0;Astoria;59.0;4.5;Drinking Chocolate;Hot chocolate;Dark chocolate Lg;9.0;2023-01-04 14:53:18;14;Wednesday;1;2023
1975.0;1.0;3.0;Astoria;76.0;3.5;Bakery;Biscotti;Chocolate Chip Biscotti;3.5;2023-01-04 14:53:18;14;Wednesday;1;2023
1976.0;1.0;8.0;Hell's Kitchen;22.0;2.0;Coffee;Drip coffee;Our Old Time Diner Blend Sm;2.0;2023-01-04 14:53:58;14;Wednesday;1;2023
1977.0;2.0;8.0;Hell's Kitchen;56.0;2.55;Tea;Brewed Chai tea;Spicy Eye Opener Chai Rg;5.1;2023-01-04 14:55:28;14;Wednesday;1;2023
1978.0;1.0;5.0;Lower Manhattan;30.0;3.0;Coffee;Gourmet brewed coffee;Columbian Medium Roast Lg;3.0;2023-01-04 14:55:44;14;Wednesday;1;2023
1979.0;1.0;3.0;Astoria;47.0;3.0;Tea;Brewed Green tea;Serenity Green Tea Lg;3.0;2023-01-04 14:58:07;14;Wednesday;1;2023
1980.0;1.0;3.0;Astoria;79.0;3.75;Bakery;Scone;Jumbo Savory Scone;3.75;2023-01-04 14:58:07;14;Wednesday;1;2023
1981.0;1.0;3.0;Astoria;48.0;2.5;Tea;Brewed Black tea;English Breakfast Rg;2.5;2023-01-04 14:59:16;14;Wednesday;1;2023
1982.0;2.0;3.0;Astoria;36.0;3.75;Coffee;Premium brewed coffee;Jamaican Coffee River Lg;7.5;2023-01-04 15:00:14;15;Wednesday;1;2023
1983.0;1.0;3.0;Astoria;76.0;3.5;Bakery;Biscotti;Chocolate Chip Biscotti;3.5;2023-01-04 15:00:14;15;Wednesday;1;2023
1984.0;1.0;5.0;Lower Manhattan;57.0;3.1;Tea;Brewed Chai tea;Spicy Eye Opener Chai Lg;3.1;2023-01-04 15:00:47;15;Wednesday;1;2023
1985.0;2.0;3.0;Astoria;42.0;2.5;Tea;Brewed herbal tea;Lemon Grass Rg;5.0;2023-01-04 15:02:50;15;Wednesday;1;2023
1986.0;1.0;3.0;Astoria;70.0;3.25;Bakery;Scone;Cranberry Scone;3.25;2023-01-04 15:02:50;15;Wednesday;1;2023
1987.0;1.0;5.0;Lower Manhattan;61.0;4.75;Drinking Chocolate;Hot chocolate;Sustainably Grown Organic Lg;4.75;2023-01-04 15:03:33;15;Wednesday;1;2023
1989.0;2.0;8.0;Hell's Kitchen;37.0;3.0;Coffee;Barista Espresso;Espresso shot;6.0;2023-01-04 15:03:50;15;Wednesday;1;2023
1990.0;1.0;3.0;Astoria;55.0;4.0;Tea;Brewed Chai tea;Morning Sunrise Chai Lg;4.0;2023-01-04 15:05:08;15;Wednesday;1;2023
1991.0;2.0;3.0;Astoria;35.0;3.1;Coffee;Premium brewed coffee;Jamaican Coffee River Rg;6.2;2023-01-04 15:05:41;15;Wednesday;1;2023
1992.0;1.0;3.0;Astoria;53.0;3.0;Tea;Brewed Chai tea;Traditional Blend Chai Lg;3.0;2023-01-04 15:06:15;15;Wednesday;1;2023
1993.0;2.0;3.0;Astoria;25.0;2.2;Coffee;Organic brewed coffee;Brazilian Sm;4.4;2023-01-04 15:08:10;15;Wednesday;1;2023
1994.0;1.0;3.0;Astoria;58.0;3.5;Drinking Chocolate;Hot chocolate;Dark chocolate Rg;3.5;2023-01-04 15:08:17;15;Wednesday;1;2023
1995.0;2.0;3.0;Astoria;56.0;2.55;Tea;Brewed Chai tea;Spicy Eye Opener Chai Rg;5.1;2023-01-04 15:14:28;15;Wednesday;1;2023
1996.0;2.0;8.0;Hell's Kitchen;50.0;2.5;Tea;Brewed Black tea;Earl Grey Rg;5.0;2023-01-04 15:16:24;15;Wednesday;1;2023
1997.0;2.0;8.0;Hell's Kitchen;41.0;4.25;Coffee;Barista Espresso;Cappuccino Lg;8.5;2023-01-04 15:16:29;15;Wednesday;1;2023
1998.0;1.0;8.0;Hell's Kitchen;60.0;3.75;Drinking Chocolate;Hot chocolate;Sustainably Grown Organic Rg;3.75;2023-01-04 15:17:02;15;Wednesday;1;2023
1999.0;2.0;5.0;Lower Manhattan;87.0;3.0;Coffee;Barista Espresso;Ouro Brasileiro shot;6.0;2023-01-04 15:17:31;15;Wednesday;1;2023
2000.0;2.0;3.0;Astoria;45.0;3.0;Tea;Brewed herbal tea;Peppermint Lg;6.0;2023-01-04 15:20:25;15;Wednesday;1;2023
2001.0;1.0;8.0;Hell's Kitchen;36.0;3.75;Coffee;Premium brewed coffee;Jamaican Coffee River Lg;3.75;2023-01-04 15:20:29;15;Wednesday;1;2023
2002.0;1.0;8.0;Hell's Kitchen;39.0;4.25;Coffee;Barista Espresso;Latte Rg;4.25;2023-01-04 15:23:38;15;Wednesday;1;2023
2003.0;2.0;8.0;Hell's Kitchen;31.0;2.2;Coffee;Gourmet brewed coffee;Ethiopia Sm;4.4;2023-01-04 15:24:40;15;Wednesday;1;2023
2004.0;1.0;5.0;Lower Manhattan;24.0;3.0;Coffee;Drip coffee;Our Old Time Diner Blend Lg;3.0;2023-01-04 15:28:03;15;Wednesday;1;2023
2005.0;2.0;5.0;Lower Manhattan;51.0;3.0;Tea;Brewed Black tea;Earl Grey Lg;6.0;2023-01-04 15:28:15;15;Wednesday;1;2023
2006.0;1.0;5.0;Lower Manhattan;25.0;2.2;Coffee;Organic brewed coffee;Brazilian Sm;2.2;2023-01-04 15:28:24;15;Wednesday;1;2023
2007.0;1.0;8.0;Hell's Kitchen;35.0;3.1;Coffee;Premium brewed coffee;Jamaican Coffee River Rg;3.1;2023-01-04 15:29:26;15;Wednesday;1;2023
2008.0;1.0;8.0;Hell's Kitchen;71.0;3.75;Bakery;Pastry;Chocolate Croissant;3.75;2023-01-04 15:29:26;15;Wednesday;1;2023
2009.0;1.0;5.0;Lower Manhattan;61.0;4.75;Drinking Chocolate;Hot chocolate;Sustainably Grown Organic Lg;4.75;2023-01-04 15:29:46;15;Wednesday;1;2023
2010.0;2.0;5.0;Lower Manhattan;24.0;3.0;Coffee;Drip coffee;Our Old Time Diner Blend Lg;6.0;2023-01-04 15:30:27;15;Wednesday;1;2023
2011.0;1.0;5.0;Lower Manhattan;23.0;2.5;Coffee;Drip coffee;Our Old Time Diner Blend Rg;2.5;2023-01-04 15:31:42;15;Wednesday;1;2023
2012.0;2.0;8.0;Hell's Kitchen;61.0;4.75;Drinking Chocolate;Hot chocolate;Sustainably Grown Organic Lg;9.5;2023-01-04 15:32:02;15;Wednesday;1;2023
2013.0;1.0;8.0;Hell's Kitchen;59.0;4.5;Drinking Chocolate;Hot chocolate;Dark chocolate Lg;4.5;2023-01-04 15:33:40;15;Wednesday;1;2023
2014.0;1.0;8.0;Hell's Kitchen;46.0;2.5;Tea;Brewed Green tea;Serenity Green Tea Rg;2.5;2023-01-04 15:34:41;15;Wednesday;1;2023
2015.0;2.0;3.0;Astoria;59.0;4.5;Drinking Chocolate;Hot chocolate;Dark chocolate Lg;9.0;2023-01-04 15:36:16;15;Wednesday;1;2023
2016.0;2.0;3.0;Astoria;42.0;2.5;Tea;Brewed herbal tea;Lemon Grass Rg;5.0;2023-01-04 15:36:30;15;Wednesday;1;2023
2017.0;2.0;8.0;Hell's Kitchen;34.0;2.45;Coffee;Premium brewed coffee;Jamaican Coffee River Sm;4.9;2023-01-04 15:36:37;15;Wednesday;1;2023
2018.0;1.0;8.0;Hell's Kitchen;31.0;2.2;Coffee;Gourmet brewed coffee;Ethiopia Sm;2.2;2023-01-04 15:36:48;15;Wednesday;1;2023
2019.0;2.0;8.0;Hell's Kitchen;32.0;3.0;Coffee;Gourmet brewed coffee;Ethiopia Rg;6.0;2023-01-04 15:36:59;15;Wednesday;1;2023
2020.0;1.0;5.0;Lower Manhattan;51.0;3.0;Tea;Brewed Black tea;Earl Grey Lg;3.0;2023-01-04 15:37:05;15;Wednesday;1;2023
2021.0;2.0;8.0;Hell's Kitchen;28.0;2.0;Coffee;Gourmet brewed coffee;Columbian Medium Roast Sm;4.0;2023-01-04 15:37:14;15;Wednesday;1;2023
2022.0;1.0;3.0;Astoria;34.0;2.45;Coffee;Premium brewed coffee;Jamaican Coffee River Sm;2.45;2023-01-04 15:38:23;15;Wednesday;1;2023
2023.0;1.0;5.0;Lower Manhattan;34.0;2.45;Coffee;Premium brewed coffee;Jamaican Coffee River Sm;2.45;2023-01-04 15:41:29;15;Wednesday;1;2023
2024.0;2.0;5.0;Lower Manhattan;52.0;2.5;Tea;Brewed Chai tea;Traditional Blend Chai Rg;5.0;2023-01-04 15:43:04;15;Wednesday;1;2023
2025.0;2.0;3.0;Astoria;35.0;3.1;Coffee;Premium brewed coffee;Jamaican Coffee River Rg;6.2;2023-01-04 15:43:39;15;Wednesday;1;2023
2026.0;1.0;8.0;Hell's Kitchen;25.0;2.2;Coffee;Organic brewed coffee;Brazilian Sm;2.2;2023-01-04 15:45:17;15;Wednesday;1;2023
2027.0;2.0;5.0;Lower Manhattan;55.0;4.0;Tea;Brewed Chai tea;Morning Sunrise Chai Lg;8.0;2023-01-04 15:46:20;15;Wednesday;1;2023
2028.0;2.0;5.0;Lower Manhattan;48.0;2.5;Tea;Brewed Black tea;English Breakfast Rg;5.0;2023-01-04 15:46:26;15;Wednesday;1;2023
2029.0;1.0;5.0;Lower Manhattan;27.0;3.5;Coffee;Organic brewed coffee;Brazilian Lg;3.5;2023-01-04 15:46:27;15;Wednesday;1;2023
2030.0;2.0;5.0;Lower Manhattan;49.0;3.0;Tea;Brewed Black tea;English Breakfast Lg;6.0;2023-01-04 15:47:04;15;Wednesday;1;2023
2031.0;2.0;3.0;Astoria;29.0;2.5;Coffee;Gourmet brewed coffee;Columbian Medium Roast Rg;5.0;2023-01-04 15:47:33;15;Wednesday;1;2023
2032.0;2.0;3.0;Astoria;51.0;3.0;Tea;Brewed Black tea;Earl Grey Lg;6.0;2023-01-04 15:50:29;15;Wednesday;1;2023
2033.0;1.0;3.0;Astoria;23.0;2.5;Coffee;Drip coffee;Our Old Time Diner Blend Rg;2.5;2023-01-04 15:53:23;15;Wednesday;1;2023
2034.0;2.0;8.0;Hell's Kitchen;36.0;3.75;Coffee;Premium brewed coffee;Jamaican Coffee River Lg;7.5;2023-01-04 15:53:46;15;Wednesday;1;2023
2035.0;2.0;3.0;Astoria;22.0;2.0;Coffee;Drip coffee;Our Old Time Diner Blend Sm;4.0;2023-01-04 16:01:13;16;Wednesday;1;2023
2036.0;1.0;3.0;Astoria;72.0;3.25;Bakery;Scone;Ginger Scone;3.25;2023-01-04 16:01:13;16;Wednesday;1;2023
2037.0;2.0;3.0;Astoria;61.0;4.75;Drinking Chocolate;Hot chocolate;Sustainably Grown Organic Lg;9.5;2023-01-04 16:01:23;16;Wednesday;1;2023
2038.0;2.0;5.0;Lower Manhattan;35.0;3.1;Coffee;Premium brewed coffee;Jamaican Coffee River Rg;6.2;2023-01-04 16:03:45;16;Wednesday;1;2023
2039.0;2.0;8.0;Hell's Kitchen;27.0;3.5;Coffee;Organic brewed coffee;Brazilian Lg;7.0;2023-01-04 16:04:26;16;Wednesday;1;2023
2040.0;2.0;5.0;Lower Manhattan;61.0;4.75;Drinking Chocolate;Hot chocolate;Sustainably Grown Organic Lg;9.5;2023-01-04 16:05:44;16;Wednesday;1;2023
2041.0;2.0;5.0;Lower Manhattan;24.0;3.0;Coffee;Drip coffee;Our Old Time Diner Blend Lg;6.0;2023-01-04 16:09:43;16;Wednesday;1;2023
2042.0;2.0;3.0;Astoria;50.0;2.5;Tea;Brewed Black tea;Earl Grey Rg;5.0;2023-01-04 16:10:10;16;Wednesday;1;2023
2043.0;2.0;3.0;Astoria;44.0;2.5;Tea;Brewed herbal tea;Peppermint Rg;5.0;2023-01-04 16:11:27;16;Wednesday;1;2023
2044.0;2.0;3.0;Astoria;47.0;3.0;Tea;Brewed Green tea;Serenity Green Tea Lg;6.0;2023-01-04 16:11:46;16;Wednesday;1;2023
2045.0;1.0;5.0;Lower Manhattan;24.0;3.0;Coffee;Drip coffee;Our Old Time Diner Blend Lg;3.0;2023-01-04 16:13:54;16;Wednesday;1;2023
2046.0;1.0;3.0;Astoria;32.0;3.0;Coffee;Gourmet brewed coffee;Ethiopia Rg;3.0;2023-01-04 16:26:38;16;Wednesday;1;2023
2047.0;1.0;3.0;Astoria;45.0;3.0;Tea;Brewed herbal tea;Peppermint Lg;3.0;2023-01-04 16:30:33;16;Wednesday;1;2023
2048.0;2.0;3.0;Astoria;34.0;2.45;Coffee;Premium brewed coffee;Jamaican Coffee River Sm;4.9;2023-01-04 16:34:43;16;Wednesday;1;2023
2049.0;1.0;8.0;Hell's Kitchen;58.0;3.5;Drinking Chocolate;Hot chocolate;Dark chocolate Rg;3.5;2023-01-04 16:37:30;16;Wednesday;1;2023
2050.0;2.0;8.0;Hell's Kitchen;27.0;3.5;Coffee;Organic brewed coffee;Brazilian Lg;7.0;2023-01-04 16:38:01;16;Wednesday;1;2023
2051.0;1.0;3.0;Astoria;25.0;2.2;Coffee;Organic brewed coffee;Brazilian Sm;2.2;2023-01-04 16:44:46;16;Wednesday;1;2023
2052.0;1.0;3.0;Astoria;22.0;2.0;Coffee;Drip coffee;Our Old Time Diner Blend Sm;2.0;2023-01-04 16:46:58;16;Wednesday;1;2023
2053.0;1.0;3.0;Astoria;22.0;2.0;Coffee;Drip coffee;Our Old Time Diner Blend Sm;2.0;2023-01-04 16:51:38;16;Wednesday;1;2023
2054.0;2.0;5.0;Lower Manhattan;52.0;2.5;Tea;Brewed Chai tea;Traditional Blend Chai Rg;5.0;2023-01-04 16:54:23;16;Wednesday;1;2023
2055.0;1.0;3.0;Astoria;51.0;3.0;Tea;Brewed Black tea;Earl Grey Lg;3.0;2023-01-04 16:58:22;16;Wednesday;1;2023
2057.0;2.0;5.0;Lower Manhattan;56.0;2.55;Tea;Brewed Chai tea;Spicy Eye Opener Chai Rg;5.1;2023-01-04 16:58:25;16;Wednesday;1;2023
2058.0;2.0;5.0;Lower Manhattan;31.0;2.2;Coffee;Gourmet brewed coffee;Ethiopia Sm;4.4;2023-01-04 16:59:04;16;Wednesday;1;2023
2059.0;2.0;5.0;Lower Manhattan;22.0;2.0;Coffee;Drip coffee;Our Old Time Diner Blend Sm;4.0;2023-01-04 16:59:50;16;Wednesday;1;2023
2060.0;2.0;5.0;Lower Manhattan;28.0;2.0;Coffee;Gourmet brewed coffee;Columbian Medium Roast Sm;4.0;2023-01-04 17:00:58;17;Wednesday;1;2023
2061.0;1.0;5.0;Lower Manhattan;74.0;3.5;Bakery;Biscotti;Ginger Biscotti;3.5;2023-01-04 17:00:58;17;Wednesday;1;2023
2062.0;1.0;5.0;Lower Manhattan;22.0;2.0;Coffee;Drip coffee;Our Old Time Diner Blend Sm;2.0;2023-01-04 17:01:03;17;Wednesday;1;2023
2063.0;1.0;3.0;Astoria;55.0;4.0;Tea;Brewed Chai tea;Morning Sunrise Chai Lg;4.0;2023-01-04 17:04:20;17;Wednesday;1;2023
2064.0;1.0;3.0;Astoria;31.0;2.2;Coffee;Gourmet brewed coffee;Ethiopia Sm;2.2;2023-01-04 17:05:39;17;Wednesday;1;2023
2065.0;1.0;3.0;Astoria;70.0;3.25;Bakery;Scone;Cranberry Scone;3.25;2023-01-04 17:05:39;17;Wednesday;1;2023
2066.0;1.0;3.0;Astoria;36.0;3.75;Coffee;Premium brewed coffee;Jamaican Coffee River Lg;3.75;2023-01-04 17:06:42;17;Wednesday;1;2023
2067.0;2.0;8.0;Hell's Kitchen;57.0;3.1;Tea;Brewed Chai tea;Spicy Eye Opener Chai Lg;6.2;2023-01-04 17:08:39;17;Wednesday;1;2023
2068.0;1.0;3.0;Astoria;51.0;3.0;Tea;Brewed Black tea;Earl Grey Lg;3.0;2023-01-04 17:08:53;17;Wednesday;1;2023
2069.0;1.0;3.0;Astoria;28.0;2.0;Coffee;Gourmet brewed coffee;Columbian Medium Roast Sm;2.0;2023-01-04 17:09:28;17;Wednesday;1;2023
2070.0;2.0;5.0;Lower Manhattan;43.0;3.0;Tea;Brewed herbal tea;Lemon Grass Lg;6.0;2023-01-04 17:09:31;17;Wednesday;1;2023
2071.0;2.0;8.0;Hell's Kitchen;32.0;3.0;Coffee;Gourmet brewed coffee;Ethiopia Rg;6.0;2023-01-04 17:11:57;17;Wednesday;1;2023
2072.0;1.0;8.0;Hell's Kitchen;74.0;3.5;Bakery;Biscotti;Ginger Biscotti;3.5;2023-01-04 17:11:57;17;Wednesday;1;2023
2073.0;2.0;5.0;Lower Manhattan;39.0;4.25;Coffee;Barista Espresso;Latte Rg;8.5;2023-01-04 17:12:09;17;Wednesday;1;2023
2074.0;2.0;5.0;Lower Manhattan;29.0;2.5;Coffee;Gourmet brewed coffee;Columbian Medium Roast Rg;5.0;2023-01-04 17:13:13;17;Wednesday;1;2023
2075.0;2.0;3.0;Astoria;46.0;2.5;Tea;Brewed Green tea;Serenity Green Tea Rg;5.0;2023-01-04 17:14:30;17;Wednesday;1;2023
2076.0;1.0;8.0;Hell's Kitchen;56.0;2.55;Tea;Brewed Chai tea;Spicy Eye Opener Chai Rg;2.55;2023-01-04 17:14:56;17;Wednesday;1;2023
2077.0;1.0;3.0;Astoria;55.0;4.0;Tea;Brewed Chai tea;Morning Sunrise Chai Lg;4.0;2023-01-04 17:15:02;17;Wednesday;1;2023
2078.0;1.0;5.0;Lower Manhattan;45.0;3.0;Tea;Brewed herbal tea;Peppermint Lg;3.0;2023-01-04 17:17:16;17;Wednesday;1;2023
2079.0;2.0;3.0;Astoria;43.0;3.0;Tea;Brewed herbal tea;Lemon Grass Lg;6.0;2023-01-04 17:17:50;17;Wednesday;1;2023
2081.0;2.0;8.0;Hell's Kitchen;34.0;2.45;Coffee;Premium brewed coffee;Jamaican Coffee River Sm;4.9;2023-01-04 17:19:53;17;Wednesday;1;2023
2082.0;1.0;3.0;Astoria;36.0;3.75;Coffee;Premium brewed coffee;Jamaican Coffee River Lg;3.75;2023-01-04 17:22:29;17;Wednesday;1;2023
2083.0;1.0;8.0;Hell's Kitchen;45.0;3.0;Tea;Brewed herbal tea;Peppermint Lg;3.0;2023-01-04 17:26:44;17;Wednesday;1;2023
2084.0;2.0;3.0;Astoria;59.0;4.5;Drinking Chocolate;Hot chocolate;Dark chocolate Lg;9.0;2023-01-04 17:27:18;17;Wednesday;1;2023
2085.0;2.0;5.0;Lower Manhattan;38.0;3.75;Coffee;Barista Espresso;Latte;7.5;2023-01-04 17:28:24;17;Wednesday;1;2023
2086.0;2.0;3.0;Astoria;56.0;2.55;Tea;Brewed Chai tea;Spicy Eye Opener Chai Rg;5.1;2023-01-04 17:28:46;17;Wednesday;1;2023
2087.0;1.0;3.0;Astoria;71.0;3.75;Bakery;Pastry;Chocolate Croissant;3.75;2023-01-04 17:28:46;17;Wednesday;1;2023
2088.0;2.0;8.0;Hell's Kitchen;47.0;3.0;Tea;Brewed Green tea;Serenity Green Tea Lg;6.0;2023-01-04 17:29:32;17;Wednesday;1;2023
2089.0;1.0;5.0;Lower Manhattan;42.0;2.5;Tea;Brewed herbal tea;Lemon Grass Rg;2.5;2023-01-04 17:30:15;17;Wednesday;1;2023
2090.0;2.0;3.0;Astoria;56.0;2.55;Tea;Brewed Chai tea;Spicy Eye Opener Chai Rg;5.1;2023-01-04 17:32:02;17;Wednesday;1;2023
2091.0;2.0;5.0;Lower Manhattan;51.0;3.0;Tea;Brewed Black tea;Earl Grey Lg;6.0;2023-01-04 17:32:15;17;Wednesday;1;2023
2092.0;1.0;5.0;Lower Manhattan;40.0;3.75;Coffee;Barista Espresso;Cappuccino;3.75;2023-01-04 17:34:26;17;Wednesday;1;2023
2093.0;1.0;3.0;Astoria;36.0;3.75;Coffee;Premium brewed coffee;Jamaican Coffee River Lg;3.75;2023-01-04 17:36:27;17;Wednesday;1;2023
2094.0;2.0;8.0;Hell's Kitchen;46.0;2.5;Tea;Brewed Green tea;Serenity Green Tea Rg;5.0;2023-01-04 17:36:35;17;Wednesday;1;2023
2095.0;2.0;5.0;Lower Manhattan;27.0;3.5;Coffee;Organic brewed coffee;Brazilian Lg;7.0;2023-01-04 17:36:44;17;Wednesday;1;2023
2096.0;1.0;;Lower Manhattan;;3.75;Bakery;Pastry;Almond Croissant;3.75;2023-01-04 17:36:44;17;Wednesday;1;2023
2097.0;1.0;3.0;Astoria;49.0;3.0;Tea;Brewed Black tea;English Breakfast Lg;3.0;2023-01-04 17:41:06;17;Wednesday;1;2023
2098.0;1.0;3.0;Astoria;31.0;2.2;Coffee;Gourmet brewed coffee;Ethiopia Sm;2.2;2023-01-04 17:41:18;17;Wednesday;1;2023
2099.0;1.0;3.0;Astoria;23.0;2.5;Coffee;Drip coffee;Our Old Time Diner Blend Rg;2.5;2023-01-04 17:42:33;17;Wednesday;1;2023
2100.0;2.0;5.0;Lower Manhattan;50.0;2.5;Tea;Brewed Black tea;Earl Grey Rg;5.0;2023-01-04 17:45:57;17;Wednesday;1;2023
2101.0;2.0;3.0;Astoria;37.0;3.0;Coffee;Barista Espresso;Espresso shot;6.0;2023-01-04 17:48:16;17;Wednesday;1;2023
2102.0;1.0;3.0;Astoria;35.0;3.1;Coffee;Premium brewed coffee;Jamaican Coffee River Rg;3.1;2023-01-04 17:48:33;17;Wednesday;1;2023
2103.0;2.0;3.0;Astoria;43.0;3.0;Tea;Brewed herbal tea;Lemon Grass Lg;6.0;2023-01-04 17:48:53;17;Wednesday;1;2023
2104.0;1.0;3.0;Astoria;45.0;3.0;Tea;Brewed herbal tea;Peppermint Lg;3.0;2023-01-04 17:53:30;17;Wednesday;1;2023
2105.0;1.0;5.0;Lower Manhattan;41.0;4.25;Coffee;Barista Espresso;Cappuccino Lg;4.25;2023-01-04 17:55:41;17;Wednesday;1;2023
2106.0;1.0;3.0;Astoria;50.0;2.5;Tea;Brewed Black tea;Earl Grey Rg;2.5;2023-01-04 17:56:04;17;Wednesday;1;2023
2107.0;2.0;8.0;Hell's Kitchen;25.0;2.2;Coffee;Organic brewed coffee;Brazilian Sm;4.4;2023-01-04 17:57:07;17;Wednesday;1;2023
2108.0;1.0;3.0;Astoria;37.0;3.0;Coffee;Barista Espresso;Espresso shot;3.0;2023-01-04 17:57:20;17;Wednesday;1;2023
2109.0;1.0;3.0;Astoria;73.0;3.75;Bakery;Pastry;Almond Croissant;3.75;2023-01-04 17:57:20;17;Wednesday;1;2023
2110.0;1.0;3.0;Astoria;27.0;3.5;Coffee;Organic brewed coffee;Brazilian Lg;3.5;2023-01-04 18:01:25;18;Wednesday;1;2023
2111.0;1.0;3.0;Astoria;46.0;2.5;Tea;Brewed Green tea;Serenity Green Tea Rg;2.5;2023-01-04 18:01:45;18;Wednesday;1;2023
2112.0;2.0;8.0;Hell's Kitchen;46.0;2.5;Tea;Brewed Green tea;Serenity Green Tea Rg;5.0;2023-01-04 18:01:55;18;Wednesday;1;2023
2113.0;1.0;3.0;Astoria;45.0;3.0;Tea;Brewed herbal tea;Peppermint Lg;3.0;2023-01-04 18:05:27;18;Wednesday;1;2023
2114.0;1.0;3.0;Astoria;72.0;3.25;Bakery;Scone;Ginger Scone;3.25;2023-01-04 18:05:27;18;Wednesday;1;2023
2115.0;2.0;8.0;Hell's Kitchen;22.0;2.0;Coffee;Drip coffee;Our Old Time Diner Blend Sm;4.0;2023-01-04 18:07:01;18;Wednesday;1;2023
2116.0;2.0;3.0;Astoria;47.0;3.0;Tea;Brewed Green tea;Serenity Green Tea Lg;6.0;2023-01-04 18:07:35;18;Wednesday;1;2023
2117.0;2.0;8.0;Hell's Kitchen;24.0;3.0;Coffee;Drip coffee;Our Old Time Diner Blend Lg;6.0;2023-01-04 18:11:39;18;Wednesday;1;2023
2118.0;1.0;5.0;Lower Manhattan;27.0;3.5;Coffee;Organic brewed coffee;Brazilian Lg;3.5;2023-01-04 18:13:36;18;Wednesday;1;2023
2119.0;1.0;5.0;Lower Manhattan;71.0;3.75;Bakery;Pastry;Chocolate Croissant;3.75;2023-01-04 18:13:36;18;Wednesday;1;2023
2120.0;2.0;5.0;Lower Manhattan;49.0;3.0;Tea;Brewed Black tea;English Breakfast Lg;6.0;2023-01-04 18:14:04;18;Wednesday;1;2023
2121.0;1.0;8.0;Hell's Kitchen;56.0;2.55;Tea;Brewed Chai tea;Spicy Eye Opener Chai Rg;2.55;2023-01-04 18:14:04;18;Wednesday;1;2023
2122.0;2.0;5.0;Lower Manhattan;40.0;3.75;Coffee;Barista Espresso;Cappuccino;7.5;2023-01-04 18:15:43;18;Wednesday;1;2023
2123.0;2.0;3.0;Astoria;50.0;2.5;Tea;Brewed Black tea;Earl Grey Rg;5.0;2023-01-04 18:16:20;18;Wednesday;1;2023
2124.0;1.0;3.0;Astoria;23.0;2.5;Coffee;Drip coffee;Our Old Time Diner Blend Rg;2.5;2023-01-04 18:16:20;18;Wednesday;1;2023
2125.0;2.0;8.0;Hell's Kitchen;57.0;3.1;Tea;Brewed Chai tea;Spicy Eye Opener Chai Lg;6.2;2023-01-04 18:18:00;18;Wednesday;1;2023
2126.0;1.0;5.0;Lower Manhattan;35.0;3.1;Coffee;Premium brewed coffee;Jamaican Coffee River Rg;3.1;2023-01-04 18:22:09;18;Wednesday;1;2023
2127.0;1.0;5.0;Lower Manhattan;69.0;3.25;Bakery;Biscotti;Hazelnut Biscotti;3.25;2023-01-04 18:22:09;18;Wednesday;1;2023
2128.0;2.0;8.0;Hell's Kitchen;50.0;2.5;Tea;Brewed Black tea;Earl Grey Rg;5.0;2023-01-04 18:23:26;18;Wednesday;1;2023
2129.0;1.0;3.0;Astoria;60.0;3.75;Drinking Chocolate;Hot chocolate;Sustainably Grown Organic Rg;3.75;2023-01-04 18:24:17;18;Wednesday;1;2023
2130.0;1.0;8.0;Hell's Kitchen;47.0;3.0;Tea;Brewed Green tea;Serenity Green Tea Lg;3.0;2023-01-04 18:25:40;18;Wednesday;1;2023
2131.0;1.0;3.0;Astoria;26.0;3.0;Coffee;Organic brewed coffee;Brazilian Rg;3.0;2023-01-04 18:26:05;18;Wednesday;1;2023
2132.0;2.0;5.0;Lower Manhattan;22.0;2.0;Coffee;Drip coffee;Our Old Time Diner Blend Sm;4.0;2023-01-04 18:28:20;18;Wednesday;1;2023
2133.0;1.0;5.0;Lower Manhattan;73.0;3.75;Bakery;Pastry;Almond Croissant;3.75;2023-01-04 18:28:20;18;Wednesday;1;2023
2134.0;1.0;3.0;Astoria;52.0;2.5;Tea;Brewed Chai tea;Traditional Blend Chai Rg;2.5;2023-01-04 18:28:52;18;Wednesday;1;2023
2135.0;2.0;8.0;Hell's Kitchen;53.0;3.0;Tea;Brewed Chai tea;Traditional Blend Chai Lg;6.0;2023-01-04 18:29:20;18;Wednesday;1;2023
2136.0;2.0;3.0;Astoria;40.0;3.75;Coffee;Barista Espresso;Cappuccino;7.5;2023-01-04 18:32:45;18;Wednesday;1;2023
2137.0;1.0;3.0;Astoria;79.0;3.75;Bakery;Scone;Jumbo Savory Scone;3.75;2023-01-04 18:32:45;18;Wednesday;1;2023
2138.0;2.0;8.0;Hell's Kitchen;59.0;4.5;Drinking Chocolate;Hot chocolate;Dark chocolate Lg;9.0;2023-01-04 18:33:47;18;Wednesday;1;2023
2139.0;2.0;3.0;Astoria;33.0;3.5;Coffee;Gourmet brewed coffee;Ethiopia Lg;7.0;2023-01-04 18:37:55;18;Wednesday;1;2023
2140.0;1.0;3.0;Astoria;53.0;3.0;Tea;Brewed Chai tea;Traditional Blend Chai Lg;3.0;2023-01-04 18:42:34;18;Wednesday;1;2023
2141.0;2.0;8.0;Hell's Kitchen;44.0;2.5;Tea;Brewed herbal tea;Peppermint Rg;5.0;2023-01-04 18:42:36;18;Wednesday;1;2023
2142.0;1.0;8.0;Hell's Kitchen;69.0;3.25;Bakery;Biscotti;Hazelnut Biscotti;3.25;2023-01-04 18:42:36;18;Wednesday;1;2023
2143.0;1.0;8.0;Hell's Kitchen;42.0;2.5;Tea;Brewed herbal tea;Lemon Grass Rg;2.5;2023-01-04 18:43:10;18;Wednesday;1;2023
2144.0;1.0;8.0;Hell's Kitchen;72.0;3.25;Bakery;Scone;Ginger Scone;3.25;2023-01-04 18:43:10;18;Wednesday;1;2023
2145.0;1.0;8.0;Hell's Kitchen;29.0;2.5;Coffee;Gourmet brewed coffee;Columbian Medium Roast Rg;2.5;2023-01-04 18:43:35;18;Wednesday;1;2023
2146.0;2.0;3.0;Astoria;31.0;2.2;Coffee;Gourmet brewed coffee;Ethiopia Sm;4.4;2023-01-04 18:45:28;18;Wednesday;1;2023
2147.0;1.0;8.0;Hell's Kitchen;41.0;4.25;Coffee;Barista Espresso;Cappuccino Lg;4.25;2023-01-04 18:47:31;18;Wednesday;1;2023
2148.0;1.0;8.0;Hell's Kitchen;22.0;2.0;Coffee;Drip coffee;Our Old Time Diner Blend Sm;2.0;2023-01-04 18:48:10;18;Wednesday;1;2023
2149.0;2.0;8.0;Hell's Kitchen;50.0;2.5;Tea;Brewed Black tea;Earl Grey Rg;5.0;2023-01-04 18:48:32;18;Wednesday;1;2023
2150.0;2.0;8.0;Hell's Kitchen;57.0;3.1;Tea;Brewed Chai tea;Spicy Eye Opener Chai Lg;6.2;2023-01-04 18:49:27;18;Wednesday;1;2023
2151.0;2.0;8.0;Hell's Kitchen;29.0;2.5;Coffee;Gourmet brewed coffee;Columbian Medium Roast Rg;5.0;2023-01-04 18:52:45;18;Wednesday;1;2023
2152.0;1.0;8.0;Hell's Kitchen;87.0;3.0;Coffee;Barista Espresso;Ouro Brasileiro shot;3.0;2023-01-04 18:54:31;18;Wednesday;1;2023
2153.0;2.0;8.0;Hell's Kitchen;51.0;3.0;Tea;Brewed Black tea;Earl Grey Lg;6.0;2023-01-04 18:55:51;18;Wednesday;1;2023
2154.0;1.0;8.0;Hell's Kitchen;25.0;2.2;Coffee;Organic brewed coffee;Brazilian Sm;2.2;2023-01-04 18:56:04;18;Wednesday;1;2023
2155.0;1.0;3.0;Astoria;25.0;2.2;Coffee;Organic brewed coffee;Brazilian Sm;2.2;2023-01-04 18:56:49;18;Wednesday;1;2023
2156.0;1.0;8.0;Hell's Kitchen;45.0;3.0;Tea;Brewed herbal tea;Peppermint Lg;3.0;2023-01-04 18:57:24;18;Wednesday;1;2023
2157.0;1.0;8.0;Hell's Kitchen;75.0;3.5;Bakery;Pastry;Croissant;3.5;2023-01-04 18:57:24;18;Wednesday;1;2023
2158.0;2.0;8.0;Hell's Kitchen;47.0;3.0;Tea;Brewed Green tea;Serenity Green Tea Lg;6.0;2023-01-04 18:57:45;18;Wednesday;1;2023
2159.0;2.0;8.0;Hell's Kitchen;59.0;4.5;Drinking Chocolate;Hot chocolate;Dark chocolate Lg;9.0;2023-01-04 18:59:44;18;Wednesday;1;2023
2160.0;1.0;8.0;Hell's Kitchen;39.0;4.25;Coffee;Barista Espresso;Latte Rg;4.25;2023-01-04 19:01:01;19;Wednesday;1;2023
2162.0;1.0;3.0;Astoria;25.0;2.2;Coffee;Organic brewed coffee;Brazilian Sm;2.2;2023-01-04 19:04:52;19;Wednesday;1;2023
2164.0;1.0;3.0;Astoria;27.0;3.5;Coffee;Organic brewed coffee;Brazilian Lg;3.5;2023-01-04 19:09:24;19;Wednesday;1;2023
2165.0;1.0;8.0;Hell's Kitchen;38.0;3.75;Coffee;Barista Espresso;Latte;3.75;2023-01-04 19:09:29;19;Wednesday;1;2023
2166.0;1.0;8.0;Hell's Kitchen;61.0;4.75;Drinking Chocolate;Hot chocolate;Sustainably Grown Organic Lg;4.75;2023-01-04 19:09:34;19;Wednesday;1;2023
2167.0;1.0;3.0;Astoria;39.0;4.25;Coffee;Barista Espresso;Latte Rg;4.25;2023-01-04 19:11:18;19;Wednesday;1;2023
2168.0;1.0;3.0;Astoria;57.0;3.1;Tea;Brewed Chai tea;Spicy Eye Opener Chai Lg;3.1;2023-01-04 19:13:09;19;Wednesday;1;2023
2169.0;2.0;3.0;Astoria;58.0;3.5;Drinking Chocolate;Hot chocolate;Dark chocolate Rg;7.0;2023-01-04 19:18:23;19;Wednesday;1;2023
2170.0;1.0;3.0;Astoria;71.0;3.75;Bakery;Pastry;Chocolate Croissant;3.75;2023-01-04 19:18:23;19;Wednesday;1;2023
2171.0;2.0;3.0;Astoria;30.0;3.0;Coffee;Gourmet brewed coffee;Columbian Medium Roast Lg;6.0;2023-01-04 19:22:43;19;Wednesday;1;2023
2172.0;1.0;8.0;Hell's Kitchen;58.0;3.5;Drinking Chocolate;Hot chocolate;Dark chocolate Rg;3.5;2023-01-04 19:23:15;19;Wednesday;1;2023
2173.0;1.0;8.0;Hell's Kitchen;59.0;4.5;Drinking Chocolate;Hot chocolate;Dark chocolate Lg;4.5;2023-01-04 19:24:27;19;Wednesday;1;2023
2174.0;1.0;3.0;Astoria;54.0;2.5;Tea;Brewed Chai tea;Morning Sunrise Chai Rg;2.5;2023-01-04 19:24:54;19;Wednesday;1;2023
2175.0;1.0;3.0;Astoria;59.0;4.5;Drinking Chocolate;Hot chocolate;Dark chocolate Lg;4.5;2023-01-04 19:26:24;19;Wednesday;1;2023
2176.0;2.0;8.0;Hell's Kitchen;30.0;3.0;Coffee;Gourmet brewed coffee;Columbian Medium Roast Lg;6.0;2023-01-04 19:27:41;19;Wednesday;1;2023
2177.0;1.0;3.0;Astoria;49.0;3.0;Tea;Brewed Black tea;English Breakfast Lg;3.0;2023-01-04 19:36:05;19;Wednesday;1;2023
2178.0;1.0;3.0;Astoria;49.0;3.0;Tea;Brewed Black tea;English Breakfast Lg;3.0;2023-01-04 19:37:52;19;Wednesday;1;2023
2179.0;1.0;3.0;Astoria;22.0;2.0;Coffee;Drip coffee;Our Old Time Diner Blend Sm;2.0;2023-01-04 19:39:24;19;Wednesday;1;2023
2180.0;1.0;3.0;Astoria;72.0;3.25;Bakery;Scone;Ginger Scone;3.25;2023-01-04 19:39:24;19;Wednesday;1;2023
2181.0;2.0;8.0;Hell's Kitchen;50.0;2.5;Tea;Brewed Black tea;Earl Grey Rg;5.0;2023-01-04 19:40:21;19;Wednesday;1;2023
2182.0;1.0;8.0;Hell's Kitchen;60.0;3.75;Drinking Chocolate;Hot chocolate;Sustainably Grown Organic Rg;3.75;2023-01-04 19:41:01;19;Wednesday;1;2023
2183.0;1.0;3.0;Astoria;59.0;4.5;Drinking Chocolate;Hot chocolate;Dark chocolate Lg;4.5;2023-01-04 19:41:19;19;Wednesday;1;2023
2184.0;2.0;3.0;Astoria;51.0;3.0;Tea;Brewed Black tea;Earl Grey Lg;6.0;2023-01-04 19:43:39;19;Wednesday;1;2023
2186.0;1.0;8.0;Hell's Kitchen;70.0;3.25;Bakery;Scone;Cranberry Scone;3.25;2023-01-04 19:49:12;19;Wednesday;1;2023
2187.0;1.0;3.0;Astoria;55.0;4.0;Tea;Brewed Chai tea;Morning Sunrise Chai Lg;4.0;2023-01-04 19:49:13;19;Wednesday;1;2023
2188.0;2.0;3.0;Astoria;47.0;3.0;Tea;Brewed Green tea;Serenity Green Tea Lg;6.0;2023-01-04 19:49:24;19;Wednesday;1;2023
2189.0;1.0;3.0;Astoria;74.0;3.5;Bakery;Biscotti;Ginger Biscotti;3.5;2023-01-04 19:49:24;19;Wednesday;1;2023
2190.0;1.0;3.0;Astoria;57.0;3.1;Tea;Brewed Chai tea;Spicy Eye Opener Chai Lg;3.1;2023-01-04 19:49:34;19;Wednesday;1;2023
2191.0;1.0;3.0;Astoria;74.0;3.5;Bakery;Biscotti;Ginger Biscotti;3.5;2023-01-04 19:49:34;19;Wednesday;1;2023
2192.0;1.0;3.0;Astoria;33.0;3.5;Coffee;Gourmet brewed coffee;Ethiopia Lg;3.5;2023-01-04 19:51:51;19;Wednesday;1;2023
2193.0;2.0;8.0;Hell's Kitchen;34.0;2.45;Coffee;Premium brewed coffee;Jamaican Coffee River Sm;4.9;2023-01-04 19:52:39;19;Wednesday;1;2023
2194.0;2.0;8.0;Hell's Kitchen;44.0;2.5;Tea;Brewed herbal tea;Peppermint Rg;5.0;2023-01-04 19:57:35;19;Wednesday;1;2023
2195.0;1.0;3.0;Astoria;57.0;3.1;Tea;Brewed Chai tea;Spicy Eye Opener Chai Lg;3.1;2023-01-04 19:59:02;19;Wednesday;1;2023
2196.0;1.0;5.0;Lower Manhattan;48.0;2.5;Tea;Brewed Black tea;English Breakfast Rg;2.5;2023-01-05 07:00:26;7;Thursday;1;2023
2197.0;2.0;5.0;Lower Manhattan;54.0;2.5;Tea;Brewed Chai tea;Morning Sunrise Chai Rg;5.0;2023-01-05 07:06:34;7;Thursday;1;2023
2198.0;1.0;5.0;Lower Manhattan;49.0;3.0;Tea;Brewed Black tea;English Breakfast Lg;3.0;2023-01-05 07:11:08;7;Thursday;1;2023
2199.0;2.0;5.0;Lower Manhattan;87.0;3.0;Coffee;Barista Espresso;Ouro Brasileiro shot;6.0;2023-01-05 07:13:10;7;Thursday;1;2023
2200.0;1.0;5.0;Lower Manhattan;55.0;4.0;Tea;Brewed Chai tea;Morning Sunrise Chai Lg;4.0;2023-01-05 07:17:50;7;Thursday;1;2023
2201.0;1.0;5.0;Lower Manhattan;48.0;2.5;Tea;Brewed Black tea;English Breakfast Rg;2.5;2023-01-05 07:18:44;7;Thursday;1;2023
2202.0;1.0;5.0;Lower Manhattan;45.0;3.0;Tea;Brewed herbal tea;Peppermint Lg;3.0;2023-01-05 07:26:29;7;Thursday;1;2023
2203.0;1.0;5.0;Lower Manhattan;36.0;3.75;Coffee;Premium brewed coffee;Jamaican Coffee River Lg;3.75;2023-01-05 07:30:10;7;Thursday;1;2023
2204.0;1.0;5.0;Lower Manhattan;60.0;3.75;Drinking Chocolate;Hot chocolate;Sustainably Grown Organic Rg;3.75;2023-01-05 07:34:02;7;Thursday;1;2023
2205.0;2.0;5.0;Lower Manhattan;45.0;3.0;Tea;Brewed herbal tea;Peppermint Lg;6.0;2023-01-05 07:42:52;7;Thursday;1;2023
2206.0;1.0;5.0;Lower Manhattan;41.0;4.25;Coffee;Barista Espresso;Cappuccino Lg;4.25;2023-01-05 07:45:17;7;Thursday;1;2023
2207.0;2.0;5.0;Lower Manhattan;48.0;2.5;Tea;Brewed Black tea;English Breakfast Rg;5.0;2023-01-05 07:56:15;7;Thursday;1;2023
2208.0;1.0;5.0;Lower Manhattan;53.0;3.0;Tea;Brewed Chai tea;Traditional Blend Chai Lg;3.0;2023-01-05 07:56:31;7;Thursday;1;2023
2209.0;1.0;5.0;Lower Manhattan;49.0;3.0;Tea;Brewed Black tea;English Breakfast Lg;3.0;2023-01-05 08:01:10;8;Thursday;1;2023
2210.0;2.0;5.0;Lower Manhattan;35.0;3.1;Coffee;Premium brewed coffee;Jamaican Coffee River Rg;6.2;2023-01-05 08:04:58;8;Thursday;1;2023
2211.0;2.0;5.0;Lower Manhattan;33.0;3.5;Coffee;Gourmet brewed coffee;Ethiopia Lg;7.0;2023-01-05 08:08:13;8;Thursday;1;2023
2212.0;1.0;8.0;Hell's Kitchen;23.0;2.5;Coffee;Drip coffee;Our Old Time Diner Blend Rg;2.5;2023-01-05 08:10:23;8;Thursday;1;2023
2213.0;2.0;8.0;Hell's Kitchen;34.0;2.45;Coffee;Premium brewed coffee;Jamaican Coffee River Sm;4.9;2023-01-05 08:15:00;8;Thursday;1;2023
2214.0;1.0;5.0;Lower Manhattan;38.0;3.75;Coffee;Barista Espresso;Latte;3.75;2023-01-05 08:20:57;8;Thursday;1;2023
2215.0;1.0;5.0;Lower Manhattan;71.0;3.75;Bakery;Pastry;Chocolate Croissant;3.75;2023-01-05 08:20:57;8;Thursday;1;2023
2216.0;2.0;8.0;Hell's Kitchen;60.0;3.75;Drinking Chocolate;Hot chocolate;Sustainably Grown Organic Rg;7.5;2023-01-05 08:22:54;8;Thursday;1;2023
2217.0;1.0;5.0;Lower Manhattan;26.0;3.0;Coffee;Organic brewed coffee;Brazilian Rg;3.0;2023-01-05 08:23:13;8;Thursday;1;2023
2218.0;1.0;5.0;Lower Manhattan;76.0;3.5;Bakery;Biscotti;Chocolate Chip Biscotti;3.5;2023-01-05 08:23:13;8;Thursday;1;2023
2220.0;2.0;8.0;Hell's Kitchen;56.0;2.55;Tea;Brewed Chai tea;Spicy Eye Opener Chai Rg;5.1;2023-01-05 08:24:13;8;Thursday;1;2023
2221.0;1.0;8.0;Hell's Kitchen;39.0;4.25;Coffee;Barista Espresso;Latte Rg;4.25;2023-01-05 08:25:59;8;Thursday;1;2023
2222.0;1.0;8.0;Hell's Kitchen;61.0;4.75;Drinking Chocolate;Hot chocolate;Sustainably Grown Organic Lg;4.75;2023-01-05 08:26:32;8;Thursday;1;2023
2223.0;1.0;5.0;Lower Manhattan;41.0;4.25;Coffee;Barista Espresso;Cappuccino Lg;4.25;2023-01-05 08:27:37;8;Thursday;1;2023
2224.0;1.0;5.0;Lower Manhattan;73.0;3.75;Bakery;Pastry;Almond Croissant;3.75;2023-01-05 08:27:37;8;Thursday;1;2023
2225.0;2.0;8.0;Hell's Kitchen;49.0;3.0;Tea;Brewed Black tea;English Breakfast Lg;6.0;2023-01-05 08:28:00;8;Thursday;1;2023
2226.0;1.0;8.0;Hell's Kitchen;47.0;3.0;Tea;Brewed Green tea;Serenity Green Tea Lg;3.0;2023-01-05 08:29:08;8;Thursday;1;2023
2227.0;2.0;8.0;Hell's Kitchen;52.0;2.5;Tea;Brewed Chai tea;Traditional Blend Chai Rg;5.0;2023-01-05 08:32:59;8;Thursday;1;2023
2228.0;1.0;5.0;Lower Manhattan;50.0;2.5;Tea;Brewed Black tea;Earl Grey Rg;2.5;2023-01-05 08:36:05;8;Thursday;1;2023
2229.0;1.0;8.0;Hell's Kitchen;24.0;3.0;Coffee;Drip coffee;Our Old Time Diner Blend Lg;3.0;2023-01-05 08:36:36;8;Thursday;1;2023
2230.0;1.0;5.0;Lower Manhattan;23.0;2.5;Coffee;Drip coffee;Our Old Time Diner Blend Rg;2.5;2023-01-05 08:38:48;8;Thursday;1;2023
2231.0;1.0;5.0;Lower Manhattan;27.0;3.5;Coffee;Organic brewed coffee;Brazilian Lg;3.5;2023-01-05 08:42:24;8;Thursday;1;2023
2232.0;1.0;5.0;Lower Manhattan;38.0;3.75;Coffee;Barista Espresso;Latte;3.75;2023-01-05 08:44:32;8;Thursday;1;2023
2233.0;2.0;5.0;Lower Manhattan;49.0;3.0;Tea;Brewed Black tea;English Breakfast Lg;6.0;2023-01-05 08:44:47;8;Thursday;1;2023
2234.0;2.0;8.0;Hell's Kitchen;22.0;2.0;Coffee;Drip coffee;Our Old Time Diner Blend Sm;4.0;2023-01-05 08:46:08;8;Thursday;1;2023
2235.0;1.0;8.0;Hell's Kitchen;73.0;3.75;Bakery;Pastry;Almond Croissant;3.75;2023-01-05 08:46:08;8;Thursday;1;2023
2236.0;1.0;8.0;Hell's Kitchen;27.0;3.5;Coffee;Organic brewed coffee;Brazilian Lg;3.5;2023-01-05 08:46:33;8;Thursday;1;2023
2237.0;2.0;5.0;Lower Manhattan;28.0;2.0;Coffee;Gourmet brewed coffee;Columbian Medium Roast Sm;4.0;2023-01-05 08:48:56;8;Thursday;1;2023
2238.0;2.0;5.0;Lower Manhattan;34.0;2.45;Coffee;Premium brewed coffee;Jamaican Coffee River Sm;4.9;2023-01-05 08:50:10;8;Thursday;1;2023
2239.0;2.0;8.0;Hell's Kitchen;43.0;3.0;Tea;Brewed herbal tea;Lemon Grass Lg;6.0;2023-01-05 08:50:22;8;Thursday;1;2023
2240.0;2.0;5.0;Lower Manhattan;61.0;4.75;Drinking Chocolate;Hot chocolate;Sustainably Grown Organic Lg;9.5;2023-01-05 08:50:33;8;Thursday;1;2023
2241.0;1.0;5.0;Lower Manhattan;60.0;3.75;Drinking Chocolate;Hot chocolate;Sustainably Grown Organic Rg;3.75;2023-01-05 08:52:48;8;Thursday;1;2023
2242.0;1.0;5.0;Lower Manhattan;77.0;3.0;Bakery;Scone;Oatmeal Scone;3.0;2023-01-05 08:52:48;8;Thursday;1;2023
2243.0;1.0;5.0;Lower Manhattan;28.0;2.0;Coffee;Gourmet brewed coffee;Columbian Medium Roast Sm;2.0;2023-01-05 08:57:11;8;Thursday;1;2023
2244.0;2.0;5.0;Lower Manhattan;51.0;3.0;Tea;Brewed Black tea;Earl Grey Lg;6.0;2023-01-05 08:57:34;8;Thursday;1;2023
2245.0;1.0;8.0;Hell's Kitchen;36.0;3.75;Coffee;Premium brewed coffee;Jamaican Coffee River Lg;3.75;2023-01-05 08:59:33;8;Thursday;1;2023
2246.0;2.0;5.0;Lower Manhattan;36.0;3.75;Coffee;Premium brewed coffee;Jamaican Coffee River Lg;7.5;2023-01-05 09:01:38;9;Thursday;1;2023
2247.0;1.0;5.0;Lower Manhattan;69.0;3.25;Bakery;Biscotti;Hazelnut Biscotti;3.25;2023-01-05 09:01:38;9;Thursday;1;2023
2248.0;1.0;8.0;Hell's Kitchen;58.0;3.5;Drinking Chocolate;Hot chocolate;Dark chocolate Rg;3.5;2023-01-05 09:02:51;9;Thursday;1;2023
2249.0;2.0;5.0;Lower Manhattan;31.0;2.2;Coffee;Gourmet brewed coffee;Ethiopia Sm;4.4;2023-01-05 09:04:55;9;Thursday;1;2023
2250.0;1.0;5.0;Lower Manhattan;72.0;3.25;Bakery;Scone;Ginger Scone;3.25;2023-01-05 09:04:55;9;Thursday;1;2023
2251.0;2.0;8.0;Hell's Kitchen;47.0;3.0;Tea;Brewed Green tea;Serenity Green Tea Lg;6.0;2023-01-05 09:12:44;9;Thursday;1;2023
2252.0;2.0;8.0;Hell's Kitchen;31.0;2.2;Coffee;Gourmet brewed coffee;Ethiopia Sm;4.4;2023-01-05 09:15:27;9;Thursday;1;2023
2253.0;2.0;5.0;Lower Manhattan;48.0;2.5;Tea;Brewed Black tea;English Breakfast Rg;5.0;2023-01-05 09:16:18;9;Thursday;1;2023
2254.0;2.0;5.0;Lower Manhattan;39.0;4.25;Coffee;Barista Espresso;Latte Rg;8.5;2023-01-05 09:18:17;9;Thursday;1;2023
2255.0;1.0;;Hell's Kitchen;;3.75;Coffee;Barista Espresso;Latte;3.75;2023-01-05 09:20:54;9;Thursday;1;2023
2257.0;1.0;5.0;Lower Manhattan;40.0;3.75;Coffee;Barista Espresso;Cappuccino;3.75;2023-01-05 09:26:10;9;Thursday;1;2023
2258.0;1.0;5.0;Lower Manhattan;79.0;3.75;Bakery;Scone;Jumbo Savory Scone;3.75;2023-01-05 09:26:10;9;Thursday;1;2023
2259.0;2.0;8.0;Hell's Kitchen;49.0;3.0;Tea;Brewed Black tea;English Breakfast Lg;6.0;2023-01-05 09:26:54;9;Thursday;1;2023
2260.0;2.0;5.0;Lower Manhattan;25.0;2.2;Coffee;Organic brewed coffee;Brazilian Sm;4.4;2023-01-05 09:27:28;9;Thursday;1;2023
2261.0;1.0;8.0;Hell's Kitchen;57.0;3.1;Tea;Brewed Chai tea;Spicy Eye Opener Chai Lg;3.1;2023-01-05 09:27:52;9;Thursday;1;2023
2262.0;1.0;8.0;Hell's Kitchen;43.0;3.0;Tea;Brewed herbal tea;Lemon Grass Lg;3.0;2023-01-05 09:34:13;9;Thursday;1;2023
2263.0;2.0;5.0;Lower Manhattan;52.0;2.5;Tea;Brewed Chai tea;Traditional Blend Chai Rg;5.0;2023-01-05 09:38:01;9;Thursday;1;2023
2264.0;1.0;5.0;Lower Manhattan;72.0;3.25;Bakery;Scone;Ginger Scone;3.25;2023-01-05 09:38:01;9;Thursday;1;2023
2265.0;2.0;8.0;Hell's Kitchen;29.0;2.5;Coffee;Gourmet brewed coffee;Columbian Medium Roast Rg;5.0;2023-01-05 09:41:47;9;Thursday;1;2023
2266.0;1.0;5.0;Lower Manhattan;57.0;3.1;Tea;Brewed Chai tea;Spicy Eye Opener Chai Lg;3.1;2023-01-05 09:41:53;9;Thursday;1;2023
2267.0;1.0;8.0;Hell's Kitchen;44.0;2.5;Tea;Brewed herbal tea;Peppermint Rg;2.5;2023-01-05 09:44:03;9;Thursday;1;2023
2268.0;2.0;8.0;Hell's Kitchen;32.0;3.0;Coffee;Gourmet brewed coffee;Ethiopia Rg;6.0;2023-01-05 09:47:57;9;Thursday;1;2023
2269.0;1.0;5.0;Lower Manhattan;29.0;2.5;Coffee;Gourmet brewed coffee;Columbian Medium Roast Rg;2.5;2023-01-05 09:54:34;9;Thursday;1;2023
2270.0;1.0;8.0;Hell's Kitchen;59.0;4.5;Drinking Chocolate;Hot chocolate;Dark chocolate Lg;4.5;2023-01-05 09:56:05;9;Thursday;1;2023
2271.0;2.0;5.0;Lower Manhattan;40.0;3.75;Coffee;Barista Espresso;Cappuccino;7.5;2023-01-05 10:08:29;10;Thursday;1;2023
2272.0;1.0;8.0;Hell's Kitchen;24.0;3.0;Coffee;Drip coffee;Our Old Time Diner Blend Lg;3.0;2023-01-05 10:09:39;10;Thursday;1;2023
2273.0;1.0;8.0;Hell's Kitchen;75.0;3.5;Bakery;Pastry;Croissant;3.5;2023-01-05 10:09:39;10;Thursday;1;2023
2275.0;1.0;5.0;Lower Manhattan;51.0;3.0;Tea;Brewed Black tea;Earl Grey Lg;3.0;2023-01-05 10:16:59;10;Thursday;1;2023
2276.0;1.0;5.0;Lower Manhattan;74.0;3.5;Bakery;Biscotti;Ginger Biscotti;3.5;2023-01-05 10:16:59;10;Thursday;1;2023
2277.0;1.0;8.0;Hell's Kitchen;29.0;2.5;Coffee;Gourmet brewed coffee;Columbian Medium Roast Rg;2.5;2023-01-05 10:20:39;10;Thursday;1;2023
2278.0;1.0;5.0;Lower Manhattan;53.0;3.0;Tea;Brewed Chai tea;Traditional Blend Chai Lg;3.0;2023-01-05 10:20:56;10;Thursday;1;2023
2279.0;1.0;5.0;Lower Manhattan;75.0;3.5;Bakery;Pastry;Croissant;3.5;2023-01-05 10:20:56;10;Thursday;1;2023
2280.0;1.0;5.0;Lower Manhattan;52.0;2.5;Tea;Brewed Chai tea;Traditional Blend Chai Rg;2.5;2023-01-05 10:21:40;10;Thursday;1;2023
2281.0;1.0;8.0;Hell's Kitchen;38.0;3.75;Coffee;Barista Espresso;Latte;3.75;2023-01-05 10:22:27;10;Thursday;1;2023
2282.0;1.0;8.0;Hell's Kitchen;29.0;2.5;Coffee;Gourmet brewed coffee;Columbian Medium Roast Rg;2.5;2023-01-05 10:27:21;10;Thursday;1;2023
2283.0;2.0;8.0;Hell's Kitchen;40.0;3.75;Coffee;Barista Espresso;Cappuccino;7.5;2023-01-05 10:30:15;10;Thursday;1;2023
2284.0;2.0;5.0;Lower Manhattan;26.0;3.0;Coffee;Organic brewed coffee;Brazilian Rg;6.0;2023-01-05 10:30:55;10;Thursday;1;2023
2285.0;2.0;8.0;Hell's Kitchen;45.0;3.0;Tea;Brewed herbal tea;Peppermint Lg;6.0;2023-01-05 10:31:18;10;Thursday;1;2023
2286.0;1.0;5.0;Lower Manhattan;39.0;4.25;Coffee;Barista Espresso;Latte Rg;4.25;2023-01-05 10:33:51;10;Thursday;1;2023
2287.0;2.0;8.0;Hell's Kitchen;30.0;3.0;Coffee;Gourmet brewed coffee;Columbian Medium Roast Lg;6.0;2023-01-05 10:33:53;10;Thursday;1;2023
2288.0;2.0;5.0;Lower Manhattan;41.0;4.25;Coffee;Barista Espresso;Cappuccino Lg;8.5;2023-01-05 10:35:12;10;Thursday;1;2023
2289.0;1.0;5.0;Lower Manhattan;49.0;3.0;Tea;Brewed Black tea;English Breakfast Lg;3.0;2023-01-05 10:36:55;10;Thursday;1;2023
2290.0;1.0;5.0;Lower Manhattan;77.0;3.0;Bakery;Scone;Oatmeal Scone;3.0;2023-01-05 10:36:55;10;Thursday;1;2023
2291.0;1.0;5.0;Lower Manhattan;44.0;2.5;Tea;Brewed herbal tea;Peppermint Rg;2.5;2023-01-05 10:37:45;10;Thursday;1;2023
2292.0;1.0;8.0;Hell's Kitchen;35.0;3.1;Coffee;Premium brewed coffee;Jamaican Coffee River Rg;3.1;2023-01-05 10:40:06;10;Thursday;1;2023
2293.0;1.0;5.0;Lower Manhattan;39.0;4.25;Coffee;Barista Espresso;Latte Rg;4.25;2023-01-05 10:40:16;10;Thursday;1;2023
2294.0;2.0;5.0;Lower Manhattan;46.0;2.5;Tea;Brewed Green tea;Serenity Green Tea Rg;5.0;2023-01-05 10:41:06;10;Thursday;1;2023
2295.0;2.0;8.0;Hell's Kitchen;35.0;3.1;Coffee;Premium brewed coffee;Jamaican Coffee River Rg;6.2;2023-01-05 10:46:52;10;Thursday;1;2023
2296.0;2.0;8.0;Hell's Kitchen;60.0;3.75;Drinking Chocolate;Hot chocolate;Sustainably Grown Organic Rg;7.5;2023-01-05 10:50:44;10;Thursday;1;2023
2297.0;1.0;8.0;Hell's Kitchen;32.0;3.0;Coffee;Gourmet brewed coffee;Ethiopia Rg;3.0;2023-01-05 10:50:46;10;Thursday;1;2023
2298.0;1.0;5.0;Lower Manhattan;45.0;3.0;Tea;Brewed herbal tea;Peppermint Lg;3.0;2023-01-05 10:51:10;10;Thursday;1;2023
2299.0;1.0;5.0;Lower Manhattan;71.0;3.75;Bakery;Pastry;Chocolate Croissant;3.75;2023-01-05 10:51:10;10;Thursday;1;2023
2300.0;2.0;5.0;Lower Manhattan;54.0;2.5;Tea;Brewed Chai tea;Morning Sunrise Chai Rg;5.0;2023-01-05 10:51:48;10;Thursday;1;2023
2301.0;2.0;8.0;Hell's Kitchen;48.0;2.5;Tea;Brewed Black tea;English Breakfast Rg;5.0;2023-01-05 10:56:39;10;Thursday;1;2023
2302.0;1.0;8.0;Hell's Kitchen;70.0;3.25;Bakery;Scone;Cranberry Scone;3.25;2023-01-05 10:56:39;10;Thursday;1;2023
2303.0;1.0;8.0;Hell's Kitchen;61.0;4.75;Drinking Chocolate;Hot chocolate;Sustainably Grown Organic Lg;4.75;2023-01-05 11:02:04;11;Thursday;1;2023
2304.0;1.0;5.0;Lower Manhattan;45.0;3.0;Tea;Brewed herbal tea;Peppermint Lg;3.0;2023-01-05 11:02:09;11;Thursday;1;2023
2305.0;1.0;3.0;Astoria;56.0;2.55;Tea;Brewed Chai tea;Spicy Eye Opener Chai Rg;2.55;2023-01-05 11:02:54;11;Thursday;1;2023
2306.0;1.0;3.0;Astoria;41.0;4.25;Coffee;Barista Espresso;Cappuccino Lg;4.25;2023-01-05 11:03:05;11;Thursday;1;2023
2307.0;1.0;8.0;Hell's Kitchen;38.0;3.75;Coffee;Barista Espresso;Latte;3.75;2023-01-05 11:06:45;11;Thursday;1;2023
2308.0;2.0;5.0;Lower Manhattan;61.0;4.75;Drinking Chocolate;Hot chocolate;Sustainably Grown Organic Lg;9.5;2023-01-05 11:07:04;11;Thursday;1;2023
2309.0;2.0;5.0;Lower Manhattan;38.0;3.75;Coffee;Barista Espresso;Latte;7.5;2023-01-05 11:07:21;11;Thursday;1;2023
2310.0;1.0;3.0;Astoria;36.0;3.75;Coffee;Premium brewed coffee;Jamaican Coffee River Lg;3.75;2023-01-05 11:07:42;11;Thursday;1;2023
2311.0;1.0;5.0;Lower Manhattan;29.0;2.5;Coffee;Gourmet brewed coffee;Columbian Medium Roast Rg;2.5;2023-01-05 11:07:53;11;Thursday;1;2023
2313.0;1.0;3.0;Astoria;56.0;2.55;Tea;Brewed Chai tea;Spicy Eye Opener Chai Rg;2.55;2023-01-05 11:12:35;11;Thursday;1;2023
2314.0;1.0;3.0;Astoria;71.0;3.75;Bakery;Pastry;Chocolate Croissant;3.75;2023-01-05 11:12:35;11;Thursday;1;2023
2315.0;1.0;5.0;Lower Manhattan;29.0;2.5;Coffee;Gourmet brewed coffee;Columbian Medium Roast Rg;2.5;2023-01-05 11:13:31;11;Thursday;1;2023
2316.0;2.0;5.0;Lower Manhattan;27.0;3.5;Coffee;Organic brewed coffee;Brazilian Lg;7.0;2023-01-05 11:15:14;11;Thursday;1;2023
2317.0;1.0;3.0;Astoria;51.0;3.0;Tea;Brewed Black tea;Earl Grey Lg;3.0;2023-01-05 11:15:59;11;Thursday;1;2023
2318.0;1.0;3.0;Astoria;50.0;2.5;Tea;Brewed Black tea;Earl Grey Rg;2.5;2023-01-05 11:19:06;11;Thursday;1;2023
2319.0;1.0;8.0;Hell's Kitchen;27.0;3.5;Coffee;Organic brewed coffee;Brazilian Lg;3.5;2023-01-05 11:20:52;11;Thursday;1;2023
2320.0;1.0;8.0;Hell's Kitchen;49.0;3.0;Tea;Brewed Black tea;English Breakfast Lg;3.0;2023-01-05 11:20:55;11;Thursday;1;2023
2321.0;2.0;5.0;Lower Manhattan;26.0;3.0;Coffee;Organic brewed coffee;Brazilian Rg;6.0;2023-01-05 11:21:19;11;Thursday;1;2023
2322.0;2.0;8.0;Hell's Kitchen;41.0;4.25;Coffee;Barista Espresso;Cappuccino Lg;8.5;2023-01-05 11:21:28;11;Thursday;1;2023
2323.0;1.0;5.0;Lower Manhattan;49.0;3.0;Tea;Brewed Black tea;English Breakfast Lg;3.0;2023-01-05 11:22:59;11;Thursday;1;2023
2324.0;1.0;8.0;Hell's Kitchen;61.0;4.75;Drinking Chocolate;Hot chocolate;Sustainably Grown Organic Lg;4.75;2023-01-05 11:23:07;11;Thursday;1;2023
2325.0;1.0;5.0;Lower Manhattan;46.0;2.5;Tea;Brewed Green tea;Serenity Green Tea Rg;2.5;2023-01-05 11:23:29;11;Thursday;1;2023
2326.0;1.0;5.0;Lower Manhattan;73.0;3.75;Bakery;Pastry;Almond Croissant;3.75;2023-01-05 11:23:29;11;Thursday;1;2023
2327.0;1.0;3.0;Astoria;31.0;2.2;Coffee;Gourmet brewed coffee;Ethiopia Sm;2.2;2023-01-05 11:23:46;11;Thursday;1;2023
2328.0;1.0;3.0;Astoria;45.0;3.0;Tea;Brewed herbal tea;Peppermint Lg;3.0;2023-01-05 11:24:27;11;Thursday;1;2023
2329.0;1.0;3.0;Astoria;70.0;3.25;Bakery;Scone;Cranberry Scone;3.25;2023-01-05 11:24:27;11;Thursday;1;2023
2330.0;1.0;8.0;Hell's Kitchen;35.0;3.1;Coffee;Premium brewed coffee;Jamaican Coffee River Rg;3.1;2023-01-05 11:26:08;11;Thursday;1;2023
2331.0;1.0;8.0;Hell's Kitchen;70.0;3.25;Bakery;Scone;Cranberry Scone;3.25;2023-01-05 11:26:08;11;Thursday;1;2023
2332.0;1.0;8.0;Hell's Kitchen;55.0;4.0;Tea;Brewed Chai tea;Morning Sunrise Chai Lg;4.0;2023-01-05 11:27:14;11;Thursday;1;2023
2333.0;1.0;8.0;Hell's Kitchen;26.0;3.0;Coffee;Organic brewed coffee;Brazilian Rg;3.0;2023-01-05 11:27:58;11;Thursday;1;2023
2334.0;2.0;3.0;Astoria;36.0;3.75;Coffee;Premium brewed coffee;Jamaican Coffee River Lg;7.5;2023-01-05 11:32:31;11;Thursday;1;2023
2335.0;1.0;8.0;Hell's Kitchen;48.0;2.5;Tea;Brewed Black tea;English Breakfast Rg;2.5;2023-01-05 11:33:32;11;Thursday;1;2023
2336.0;1.0;8.0;Hell's Kitchen;29.0;2.5;Coffee;Gourmet brewed coffee;Columbian Medium Roast Rg;2.5;2023-01-05 11:36:32;11;Thursday;1;2023
2337.0;2.0;5.0;Lower Manhattan;43.0;3.0;Tea;Brewed herbal tea;Lemon Grass Lg;6.0;2023-01-05 11:37:05;11;Thursday;1;2023
2338.0;1.0;5.0;Lower Manhattan;56.0;2.55;Tea;Brewed Chai tea;Spicy Eye Opener Chai Rg;2.55;2023-01-05 11:39:46;11;Thursday;1;2023
2339.0;2.0;5.0;Lower Manhattan;87.0;3.0;Coffee;Barista Espresso;Ouro Brasileiro shot;6.0;2023-01-05 11:41:40;11;Thursday;1;2023
2340.0;1.0;3.0;Astoria;60.0;3.75;Drinking Chocolate;Hot chocolate;Sustainably Grown Organic Rg;3.75;2023-01-05 11:43:12;11;Thursday;1;2023
2341.0;1.0;5.0;Lower Manhattan;48.0;2.5;Tea;Brewed Black tea;English Breakfast Rg;2.5;2023-01-05 11:46:21;11;Thursday;1;2023
2342.0;1.0;3.0;Astoria;24.0;3.0;Coffee;Drip coffee;Our Old Time Diner Blend Lg;3.0;2023-01-05 11:47:27;11;Thursday;1;2023
2343.0;2.0;5.0;Lower Manhattan;58.0;3.5;Drinking Chocolate;Hot chocolate;Dark chocolate Rg;7.0;2023-01-05 11:48:51;11;Thursday;1;2023
2344.0;1.0;3.0;Astoria;27.0;3.5;Coffee;Organic brewed coffee;Brazilian Lg;3.5;2023-01-05 11:49:31;11;Thursday;1;2023
2345.0;2.0;5.0;Lower Manhattan;27.0;3.5;Coffee;Organic brewed coffee;Brazilian Lg;7.0;2023-01-05 11:51:26;11;Thursday;1;2023
2346.0;1.0;5.0;Lower Manhattan;87.0;3.0;Coffee;Barista Espresso;Ouro Brasileiro shot;3.0;2023-01-05 11:51:32;11;Thursday;1;2023
2347.0;1.0;5.0;Lower Manhattan;45.0;3.0;Tea;Brewed herbal tea;Peppermint Lg;3.0;2023-01-05 11:51:47;11;Thursday;1;2023
2348.0;1.0;5.0;Lower Manhattan;70.0;3.25;Bakery;Scone;Cranberry Scone;3.25;2023-01-05 11:51:47;11;Thursday;1;2023
2350.0;1.0;5.0;Lower Manhattan;70.0;3.25;Bakery;Scone;Cranberry Scone;3.25;2023-01-05 11:53:49;11;Thursday;1;2023
2351.0;1.0;3.0;Astoria;58.0;3.5;Drinking Chocolate;Hot chocolate;Dark chocolate Rg;3.5;2023-01-05 11:55:47;11;Thursday;1;2023
2352.0;2.0;3.0;Astoria;45.0;3.0;Tea;Brewed herbal tea;Peppermint Lg;6.0;2023-01-05 12:00:27;12;Thursday;1;2023
2353.0;1.0;3.0;Astoria;45.0;3.0;Tea;Brewed herbal tea;Peppermint Lg;3.0;2023-01-05 12:01:03;12;Thursday;1;2023
2354.0;2.0;8.0;Hell's Kitchen;61.0;4.75;Drinking Chocolate;Hot chocolate;Sustainably Grown Organic Lg;9.5;2023-01-05 12:01:16;12;Thursday;1;2023
2355.0;2.0;3.0;Astoria;37.0;3.0;Coffee;Barista Espresso;Espresso shot;6.0;2023-01-05 12:04:18;12;Thursday;1;2023
2356.0;2.0;5.0;Lower Manhattan;35.0;3.1;Coffee;Premium brewed coffee;Jamaican Coffee River Rg;6.2;2023-01-05 12:07:35;12;Thursday;1;2023
2357.0;1.0;3.0;Astoria;52.0;2.5;Tea;Brewed Chai tea;Traditional Blend Chai Rg;2.5;2023-01-05 12:08:26;12;Thursday;1;2023
2358.0;1.0;3.0;Astoria;47.0;3.0;Tea;Brewed Green tea;Serenity Green Tea Lg;3.0;2023-01-05 12:09:11;12;Thursday;1;2023
2359.0;2.0;3.0;Astoria;50.0;2.5;Tea;Brewed Black tea;Earl Grey Rg;5.0;2023-01-05 12:11:04;12;Thursday;1;2023
2360.0;2.0;3.0;Astoria;48.0;2.5;Tea;Brewed Black tea;English Breakfast Rg;5.0;2023-01-05 12:11:13;12;Thursday;1;2023
2361.0;1.0;3.0;Astoria;75.0;3.5;Bakery;Pastry;Croissant;3.5;2023-01-05 12:11:13;12;Thursday;1;2023
2362.0;2.0;3.0;Astoria;46.0;2.5;Tea;Brewed Green tea;Serenity Green Tea Rg;5.0;2023-01-05 12:11:45;12;Thursday;1;2023
2363.0;2.0;3.0;Astoria;29.0;2.5;Coffee;Gourmet brewed coffee;Columbian Medium Roast Rg;5.0;2023-01-05 12:11:47;12;Thursday;1;2023
2364.0;1.0;3.0;Astoria;26.0;3.0;Coffee;Organic brewed coffee;Brazilian Rg;3.0;2023-01-05 12:13:35;12;Thursday;1;2023
2365.0;2.0;5.0;Lower Manhattan;30.0;3.0;Coffee;Gourmet brewed coffee;Columbian Medium Roast Lg;6.0;2023-01-05 12:13:57;12;Thursday;1;2023
2366.0;1.0;3.0;Astoria;60.0;3.75;Drinking Chocolate;Hot chocolate;Sustainably Grown Organic Rg;3.75;2023-01-05 12:14:11;12;Thursday;1;2023
2367.0;2.0;5.0;Lower Manhattan;56.0;2.55;Tea;Brewed Chai tea;Spicy Eye Opener Chai Rg;5.1;2023-01-05 12:14:16;12;Thursday;1;2023
2368.0;1.0;3.0;Astoria;57.0;3.1;Tea;Brewed Chai tea;Spicy Eye Opener Chai Lg;3.1;2023-01-05 12:14:28;12;Thursday;1;2023
2369.0;2.0;5.0;Lower Manhattan;43.0;3.0;Tea;Brewed herbal tea;Lemon Grass Lg;6.0;2023-01-05 12:16:00;12;Thursday;1;2023
2370.0;1.0;8.0;Hell's Kitchen;56.0;2.55;Tea;Brewed Chai tea;Spicy Eye Opener Chai Rg;2.55;2023-01-05 12:16:55;12;Thursday;1;2023
2372.0;2.0;5.0;Lower Manhattan;27.0;3.5;Coffee;Organic brewed coffee;Brazilian Lg;7.0;2023-01-05 12:18:39;12;Thursday;1;2023
2373.0;1.0;3.0;Astoria;57.0;3.1;Tea;Brewed Chai tea;Spicy Eye Opener Chai Lg;3.1;2023-01-05 12:19:01;12;Thursday;1;2023
2374.0;2.0;8.0;Hell's Kitchen;59.0;4.5;Drinking Chocolate;Hot chocolate;Dark chocolate Lg;9.0;2023-01-05 12:21:16;12;Thursday;1;2023
2375.0;1.0;5.0;Lower Manhattan;29.0;2.5;Coffee;Gourmet brewed coffee;Columbian Medium Roast Rg;2.5;2023-01-05 12:21:21;12;Thursday;1;2023
2376.0;1.0;5.0;Lower Manhattan;32.0;3.0;Coffee;Gourmet brewed coffee;Ethiopia Rg;3.0;2023-01-05 12:22:51;12;Thursday;1;2023
2377.0;2.0;8.0;Hell's Kitchen;32.0;3.0;Coffee;Gourmet brewed coffee;Ethiopia Rg;6.0;2023-01-05 12:24:25;12;Thursday;1;2023
2378.0;2.0;8.0;Hell's Kitchen;22.0;2.0;Coffee;Drip coffee;Our Old Time Diner Blend Sm;4.0;2023-01-05 12:24:39;12;Thursday;1;2023
2379.0;2.0;8.0;Hell's Kitchen;43.0;3.0;Tea;Brewed herbal tea;Lemon Grass Lg;6.0;2023-01-05 12:25:14;12;Thursday;1;2023
2380.0;2.0;3.0;Astoria;51.0;3.0;Tea;Brewed Black tea;Earl Grey Lg;6.0;2023-01-05 12:25:31;12;Thursday;1;2023
2381.0;1.0;5.0;Lower Manhattan;40.0;3.75;Coffee;Barista Espresso;Cappuccino;3.75;2023-01-05 12:26:29;12;Thursday;1;2023
2382.0;2.0;5.0;Lower Manhattan;25.0;2.2;Coffee;Organic brewed coffee;Brazilian Sm;4.4;2023-01-05 12:26:57;12;Thursday;1;2023
2383.0;2.0;8.0;Hell's Kitchen;55.0;4.0;Tea;Brewed Chai tea;Morning Sunrise Chai Lg;8.0;2023-01-05 12:28:08;12;Thursday;1;2023
2384.0;1.0;5.0;Lower Manhattan;59.0;4.5;Drinking Chocolate;Hot chocolate;Dark chocolate Lg;4.5;2023-01-05 12:29:14;12;Thursday;1;2023
2385.0;1.0;5.0;Lower Manhattan;79.0;3.75;Bakery;Scone;Jumbo Savory Scone;3.75;2023-01-05 12:29:14;12;Thursday;1;2023
2386.0;2.0;8.0;Hell's Kitchen;37.0;3.0;Coffee;Barista Espresso;Espresso shot;6.0;2023-01-05 12:29:54;12;Thursday;1;2023
2387.0;1.0;5.0;Lower Manhattan;50.0;2.5;Tea;Brewed Black tea;Earl Grey Rg;2.5;2023-01-05 12:32:05;12;Thursday;1;2023
2388.0;1.0;5.0;Lower Manhattan;59.0;4.5;Drinking Chocolate;Hot chocolate;Dark chocolate Lg;4.5;2023-01-05 12:32:17;12;Thursday;1;2023
2389.0;2.0;3.0;Astoria;59.0;4.5;Drinking Chocolate;Hot chocolate;Dark chocolate Lg;9.0;2023-01-05 12:34:40;12;Thursday;1;2023
2390.0;2.0;3.0;Astoria;50.0;2.5;Tea;Brewed Black tea;Earl Grey Rg;5.0;2023-01-05 12:34:56;12;Thursday;1;2023
2391.0;2.0;5.0;Lower Manhattan;45.0;3.0;Tea;Brewed herbal tea;Peppermint Lg;6.0;2023-01-05 12:37:52;12;Thursday;1;2023
2392.0;1.0;5.0;Lower Manhattan;78.0;4.5;Bakery;Scone;Scottish Cream Scone ;4.5;2023-01-05 12:37:52;12;Thursday;1;2023
2394.0;1.0;5.0;Lower Manhattan;35.0;3.1;Coffee;Premium brewed coffee;Jamaican Coffee River Rg;3.1;2023-01-05 12:40:16;12;Thursday;1;2023
2395.0;1.0;8.0;Hell's Kitchen;44.0;2.5;Tea;Brewed herbal tea;Peppermint Rg;2.5;2023-01-05 12:41:35;12;Thursday;1;2023
2396.0;2.0;3.0;Astoria;47.0;3.0;Tea;Brewed Green tea;Serenity Green Tea Lg;6.0;2023-01-05 12:41:36;12;Thursday;1;2023
2397.0;2.0;3.0;Astoria;25.0;2.2;Coffee;Organic brewed coffee;Brazilian Sm;4.4;2023-01-05 12:41:55;12;Thursday;1;2023
2398.0;1.0;3.0;Astoria;37.0;3.0;Coffee;Barista Espresso;Espresso shot;3.0;2023-01-05 12:42:06;12;Thursday;1;2023
2399.0;2.0;3.0;Astoria;26.0;3.0;Coffee;Organic brewed coffee;Brazilian Rg;6.0;2023-01-05 12:42:13;12;Thursday;1;2023
2400.0;2.0;3.0;Astoria;23.0;2.5;Coffee;Drip coffee;Our Old Time Diner Blend Rg;5.0;2023-01-05 12:42:34;12;Thursday;1;2023
2401.0;2.0;3.0;Astoria;36.0;3.75;Coffee;Premium brewed coffee;Jamaican Coffee River Lg;7.5;2023-01-05 12:42:44;12;Thursday;1;2023
2402.0;2.0;8.0;Hell's Kitchen;87.0;3.0;Coffee;Barista Espresso;Ouro Brasileiro shot;6.0;2023-01-05 12:45:31;12;Thursday;1;2023
2403.0;1.0;8.0;Hell's Kitchen;69.0;3.25;Bakery;Biscotti;Hazelnut Biscotti;3.25;2023-01-05 12:45:31;12;Thursday;1;2023
2404.0;1.0;3.0;Astoria;52.0;2.5;Tea;Brewed Chai tea;Traditional Blend Chai Rg;2.5;2023-01-05 12:45:56;12;Thursday;1;2023
2405.0;1.0;3.0;Astoria;22.0;2.0;Coffee;Drip coffee;Our Old Time Diner Blend Sm;2.0;2023-01-05 12:46:17;12;Thursday;1;2023
2406.0;2.0;5.0;Lower Manhattan;34.0;2.45;Coffee;Premium brewed coffee;Jamaican Coffee River Sm;4.9;2023-01-05 12:48:53;12;Thursday;1;2023
2407.0;2.0;3.0;Astoria;36.0;3.75;Coffee;Premium brewed coffee;Jamaican Coffee River Lg;7.5;2023-01-05 12:49:21;12;Thursday;1;2023
2408.0;1.0;8.0;Hell's Kitchen;28.0;2.0;Coffee;Gourmet brewed coffee;Columbian Medium Roast Sm;2.0;2023-01-05 12:50:41;12;Thursday;1;2023
2409.0;1.0;3.0;Astoria;32.0;3.0;Coffee;Gourmet brewed coffee;Ethiopia Rg;3.0;2023-01-05 12:51:08;12;Thursday;1;2023
2411.0;1.0;8.0;Hell's Kitchen;48.0;2.5;Tea;Brewed Black tea;English Breakfast Rg;2.5;2023-01-05 12:53:45;12;Thursday;1;2023
2412.0;2.0;3.0;Astoria;59.0;4.5;Drinking Chocolate;Hot chocolate;Dark chocolate Lg;9.0;2023-01-05 12:55:54;12;Thursday;1;2023
2414.0;1.0;3.0;Astoria;36.0;3.75;Coffee;Premium brewed coffee;Jamaican Coffee River Lg;3.75;2023-01-05 12:56:48;12;Thursday;1;2023
2415.0;2.0;8.0;Hell's Kitchen;46.0;2.5;Tea;Brewed Green tea;Serenity Green Tea Rg;5.0;2023-01-05 13:00:31;13;Thursday;1;2023
2416.0;2.0;5.0;Lower Manhattan;29.0;2.5;Coffee;Gourmet brewed coffee;Columbian Medium Roast Rg;5.0;2023-01-05 13:04:02;13;Thursday;1;2023
2417.0;2.0;8.0;Hell's Kitchen;51.0;3.0;Tea;Brewed Black tea;Earl Grey Lg;6.0;2023-01-05 13:05:23;13;Thursday;1;2023
2418.0;2.0;3.0;Astoria;31.0;2.2;Coffee;Gourmet brewed coffee;Ethiopia Sm;4.4;2023-01-05 13:05:52;13;Thursday;1;2023
2419.0;1.0;3.0;Astoria;69.0;3.25;Bakery;Biscotti;Hazelnut Biscotti;3.25;2023-01-05 13:05:52;13;Thursday;1;2023
2420.0;2.0;3.0;Astoria;23.0;2.5;Coffee;Drip coffee;Our Old Time Diner Blend Rg;5.0;2023-01-05 13:07:41;13;Thursday;1;2023
2421.0;1.0;8.0;Hell's Kitchen;41.0;4.25;Coffee;Barista Espresso;Cappuccino Lg;4.25;2023-01-05 13:08:10;13;Thursday;1;2023
2422.0;1.0;8.0;Hell's Kitchen;78.0;4.5;Bakery;Scone;Scottish Cream Scone ;4.5;2023-01-05 13:08:10;13;Thursday;1;2023
2423.0;2.0;5.0;Lower Manhattan;56.0;2.55;Tea;Brewed Chai tea;Spicy Eye Opener Chai Rg;5.1;2023-01-05 13:08:46;13;Thursday;1;2023
2424.0;1.0;5.0;Lower Manhattan;61.0;4.75;Drinking Chocolate;Hot chocolate;Sustainably Grown Organic Lg;4.75;2023-01-05 13:11:00;13;Thursday;1;2023
2425.0;1.0;8.0;Hell's Kitchen;61.0;4.75;Drinking Chocolate;Hot chocolate;Sustainably Grown Organic Lg;4.75;2023-01-05 13:11:35;13;Thursday;1;2023
2426.0;1.0;5.0;Lower Manhattan;37.0;3.0;Coffee;Barista Espresso;Espresso shot;3.0;2023-01-05 13:11:48;13;Thursday;1;2023
2427.0;1.0;5.0;Lower Manhattan;79.0;3.75;Bakery;Scone;Jumbo Savory Scone;3.75;2023-01-05 13:11:48;13;Thursday;1;2023
2428.0;2.0;3.0;Astoria;43.0;3.0;Tea;Brewed herbal tea;Lemon Grass Lg;6.0;2023-01-05 13:13:55;13;Thursday;1;2023
2429.0;1.0;3.0;Astoria;72.0;3.25;Bakery;Scone;Ginger Scone;3.25;2023-01-05 13:13:55;13;Thursday;1;2023
2430.0;1.0;5.0;Lower Manhattan;24.0;3.0;Coffee;Drip coffee;Our Old Time Diner Blend Lg;3.0;2023-01-05 13:14:12;13;Thursday;1;2023
2431.0;2.0;3.0;Astoria;44.0;2.5;Tea;Brewed herbal tea;Peppermint Rg;5.0;2023-01-05 13:14:16;13;Thursday;1;2023
2432.0;1.0;5.0;Lower Manhattan;23.0;2.5;Coffee;Drip coffee;Our Old Time Diner Blend Rg;2.5;2023-01-05 13:16:45;13;Thursday;1;2023
2433.0;2.0;5.0;Lower Manhattan;56.0;2.55;Tea;Brewed Chai tea;Spicy Eye Opener Chai Rg;5.1;2023-01-05 13:17:14;13;Thursday;1;2023
2434.0;1.0;5.0;Lower Manhattan;25.0;2.2;Coffee;Organic brewed coffee;Brazilian Sm;2.2;2023-01-05 13:17:25;13;Thursday;1;2023
2435.0;1.0;3.0;Astoria;53.0;3.0;Tea;Brewed Chai tea;Traditional Blend Chai Lg;3.0;2023-01-05 13:17:45;13;Thursday;1;2023
2436.0;1.0;3.0;Astoria;75.0;3.5;Bakery;Pastry;Croissant;3.5;2023-01-05 13:17:45;13;Thursday;1;2023
2437.0;2.0;3.0;Astoria;58.0;3.5;Drinking Chocolate;Hot chocolate;Dark chocolate Rg;7.0;2023-01-05 13:21:04;13;Thursday;1;2023
2438.0;1.0;3.0;Astoria;43.0;3.0;Tea;Brewed herbal tea;Lemon Grass Lg;3.0;2023-01-05 13:22:07;13;Thursday;1;2023
2439.0;1.0;3.0;Astoria;70.0;3.25;Bakery;Scone;Cranberry Scone;3.25;2023-01-05 13:22:07;13;Thursday;1;2023
2440.0;2.0;3.0;Astoria;25.0;2.2;Coffee;Organic brewed coffee;Brazilian Sm;4.4;2023-01-05 13:22:57;13;Thursday;1;2023
2441.0;1.0;3.0;Astoria;32.0;3.0;Coffee;Gourmet brewed coffee;Ethiopia Rg;3.0;2023-01-05 13:23:24;13;Thursday;1;2023
2442.0;2.0;5.0;Lower Manhattan;47.0;3.0;Tea;Brewed Green tea;Serenity Green Tea Lg;6.0;2023-01-05 13:24:46;13;Thursday;1;2023
2443.0;2.0;3.0;Astoria;49.0;3.0;Tea;Brewed Black tea;English Breakfast Lg;6.0;2023-01-05 13:29:49;13;Thursday;1;2023
2444.0;2.0;3.0;Astoria;34.0;2.45;Coffee;Premium brewed coffee;Jamaican Coffee River Sm;4.9;2023-01-05 13:31:14;13;Thursday;1;2023
2445.0;2.0;3.0;Astoria;49.0;3.0;Tea;Brewed Black tea;English Breakfast Lg;6.0;2023-01-05 13:31:28;13;Thursday;1;2023
2446.0;2.0;5.0;Lower Manhattan;54.0;2.5;Tea;Brewed Chai tea;Morning Sunrise Chai Rg;5.0;2023-01-05 13:32:49;13;Thursday;1;2023
2447.0;1.0;5.0;Lower Manhattan;23.0;2.5;Coffee;Drip coffee;Our Old Time Diner Blend Rg;2.5;2023-01-05 13:33:07;13;Thursday;1;2023
2448.0;2.0;3.0;Astoria;51.0;3.0;Tea;Brewed Black tea;Earl Grey Lg;6.0;2023-01-05 13:34:37;13;Thursday;1;2023
2449.0;1.0;3.0;Astoria;38.0;3.75;Coffee;Barista Espresso;Latte;3.75;2023-01-05 13:39:15;13;Thursday;1;2023
2450.0;2.0;3.0;Astoria;22.0;2.0;Coffee;Drip coffee;Our Old Time Diner Blend Sm;4.0;2023-01-05 13:39:31;13;Thursday;1;2023
2451.0;2.0;3.0;Astoria;61.0;4.75;Drinking Chocolate;Hot chocolate;Sustainably Grown Organic Lg;9.5;2023-01-05 13:41:46;13;Thursday;1;2023
2452.0;1.0;3.0;Astoria;23.0;2.5;Coffee;Drip coffee;Our Old Time Diner Blend Rg;2.5;2023-01-05 13:46:46;13;Thursday;1;2023
2453.0;2.0;3.0;Astoria;54.0;2.5;Tea;Brewed Chai tea;Morning Sunrise Chai Rg;5.0;2023-01-05 13:47:15;13;Thursday;1;2023
2454.0;1.0;8.0;Hell's Kitchen;47.0;3.0;Tea;Brewed Green tea;Serenity Green Tea Lg;3.0;2023-01-05 13:47:21;13;Thursday;1;2023
2455.0;1.0;3.0;Astoria;48.0;2.5;Tea;Brewed Black tea;English Breakfast Rg;2.5;2023-01-05 13:49:25;13;Thursday;1;2023
2456.0;1.0;3.0;Astoria;70.0;3.25;Bakery;Scone;Cranberry Scone;3.25;2023-01-05 13:49:25;13;Thursday;1;2023
2457.0;2.0;3.0;Astoria;37.0;3.0;Coffee;Barista Espresso;Espresso shot;6.0;2023-01-05 13:50:56;13;Thursday;1;2023
2458.0;2.0;3.0;Astoria;46.0;2.5;Tea;Brewed Green tea;Serenity Green Tea Rg;5.0;2023-01-05 13:51:49;13;Thursday;1;2023
2459.0;2.0;3.0;Astoria;28.0;2.0;Coffee;Gourmet brewed coffee;Columbian Medium Roast Sm;4.0;2023-01-05 13:51:56;13;Thursday;1;2023
2460.0;1.0;3.0;Astoria;38.0;3.75;Coffee;Barista Espresso;Latte;3.75;2023-01-05 13:52:40;13;Thursday;1;2023
2461.0;1.0;3.0;Astoria;72.0;3.25;Bakery;Scone;Ginger Scone;3.25;2023-01-05 13:52:40;13;Thursday;1;2023
2462.0;2.0;5.0;Lower Manhattan;35.0;3.1;Coffee;Premium brewed coffee;Jamaican Coffee River Rg;6.2;2023-01-05 13:53:35;13;Thursday;1;2023
2463.0;1.0;5.0;Lower Manhattan;71.0;3.75;Bakery;Pastry;Chocolate Croissant;3.75;2023-01-05 13:53:35;13;Thursday;1;2023
2464.0;1.0;5.0;Lower Manhattan;41.0;4.25;Coffee;Barista Espresso;Cappuccino Lg;4.25;2023-01-05 13:56:12;13;Thursday;1;2023
2465.0;1.0;8.0;Hell's Kitchen;40.0;3.75;Coffee;Barista Espresso;Cappuccino;3.75;2023-01-05 13:56:33;13;Thursday;1;2023
2466.0;1.0;8.0;Hell's Kitchen;28.0;2.0;Coffee;Gourmet brewed coffee;Columbian Medium Roast Sm;2.0;2023-01-05 13:58:24;13;Thursday;1;2023
2467.0;1.0;3.0;Astoria;29.0;2.5;Coffee;Gourmet brewed coffee;Columbian Medium Roast Rg;2.5;2023-01-05 13:58:31;13;Thursday;1;2023
2468.0;1.0;3.0;Astoria;72.0;3.25;Bakery;Scone;Ginger Scone;3.25;2023-01-05 13:58:31;13;Thursday;1;2023
2469.0;2.0;3.0;Astoria;29.0;2.5;Coffee;Gourmet brewed coffee;Columbian Medium Roast Rg;5.0;2023-01-05 13:59:54;13;Thursday;1;2023
2470.0;1.0;3.0;Astoria;61.0;4.75;Drinking Chocolate;Hot chocolate;Sustainably Grown Organic Lg;4.75;2023-01-05 14:01:14;14;Thursday;1;2023
2471.0;1.0;8.0;Hell's Kitchen;44.0;2.5;Tea;Brewed herbal tea;Peppermint Rg;2.5;2023-01-05 14:01:39;14;Thursday;1;2023
2472.0;1.0;8.0;Hell's Kitchen;53.0;3.0;Tea;Brewed Chai tea;Traditional Blend Chai Lg;3.0;2023-01-05 14:02:02;14;Thursday;1;2023
2473.0;2.0;5.0;Lower Manhattan;47.0;3.0;Tea;Brewed Green tea;Serenity Green Tea Lg;6.0;2023-01-05 14:07:48;14;Thursday;1;2023
2474.0;1.0;8.0;Hell's Kitchen;40.0;3.75;Coffee;Barista Espresso;Cappuccino;3.75;2023-01-05 14:09:43;14;Thursday;1;2023
2475.0;1.0;8.0;Hell's Kitchen;56.0;2.55;Tea;Brewed Chai tea;Spicy Eye Opener Chai Rg;2.55;2023-01-05 14:12:17;14;Thursday;1;2023
2476.0;2.0;8.0;Hell's Kitchen;34.0;2.45;Coffee;Premium brewed coffee;Jamaican Coffee River Sm;4.9;2023-01-05 14:12:36;14;Thursday;1;2023
2477.0;2.0;5.0;Lower Manhattan;39.0;4.25;Coffee;Barista Espresso;Latte Rg;8.5;2023-01-05 14:13:41;14;Thursday;1;2023
2478.0;1.0;5.0;Lower Manhattan;75.0;3.5;Bakery;Pastry;Croissant;3.5;2023-01-05 14:13:41;14;Thursday;1;2023
2479.0;2.0;3.0;Astoria;60.0;3.75;Drinking Chocolate;Hot chocolate;Sustainably Grown Organic Rg;7.5;2023-01-05 14:14:57;14;Thursday;1;2023
2480.0;1.0;3.0;Astoria;75.0;3.5;Bakery;Pastry;Croissant;3.5;2023-01-05 14:14:57;14;Thursday;1;2023
2481.0;2.0;5.0;Lower Manhattan;49.0;3.0;Tea;Brewed Black tea;English Breakfast Lg;6.0;2023-01-05 14:15:54;14;Thursday;1;2023
2482.0;1.0;8.0;Hell's Kitchen;28.0;2.0;Coffee;Gourmet brewed coffee;Columbian Medium Roast Sm;2.0;2023-01-05 14:19:19;14;Thursday;1;2023
2483.0;1.0;8.0;Hell's Kitchen;39.0;4.25;Coffee;Barista Espresso;Latte Rg;4.25;2023-01-05 14:19:35;14;Thursday;1;2023
2484.0;2.0;5.0;Lower Manhattan;50.0;2.5;Tea;Brewed Black tea;Earl Grey Rg;5.0;2023-01-05 14:19:55;14;Thursday;1;2023
2485.0;1.0;5.0;Lower Manhattan;72.0;3.25;Bakery;Scone;Ginger Scone;3.25;2023-01-05 14:19:55;14;Thursday;1;2023
2486.0;2.0;5.0;Lower Manhattan;57.0;3.1;Tea;Brewed Chai tea;Spicy Eye Opener Chai Lg;6.2;2023-01-05 14:20:30;14;Thursday;1;2023
2487.0;1.0;8.0;Hell's Kitchen;33.0;3.5;Coffee;Gourmet brewed coffee;Ethiopia Lg;3.5;2023-01-05 14:21:24;14;Thursday;1;2023
2488.0;2.0;5.0;Lower Manhattan;47.0;3.0;Tea;Brewed Green tea;Serenity Green Tea Lg;6.0;2023-01-05 14:24:57;14;Thursday;1;2023
2489.0;2.0;3.0;Astoria;60.0;3.75;Drinking Chocolate;Hot chocolate;Sustainably Grown Organic Rg;7.5;2023-01-05 14:26:50;14;Thursday;1;2023
2490.0;1.0;3.0;Astoria;28.0;2.0;Coffee;Gourmet brewed coffee;Columbian Medium Roast Sm;2.0;2023-01-05 14:29:23;14;Thursday;1;2023
2491.0;1.0;8.0;Hell's Kitchen;58.0;3.5;Drinking Chocolate;Hot chocolate;Dark chocolate Rg;3.5;2023-01-05 14:31:58;14;Thursday;1;2023
2492.0;2.0;3.0;Astoria;52.0;2.5;Tea;Brewed Chai tea;Traditional Blend Chai Rg;5.0;2023-01-05 14:32:07;14;Thursday;1;2023
2493.0;1.0;3.0;Astoria;23.0;2.5;Coffee;Drip coffee;Our Old Time Diner Blend Rg;2.5;2023-01-05 14:34:03;14;Thursday;1;2023
2494.0;1.0;3.0;Astoria;78.0;4.5;Bakery;Scone;Scottish Cream Scone ;4.5;2023-01-05 14:34:03;14;Thursday;1;2023
2495.0;1.0;5.0;Lower Manhattan;54.0;2.5;Tea;Brewed Chai tea;Morning Sunrise Chai Rg;2.5;2023-01-05 14:34:57;14;Thursday;1;2023
2496.0;2.0;3.0;Astoria;61.0;4.75;Drinking Chocolate;Hot chocolate;Sustainably Grown Organic Lg;9.5;2023-01-05 14:35:07;14;Thursday;1;2023
2497.0;1.0;8.0;Hell's Kitchen;49.0;3.0;Tea;Brewed Black tea;English Breakfast Lg;3.0;2023-01-05 14:37:08;14;Thursday;1;2023
2498.0;1.0;8.0;Hell's Kitchen;70.0;3.25;Bakery;Scone;Cranberry Scone;3.25;2023-01-05 14:37:08;14;Thursday;1;2023
2499.0;2.0;5.0;Lower Manhattan;52.0;2.5;Tea;Brewed Chai tea;Traditional Blend Chai Rg;5.0;2023-01-05 14:40:06;14;Thursday;1;2023
2500.0;2.0;3.0;Astoria;43.0;3.0;Tea;Brewed herbal tea;Lemon Grass Lg;6.0;2023-01-05 14:40:13;14;Thursday;1;2023
2501.0;1.0;8.0;Hell's Kitchen;48.0;2.5;Tea;Brewed Black tea;English Breakfast Rg;2.5;2023-01-05 14:41:14;14;Thursday;1;2023
2502.0;1.0;8.0;Hell's Kitchen;76.0;3.5;Bakery;Biscotti;Chocolate Chip Biscotti;3.5;2023-01-05 14:41:14;14;Thursday;1;2023
2503.0;1.0;8.0;Hell's Kitchen;59.0;4.5;Drinking Chocolate;Hot chocolate;Dark chocolate Lg;4.5;2023-01-05 14:42:50;14;Thursday;1;2023
2504.0;1.0;3.0;Astoria;32.0;3.0;Coffee;Gourmet brewed coffee;Ethiopia Rg;3.0;2023-01-05 14:44:12;14;Thursday;1;2023
2505.0;1.0;5.0;Lower Manhattan;34.0;2.45;Coffee;Premium brewed coffee;Jamaican Coffee River Sm;2.45;2023-01-05 14:44:36;14;Thursday;1;2023
2506.0;1.0;5.0;Lower Manhattan;23.0;2.5;Coffee;Drip coffee;Our Old Time Diner Blend Rg;2.5;2023-01-05 14:44:41;14;Thursday;1;2023
2507.0;2.0;3.0;Astoria;59.0;4.5;Drinking Chocolate;Hot chocolate;Dark chocolate Lg;9.0;2023-01-05 14:45:40;14;Thursday;1;2023
2508.0;1.0;8.0;Hell's Kitchen;26.0;3.0;Coffee;Organic brewed coffee;Brazilian Rg;3.0;2023-01-05 14:46:51;14;Thursday;1;2023
2509.0;1.0;5.0;Lower Manhattan;22.0;2.0;Coffee;Drip coffee;Our Old Time Diner Blend Sm;2.0;2023-01-05 14:47:00;14;Thursday;1;2023
2510.0;2.0;8.0;Hell's Kitchen;87.0;3.0;Coffee;Barista Espresso;Ouro Brasileiro shot;6.0;2023-01-05 14:48:12;14;Thursday;1;2023
2511.0;1.0;5.0;Lower Manhattan;87.0;3.0;Coffee;Barista Espresso;Ouro Brasileiro shot;3.0;2023-01-05 14:48:35;14;Thursday;1;2023
2512.0;2.0;5.0;Lower Manhattan;43.0;3.0;Tea;Brewed herbal tea;Lemon Grass Lg;6.0;2023-01-05 14:49:25;14;Thursday;1;2023
2513.0;1.0;3.0;Astoria;34.0;2.45;Coffee;Premium brewed coffee;Jamaican Coffee River Sm;2.45;2023-01-05 14:49:53;14;Thursday;1;2023
2515.0;2.0;8.0;Hell's Kitchen;33.0;3.5;Coffee;Gourmet brewed coffee;Ethiopia Lg;7.0;2023-01-05 14:50:37;14;Thursday;1;2023
2516.0;2.0;8.0;Hell's Kitchen;50.0;2.5;Tea;Brewed Black tea;Earl Grey Rg;5.0;2023-01-05 14:51:32;14;Thursday;1;2023
2517.0;1.0;8.0;Hell's Kitchen;41.0;4.25;Coffee;Barista Espresso;Cappuccino Lg;4.25;2023-01-05 14:58:13;14;Thursday;1;2023
2518.0;2.0;5.0;Lower Manhattan;40.0;3.75;Coffee;Barista Espresso;Cappuccino;7.5;2023-01-05 14:58:40;14;Thursday;1;2023
2519.0;1.0;5.0;Lower Manhattan;28.0;2.0;Coffee;Gourmet brewed coffee;Columbian Medium Roast Sm;2.0;2023-01-05 15:01:11;15;Thursday;1;2023
;2.0;;Lower Manhattan;40.0;3.75;Coffee;Barista Espresso;Cappuccino;7.5;2023-01-05 15:01:55;15;Thursday;1;2023
2521.0;2.0;3.0;Astoria;58.0;3.5;Drinking Chocolate;Hot chocolate;Dark chocolate Rg;7.0;2023-01-05 15:02:00;15;Thursday;1;2023
2522.0;1.0;5.0;Lower Manhattan;39.0;4.25;Coffee;Barista Espresso;Latte Rg;4.25;2023-01-05 15:05:44;15;Thursday;1;2023
2523.0;1.0;5.0;Lower Manhattan;78.0;4.5;Bakery;Scone;Scottish Cream Scone ;4.5;2023-01-05 15:05:44;15;Thursday;1;2023
2524.0;2.0;8.0;Hell's Kitchen;34.0;2.45;Coffee;Premium brewed coffee;Jamaican Coffee River Sm;4.9;2023-01-05 15:07:20;15;Thursday;1;2023
2525.0;2.0;3.0;Astoria;35.0;3.1;Coffee;Premium brewed coffee;Jamaican Coffee River Rg;6.2;2023-01-05 15:10:55;15;Thursday;1;2023
2526.0;2.0;8.0;Hell's Kitchen;44.0;2.5;Tea;Brewed herbal tea;Peppermint Rg;5.0;2023-01-05 15:10:59;15;Thursday;1;2023
2527.0;1.0;8.0;Hell's Kitchen;51.0;3.0;Tea;Brewed Black tea;Earl Grey Lg;3.0;2023-01-05 15:11:33;15;Thursday;1;2023
;1.0;;Lower Manhattan;57.0;3.1;Tea;Brewed Chai tea;Spicy Eye Opener Chai Lg;3.1;2023-01-05 15:16:38;15;Thursday;1;2023
2529.0;2.0;5.0;Lower Manhattan;49.0;3.0;Tea;Brewed Black tea;English Breakfast Lg;6.0;2023-01-05 15:18:48;15;Thursday;1;2023
2530.0;1.0;5.0;Lower Manhattan;79.0;3.75;Bakery;Scone;Jumbo Savory Scone;3.75;2023-01-05 15:18:48;15;Thursday;1;2023
2531.0;2.0;3.0;Astoria;41.0;4.25;Coffee;Barista Espresso;Cappuccino Lg;8.5;2023-01-05 15:19:12;15;Thursday;1;2023
2532.0;1.0;5.0;Lower Manhattan;30.0;3.0;Coffee;Gourmet brewed coffee;Columbian Medium Roast Lg;3.0;2023-01-05 15:20:40;15;Thursday;1;2023
2533.0;2.0;3.0;Astoria;45.0;3.0;Tea;Brewed herbal tea;Peppermint Lg;6.0;2023-01-05 15:21:25;15;Thursday;1;2023
2534.0;1.0;3.0;Astoria;60.0;3.75;Drinking Chocolate;Hot chocolate;Sustainably Grown Organic Rg;3.75;2023-01-05 15:21:38;15;Thursday;1;2023
2535.0;2.0;5.0;Lower Manhattan;47.0;3.0;Tea;Brewed Green tea;Serenity Green Tea Lg;6.0;2023-01-05 15:21:39;15;Thursday;1;2023
2536.0;1.0;5.0;Lower Manhattan;74.0;3.5;Bakery;Biscotti;Ginger Biscotti;3.5;2023-01-05 15:21:39;15;Thursday;1;2023
2537.0;1.0;8.0;Hell's Kitchen;61.0;4.75;Drinking Chocolate;Hot chocolate;Sustainably Grown Organic Lg;4.75;2023-01-05 15:21:59;15;Thursday;1;2023
2538.0;2.0;5.0;Lower Manhattan;29.0;2.5;Coffee;Gourmet brewed coffee;Columbian Medium Roast Rg;5.0;2023-01-05 15:28:40;15;Thursday;1;2023
2539.0;2.0;3.0;Astoria;60.0;3.75;Drinking Chocolate;Hot chocolate;Sustainably Grown Organic Rg;7.5;2023-01-05 15:28:54;15;Thursday;1;2023
2540.0;1.0;5.0;Lower Manhattan;49.0;3.0;Tea;Brewed Black tea;English Breakfast Lg;3.0;2023-01-05 15:30:31;15;Thursday;1;2023
2541.0;1.0;3.0;Astoria;37.0;3.0;Coffee;Barista Espresso;Espresso shot;3.0;2023-01-05 15:30:50;15;Thursday;1;2023
2543.0;1.0;8.0;Hell's Kitchen;47.0;3.0;Tea;Brewed Green tea;Serenity Green Tea Lg;3.0;2023-01-05 15:32:59;15;Thursday;1;2023
2544.0;1.0;8.0;Hell's Kitchen;70.0;3.25;Bakery;Scone;Cranberry Scone;3.25;2023-01-05 15:32:59;15;Thursday;1;2023
2545.0;2.0;3.0;Astoria;23.0;2.5;Coffee;Drip coffee;Our Old Time Diner Blend Rg;5.0;2023-01-05 15:33:03;15;Thursday;1;2023
2546.0;1.0;8.0;Hell's Kitchen;31.0;2.2;Coffee;Gourmet brewed coffee;Ethiopia Sm;2.2;2023-01-05 15:33:56;15;Thursday;1;2023
2547.0;2.0;8.0;Hell's Kitchen;49.0;3.0;Tea;Brewed Black tea;English Breakfast Lg;6.0;2023-01-05 15:36:26;15;Thursday;1;2023
2548.0;1.0;3.0;Astoria;57.0;3.1;Tea;Brewed Chai tea;Spicy Eye Opener Chai Lg;3.1;2023-01-05 15:37:48;15;Thursday;1;2023
2549.0;1.0;3.0;Astoria;77.0;3.0;Bakery;Scone;Oatmeal Scone;3.0;2023-01-05 15:37:48;15;Thursday;1;2023
;2.0;;Hell's Kitchen;54.0;2.5;Tea;Brewed Chai tea;Morning Sunrise Chai Rg;5.0;2023-01-05 15:38:14;15;Thursday;1;2023
2552.0;2.0;3.0;Astoria;35.0;3.1;Coffee;Premium brewed coffee;Jamaican Coffee River Rg;6.2;2023-01-05 15:43:42;15;Thursday;1;2023
2553.0;2.0;5.0;Lower Manhattan;52.0;2.5;Tea;Brewed Chai tea;Traditional Blend Chai Rg;5.0;2023-01-05 15:45:52;15;Thursday;1;2023
2554.0;1.0;3.0;Astoria;60.0;3.75;Drinking Chocolate;Hot chocolate;Sustainably Grown Organic Rg;3.75;2023-01-05 15:45:58;15;Thursday;1;2023
2555.0;2.0;3.0;Astoria;45.0;3.0;Tea;Brewed herbal tea;Peppermint Lg;6.0;2023-01-05 15:46:09;15;Thursday;1;2023
2558.0;1.0;5.0;Lower Manhattan;75.0;3.5;Bakery;Pastry;Croissant;3.5;2023-01-05 15:46:45;15;Thursday;1;2023
2559.0;2.0;8.0;Hell's Kitchen;56.0;2.55;Tea;Brewed Chai tea;Spicy Eye Opener Chai Rg;5.1;2023-01-05 15:46:48;15;Thursday;1;2023
;2.0;5.0;Lower Manhattan;;3.0;Coffee;Gourmet brewed coffee;Columbian Medium Roast Lg;6.0;2023-01-05 15:48:02;15;Thursday;1;2023
2561.0;1.0;3.0;Astoria;57.0;3.1;Tea;Brewed Chai tea;Spicy Eye Opener Chai Lg;3.1;2023-01-05 15:48:19;15;Thursday;1;2023
2562.0;1.0;3.0;Astoria;39.0;4.25;Coffee;Barista Espresso;Latte Rg;4.25;2023-01-05 15:48:33;15;Thursday;1;2023
2564.0;1.0;3.0;Astoria;38.0;3.75;Coffee;Barista Espresso;Latte;3.75;2023-01-05 15:50:17;15;Thursday;1;2023
2565.0;2.0;3.0;Astoria;27.0;3.5;Coffee;Organic brewed coffee;Brazilian Lg;7.0;2023-01-05 15:51:59;15;Thursday;1;2023
2566.0;1.0;5.0;Lower Manhattan;54.0;2.5;Tea;Brewed Chai tea;Morning Sunrise Chai Rg;2.5;2023-01-05 15:52:46;15;Thursday;1;2023
2567.0;1.0;3.0;Astoria;47.0;3.0;Tea;Brewed Green tea;Serenity Green Tea Lg;3.0;2023-01-05 15:52:59;15;Thursday;1;2023
2568.0;1.0;3.0;Astoria;79.0;3.75;Bakery;Scone;Jumbo Savory Scone;3.75;2023-01-05 15:52:59;15;Thursday;1;2023
2569.0;1.0;5.0;Lower Manhattan;24.0;3.0;Coffee;Drip coffee;Our Old Time Diner Blend Lg;3.0;2023-01-05 15:53:52;15;Thursday;1;2023
2570.0;2.0;3.0;Astoria;58.0;3.5;Drinking Chocolate;Hot chocolate;Dark chocolate Rg;7.0;2023-01-05 15:54:25;15;Thursday;1;2023
2571.0;2.0;3.0;Astoria;51.0;3.0;Tea;Brewed Black tea;Earl Grey Lg;6.0;2023-01-05 15:54:55;15;Thursday;1;2023
2572.0;2.0;5.0;Lower Manhattan;41.0;4.25;Coffee;Barista Espresso;Cappuccino Lg;8.5;2023-01-05 15:56:34;15;Thursday;1;2023
2573.0;1.0;5.0;Lower Manhattan;34.0;2.45;Coffee;Premium brewed coffee;Jamaican Coffee River Sm;2.45;2023-01-05 15:57:13;15;Thursday;1;2023
2574.0;2.0;8.0;Hell's Kitchen;32.0;3.0;Coffee;Gourmet brewed coffee;Ethiopia Rg;6.0;2023-01-05 15:57:19;15;Thursday;1;2023
2575.0;1.0;3.0;Astoria;26.0;3.0;Coffee;Organic brewed coffee;Brazilian Rg;3.0;2023-01-05 15:59:18;15;Thursday;1;2023
2576.0;2.0;8.0;Hell's Kitchen;35.0;3.1;Coffee;Premium brewed coffee;Jamaican Coffee River Rg;6.2;2023-01-05 15:59:23;15;Thursday;1;2023
2577.0;2.0;3.0;Astoria;43.0;3.0;Tea;Brewed herbal tea;Lemon Grass Lg;6.0;2023-01-05 16:00:28;16;Thursday;1;2023
2578.0;1.0;3.0;Astoria;42.0;2.5;Tea;Brewed herbal tea;Lemon Grass Rg;2.5;2023-01-05 16:01:27;16;Thursday;1;2023
2579.0;1.0;8.0;Hell's Kitchen;22.0;2.0;Coffee;Drip coffee;Our Old Time Diner Blend Sm;2.0;2023-01-05 16:03:31;16;Thursday;1;2023
2581.0;1.0;8.0;Hell's Kitchen;71.0;3.75;Bakery;Pastry;Chocolate Croissant;3.75;2023-01-05 16:04:56;16;Thursday;1;2023
2582.0;1.0;8.0;Hell's Kitchen;24.0;3.0;Coffee;Drip coffee;Our Old Time Diner Blend Lg;3.0;2023-01-05 16:06:31;16;Thursday;1;2023
2583.0;2.0;8.0;Hell's Kitchen;42.0;2.5;Tea;Brewed herbal tea;Lemon Grass Rg;5.0;2023-01-05 16:07:38;16;Thursday;1;2023
2584.0;1.0;3.0;Astoria;46.0;2.5;Tea;Brewed Green tea;Serenity Green Tea Rg;2.5;2023-01-05 16:07:39;16;Thursday;1;2023
2585.0;2.0;3.0;Astoria;44.0;2.5;Tea;Brewed herbal tea;Peppermint Rg;5.0;2023-01-05 16:08:39;16;Thursday;1;2023
2586.0;1.0;8.0;Hell's Kitchen;31.0;2.2;Coffee;Gourmet brewed coffee;Ethiopia Sm;2.2;2023-01-05 16:08:42;16;Thursday;1;2023
2587.0;2.0;5.0;Lower Manhattan;35.0;3.1;Coffee;Premium brewed coffee;Jamaican Coffee River Rg;6.2;2023-01-05 16:10:17;16;Thursday;1;2023
2588.0;1.0;8.0;Hell's Kitchen;54.0;2.5;Tea;Brewed Chai tea;Morning Sunrise Chai Rg;2.5;2023-01-05 16:11:14;16;Thursday;1;2023
2589.0;2.0;3.0;Astoria;37.0;3.0;Coffee;Barista Espresso;Espresso shot;6.0;2023-01-05 16:12:51;16;Thursday;1;2023
2590.0;2.0;8.0;Hell's Kitchen;28.0;2.0;Coffee;Gourmet brewed coffee;Columbian Medium Roast Sm;4.0;2023-01-05 16:13:13;16;Thursday;1;2023
2591.0;1.0;5.0;Lower Manhattan;32.0;3.0;Coffee;Gourmet brewed coffee;Ethiopia Rg;3.0;2023-01-05 16:15:05;16;Thursday;1;2023
2592.0;1.0;3.0;Astoria;52.0;2.5;Tea;Brewed Chai tea;Traditional Blend Chai Rg;2.5;2023-01-05 16:21:57;16;Thursday;1;2023
2593.0;1.0;3.0;Astoria;35.0;3.1;Coffee;Premium brewed coffee;Jamaican Coffee River Rg;3.1;2023-01-05 16:24:36;16;Thursday;1;2023
2594.0;2.0;3.0;Astoria;60.0;3.75;Drinking Chocolate;Hot chocolate;Sustainably Grown Organic Rg;7.5;2023-01-05 16:26:25;16;Thursday;1;2023
2595.0;1.0;3.0;Astoria;50.0;2.5;Tea;Brewed Black tea;Earl Grey Rg;2.5;2023-01-05 16:28:47;16;Thursday;1;2023
2596.0;1.0;8.0;Hell's Kitchen;56.0;2.55;Tea;Brewed Chai tea;Spicy Eye Opener Chai Rg;2.55;2023-01-05 16:30:13;16;Thursday;1;2023
2597.0;1.0;3.0;Astoria;59.0;4.5;Drinking Chocolate;Hot chocolate;Dark chocolate Lg;4.5;2023-01-05 16:31:30;16;Thursday;1;2023
2598.0;1.0;5.0;Lower Manhattan;23.0;2.5;Coffee;Drip coffee;Our Old Time Diner Blend Rg;2.5;2023-01-05 16:31:46;16;Thursday;1;2023
2599.0;1.0;3.0;Astoria;57.0;3.1;Tea;Brewed Chai tea;Spicy Eye Opener Chai Lg;3.1;2023-01-05 16:32:17;16;Thursday;1;2023
2600.0;1.0;3.0;Astoria;47.0;3.0;Tea;Brewed Green tea;Serenity Green Tea Lg;3.0;2023-01-05 16:32:28;16;Thursday;1;2023
2601.0;2.0;5.0;Lower Manhattan;60.0;3.75;Drinking Chocolate;Hot chocolate;Sustainably Grown Organic Rg;7.5;2023-01-05 16:32:40;16;Thursday;1;2023
2602.0;1.0;8.0;Hell's Kitchen;28.0;2.0;Coffee;Gourmet brewed coffee;Columbian Medium Roast Sm;2.0;2023-01-05 16:32:55;16;Thursday;1;2023
2603.0;2.0;3.0;Astoria;49.0;3.0;Tea;Brewed Black tea;English Breakfast Lg;6.0;2023-01-05 16:34:15;16;Thursday;1;2023
2604.0;2.0;8.0;Hell's Kitchen;39.0;4.25;Coffee;Barista Espresso;Latte Rg;8.5;2023-01-05 16:35:45;16;Thursday;1;2023
2605.0;2.0;5.0;Lower Manhattan;43.0;3.0;Tea;Brewed herbal tea;Lemon Grass Lg;6.0;2023-01-05 16:36:49;16;Thursday;1;2023
2606.0;2.0;3.0;Astoria;50.0;2.5;Tea;Brewed Black tea;Earl Grey Rg;5.0;2023-01-05 16:37:38;16;Thursday;1;2023
2607.0;1.0;3.0;Astoria;52.0;2.5;Tea;Brewed Chai tea;Traditional Blend Chai Rg;2.5;2023-01-05 16:38:18;16;Thursday;1;2023
2608.0;2.0;5.0;Lower Manhattan;42.0;2.5;Tea;Brewed herbal tea;Lemon Grass Rg;5.0;2023-01-05 16:38:39;16;Thursday;1;2023
2609.0;1.0;5.0;Lower Manhattan;46.0;2.5;Tea;Brewed Green tea;Serenity Green Tea Rg;2.5;2023-01-05 16:40:03;16;Thursday;1;2023
2610.0;2.0;8.0;Hell's Kitchen;48.0;2.5;Tea;Brewed Black tea;English Breakfast Rg;5.0;2023-01-05 16:41:09;16;Thursday;1;2023
2611.0;1.0;3.0;Astoria;35.0;3.1;Coffee;Premium brewed coffee;Jamaican Coffee River Rg;3.1;2023-01-05 16:42:49;16;Thursday;1;2023
2612.0;1.0;8.0;Hell's Kitchen;40.0;3.75;Coffee;Barista Espresso;Cappuccino;3.75;2023-01-05 16:43:36;16;Thursday;1;2023
2613.0;1.0;8.0;Hell's Kitchen;42.0;2.5;Tea;Brewed herbal tea;Lemon Grass Rg;2.5;2023-01-05 16:45:22;16;Thursday;1;2023
2614.0;1.0;8.0;Hell's Kitchen;72.0;3.25;Bakery;Scone;Ginger Scone;3.25;2023-01-05 16:45:22;16;Thursday;1;2023
2615.0;1.0;3.0;Astoria;39.0;4.25;Coffee;Barista Espresso;Latte Rg;4.25;2023-01-05 16:45:43;16;Thursday;1;2023
2616.0;1.0;8.0;Hell's Kitchen;50.0;2.5;Tea;Brewed Black tea;Earl Grey Rg;2.5;2023-01-05 16:46:12;16;Thursday;1;2023
2617.0;1.0;5.0;Lower Manhattan;27.0;3.5;Coffee;Organic brewed coffee;Brazilian Lg;3.5;2023-01-05 16:48:38;16;Thursday;1;2023
2618.0;1.0;3.0;Astoria;42.0;2.5;Tea;Brewed herbal tea;Lemon Grass Rg;2.5;2023-01-05 16:49:38;16;Thursday;1;2023
2619.0;1.0;8.0;Hell's Kitchen;51.0;3.0;Tea;Brewed Black tea;Earl Grey Lg;3.0;2023-01-05 16:50:59;16;Thursday;1;2023
2620.0;1.0;3.0;Astoria;47.0;3.0;Tea;Brewed Green tea;Serenity Green Tea Lg;3.0;2023-01-05 16:52:28;16;Thursday;1;2023
2621.0;1.0;3.0;Astoria;45.0;3.0;Tea;Brewed herbal tea;Peppermint Lg;3.0;2023-01-05 16:52:40;16;Thursday;1;2023
2622.0;1.0;5.0;Lower Manhattan;46.0;2.5;Tea;Brewed Green tea;Serenity Green Tea Rg;2.5;2023-01-05 16:53:57;16;Thursday;1;2023
2623.0;2.0;8.0;Hell's Kitchen;45.0;3.0;Tea;Brewed herbal tea;Peppermint Lg;6.0;2023-01-05 16:55:26;16;Thursday;1;2023
2624.0;1.0;8.0;Hell's Kitchen;78.0;4.5;Bakery;Scone;Scottish Cream Scone ;4.5;2023-01-05 16:55:26;16;Thursday;1;2023
2625.0;1.0;3.0;Astoria;30.0;3.0;Coffee;Gourmet brewed coffee;Columbian Medium Roast Lg;3.0;2023-01-05 16:55:47;16;Thursday;1;2023
2626.0;2.0;5.0;Lower Manhattan;49.0;3.0;Tea;Brewed Black tea;English Breakfast Lg;6.0;2023-01-05 16:57:09;16;Thursday;1;2023
2627.0;2.0;8.0;Hell's Kitchen;45.0;3.0;Tea;Brewed herbal tea;Peppermint Lg;6.0;2023-01-05 16:57:49;16;Thursday;1;2023
2628.0;2.0;5.0;Lower Manhattan;36.0;3.75;Coffee;Premium brewed coffee;Jamaican Coffee River Lg;7.5;2023-01-05 16:57:58;16;Thursday;1;2023
2629.0;2.0;3.0;Astoria;60.0;3.75;Drinking Chocolate;Hot chocolate;Sustainably Grown Organic Rg;7.5;2023-01-05 16:58:27;16;Thursday;1;2023
2630.0;1.0;5.0;Lower Manhattan;48.0;2.5;Tea;Brewed Black tea;English Breakfast Rg;2.5;2023-01-05 17:03:46;17;Thursday;1;2023
2631.0;1.0;8.0;Hell's Kitchen;22.0;2.0;Coffee;Drip coffee;Our Old Time Diner Blend Sm;2.0;2023-01-05 17:07:01;17;Thursday;1;2023
2632.0;1.0;8.0;Hell's Kitchen;46.0;2.5;Tea;Brewed Green tea;Serenity Green Tea Rg;2.5;2023-01-05 17:07:21;17;Thursday;1;2023
2633.0;2.0;3.0;Astoria;51.0;3.0;Tea;Brewed Black tea;Earl Grey Lg;6.0;2023-01-05 17:14:01;17;Thursday;1;2023
2634.0;1.0;3.0;Astoria;78.0;4.5;Bakery;Scone;Scottish Cream Scone ;4.5;2023-01-05 17:14:01;17;Thursday;1;2023
2635.0;1.0;8.0;Hell's Kitchen;28.0;2.0;Coffee;Gourmet brewed coffee;Columbian Medium Roast Sm;2.0;2023-01-05 17:15:28;17;Thursday;1;2023
2636.0;1.0;8.0;Hell's Kitchen;48.0;2.5;Tea;Brewed Black tea;English Breakfast Rg;2.5;2023-01-05 17:15:40;17;Thursday;1;2023
2637.0;1.0;8.0;Hell's Kitchen;35.0;3.1;Coffee;Premium brewed coffee;Jamaican Coffee River Rg;3.1;2023-01-05 17:16:29;17;Thursday;1;2023
2638.0;2.0;8.0;Hell's Kitchen;51.0;3.0;Tea;Brewed Black tea;Earl Grey Lg;6.0;2023-01-05 17:17:06;17;Thursday;1;2023
2640.0;1.0;8.0;Hell's Kitchen;70.0;3.25;Bakery;Scone;Cranberry Scone;3.25;2023-01-05 17:19:00;17;Thursday;1;2023
2641.0;1.0;5.0;Lower Manhattan;47.0;3.0;Tea;Brewed Green tea;Serenity Green Tea Lg;3.0;2023-01-05 17:19:42;17;Thursday;1;2023
2642.0;2.0;5.0;Lower Manhattan;31.0;2.2;Coffee;Gourmet brewed coffee;Ethiopia Sm;4.4;2023-01-05 17:19:43;17;Thursday;1;2023
2643.0;2.0;5.0;Lower Manhattan;31.0;2.2;Coffee;Gourmet brewed coffee;Ethiopia Sm;4.4;2023-01-05 17:20:04;17;Thursday;1;2023
2644.0;2.0;3.0;Astoria;29.0;2.5;Coffee;Gourmet brewed coffee;Columbian Medium Roast Rg;5.0;2023-01-05 17:25:34;17;Thursday;1;2023
2645.0;1.0;3.0;Astoria;71.0;3.75;Bakery;Pastry;Chocolate Croissant;3.75;2023-01-05 17:25:34;17;Thursday;1;2023
2646.0;2.0;3.0;Astoria;22.0;2.0;Coffee;Drip coffee;Our Old Time Diner Blend Sm;4.0;2023-01-05 17:26:24;17;Thursday;1;2023
2648.0;1.0;3.0;Astoria;70.0;3.25;Bakery;Scone;Cranberry Scone;3.25;2023-01-05 17:27:40;17;Thursday;1;2023
2649.0;1.0;8.0;Hell's Kitchen;48.0;2.5;Tea;Brewed Black tea;English Breakfast Rg;2.5;2023-01-05 17:28:08;17;Thursday;1;2023
2650.0;2.0;5.0;Lower Manhattan;56.0;2.55;Tea;Brewed Chai tea;Spicy Eye Opener Chai Rg;5.1;2023-01-05 17:28:18;17;Thursday;1;2023
2651.0;2.0;3.0;Astoria;37.0;3.0;Coffee;Barista Espresso;Espresso shot;6.0;2023-01-05 17:28:31;17;Thursday;1;2023
2652.0;1.0;3.0;Astoria;59.0;4.5;Drinking Chocolate;Hot chocolate;Dark chocolate Lg;4.5;2023-01-05 17:29:15;17;Thursday;1;2023
2653.0;1.0;3.0;Astoria;42.0;2.5;Tea;Brewed herbal tea;Lemon Grass Rg;2.5;2023-01-05 17:29:52;17;Thursday;1;2023
2654.0;1.0;8.0;Hell's Kitchen;44.0;2.5;Tea;Brewed herbal tea;Peppermint Rg;2.5;2023-01-05 17:31:28;17;Thursday;1;2023
2655.0;2.0;3.0;Astoria;39.0;4.25;Coffee;Barista Espresso;Latte Rg;8.5;2023-01-05 17:35:34;17;Thursday;1;2023
2656.0;2.0;3.0;Astoria;25.0;2.2;Coffee;Organic brewed coffee;Brazilian Sm;4.4;2023-01-05 17:37:48;17;Thursday;1;2023
2657.0;2.0;5.0;Lower Manhattan;42.0;2.5;Tea;Brewed herbal tea;Lemon Grass Rg;5.0;2023-01-05 17:39:43;17;Thursday;1;2023
2658.0;2.0;8.0;Hell's Kitchen;25.0;2.2;Coffee;Organic brewed coffee;Brazilian Sm;4.4;2023-01-05 17:40:26;17;Thursday;1;2023
2659.0;2.0;3.0;Astoria;34.0;2.45;Coffee;Premium brewed coffee;Jamaican Coffee River Sm;4.9;2023-01-05 17:43:13;17;Thursday;1;2023
2660.0;1.0;3.0;Astoria;47.0;3.0;Tea;Brewed Green tea;Serenity Green Tea Lg;3.0;2023-01-05 17:45:26;17;Thursday;1;2023
2661.0;1.0;3.0;Astoria;79.0;3.75;Bakery;Scone;Jumbo Savory Scone;3.75;2023-01-05 17:45:26;17;Thursday;1;2023
2662.0;2.0;8.0;Hell's Kitchen;59.0;4.5;Drinking Chocolate;Hot chocolate;Dark chocolate Lg;9.0;2023-01-05 17:51:28;17;Thursday;1;2023
2663.0;1.0;8.0;Hell's Kitchen;44.0;2.5;Tea;Brewed herbal tea;Peppermint Rg;2.5;2023-01-05 17:51:48;17;Thursday;1;2023
2664.0;1.0;5.0;Lower Manhattan;59.0;4.5;Drinking Chocolate;Hot chocolate;Dark chocolate Lg;4.5;2023-01-05 17:52:03;17;Thursday;1;2023
2665.0;2.0;8.0;Hell's Kitchen;54.0;2.5;Tea;Brewed Chai tea;Morning Sunrise Chai Rg;5.0;2023-01-05 17:54:00;17;Thursday;1;2023
2666.0;1.0;3.0;Astoria;50.0;2.5;Tea;Brewed Black tea;Earl Grey Rg;2.5;2023-01-05 17:55:41;17;Thursday;1;2023
2667.0;2.0;3.0;Astoria;48.0;2.5;Tea;Brewed Black tea;English Breakfast Rg;5.0;2023-01-05 18:00:18;18;Thursday;1;2023
2668.0;1.0;3.0;Astoria;41.0;4.25;Coffee;Barista Espresso;Cappuccino Lg;4.25;2023-01-05 18:01:38;18;Thursday;1;2023
2669.0;1.0;8.0;Hell's Kitchen;32.0;3.0;Coffee;Gourmet brewed coffee;Ethiopia Rg;3.0;2023-01-05 18:04:00;18;Thursday;1;2023
2670.0;1.0;8.0;Hell's Kitchen;78.0;4.5;Bakery;Scone;Scottish Cream Scone ;4.5;2023-01-05 18:04:00;18;Thursday;1;2023
2671.0;2.0;8.0;Hell's Kitchen;47.0;3.0;Tea;Brewed Green tea;Serenity Green Tea Lg;6.0;2023-01-05 18:05:22;18;Thursday;1;2023
2672.0;2.0;3.0;Astoria;40.0;3.75;Coffee;Barista Espresso;Cappuccino;7.5;2023-01-05 18:05:50;18;Thursday;1;2023
2673.0;2.0;3.0;Astoria;23.0;2.5;Coffee;Drip coffee;Our Old Time Diner Blend Rg;5.0;2023-01-05 18:05:54;18;Thursday;1;2023
2674.0;1.0;3.0;Astoria;28.0;2.0;Coffee;Gourmet brewed coffee;Columbian Medium Roast Sm;2.0;2023-01-05 18:07:24;18;Thursday;1;2023
2675.0;2.0;5.0;Lower Manhattan;41.0;4.25;Coffee;Barista Espresso;Cappuccino Lg;8.5;2023-01-05 18:09:04;18;Thursday;1;2023
2677.0;1.0;3.0;Astoria;39.0;4.25;Coffee;Barista Espresso;Latte Rg;4.25;2023-01-05 18:11:33;18;Thursday;1;2023
2678.0;2.0;5.0;Lower Manhattan;38.0;3.75;Coffee;Barista Espresso;Latte;7.5;2023-01-05 18:14:47;18;Thursday;1;2023
2679.0;1.0;5.0;Lower Manhattan;37.0;3.0;Coffee;Barista Espresso;Espresso shot;3.0;2023-01-05 18:15:19;18;Thursday;1;2023
2680.0;1.0;3.0;Astoria;42.0;2.5;Tea;Brewed herbal tea;Lemon Grass Rg;2.5;2023-01-05 18:16:44;18;Thursday;1;2023
2681.0;2.0;3.0;Astoria;49.0;3.0;Tea;Brewed Black tea;English Breakfast Lg;6.0;2023-01-05 18:17:42;18;Thursday;1;2023
2682.0;2.0;3.0;Astoria;40.0;3.75;Coffee;Barista Espresso;Cappuccino;7.5;2023-01-05 18:18:43;18;Thursday;1;2023
2683.0;1.0;3.0;Astoria;77.0;3.0;Bakery;Scone;Oatmeal Scone;3.0;2023-01-05 18:18:43;18;Thursday;1;2023
2684.0;2.0;3.0;Astoria;57.0;3.1;Tea;Brewed Chai tea;Spicy Eye Opener Chai Lg;6.2;2023-01-05 18:19:11;18;Thursday;1;2023
2685.0;1.0;3.0;Astoria;72.0;3.25;Bakery;Scone;Ginger Scone;3.25;2023-01-05 18:19:11;18;Thursday;1;2023
2686.0;2.0;3.0;Astoria;57.0;3.1;Tea;Brewed Chai tea;Spicy Eye Opener Chai Lg;6.2;2023-01-05 18:19:50;18;Thursday;1;2023
2687.0;1.0;3.0;Astoria;50.0;2.5;Tea;Brewed Black tea;Earl Grey Rg;2.5;2023-01-05 18:22:09;18;Thursday;1;2023
2688.0;1.0;3.0;Astoria;74.0;3.5;Bakery;Biscotti;Ginger Biscotti;3.5;2023-01-05 18:22:09;18;Thursday;1;2023
2689.0;2.0;5.0;Lower Manhattan;36.0;3.75;Coffee;Premium brewed coffee;Jamaican Coffee River Lg;7.5;2023-01-05 18:23:21;18;Thursday;1;2023
2690.0;1.0;3.0;Astoria;60.0;3.75;Drinking Chocolate;Hot chocolate;Sustainably Grown Organic Rg;3.75;2023-01-05 18:25:24;18;Thursday;1;2023
2691.0;1.0;3.0;Astoria;41.0;4.25;Coffee;Barista Espresso;Cappuccino Lg;4.25;2023-01-05 18:27:38;18;Thursday;1;2023
2692.0;2.0;8.0;Hell's Kitchen;44.0;2.5;Tea;Brewed herbal tea;Peppermint Rg;5.0;2023-01-05 18:28:02;18;Thursday;1;2023
2693.0;2.0;8.0;Hell's Kitchen;53.0;3.0;Tea;Brewed Chai tea;Traditional Blend Chai Lg;6.0;2023-01-05 18:30:24;18;Thursday;1;2023
2694.0;2.0;3.0;Astoria;39.0;4.25;Coffee;Barista Espresso;Latte Rg;8.5;2023-01-05 18:30:55;18;Thursday;1;2023
2695.0;1.0;8.0;Hell's Kitchen;43.0;3.0;Tea;Brewed herbal tea;Lemon Grass Lg;3.0;2023-01-05 18:35:31;18;Thursday;1;2023
2696.0;2.0;3.0;Astoria;39.0;4.25;Coffee;Barista Espresso;Latte Rg;8.5;2023-01-05 18:36:58;18;Thursday;1;2023
2697.0;2.0;8.0;Hell's Kitchen;24.0;3.0;Coffee;Drip coffee;Our Old Time Diner Blend Lg;6.0;2023-01-05 18:37:33;18;Thursday;1;2023
2698.0;1.0;3.0;Astoria;39.0;4.25;Coffee;Barista Espresso;Latte Rg;4.25;2023-01-05 18:37:45;18;Thursday;1;2023
2699.0;1.0;8.0;Hell's Kitchen;38.0;3.75;Coffee;Barista Espresso;Latte;3.75;2023-01-05 18:39:05;18;Thursday;1;2023
2700.0;1.0;8.0;Hell's Kitchen;56.0;2.55;Tea;Brewed Chai tea;Spicy Eye Opener Chai Rg;2.55;2023-01-05 18:39:15;18;Thursday;1;2023
2701.0;2.0;8.0;Hell's Kitchen;24.0;3.0;Coffee;Drip coffee;Our Old Time Diner Blend Lg;6.0;2023-01-05 18:40:48;18;Thursday;1;2023
2702.0;2.0;;Astoria;;3.5;Coffee;Organic brewed coffee;Brazilian Lg;7.0;2023-01-05 18:46:48;18;Thursday;1;2023
2703.0;1.0;3.0;Astoria;77.0;3.0;Bakery;Scone;Oatmeal Scone;3.0;2023-01-05 18:46:48;18;Thursday;1;2023
2704.0;1.0;8.0;Hell's Kitchen;87.0;3.0;Coffee;Barista Espresso;Ouro Brasileiro shot;3.0;2023-01-05 18:47:25;18;Thursday;1;2023
2705.0;1.0;8.0;Hell's Kitchen;26.0;3.0;Coffee;Organic brewed coffee;Brazilian Rg;3.0;2023-01-05 18:54:06;18;Thursday;1;2023
2706.0;2.0;8.0;Hell's Kitchen;29.0;2.5;Coffee;Gourmet brewed coffee;Columbian Medium Roast Rg;5.0;2023-01-05 18:54:38;18;Thursday;1;2023
2707.0;2.0;8.0;Hell's Kitchen;25.0;2.2;Coffee;Organic brewed coffee;Brazilian Sm;4.4;2023-01-05 19:02:41;19;Thursday;1;2023
2708.0;1.0;8.0;Hell's Kitchen;71.0;3.75;Bakery;Pastry;Chocolate Croissant;3.75;2023-01-05 19:02:41;19;Thursday;1;2023
2709.0;1.0;8.0;Hell's Kitchen;27.0;3.5;Coffee;Organic brewed coffee;Brazilian Lg;3.5;2023-01-05 19:03:13;19;Thursday;1;2023
2710.0;2.0;8.0;Hell's Kitchen;29.0;2.5;Coffee;Gourmet brewed coffee;Columbian Medium Roast Rg;5.0;2023-01-05 19:06:50;19;Thursday;1;2023
2711.0;2.0;8.0;Hell's Kitchen;50.0;2.5;Tea;Brewed Black tea;Earl Grey Rg;5.0;2023-01-05 19:08:26;19;Thursday;1;2023
2712.0;1.0;8.0;Hell's Kitchen;75.0;3.5;Bakery;Pastry;Croissant;3.5;2023-01-05 19:08:26;19;Thursday;1;2023
2713.0;2.0;3.0;Astoria;41.0;4.25;Coffee;Barista Espresso;Cappuccino Lg;8.5;2023-01-05 19:10:34;19;Thursday;1;2023
2714.0;1.0;8.0;Hell's Kitchen;87.0;3.0;Coffee;Barista Espresso;Ouro Brasileiro shot;3.0;2023-01-05 19:12:40;19;Thursday;1;2023
2715.0;1.0;3.0;Astoria;55.0;4.0;Tea;Brewed Chai tea;Morning Sunrise Chai Lg;4.0;2023-01-05 19:14:09;19;Thursday;1;2023
2716.0;2.0;3.0;Astoria;42.0;2.5;Tea;Brewed herbal tea;Lemon Grass Rg;5.0;2023-01-05 19:17:37;19;Thursday;1;2023
2717.0;2.0;8.0;Hell's Kitchen;38.0;3.75;Coffee;Barista Espresso;Latte;7.5;2023-01-05 19:17:48;19;Thursday;1;2023
2718.0;2.0;3.0;Astoria;37.0;3.0;Coffee;Barista Espresso;Espresso shot;6.0;2023-01-05 19:18:02;19;Thursday;1;2023
2719.0;1.0;3.0;Astoria;56.0;2.55;Tea;Brewed Chai tea;Spicy Eye Opener Chai Rg;2.55;2023-01-05 19:20:11;19;Thursday;1;2023
2720.0;2.0;8.0;Hell's Kitchen;50.0;2.5;Tea;Brewed Black tea;Earl Grey Rg;5.0;2023-01-05 19:22:27;19;Thursday;1;2023
2721.0;2.0;3.0;Astoria;35.0;3.1;Coffee;Premium brewed coffee;Jamaican Coffee River Rg;6.2;2023-01-05 19:22:40;19;Thursday;1;2023
2722.0;1.0;3.0;Astoria;78.0;4.5;Bakery;Scone;Scottish Cream Scone ;4.5;2023-01-05 19:22:40;19;Thursday;1;2023
2723.0;2.0;3.0;Astoria;45.0;3.0;Tea;Brewed herbal tea;Peppermint Lg;6.0;2023-01-05 19:24:25;19;Thursday;1;2023
2724.0;2.0;3.0;Astoria;59.0;4.5;Drinking Chocolate;Hot chocolate;Dark chocolate Lg;9.0;2023-01-05 19:25:20;19;Thursday;1;2023
2725.0;1.0;3.0;Astoria;54.0;2.5;Tea;Brewed Chai tea;Morning Sunrise Chai Rg;2.5;2023-01-05 19:27:38;19;Thursday;1;2023
2726.0;1.0;3.0;Astoria;79.0;3.75;Bakery;Scone;Jumbo Savory Scone;3.75;2023-01-05 19:27:38;19;Thursday;1;2023
2727.0;2.0;3.0;Astoria;32.0;3.0;Coffee;Gourmet brewed coffee;Ethiopia Rg;6.0;2023-01-05 19:28:11;19;Thursday;1;2023
2728.0;1.0;3.0;Astoria;35.0;3.1;Coffee;Premium brewed coffee;Jamaican Coffee River Rg;3.1;2023-01-05 19:30:16;19;Thursday;1;2023
2729.0;1.0;3.0;Astoria;32.0;3.0;Coffee;Gourmet brewed coffee;Ethiopia Rg;3.0;2023-01-05 19:31:06;19;Thursday;1;2023
2730.0;1.0;3.0;Astoria;71.0;3.75;Bakery;Pastry;Chocolate Croissant;3.75;2023-01-05 19:31:06;19;Thursday;1;2023
2731.0;2.0;8.0;Hell's Kitchen;28.0;2.0;Coffee;Gourmet brewed coffee;Columbian Medium Roast Sm;4.0;2023-01-05 19:32:05;19;Thursday;1;2023
2732.0;1.0;8.0;Hell's Kitchen;22.0;2.0;Coffee;Drip coffee;Our Old Time Diner Blend Sm;2.0;2023-01-05 19:44:11;19;Thursday;1;2023
2733.0;2.0;8.0;Hell's Kitchen;25.0;2.2;Coffee;Organic brewed coffee;Brazilian Sm;4.4;2023-01-05 19:47:40;19;Thursday;1;2023
2734.0;1.0;8.0;Hell's Kitchen;74.0;3.5;Bakery;Biscotti;Ginger Biscotti;3.5;2023-01-05 19:47:40;19;Thursday;1;2023
2735.0;2.0;3.0;Astoria;30.0;3.0;Coffee;Gourmet brewed coffee;Columbian Medium Roast Lg;6.0;2023-01-05 19:48:41;19;Thursday;1;2023
2736.0;1.0;3.0;Astoria;71.0;3.75;Bakery;Pastry;Chocolate Croissant;3.75;2023-01-05 19:48:41;19;Thursday;1;2023
2737.0;1.0;8.0;Hell's Kitchen;32.0;3.0;Coffee;Gourmet brewed coffee;Ethiopia Rg;3.0;2023-01-05 19:48:48;19;Thursday;1;2023
2738.0;1.0;3.0;Astoria;51.0;3.0;Tea;Brewed Black tea;Earl Grey Lg;3.0;2023-01-05 19:49:37;19;Thursday;1;2023
2739.0;1.0;3.0;Astoria;39.0;4.25;Coffee;Barista Espresso;Latte Rg;4.25;2023-01-05 19:50:19;19;Thursday;1;2023
2740.0;2.0;8.0;Hell's Kitchen;24.0;3.0;Coffee;Drip coffee;Our Old Time Diner Blend Lg;6.0;2023-01-05 19:52:51;19;Thursday;1;2023
;1.0;;Hell's Kitchen;39.0;4.25;Coffee;Barista Espresso;Latte Rg;4.25;2023-01-05 19:57:57;19;Thursday;1;2023
2743.0;1.0;5.0;Lower Manhattan;57.0;3.1;Tea;Brewed Chai tea;Spicy Eye Opener Chai Lg;3.1;2023-01-06 07:02:23;7;Friday;1;2023
2744.0;1.0;5.0;Lower Manhattan;79.0;3.75;Bakery;Scone;Jumbo Savory Scone;3.75;2023-01-06 07:02:23;7;Friday;1;2023
2745.0;2.0;5.0;Lower Manhattan;44.0;2.5;Tea;Brewed herbal tea;Peppermint Rg;5.0;2023-01-06 07:02:58;7;Friday;1;2023
2746.0;2.0;5.0;Lower Manhattan;37.0;3.0;Coffee;Barista Espresso;Espresso shot;6.0;2023-01-06 07:05:49;7;Friday;1;2023
2747.0;1.0;5.0;Lower Manhattan;71.0;3.75;Bakery;Pastry;Chocolate Croissant;3.75;2023-01-06 07:05:49;7;Friday;1;2023
2748.0;1.0;5.0;Lower Manhattan;54.0;2.5;Tea;Brewed Chai tea;Morning Sunrise Chai Rg;2.5;2023-01-06 07:08:48;7;Friday;1;2023
2749.0;1.0;5.0;Lower Manhattan;42.0;2.5;Tea;Brewed herbal tea;Lemon Grass Rg;2.5;2023-01-06 07:16:48;7;Friday;1;2023
2750.0;2.0;5.0;Lower Manhattan;49.0;3.0;Tea;Brewed Black tea;English Breakfast Lg;6.0;2023-01-06 07:17:17;7;Friday;1;2023
2751.0;1.0;5.0;Lower Manhattan;49.0;3.0;Tea;Brewed Black tea;English Breakfast Lg;3.0;2023-01-06 07:19:47;7;Friday;1;2023
2752.0;1.0;5.0;Lower Manhattan;59.0;4.5;Drinking Chocolate;Hot chocolate;Dark chocolate Lg;4.5;2023-01-06 07:28:37;7;Friday;1;2023
2754.0;2.0;5.0;Lower Manhattan;27.0;3.5;Coffee;Organic brewed coffee;Brazilian Lg;7.0;2023-01-06 07:34:50;7;Friday;1;2023
2755.0;1.0;5.0;Lower Manhattan;69.0;3.25;Bakery;Biscotti;Hazelnut Biscotti;3.25;2023-01-06 07:34:50;7;Friday;1;2023
2756.0;2.0;5.0;Lower Manhattan;26.0;3.0;Coffee;Organic brewed coffee;Brazilian Rg;6.0;2023-01-06 07:38:51;7;Friday;1;2023
2757.0;1.0;5.0;Lower Manhattan;70.0;3.25;Bakery;Scone;Cranberry Scone;3.25;2023-01-06 07:38:51;7;Friday;1;2023
2758.0;1.0;5.0;Lower Manhattan;56.0;2.55;Tea;Brewed Chai tea;Spicy Eye Opener Chai Rg;2.55;2023-01-06 07:47:35;7;Friday;1;2023
2759.0;2.0;5.0;Lower Manhattan;56.0;2.55;Tea;Brewed Chai tea;Spicy Eye Opener Chai Rg;5.1;2023-01-06 07:50:03;7;Friday;1;2023
2760.0;1.0;5.0;Lower Manhattan;36.0;3.75;Coffee;Premium brewed coffee;Jamaican Coffee River Lg;3.75;2023-01-06 07:51:07;7;Friday;1;2023
2761.0;1.0;5.0;Lower Manhattan;47.0;3.0;Tea;Brewed Green tea;Serenity Green Tea Lg;3.0;2023-01-06 07:56:38;7;Friday;1;2023
2762.0;1.0;5.0;Lower Manhattan;71.0;3.75;Bakery;Pastry;Chocolate Croissant;3.75;2023-01-06 07:56:38;7;Friday;1;2023
2763.0;2.0;5.0;Lower Manhattan;38.0;3.75;Coffee;Barista Espresso;Latte;7.5;2023-01-06 07:59:54;7;Friday;1;2023
2764.0;1.0;5.0;Lower Manhattan;78.0;4.5;Bakery;Scone;Scottish Cream Scone ;4.5;2023-01-06 07:59:54;7;Friday;1;2023
2765.0;2.0;5.0;Lower Manhattan;26.0;3.0;Coffee;Organic brewed coffee;Brazilian Rg;6.0;2023-01-06 08:00:14;8;Friday;1;2023
2766.0;1.0;8.0;Hell's Kitchen;54.0;2.5;Tea;Brewed Chai tea;Morning Sunrise Chai Rg;2.5;2023-01-06 08:01:50;8;Friday;1;2023
2767.0;1.0;8.0;Hell's Kitchen;74.0;3.5;Bakery;Biscotti;Ginger Biscotti;3.5;2023-01-06 08:01:50;8;Friday;1;2023
2768.0;2.0;5.0;Lower Manhattan;37.0;3.0;Coffee;Barista Espresso;Espresso shot;6.0;2023-01-06 08:02:54;8;Friday;1;2023
2769.0;2.0;5.0;Lower Manhattan;46.0;2.5;Tea;Brewed Green tea;Serenity Green Tea Rg;5.0;2023-01-06 08:02:57;8;Friday;1;2023
2770.0;1.0;8.0;Hell's Kitchen;31.0;2.2;Coffee;Gourmet brewed coffee;Ethiopia Sm;2.2;2023-01-06 08:03:32;8;Friday;1;2023
2771.0;2.0;5.0;Lower Manhattan;53.0;3.0;Tea;Brewed Chai tea;Traditional Blend Chai Lg;6.0;2023-01-06 08:04:14;8;Friday;1;2023
2772.0;2.0;5.0;Lower Manhattan;40.0;3.75;Coffee;Barista Espresso;Cappuccino;7.5;2023-01-06 08:06:23;8;Friday;1;2023
2773.0;1.0;5.0;Lower Manhattan;87.0;3.0;Coffee;Barista Espresso;Ouro Brasileiro shot;3.0;2023-01-06 08:07:51;8;Friday;1;2023
2774.0;2.0;8.0;Hell's Kitchen;46.0;2.5;Tea;Brewed Green tea;Serenity Green Tea Rg;5.0;2023-01-06 08:09:29;8;Friday;1;2023
2775.0;2.0;5.0;Lower Manhattan;42.0;2.5;Tea;Brewed herbal tea;Lemon Grass Rg;5.0;2023-01-06 08:10:19;8;Friday;1;2023
2776.0;1.0;5.0;Lower Manhattan;23.0;2.5;Coffee;Drip coffee;Our Old Time Diner Blend Rg;2.5;2023-01-06 08:11:08;8;Friday;1;2023
2777.0;1.0;8.0;Hell's Kitchen;50.0;2.5;Tea;Brewed Black tea;Earl Grey Rg;2.5;2023-01-06 08:11:44;8;Friday;1;2023
2778.0;1.0;8.0;Hell's Kitchen;33.0;3.5;Coffee;Gourmet brewed coffee;Ethiopia Lg;3.5;2023-01-06 08:11:57;8;Friday;1;2023
2779.0;2.0;5.0;Lower Manhattan;39.0;4.25;Coffee;Barista Espresso;Latte Rg;8.5;2023-01-06 08:13:41;8;Friday;1;2023
2780.0;1.0;5.0;Lower Manhattan;72.0;3.25;Bakery;Scone;Ginger Scone;3.25;2023-01-06 08:13:41;8;Friday;1;2023
2781.0;2.0;8.0;Hell's Kitchen;38.0;3.75;Coffee;Barista Espresso;Latte;7.5;2023-01-06 08:14:25;8;Friday;1;2023
2782.0;1.0;8.0;Hell's Kitchen;74.0;3.5;Bakery;Biscotti;Ginger Biscotti;3.5;2023-01-06 08:14:25;8;Friday;1;2023
2783.0;2.0;8.0;Hell's Kitchen;42.0;2.5;Tea;Brewed herbal tea;Lemon Grass Rg;5.0;2023-01-06 08:21:48;8;Friday;1;2023
2784.0;1.0;5.0;Lower Manhattan;26.0;3.0;Coffee;Organic brewed coffee;Brazilian Rg;3.0;2023-01-06 08:23:58;8;Friday;1;2023
2785.0;1.0;5.0;Lower Manhattan;74.0;3.5;Bakery;Biscotti;Ginger Biscotti;3.5;2023-01-06 08:23:58;8;Friday;1;2023
2786.0;1.0;5.0;Lower Manhattan;42.0;2.5;Tea;Brewed herbal tea;Lemon Grass Rg;2.5;2023-01-06 08:24:48;8;Friday;1;2023
2787.0;2.0;8.0;Hell's Kitchen;48.0;2.5;Tea;Brewed Black tea;English Breakfast Rg;5.0;2023-01-06 08:25:03;8;Friday;1;2023
2788.0;1.0;5.0;Lower Manhattan;48.0;2.5;Tea;Brewed Black tea;English Breakfast Rg;2.5;2023-01-06 08:26:55;8;Friday;1;2023
2789.0;1.0;5.0;Lower Manhattan;76.0;3.5;Bakery;Biscotti;Chocolate Chip Biscotti;3.5;2023-01-06 08:26:55;8;Friday;1;2023
2790.0;2.0;5.0;Lower Manhattan;87.0;3.0;Coffee;Barista Espresso;Ouro Brasileiro shot;6.0;2023-01-06 08:30:10;8;Friday;1;2023
2791.0;2.0;8.0;Hell's Kitchen;32.0;3.0;Coffee;Gourmet brewed coffee;Ethiopia Rg;6.0;2023-01-06 08:30:41;8;Friday;1;2023
2792.0;1.0;8.0;Hell's Kitchen;56.0;2.55;Tea;Brewed Chai tea;Spicy Eye Opener Chai Rg;2.55;2023-01-06 08:32:12;8;Friday;1;2023
2793.0;2.0;5.0;Lower Manhattan;57.0;3.1;Tea;Brewed Chai tea;Spicy Eye Opener Chai Lg;6.2;2023-01-06 08:33:25;8;Friday;1;2023
2794.0;2.0;8.0;Hell's Kitchen;39.0;4.25;Coffee;Barista Espresso;Latte Rg;8.5;2023-01-06 08:33:43;8;Friday;1;2023
2795.0;2.0;8.0;Hell's Kitchen;42.0;2.5;Tea;Brewed herbal tea;Lemon Grass Rg;5.0;2023-01-06 08:34:16;8;Friday;1;2023
2796.0;1.0;8.0;Hell's Kitchen;71.0;3.75;Bakery;Pastry;Chocolate Croissant;3.75;2023-01-06 08:34:16;8;Friday;1;2023
2797.0;1.0;8.0;Hell's Kitchen;48.0;2.5;Tea;Brewed Black tea;English Breakfast Rg;2.5;2023-01-06 08:34:34;8;Friday;1;2023
2798.0;2.0;8.0;Hell's Kitchen;54.0;2.5;Tea;Brewed Chai tea;Morning Sunrise Chai Rg;5.0;2023-01-06 08:34:56;8;Friday;1;2023
2799.0;1.0;5.0;Lower Manhattan;31.0;2.2;Coffee;Gourmet brewed coffee;Ethiopia Sm;2.2;2023-01-06 08:44:01;8;Friday;1;2023
2800.0;2.0;8.0;Hell's Kitchen;43.0;3.0;Tea;Brewed herbal tea;Lemon Grass Lg;6.0;2023-01-06 08:44:42;8;Friday;1;2023
2801.0;1.0;8.0;Hell's Kitchen;52.0;2.5;Tea;Brewed Chai tea;Traditional Blend Chai Rg;2.5;2023-01-06 08:46:13;8;Friday;1;2023
2802.0;2.0;8.0;Hell's Kitchen;34.0;2.45;Coffee;Premium brewed coffee;Jamaican Coffee River Sm;4.9;2023-01-06 08:47:36;8;Friday;1;2023
2803.0;1.0;8.0;Hell's Kitchen;30.0;3.0;Coffee;Gourmet brewed coffee;Columbian Medium Roast Lg;3.0;2023-01-06 08:52:57;8;Friday;1;2023
2804.0;2.0;8.0;Hell's Kitchen;30.0;3.0;Coffee;Gourmet brewed coffee;Columbian Medium Roast Lg;6.0;2023-01-06 08:54:48;8;Friday;1;2023
2805.0;1.0;8.0;Hell's Kitchen;26.0;3.0;Coffee;Organic brewed coffee;Brazilian Rg;3.0;2023-01-06 08:57:05;8;Friday;1;2023
2806.0;2.0;8.0;Hell's Kitchen;57.0;3.1;Tea;Brewed Chai tea;Spicy Eye Opener Chai Lg;6.2;2023-01-06 08:57:28;8;Friday;1;2023
2807.0;1.0;5.0;Lower Manhattan;45.0;3.0;Tea;Brewed herbal tea;Peppermint Lg;3.0;2023-01-06 09:01:27;9;Friday;1;2023
2808.0;1.0;5.0;Lower Manhattan;61.0;4.75;Drinking Chocolate;Hot chocolate;Sustainably Grown Organic Lg;4.75;2023-01-06 09:04:17;9;Friday;1;2023
2809.0;2.0;5.0;Lower Manhattan;34.0;2.45;Coffee;Premium brewed coffee;Jamaican Coffee River Sm;4.9;2023-01-06 09:04:47;9;Friday;1;2023
2811.0;1.0;5.0;Lower Manhattan;36.0;3.75;Coffee;Premium brewed coffee;Jamaican Coffee River Lg;3.75;2023-01-06 09:05:32;9;Friday;1;2023
2813.0;2.0;5.0;Lower Manhattan;29.0;2.5;Coffee;Gourmet brewed coffee;Columbian Medium Roast Rg;5.0;2023-01-06 09:08:32;9;Friday;1;2023
2814.0;1.0;8.0;Hell's Kitchen;31.0;2.2;Coffee;Gourmet brewed coffee;Ethiopia Sm;2.2;2023-01-06 09:13:23;9;Friday;1;2023
2815.0;1.0;5.0;Lower Manhattan;39.0;4.25;Coffee;Barista Espresso;Latte Rg;4.25;2023-01-06 09:18:01;9;Friday;1;2023
2816.0;2.0;5.0;Lower Manhattan;58.0;3.5;Drinking Chocolate;Hot chocolate;Dark chocolate Rg;7.0;2023-01-06 09:19:08;9;Friday;1;2023
2817.0;1.0;5.0;Lower Manhattan;69.0;3.25;Bakery;Biscotti;Hazelnut Biscotti;3.25;2023-01-06 09:19:08;9;Friday;1;2023
2818.0;2.0;5.0;Lower Manhattan;31.0;2.2;Coffee;Gourmet brewed coffee;Ethiopia Sm;4.4;2023-01-06 09:21:50;9;Friday;1;2023
2819.0;2.0;5.0;Lower Manhattan;25.0;2.2;Coffee;Organic brewed coffee;Brazilian Sm;4.4;2023-01-06 09:22:21;9;Friday;1;2023
2820.0;2.0;8.0;Hell's Kitchen;47.0;3.0;Tea;Brewed Green tea;Serenity Green Tea Lg;6.0;2023-01-06 09:25:27;9;Friday;1;2023
2821.0;1.0;8.0;Hell's Kitchen;72.0;3.25;Bakery;Scone;Ginger Scone;3.25;2023-01-06 09:25:27;9;Friday;1;2023
2822.0;2.0;8.0;Hell's Kitchen;31.0;2.2;Coffee;Gourmet brewed coffee;Ethiopia Sm;4.4;2023-01-06 09:29:35;9;Friday;1;2023
2823.0;1.0;8.0;Hell's Kitchen;74.0;3.5;Bakery;Biscotti;Ginger Biscotti;3.5;2023-01-06 09:29:35;9;Friday;1;2023
2824.0;1.0;8.0;Hell's Kitchen;31.0;2.2;Coffee;Gourmet brewed coffee;Ethiopia Sm;2.2;2023-01-06 09:33:29;9;Friday;1;2023
2825.0;1.0;8.0;Hell's Kitchen;30.0;3.0;Coffee;Gourmet brewed coffee;Columbian Medium Roast Lg;3.0;2023-01-06 09:37:01;9;Friday;1;2023
2828.0;1.0;8.0;Hell's Kitchen;77.0;3.0;Bakery;Scone;Oatmeal Scone;3.0;2023-01-06 09:42:13;9;Friday;1;2023
2829.0;1.0;8.0;Hell's Kitchen;48.0;2.5;Tea;Brewed Black tea;English Breakfast Rg;2.5;2023-01-06 09:49:27;9;Friday;1;2023
2830.0;1.0;5.0;Lower Manhattan;22.0;2.0;Coffee;Drip coffee;Our Old Time Diner Blend Sm;2.0;2023-01-06 09:50:24;9;Friday;1;2023
2831.0;1.0;8.0;Hell's Kitchen;49.0;3.0;Tea;Brewed Black tea;English Breakfast Lg;3.0;2023-01-06 09:51:31;9;Friday;1;2023
2832.0;1.0;5.0;Lower Manhattan;37.0;3.0;Coffee;Barista Espresso;Espresso shot;3.0;2023-01-06 09:53:27;9;Friday;1;2023
2833.0;1.0;8.0;Hell's Kitchen;29.0;2.5;Coffee;Gourmet brewed coffee;Columbian Medium Roast Rg;2.5;2023-01-06 09:54:50;9;Friday;1;2023
2834.0;1.0;5.0;Lower Manhattan;44.0;2.5;Tea;Brewed herbal tea;Peppermint Rg;2.5;2023-01-06 09:57:24;9;Friday;1;2023
2835.0;2.0;5.0;Lower Manhattan;48.0;2.5;Tea;Brewed Black tea;English Breakfast Rg;5.0;2023-01-06 10:01:44;10;Friday;1;2023
2836.0;1.0;5.0;Lower Manhattan;26.0;3.0;Coffee;Organic brewed coffee;Brazilian Rg;3.0;2023-01-06 10:03:22;10;Friday;1;2023
2837.0;1.0;5.0;Lower Manhattan;27.0;3.5;Coffee;Organic brewed coffee;Brazilian Lg;3.5;2023-01-06 10:12:39;10;Friday;1;2023
2838.0;2.0;8.0;Hell's Kitchen;87.0;3.0;Coffee;Barista Espresso;Ouro Brasileiro shot;6.0;2023-01-06 10:13:19;10;Friday;1;2023
2839.0;1.0;8.0;Hell's Kitchen;56.0;2.55;Tea;Brewed Chai tea;Spicy Eye Opener Chai Rg;2.55;2023-01-06 10:14:57;10;Friday;1;2023
2840.0;2.0;8.0;Hell's Kitchen;87.0;3.0;Coffee;Barista Espresso;Ouro Brasileiro shot;6.0;2023-01-06 10:15:51;10;Friday;1;2023
2841.0;1.0;5.0;Lower Manhattan;60.0;3.75;Drinking Chocolate;Hot chocolate;Sustainably Grown Organic Rg;3.75;2023-01-06 10:15:56;10;Friday;1;2023
2842.0;1.0;5.0;Lower Manhattan;34.0;2.45;Coffee;Premium brewed coffee;Jamaican Coffee River Sm;2.45;2023-01-06 10:27:09;10;Friday;1;2023
2843.0;2.0;8.0;Hell's Kitchen;40.0;3.75;Coffee;Barista Espresso;Cappuccino;7.5;2023-01-06 10:29:01;10;Friday;1;2023
2844.0;1.0;5.0;Lower Manhattan;41.0;4.25;Coffee;Barista Espresso;Cappuccino Lg;4.25;2023-01-06 10:29:02;10;Friday;1;2023
2845.0;2.0;8.0;Hell's Kitchen;27.0;3.5;Coffee;Organic brewed coffee;Brazilian Lg;7.0;2023-01-06 10:30:08;10;Friday;1;2023
2846.0;2.0;5.0;Lower Manhattan;55.0;4.0;Tea;Brewed Chai tea;Morning Sunrise Chai Lg;8.0;2023-01-06 10:40:42;10;Friday;1;2023
2847.0;1.0;5.0;Lower Manhattan;44.0;2.5;Tea;Brewed herbal tea;Peppermint Rg;2.5;2023-01-06 10:41:31;10;Friday;1;2023
2848.0;1.0;5.0;Lower Manhattan;30.0;3.0;Coffee;Gourmet brewed coffee;Columbian Medium Roast Lg;3.0;2023-01-06 10:42:00;10;Friday;1;2023
2849.0;2.0;8.0;Hell's Kitchen;25.0;2.2;Coffee;Organic brewed coffee;Brazilian Sm;4.4;2023-01-06 10:47:58;10;Friday;1;2023
2850.0;2.0;5.0;Lower Manhattan;49.0;3.0;Tea;Brewed Black tea;English Breakfast Lg;6.0;2023-01-06 10:48:19;10;Friday;1;2023
2851.0;2.0;8.0;Hell's Kitchen;37.0;3.0;Coffee;Barista Espresso;Espresso shot;6.0;2023-01-06 10:50:09;10;Friday;1;2023
2852.0;1.0;8.0;Hell's Kitchen;50.0;2.5;Tea;Brewed Black tea;Earl Grey Rg;2.5;2023-01-06 10:50:48;10;Friday;1;2023
2853.0;1.0;5.0;Lower Manhattan;50.0;2.5;Tea;Brewed Black tea;Earl Grey Rg;2.5;2023-01-06 10:53:42;10;Friday;1;2023
2854.0;1.0;5.0;Lower Manhattan;72.0;3.25;Bakery;Scone;Ginger Scone;3.25;2023-01-06 10:53:42;10;Friday;1;2023
2855.0;2.0;8.0;Hell's Kitchen;55.0;4.0;Tea;Brewed Chai tea;Morning Sunrise Chai Lg;8.0;2023-01-06 10:59:07;10;Friday;1;2023
2856.0;1.0;8.0;Hell's Kitchen;71.0;3.75;Bakery;Pastry;Chocolate Croissant;3.75;2023-01-06 10:59:07;10;Friday;1;2023
2857.0;1.0;5.0;Lower Manhattan;41.0;4.25;Coffee;Barista Espresso;Cappuccino Lg;4.25;2023-01-06 11:01:05;11;Friday;1;2023
2858.0;1.0;8.0;Hell's Kitchen;45.0;3.0;Tea;Brewed herbal tea;Peppermint Lg;3.0;2023-01-06 11:01:20;11;Friday;1;2023
2860.0;2.0;5.0;Lower Manhattan;60.0;3.75;Drinking Chocolate;Hot chocolate;Sustainably Grown Organic Rg;7.5;2023-01-06 11:07:57;11;Friday;1;2023
2861.0;1.0;5.0;Lower Manhattan;79.0;3.75;Bakery;Scone;Jumbo Savory Scone;3.75;2023-01-06 11:07:57;11;Friday;1;2023
2862.0;1.0;5.0;Lower Manhattan;31.0;2.2;Coffee;Gourmet brewed coffee;Ethiopia Sm;2.2;2023-01-06 11:08:07;11;Friday;1;2023
2863.0;1.0;5.0;Lower Manhattan;45.0;3.0;Tea;Brewed herbal tea;Peppermint Lg;3.0;2023-01-06 11:09:29;11;Friday;1;2023
2864.0;1.0;8.0;Hell's Kitchen;42.0;2.5;Tea;Brewed herbal tea;Lemon Grass Rg;2.5;2023-01-06 11:12:49;11;Friday;1;2023
2865.0;1.0;8.0;Hell's Kitchen;78.0;4.5;Bakery;Scone;Scottish Cream Scone ;4.5;2023-01-06 11:12:49;11;Friday;1;2023
2866.0;1.0;8.0;Hell's Kitchen;49.0;3.0;Tea;Brewed Black tea;English Breakfast Lg;3.0;2023-01-06 11:14:31;11;Friday;1;2023
2867.0;2.0;5.0;Lower Manhattan;24.0;3.0;Coffee;Drip coffee;Our Old Time Diner Blend Lg;6.0;2023-01-06 11:14:35;11;Friday;1;2023
2868.0;1.0;8.0;Hell's Kitchen;34.0;2.45;Coffee;Premium brewed coffee;Jamaican Coffee River Sm;2.45;2023-01-06 11:14:39;11;Friday;1;2023
2869.0;1.0;3.0;Astoria;30.0;3.0;Coffee;Gourmet brewed coffee;Columbian Medium Roast Lg;3.0;2023-01-06 11:16:53;11;Friday;1;2023
2870.0;1.0;3.0;Astoria;74.0;3.5;Bakery;Biscotti;Ginger Biscotti;3.5;2023-01-06 11:16:53;11;Friday;1;2023
2871.0;1.0;8.0;Hell's Kitchen;24.0;3.0;Coffee;Drip coffee;Our Old Time Diner Blend Lg;3.0;2023-01-06 11:19:16;11;Friday;1;2023
2872.0;1.0;8.0;Hell's Kitchen;87.0;3.0;Coffee;Barista Espresso;Ouro Brasileiro shot;3.0;2023-01-06 11:21:55;11;Friday;1;2023
2873.0;1.0;5.0;Lower Manhattan;48.0;2.5;Tea;Brewed Black tea;English Breakfast Rg;2.5;2023-01-06 11:22:26;11;Friday;1;2023
2875.0;1.0;5.0;Lower Manhattan;60.0;3.75;Drinking Chocolate;Hot chocolate;Sustainably Grown Organic Rg;3.75;2023-01-06 11:24:05;11;Friday;1;2023
2876.0;2.0;5.0;Lower Manhattan;58.0;3.5;Drinking Chocolate;Hot chocolate;Dark chocolate Rg;7.0;2023-01-06 11:24:49;11;Friday;1;2023
;2.0;;Lower Manhattan;39.0;4.25;Coffee;Barista Espresso;Latte Rg;8.5;2023-01-06 11:26:14;11;Friday;1;2023
2879.0;1.0;3.0;Astoria;48.0;2.5;Tea;Brewed Black tea;English Breakfast Rg;2.5;2023-01-06 11:32:54;11;Friday;1;2023
2880.0;2.0;3.0;Astoria;44.0;2.5;Tea;Brewed herbal tea;Peppermint Rg;5.0;2023-01-06 11:34:21;11;Friday;1;2023
2881.0;2.0;3.0;Astoria;38.0;3.75;Coffee;Barista Espresso;Latte;7.5;2023-01-06 11:36:31;11;Friday;1;2023
2882.0;1.0;3.0;Astoria;40.0;3.75;Coffee;Barista Espresso;Cappuccino;3.75;2023-01-06 11:36:32;11;Friday;1;2023
2883.0;2.0;3.0;Astoria;40.0;3.75;Coffee;Barista Espresso;Cappuccino;7.5;2023-01-06 11:36:42;11;Friday;1;2023
2884.0;1.0;3.0;Astoria;28.0;2.0;Coffee;Gourmet brewed coffee;Columbian Medium Roast Sm;2.0;2023-01-06 11:36:49;11;Friday;1;2023
2885.0;1.0;3.0;Astoria;72.0;3.25;Bakery;Scone;Ginger Scone;3.25;2023-01-06 11:36:49;11;Friday;1;2023
2886.0;1.0;8.0;Hell's Kitchen;38.0;3.75;Coffee;Barista Espresso;Latte;3.75;2023-01-06 11:37:15;11;Friday;1;2023
2887.0;1.0;8.0;Hell's Kitchen;31.0;2.2;Coffee;Gourmet brewed coffee;Ethiopia Sm;2.2;2023-01-06 11:37:22;11;Friday;1;2023
2888.0;1.0;3.0;Astoria;36.0;3.75;Coffee;Premium brewed coffee;Jamaican Coffee River Lg;3.75;2023-01-06 11:38:29;11;Friday;1;2023
2889.0;1.0;3.0;Astoria;72.0;3.25;Bakery;Scone;Ginger Scone;3.25;2023-01-06 11:38:29;11;Friday;1;2023
2890.0;2.0;5.0;Lower Manhattan;34.0;2.45;Coffee;Premium brewed coffee;Jamaican Coffee River Sm;4.9;2023-01-06 11:45:12;11;Friday;1;2023
2891.0;2.0;3.0;Astoria;48.0;2.5;Tea;Brewed Black tea;English Breakfast Rg;5.0;2023-01-06 11:47:10;11;Friday;1;2023
2892.0;1.0;3.0;Astoria;55.0;4.0;Tea;Brewed Chai tea;Morning Sunrise Chai Lg;4.0;2023-01-06 11:50:17;11;Friday;1;2023
2893.0;1.0;5.0;Lower Manhattan;51.0;3.0;Tea;Brewed Black tea;Earl Grey Lg;3.0;2023-01-06 11:54:33;11;Friday;1;2023
2894.0;2.0;8.0;Hell's Kitchen;44.0;2.5;Tea;Brewed herbal tea;Peppermint Rg;5.0;2023-01-06 11:55:09;11;Friday;1;2023
2895.0;2.0;5.0;Lower Manhattan;56.0;2.55;Tea;Brewed Chai tea;Spicy Eye Opener Chai Rg;5.1;2023-01-06 11:56:39;11;Friday;1;2023
2896.0;2.0;3.0;Astoria;41.0;4.25;Coffee;Barista Espresso;Cappuccino Lg;8.5;2023-01-06 11:58:01;11;Friday;1;2023
2897.0;1.0;5.0;Lower Manhattan;39.0;4.25;Coffee;Barista Espresso;Latte Rg;4.25;2023-01-06 11:59:23;11;Friday;1;2023
2899.0;2.0;3.0;Astoria;49.0;3.0;Tea;Brewed Black tea;English Breakfast Lg;6.0;2023-01-06 12:00:31;12;Friday;1;2023
2900.0;2.0;3.0;Astoria;41.0;4.25;Coffee;Barista Espresso;Cappuccino Lg;8.5;2023-01-06 12:02:12;12;Friday;1;2023
2901.0;2.0;3.0;Astoria;23.0;2.5;Coffee;Drip coffee;Our Old Time Diner Blend Rg;5.0;2023-01-06 12:03:41;12;Friday;1;2023
2902.0;2.0;3.0;Astoria;57.0;3.1;Tea;Brewed Chai tea;Spicy Eye Opener Chai Lg;6.2;2023-01-06 12:04:14;12;Friday;1;2023
2903.0;1.0;8.0;Hell's Kitchen;41.0;4.25;Coffee;Barista Espresso;Cappuccino Lg;4.25;2023-01-06 12:04:21;12;Friday;1;2023
2904.0;2.0;3.0;Astoria;31.0;2.2;Coffee;Gourmet brewed coffee;Ethiopia Sm;4.4;2023-01-06 12:05:00;12;Friday;1;2023
;2.0;3.0;Astoria;;3.0;Tea;Brewed herbal tea;Lemon Grass Lg;6.0;2023-01-06 12:06:24;12;Friday;1;2023
2906.0;1.0;3.0;Astoria;69.0;3.25;Bakery;Biscotti;Hazelnut Biscotti;3.25;2023-01-06 12:06:24;12;Friday;1;2023
2907.0;2.0;8.0;Hell's Kitchen;27.0;3.5;Coffee;Organic brewed coffee;Brazilian Lg;7.0;2023-01-06 12:10:40;12;Friday;1;2023
2908.0;1.0;3.0;Astoria;58.0;3.5;Drinking Chocolate;Hot chocolate;Dark chocolate Rg;3.5;2023-01-06 12:11:23;12;Friday;1;2023
2909.0;2.0;5.0;Lower Manhattan;42.0;2.5;Tea;Brewed herbal tea;Lemon Grass Rg;5.0;2023-01-06 12:14:02;12;Friday;1;2023
2910.0;1.0;5.0;Lower Manhattan;49.0;3.0;Tea;Brewed Black tea;English Breakfast Lg;3.0;2023-01-06 12:15:49;12;Friday;1;2023
2911.0;2.0;8.0;Hell's Kitchen;53.0;3.0;Tea;Brewed Chai tea;Traditional Blend Chai Lg;6.0;2023-01-06 12:17:07;12;Friday;1;2023
2912.0;1.0;3.0;Astoria;30.0;3.0;Coffee;Gourmet brewed coffee;Columbian Medium Roast Lg;3.0;2023-01-06 12:23:17;12;Friday;1;2023
2913.0;1.0;3.0;Astoria;28.0;2.0;Coffee;Gourmet brewed coffee;Columbian Medium Roast Sm;2.0;2023-01-06 12:23:31;12;Friday;1;2023
2914.0;1.0;3.0;Astoria;71.0;3.75;Bakery;Pastry;Chocolate Croissant;3.75;2023-01-06 12:23:31;12;Friday;1;2023
2915.0;1.0;8.0;Hell's Kitchen;31.0;2.2;Coffee;Gourmet brewed coffee;Ethiopia Sm;2.2;2023-01-06 12:25:53;12;Friday;1;2023
2917.0;2.0;5.0;Lower Manhattan;23.0;2.5;Coffee;Drip coffee;Our Old Time Diner Blend Rg;5.0;2023-01-06 12:26:43;12;Friday;1;2023
2918.0;2.0;8.0;Hell's Kitchen;50.0;2.5;Tea;Brewed Black tea;Earl Grey Rg;5.0;2023-01-06 12:26:46;12;Friday;1;2023
2919.0;2.0;8.0;Hell's Kitchen;23.0;2.5;Coffee;Drip coffee;Our Old Time Diner Blend Rg;5.0;2023-01-06 12:28:03;12;Friday;1;2023
2920.0;2.0;8.0;Hell's Kitchen;31.0;2.2;Coffee;Gourmet brewed coffee;Ethiopia Sm;4.4;2023-01-06 12:32:36;12;Friday;1;2023
2921.0;2.0;8.0;Hell's Kitchen;25.0;2.2;Coffee;Organic brewed coffee;Brazilian Sm;4.4;2023-01-06 12:34:02;12;Friday;1;2023
2922.0;1.0;8.0;Hell's Kitchen;73.0;3.75;Bakery;Pastry;Almond Croissant;3.75;2023-01-06 12:34:02;12;Friday;1;2023
2923.0;1.0;3.0;Astoria;56.0;2.55;Tea;Brewed Chai tea;Spicy Eye Opener Chai Rg;2.55;2023-01-06 12:35:08;12;Friday;1;2023
2924.0;1.0;3.0;Astoria;69.0;3.25;Bakery;Biscotti;Hazelnut Biscotti;3.25;2023-01-06 12:35:08;12;Friday;1;2023
2925.0;2.0;3.0;Astoria;44.0;2.5;Tea;Brewed herbal tea;Peppermint Rg;5.0;2023-01-06 12:36:25;12;Friday;1;2023
2926.0;2.0;3.0;Astoria;49.0;3.0;Tea;Brewed Black tea;English Breakfast Lg;6.0;2023-01-06 12:36:56;12;Friday;1;2023
2927.0;2.0;8.0;Hell's Kitchen;24.0;3.0;Coffee;Drip coffee;Our Old Time Diner Blend Lg;6.0;2023-01-06 12:37:52;12;Friday;1;2023
2928.0;2.0;5.0;Lower Manhattan;59.0;4.5;Drinking Chocolate;Hot chocolate;Dark chocolate Lg;9.0;2023-01-06 12:38:11;12;Friday;1;2023
2929.0;2.0;3.0;Astoria;30.0;3.0;Coffee;Gourmet brewed coffee;Columbian Medium Roast Lg;6.0;2023-01-06 12:39:35;12;Friday;1;2023
2931.0;2.0;3.0;Astoria;38.0;3.75;Coffee;Barista Espresso;Latte;7.5;2023-01-06 12:42:41;12;Friday;1;2023
2932.0;1.0;8.0;Hell's Kitchen;29.0;2.5;Coffee;Gourmet brewed coffee;Columbian Medium Roast Rg;2.5;2023-01-06 12:42:56;12;Friday;1;2023
2933.0;1.0;8.0;Hell's Kitchen;30.0;3.0;Coffee;Gourmet brewed coffee;Columbian Medium Roast Lg;3.0;2023-01-06 12:44:47;12;Friday;1;2023
2934.0;2.0;3.0;Astoria;47.0;3.0;Tea;Brewed Green tea;Serenity Green Tea Lg;6.0;2023-01-06 12:51:22;12;Friday;1;2023
2935.0;2.0;;Astoria;;2.5;Coffee;Gourmet brewed coffee;Columbian Medium Roast Rg;5.0;2023-01-06 12:52:15;12;Friday;1;2023
2936.0;1.0;3.0;Astoria;79.0;3.75;Bakery;Scone;Jumbo Savory Scone;3.75;2023-01-06 12:52:15;12;Friday;1;2023
2938.0;2.0;3.0;Astoria;47.0;3.0;Tea;Brewed Green tea;Serenity Green Tea Lg;6.0;2023-01-06 12:53:37;12;Friday;1;2023
2939.0;2.0;8.0;Hell's Kitchen;32.0;3.0;Coffee;Gourmet brewed coffee;Ethiopia Rg;6.0;2023-01-06 12:53:48;12;Friday;1;2023
2940.0;1.0;5.0;Lower Manhattan;29.0;2.5;Coffee;Gourmet brewed coffee;Columbian Medium Roast Rg;2.5;2023-01-06 12:54:56;12;Friday;1;2023
2941.0;1.0;5.0;Lower Manhattan;77.0;3.0;Bakery;Scone;Oatmeal Scone;3.0;2023-01-06 12:54:56;12;Friday;1;2023
2942.0;2.0;3.0;Astoria;40.0;3.75;Coffee;Barista Espresso;Cappuccino;7.5;2023-01-06 12:57:33;12;Friday;1;2023
2943.0;1.0;3.0;Astoria;74.0;3.5;Bakery;Biscotti;Ginger Biscotti;3.5;2023-01-06 12:57:33;12;Friday;1;2023
2944.0;2.0;5.0;Lower Manhattan;48.0;2.5;Tea;Brewed Black tea;English Breakfast Rg;5.0;2023-01-06 12:58:02;12;Friday;1;2023
2945.0;1.0;8.0;Hell's Kitchen;53.0;3.0;Tea;Brewed Chai tea;Traditional Blend Chai Lg;3.0;2023-01-06 12:58:22;12;Friday;1;2023
2946.0;2.0;5.0;Lower Manhattan;43.0;3.0;Tea;Brewed herbal tea;Lemon Grass Lg;6.0;2023-01-06 12:59:23;12;Friday;1;2023
2947.0;2.0;3.0;Astoria;41.0;4.25;Coffee;Barista Espresso;Cappuccino Lg;8.5;2023-01-06 12:59:46;12;Friday;1;2023
2948.0;2.0;3.0;Astoria;27.0;3.5;Coffee;Organic brewed coffee;Brazilian Lg;7.0;2023-01-06 13:00:12;13;Friday;1;2023
2949.0;2.0;5.0;Lower Manhattan;30.0;3.0;Coffee;Gourmet brewed coffee;Columbian Medium Roast Lg;6.0;2023-01-06 13:00:29;13;Friday;1;2023
2950.0;2.0;5.0;Lower Manhattan;58.0;3.5;Drinking Chocolate;Hot chocolate;Dark chocolate Rg;7.0;2023-01-06 13:01:49;13;Friday;1;2023
2951.0;2.0;8.0;Hell's Kitchen;60.0;3.75;Drinking Chocolate;Hot chocolate;Sustainably Grown Organic Rg;7.5;2023-01-06 13:02:03;13;Friday;1;2023
2952.0;1.0;8.0;Hell's Kitchen;72.0;3.25;Bakery;Scone;Ginger Scone;3.25;2023-01-06 13:02:03;13;Friday;1;2023
2953.0;1.0;5.0;Lower Manhattan;23.0;2.5;Coffee;Drip coffee;Our Old Time Diner Blend Rg;2.5;2023-01-06 13:02:32;13;Friday;1;2023
2954.0;1.0;3.0;Astoria;57.0;3.1;Tea;Brewed Chai tea;Spicy Eye Opener Chai Lg;3.1;2023-01-06 13:04:32;13;Friday;1;2023
2955.0;1.0;5.0;Lower Manhattan;54.0;2.5;Tea;Brewed Chai tea;Morning Sunrise Chai Rg;2.5;2023-01-06 13:06:38;13;Friday;1;2023
2956.0;1.0;5.0;Lower Manhattan;25.0;2.2;Coffee;Organic brewed coffee;Brazilian Sm;2.2;2023-01-06 13:07:59;13;Friday;1;2023
2957.0;1.0;3.0;Astoria;36.0;3.75;Coffee;Premium brewed coffee;Jamaican Coffee River Lg;3.75;2023-01-06 13:11:21;13;Friday;1;2023
2958.0;2.0;8.0;Hell's Kitchen;34.0;2.45;Coffee;Premium brewed coffee;Jamaican Coffee River Sm;4.9;2023-01-06 13:12:46;13;Friday;1;2023
2959.0;1.0;8.0;Hell's Kitchen;69.0;3.25;Bakery;Biscotti;Hazelnut Biscotti;3.25;2023-01-06 13:12:46;13;Friday;1;2023
2960.0;1.0;5.0;Lower Manhattan;28.0;2.0;Coffee;Gourmet brewed coffee;Columbian Medium Roast Sm;2.0;2023-01-06 13:17:11;13;Friday;1;2023
2961.0;2.0;8.0;Hell's Kitchen;25.0;2.2;Coffee;Organic brewed coffee;Brazilian Sm;4.4;2023-01-06 13:20:07;13;Friday;1;2023
2962.0;1.0;3.0;Astoria;24.0;3.0;Coffee;Drip coffee;Our Old Time Diner Blend Lg;3.0;2023-01-06 13:21:07;13;Friday;1;2023
2963.0;1.0;5.0;Lower Manhattan;28.0;2.0;Coffee;Gourmet brewed coffee;Columbian Medium Roast Sm;2.0;2023-01-06 13:22:52;13;Friday;1;2023
2964.0;1.0;5.0;Lower Manhattan;56.0;2.55;Tea;Brewed Chai tea;Spicy Eye Opener Chai Rg;2.55;2023-01-06 13:23:59;13;Friday;1;2023
2965.0;2.0;3.0;Astoria;49.0;3.0;Tea;Brewed Black tea;English Breakfast Lg;6.0;2023-01-06 13:24:48;13;Friday;1;2023
2967.0;1.0;3.0;Astoria;70.0;3.25;Bakery;Scone;Cranberry Scone;3.25;2023-01-06 13:24:50;13;Friday;1;2023
2968.0;1.0;5.0;Lower Manhattan;60.0;3.75;Drinking Chocolate;Hot chocolate;Sustainably Grown Organic Rg;3.75;2023-01-06 13:26:31;13;Friday;1;2023
2969.0;1.0;3.0;Astoria;46.0;2.5;Tea;Brewed Green tea;Serenity Green Tea Rg;2.5;2023-01-06 13:27:06;13;Friday;1;2023
2970.0;1.0;3.0;Astoria;78.0;4.5;Bakery;Scone;Scottish Cream Scone ;4.5;2023-01-06 13:27:06;13;Friday;1;2023
2971.0;1.0;3.0;Astoria;25.0;2.2;Coffee;Organic brewed coffee;Brazilian Sm;2.2;2023-01-06 13:27:22;13;Friday;1;2023
2972.0;2.0;8.0;Hell's Kitchen;51.0;3.0;Tea;Brewed Black tea;Earl Grey Lg;6.0;2023-01-06 13:28:17;13;Friday;1;2023
2973.0;1.0;8.0;Hell's Kitchen;70.0;3.25;Bakery;Scone;Cranberry Scone;3.25;2023-01-06 13:28:17;13;Friday;1;2023
2974.0;2.0;8.0;Hell's Kitchen;24.0;3.0;Coffee;Drip coffee;Our Old Time Diner Blend Lg;6.0;2023-01-06 13:28:48;13;Friday;1;2023
2975.0;1.0;8.0;Hell's Kitchen;76.0;3.5;Bakery;Biscotti;Chocolate Chip Biscotti;3.5;2023-01-06 13:28:48;13;Friday;1;2023
2976.0;1.0;5.0;Lower Manhattan;59.0;4.5;Drinking Chocolate;Hot chocolate;Dark chocolate Lg;4.5;2023-01-06 13:33:34;13;Friday;1;2023
2977.0;1.0;8.0;Hell's Kitchen;35.0;3.1;Coffee;Premium brewed coffee;Jamaican Coffee River Rg;3.1;2023-01-06 13:34:53;13;Friday;1;2023
2979.0;1.0;3.0;Astoria;60.0;3.75;Drinking Chocolate;Hot chocolate;Sustainably Grown Organic Rg;3.75;2023-01-06 13:39:18;13;Friday;1;2023
2980.0;1.0;5.0;Lower Manhattan;48.0;2.5;Tea;Brewed Black tea;English Breakfast Rg;2.5;2023-01-06 13:41:34;13;Friday;1;2023
2981.0;1.0;3.0;Astoria;61.0;4.75;Drinking Chocolate;Hot chocolate;Sustainably Grown Organic Lg;4.75;2023-01-06 13:48:48;13;Friday;1;2023
2982.0;2.0;5.0;Lower Manhattan;29.0;2.5;Coffee;Gourmet brewed coffee;Columbian Medium Roast Rg;5.0;2023-01-06 13:49:35;13;Friday;1;2023
2983.0;1.0;5.0;Lower Manhattan;33.0;3.5;Coffee;Gourmet brewed coffee;Ethiopia Lg;3.5;2023-01-06 13:52:13;13;Friday;1;2023
2984.0;1.0;8.0;Hell's Kitchen;30.0;3.0;Coffee;Gourmet brewed coffee;Columbian Medium Roast Lg;3.0;2023-01-06 13:56:35;13;Friday;1;2023
2985.0;2.0;3.0;Astoria;59.0;4.5;Drinking Chocolate;Hot chocolate;Dark chocolate Lg;9.0;2023-01-06 13:56:39;13;Friday;1;2023
2986.0;1.0;5.0;Lower Manhattan;55.0;4.0;Tea;Brewed Chai tea;Morning Sunrise Chai Lg;4.0;2023-01-06 13:58:41;13;Friday;1;2023
2987.0;2.0;8.0;Hell's Kitchen;22.0;2.0;Coffee;Drip coffee;Our Old Time Diner Blend Sm;4.0;2023-01-06 13:58:44;13;Friday;1;2023
2988.0;2.0;3.0;Astoria;51.0;3.0;Tea;Brewed Black tea;Earl Grey Lg;6.0;2023-01-06 14:00:32;14;Friday;1;2023
2989.0;2.0;5.0;Lower Manhattan;22.0;2.0;Coffee;Drip coffee;Our Old Time Diner Blend Sm;4.0;2023-01-06 14:01:32;14;Friday;1;2023
2990.0;2.0;8.0;Hell's Kitchen;53.0;3.0;Tea;Brewed Chai tea;Traditional Blend Chai Lg;6.0;2023-01-06 14:04:52;14;Friday;1;2023
2991.0;2.0;8.0;Hell's Kitchen;32.0;3.0;Coffee;Gourmet brewed coffee;Ethiopia Rg;6.0;2023-01-06 14:06:32;14;Friday;1;2023
2992.0;1.0;8.0;Hell's Kitchen;79.0;3.75;Bakery;Scone;Jumbo Savory Scone;3.75;2023-01-06 14:06:32;14;Friday;1;2023
2993.0;1.0;3.0;Astoria;55.0;4.0;Tea;Brewed Chai tea;Morning Sunrise Chai Lg;4.0;2023-01-06 14:06:54;14;Friday;1;2023
2994.0;1.0;3.0;Astoria;72.0;3.25;Bakery;Scone;Ginger Scone;3.25;2023-01-06 14:06:54;14;Friday;1;2023
2995.0;1.0;5.0;Lower Manhattan;41.0;4.25;Coffee;Barista Espresso;Cappuccino Lg;4.25;2023-01-06 14:07:44;14;Friday;1;2023
2996.0;2.0;5.0;Lower Manhattan;33.0;3.5;Coffee;Gourmet brewed coffee;Ethiopia Lg;7.0;2023-01-06 14:08:17;14;Friday;1;2023
2997.0;1.0;8.0;Hell's Kitchen;31.0;2.2;Coffee;Gourmet brewed coffee;Ethiopia Sm;2.2;2023-01-06 14:09:32;14;Friday;1;2023
2998.0;1.0;3.0;Astoria;57.0;3.1;Tea;Brewed Chai tea;Spicy Eye Opener Chai Lg;3.1;2023-01-06 14:10:15;14;Friday;1;2023
2999.0;1.0;5.0;Lower Manhattan;28.0;2.0;Coffee;Gourmet brewed coffee;Columbian Medium Roast Sm;2.0;2023-01-06 14:10:39;14;Friday;1;2023
3000.0;2.0;3.0;Astoria;32.0;3.0;Coffee;Gourmet brewed coffee;Ethiopia Rg;6.0;2023-01-06 14:13:48;14;Friday;1;2023
3001.0;1.0;5.0;Lower Manhattan;51.0;3.0;Tea;Brewed Black tea;Earl Grey Lg;3.0;2023-01-06 14:14:59;14;Friday;1;2023
3002.0;1.0;8.0;Hell's Kitchen;30.0;3.0;Coffee;Gourmet brewed coffee;Columbian Medium Roast Lg;3.0;2023-01-06 14:15:25;14;Friday;1;2023
3004.0;1.0;5.0;Lower Manhattan;41.0;4.25;Coffee;Barista Espresso;Cappuccino Lg;4.25;2023-01-06 14:18:01;14;Friday;1;2023
3005.0;2.0;8.0;Hell's Kitchen;27.0;3.5;Coffee;Organic brewed coffee;Brazilian Lg;7.0;2023-01-06 14:22:08;14;Friday;1;2023
3006.0;2.0;5.0;Lower Manhattan;32.0;3.0;Coffee;Gourmet brewed coffee;Ethiopia Rg;6.0;2023-01-06 14:22:10;14;Friday;1;2023
3007.0;2.0;3.0;Astoria;51.0;3.0;Tea;Brewed Black tea;Earl Grey Lg;6.0;2023-01-06 14:25:52;14;Friday;1;2023
3008.0;1.0;5.0;Lower Manhattan;47.0;3.0;Tea;Brewed Green tea;Serenity Green Tea Lg;3.0;2023-01-06 14:25:53;14;Friday;1;2023
3009.0;2.0;8.0;Hell's Kitchen;59.0;4.5;Drinking Chocolate;Hot chocolate;Dark chocolate Lg;9.0;2023-01-06 14:26:33;14;Friday;1;2023
3010.0;2.0;8.0;Hell's Kitchen;37.0;3.0;Coffee;Barista Espresso;Espresso shot;6.0;2023-01-06 14:28:43;14;Friday;1;2023
3011.0;1.0;8.0;Hell's Kitchen;74.0;3.5;Bakery;Biscotti;Ginger Biscotti;3.5;2023-01-06 14:28:43;14;Friday;1;2023
;2.0;;Lower Manhattan;;2.5;Coffee;Gourmet brewed coffee;Columbian Medium Roast Rg;5.0;2023-01-06 14:29:05;14;Friday;1;2023
3013.0;1.0;3.0;Astoria;23.0;2.5;Coffee;Drip coffee;Our Old Time Diner Blend Rg;2.5;2023-01-06 14:31:02;14;Friday;1;2023
3015.0;1.0;5.0;Lower Manhattan;23.0;2.5;Coffee;Drip coffee;Our Old Time Diner Blend Rg;2.5;2023-01-06 14:35:04;14;Friday;1;2023
3016.0;1.0;5.0;Lower Manhattan;23.0;2.5;Coffee;Drip coffee;Our Old Time Diner Blend Rg;2.5;2023-01-06 14:37:01;14;Friday;1;2023
3017.0;1.0;5.0;Lower Manhattan;70.0;3.25;Bakery;Scone;Cranberry Scone;3.25;2023-01-06 14:37:01;14;Friday;1;2023
3018.0;1.0;8.0;Hell's Kitchen;61.0;4.75;Drinking Chocolate;Hot chocolate;Sustainably Grown Organic Lg;4.75;2023-01-06 14:37:57;14;Friday;1;2023
3019.0;1.0;3.0;Astoria;49.0;3.0;Tea;Brewed Black tea;English Breakfast Lg;3.0;2023-01-06 14:39:23;14;Friday;1;2023
3020.0;1.0;3.0;Astoria;72.0;3.25;Bakery;Scone;Ginger Scone;3.25;2023-01-06 14:39:23;14;Friday;1;2023
3021.0;2.0;3.0;Astoria;32.0;3.0;Coffee;Gourmet brewed coffee;Ethiopia Rg;6.0;2023-01-06 14:41:25;14;Friday;1;2023
3022.0;1.0;8.0;Hell's Kitchen;56.0;2.55;Tea;Brewed Chai tea;Spicy Eye Opener Chai Rg;2.55;2023-01-06 14:42:25;14;Friday;1;2023
3023.0;2.0;8.0;Hell's Kitchen;41.0;4.25;Coffee;Barista Espresso;Cappuccino Lg;8.5;2023-01-06 14:43:16;14;Friday;1;2023
3024.0;1.0;8.0;Hell's Kitchen;23.0;2.5;Coffee;Drip coffee;Our Old Time Diner Blend Rg;2.5;2023-01-06 14:44:01;14;Friday;1;2023
3025.0;1.0;5.0;Lower Manhattan;59.0;4.5;Drinking Chocolate;Hot chocolate;Dark chocolate Lg;4.5;2023-01-06 14:45:10;14;Friday;1;2023
3026.0;1.0;5.0;Lower Manhattan;54.0;2.5;Tea;Brewed Chai tea;Morning Sunrise Chai Rg;2.5;2023-01-06 14:46:55;14;Friday;1;2023
3027.0;2.0;3.0;Astoria;61.0;4.75;Drinking Chocolate;Hot chocolate;Sustainably Grown Organic Lg;9.5;2023-01-06 14:47:20;14;Friday;1;2023
3028.0;2.0;8.0;Hell's Kitchen;61.0;4.75;Drinking Chocolate;Hot chocolate;Sustainably Grown Organic Lg;9.5;2023-01-06 14:50:13;14;Friday;1;2023
3029.0;2.0;5.0;Lower Manhattan;28.0;2.0;Coffee;Gourmet brewed coffee;Columbian Medium Roast Sm;4.0;2023-01-06 14:52:45;14;Friday;1;2023
3030.0;1.0;3.0;Astoria;50.0;2.5;Tea;Brewed Black tea;Earl Grey Rg;2.5;2023-01-06 14:54:05;14;Friday;1;2023
3031.0;1.0;3.0;Astoria;59.0;4.5;Drinking Chocolate;Hot chocolate;Dark chocolate Lg;4.5;2023-01-06 14:54:27;14;Friday;1;2023
3032.0;2.0;5.0;Lower Manhattan;49.0;3.0;Tea;Brewed Black tea;English Breakfast Lg;6.0;2023-01-06 14:54:57;14;Friday;1;2023
3034.0;2.0;3.0;Astoria;56.0;2.55;Tea;Brewed Chai tea;Spicy Eye Opener Chai Rg;5.1;2023-01-06 15:00:50;15;Friday;1;2023
3035.0;1.0;5.0;Lower Manhattan;25.0;2.2;Coffee;Organic brewed coffee;Brazilian Sm;2.2;2023-01-06 15:01:07;15;Friday;1;2023
3036.0;1.0;5.0;Lower Manhattan;44.0;2.5;Tea;Brewed herbal tea;Peppermint Rg;2.5;2023-01-06 15:02:13;15;Friday;1;2023
;1.0;5.0;Lower Manhattan;;3.1;Coffee;Premium brewed coffee;Jamaican Coffee River Rg;3.1;2023-01-06 15:02:25;15;Friday;1;2023
3038.0;2.0;5.0;Lower Manhattan;60.0;3.75;Drinking Chocolate;Hot chocolate;Sustainably Grown Organic Rg;7.5;2023-01-06 15:02:51;15;Friday;1;2023
3039.0;1.0;8.0;Hell's Kitchen;22.0;2.0;Coffee;Drip coffee;Our Old Time Diner Blend Sm;2.0;2023-01-06 15:03:29;15;Friday;1;2023
3040.0;1.0;5.0;Lower Manhattan;56.0;2.55;Tea;Brewed Chai tea;Spicy Eye Opener Chai Rg;2.55;2023-01-06 15:04:15;15;Friday;1;2023
3041.0;1.0;3.0;Astoria;55.0;4.0;Tea;Brewed Chai tea;Morning Sunrise Chai Lg;4.0;2023-01-06 15:05:10;15;Friday;1;2023
3042.0;1.0;3.0;Astoria;69.0;3.25;Bakery;Biscotti;Hazelnut Biscotti;3.25;2023-01-06 15:05:10;15;Friday;1;2023
3043.0;1.0;8.0;Hell's Kitchen;29.0;2.5;Coffee;Gourmet brewed coffee;Columbian Medium Roast Rg;2.5;2023-01-06 15:09:02;15;Friday;1;2023
3044.0;2.0;5.0;Lower Manhattan;58.0;3.5;Drinking Chocolate;Hot chocolate;Dark chocolate Rg;7.0;2023-01-06 15:10:20;15;Friday;1;2023
3045.0;1.0;5.0;Lower Manhattan;58.0;3.5;Drinking Chocolate;Hot chocolate;Dark chocolate Rg;3.5;2023-01-06 15:14:15;15;Friday;1;2023
3046.0;1.0;5.0;Lower Manhattan;71.0;3.75;Bakery;Pastry;Chocolate Croissant;3.75;2023-01-06 15:14:15;15;Friday;1;2023
3047.0;1.0;5.0;Lower Manhattan;37.0;3.0;Coffee;Barista Espresso;Espresso shot;3.0;2023-01-06 15:14:56;15;Friday;1;2023
;1.0;;Hell's Kitchen;;2.5;Tea;Brewed herbal tea;Peppermint Rg;2.5;2023-01-06 15:16:02;15;Friday;1;2023
3049.0;1.0;8.0;Hell's Kitchen;44.0;2.5;Tea;Brewed herbal tea;Peppermint Rg;2.5;2023-01-06 15:17:22;15;Friday;1;2023
3050.0;2.0;5.0;Lower Manhattan;33.0;3.5;Coffee;Gourmet brewed coffee;Ethiopia Lg;7.0;2023-01-06 15:17:29;15;Friday;1;2023
3051.0;2.0;8.0;Hell's Kitchen;44.0;2.5;Tea;Brewed herbal tea;Peppermint Rg;5.0;2023-01-06 15:18:14;15;Friday;1;2023
3052.0;1.0;8.0;Hell's Kitchen;78.0;4.5;Bakery;Scone;Scottish Cream Scone ;4.5;2023-01-06 15:18:14;15;Friday;1;2023
3053.0;2.0;3.0;Astoria;27.0;3.5;Coffee;Organic brewed coffee;Brazilian Lg;7.0;2023-01-06 15:19:52;15;Friday;1;2023
3054.0;2.0;8.0;Hell's Kitchen;42.0;2.5;Tea;Brewed herbal tea;Lemon Grass Rg;5.0;2023-01-06 15:21:27;15;Friday;1;2023
3055.0;1.0;8.0;Hell's Kitchen;77.0;3.0;Bakery;Scone;Oatmeal Scone;3.0;2023-01-06 15:21:27;15;Friday;1;2023
3056.0;1.0;3.0;Astoria;49.0;3.0;Tea;Brewed Black tea;English Breakfast Lg;3.0;2023-01-06 15:21:48;15;Friday;1;2023
3057.0;1.0;8.0;Hell's Kitchen;31.0;2.2;Coffee;Gourmet brewed coffee;Ethiopia Sm;2.2;2023-01-06 15:22:20;15;Friday;1;2023
3058.0;2.0;3.0;Astoria;41.0;4.25;Coffee;Barista Espresso;Cappuccino Lg;8.5;2023-01-06 15:22:40;15;Friday;1;2023
3059.0;1.0;3.0;Astoria;49.0;3.0;Tea;Brewed Black tea;English Breakfast Lg;3.0;2023-01-06 15:25:13;15;Friday;1;2023
3060.0;1.0;3.0;Astoria;61.0;4.75;Drinking Chocolate;Hot chocolate;Sustainably Grown Organic Lg;4.75;2023-01-06 15:25:48;15;Friday;1;2023
3061.0;2.0;5.0;Lower Manhattan;35.0;3.1;Coffee;Premium brewed coffee;Jamaican Coffee River Rg;6.2;2023-01-06 15:25:57;15;Friday;1;2023
3062.0;1.0;5.0;Lower Manhattan;75.0;3.5;Bakery;Pastry;Croissant;3.5;2023-01-06 15:25:57;15;Friday;1;2023
3063.0;2.0;8.0;Hell's Kitchen;61.0;4.75;Drinking Chocolate;Hot chocolate;Sustainably Grown Organic Lg;9.5;2023-01-06 15:26:52;15;Friday;1;2023
3064.0;1.0;8.0;Hell's Kitchen;75.0;3.5;Bakery;Pastry;Croissant;3.5;2023-01-06 15:26:52;15;Friday;1;2023
3065.0;2.0;5.0;Lower Manhattan;59.0;4.5;Drinking Chocolate;Hot chocolate;Dark chocolate Lg;9.0;2023-01-06 15:28:46;15;Friday;1;2023
3066.0;2.0;3.0;Astoria;52.0;2.5;Tea;Brewed Chai tea;Traditional Blend Chai Rg;5.0;2023-01-06 15:29:06;15;Friday;1;2023
3067.0;2.0;8.0;Hell's Kitchen;49.0;3.0;Tea;Brewed Black tea;English Breakfast Lg;6.0;2023-01-06 15:30:53;15;Friday;1;2023
3068.0;1.0;8.0;Hell's Kitchen;22.0;2.0;Coffee;Drip coffee;Our Old Time Diner Blend Sm;2.0;2023-01-06 15:31:18;15;Friday;1;2023
3069.0;1.0;3.0;Astoria;28.0;2.0;Coffee;Gourmet brewed coffee;Columbian Medium Roast Sm;2.0;2023-01-06 15:32:45;15;Friday;1;2023
3070.0;2.0;3.0;Astoria;26.0;3.0;Coffee;Organic brewed coffee;Brazilian Rg;6.0;2023-01-06 15:32:52;15;Friday;1;2023
3071.0;1.0;3.0;Astoria;79.0;3.75;Bakery;Scone;Jumbo Savory Scone;3.75;2023-01-06 15:32:52;15;Friday;1;2023
3072.0;2.0;8.0;Hell's Kitchen;54.0;2.5;Tea;Brewed Chai tea;Morning Sunrise Chai Rg;5.0;2023-01-06 15:37:14;15;Friday;1;2023
3073.0;1.0;8.0;Hell's Kitchen;77.0;3.0;Bakery;Scone;Oatmeal Scone;3.0;2023-01-06 15:37:14;15;Friday;1;2023
3074.0;2.0;5.0;Lower Manhattan;45.0;3.0;Tea;Brewed herbal tea;Peppermint Lg;6.0;2023-01-06 15:38:07;15;Friday;1;2023
3075.0;1.0;5.0;Lower Manhattan;34.0;2.45;Coffee;Premium brewed coffee;Jamaican Coffee River Sm;2.45;2023-01-06 15:38:40;15;Friday;1;2023
3076.0;1.0;5.0;Lower Manhattan;69.0;3.25;Bakery;Biscotti;Hazelnut Biscotti;3.25;2023-01-06 15:38:40;15;Friday;1;2023
3077.0;1.0;5.0;Lower Manhattan;39.0;4.25;Coffee;Barista Espresso;Latte Rg;4.25;2023-01-06 15:40:57;15;Friday;1;2023
3078.0;1.0;8.0;Hell's Kitchen;42.0;2.5;Tea;Brewed herbal tea;Lemon Grass Rg;2.5;2023-01-06 15:41:49;15;Friday;1;2023
3079.0;1.0;8.0;Hell's Kitchen;78.0;4.5;Bakery;Scone;Scottish Cream Scone ;4.5;2023-01-06 15:41:49;15;Friday;1;2023
3080.0;1.0;5.0;Lower Manhattan;57.0;3.1;Tea;Brewed Chai tea;Spicy Eye Opener Chai Lg;3.1;2023-01-06 15:42:13;15;Friday;1;2023
3081.0;1.0;5.0;Lower Manhattan;31.0;2.2;Coffee;Gourmet brewed coffee;Ethiopia Sm;2.2;2023-01-06 15:42:29;15;Friday;1;2023
3082.0;2.0;5.0;Lower Manhattan;29.0;2.5;Coffee;Gourmet brewed coffee;Columbian Medium Roast Rg;5.0;2023-01-06 15:43:22;15;Friday;1;2023
3083.0;1.0;8.0;Hell's Kitchen;33.0;3.5;Coffee;Gourmet brewed coffee;Ethiopia Lg;3.5;2023-01-06 15:45:48;15;Friday;1;2023
3084.0;1.0;8.0;Hell's Kitchen;69.0;3.25;Bakery;Biscotti;Hazelnut Biscotti;3.25;2023-01-06 15:45:48;15;Friday;1;2023
3085.0;2.0;5.0;Lower Manhattan;59.0;4.5;Drinking Chocolate;Hot chocolate;Dark chocolate Lg;9.0;2023-01-06 15:46:56;15;Friday;1;2023
3086.0;2.0;3.0;Astoria;44.0;2.5;Tea;Brewed herbal tea;Peppermint Rg;5.0;2023-01-06 15:47:18;15;Friday;1;2023
3087.0;1.0;3.0;Astoria;74.0;3.5;Bakery;Biscotti;Ginger Biscotti;3.5;2023-01-06 15:47:18;15;Friday;1;2023
3088.0;1.0;5.0;Lower Manhattan;23.0;2.5;Coffee;Drip coffee;Our Old Time Diner Blend Rg;2.5;2023-01-06 15:47:20;15;Friday;1;2023
3089.0;1.0;5.0;Lower Manhattan;69.0;3.25;Bakery;Biscotti;Hazelnut Biscotti;3.25;2023-01-06 15:47:20;15;Friday;1;2023
3090.0;2.0;8.0;Hell's Kitchen;57.0;3.1;Tea;Brewed Chai tea;Spicy Eye Opener Chai Lg;6.2;2023-01-06 15:47:42;15;Friday;1;2023
3091.0;2.0;8.0;Hell's Kitchen;35.0;3.1;Coffee;Premium brewed coffee;Jamaican Coffee River Rg;6.2;2023-01-06 15:49:14;15;Friday;1;2023
3092.0;2.0;5.0;Lower Manhattan;42.0;2.5;Tea;Brewed herbal tea;Lemon Grass Rg;5.0;2023-01-06 15:50:31;15;Friday;1;2023
3093.0;1.0;5.0;Lower Manhattan;71.0;3.75;Bakery;Pastry;Chocolate Croissant;3.75;2023-01-06 15:50:31;15;Friday;1;2023
3094.0;2.0;3.0;Astoria;59.0;4.5;Drinking Chocolate;Hot chocolate;Dark chocolate Lg;9.0;2023-01-06 15:52:48;15;Friday;1;2023
3095.0;2.0;8.0;Hell's Kitchen;34.0;2.45;Coffee;Premium brewed coffee;Jamaican Coffee River Sm;4.9;2023-01-06 15:54:21;15;Friday;1;2023
3096.0;1.0;3.0;Astoria;29.0;2.5;Coffee;Gourmet brewed coffee;Columbian Medium Roast Rg;2.5;2023-01-06 15:55:34;15;Friday;1;2023
3097.0;1.0;3.0;Astoria;71.0;3.75;Bakery;Pastry;Chocolate Croissant;3.75;2023-01-06 15:55:34;15;Friday;1;2023
3098.0;1.0;5.0;Lower Manhattan;31.0;2.2;Coffee;Gourmet brewed coffee;Ethiopia Sm;2.2;2023-01-06 15:59:48;15;Friday;1;2023
3099.0;2.0;3.0;Astoria;52.0;2.5;Tea;Brewed Chai tea;Traditional Blend Chai Rg;5.0;2023-01-06 16:01:15;16;Friday;1;2023
3100.0;2.0;3.0;Astoria;61.0;4.75;Drinking Chocolate;Hot chocolate;Sustainably Grown Organic Lg;9.5;2023-01-06 16:01:38;16;Friday;1;2023
3101.0;1.0;8.0;Hell's Kitchen;32.0;3.0;Coffee;Gourmet brewed coffee;Ethiopia Rg;3.0;2023-01-06 16:04:00;16;Friday;1;2023
3102.0;1.0;5.0;Lower Manhattan;55.0;4.0;Tea;Brewed Chai tea;Morning Sunrise Chai Lg;4.0;2023-01-06 16:06:32;16;Friday;1;2023
3103.0;1.0;5.0;Lower Manhattan;69.0;3.25;Bakery;Biscotti;Hazelnut Biscotti;3.25;2023-01-06 16:06:32;16;Friday;1;2023
3104.0;2.0;5.0;Lower Manhattan;60.0;3.75;Drinking Chocolate;Hot chocolate;Sustainably Grown Organic Rg;7.5;2023-01-06 16:07:08;16;Friday;1;2023
3105.0;2.0;8.0;Hell's Kitchen;22.0;2.0;Coffee;Drip coffee;Our Old Time Diner Blend Sm;4.0;2023-01-06 16:09:20;16;Friday;1;2023
3106.0;1.0;3.0;Astoria;54.0;2.5;Tea;Brewed Chai tea;Morning Sunrise Chai Rg;2.5;2023-01-06 16:09:48;16;Friday;1;2023
3107.0;2.0;5.0;Lower Manhattan;51.0;3.0;Tea;Brewed Black tea;Earl Grey Lg;6.0;2023-01-06 16:09:48;16;Friday;1;2023
3108.0;1.0;8.0;Hell's Kitchen;46.0;2.5;Tea;Brewed Green tea;Serenity Green Tea Rg;2.5;2023-01-06 16:10:40;16;Friday;1;2023
3109.0;2.0;8.0;Hell's Kitchen;35.0;3.1;Coffee;Premium brewed coffee;Jamaican Coffee River Rg;6.2;2023-01-06 16:11:53;16;Friday;1;2023
3110.0;2.0;8.0;Hell's Kitchen;28.0;2.0;Coffee;Gourmet brewed coffee;Columbian Medium Roast Sm;4.0;2023-01-06 16:12:52;16;Friday;1;2023
3111.0;2.0;3.0;Astoria;53.0;3.0;Tea;Brewed Chai tea;Traditional Blend Chai Lg;6.0;2023-01-06 16:13:51;16;Friday;1;2023
3112.0;1.0;3.0;Astoria;77.0;3.0;Bakery;Scone;Oatmeal Scone;3.0;2023-01-06 16:13:51;16;Friday;1;2023
3113.0;1.0;8.0;Hell's Kitchen;27.0;3.5;Coffee;Organic brewed coffee;Brazilian Lg;3.5;2023-01-06 16:14:53;16;Friday;1;2023
3116.0;2.0;8.0;Hell's Kitchen;46.0;2.5;Tea;Brewed Green tea;Serenity Green Tea Rg;5.0;2023-01-06 16:18:33;16;Friday;1;2023
3117.0;2.0;3.0;Astoria;39.0;4.25;Coffee;Barista Espresso;Latte Rg;8.5;2023-01-06 16:20:00;16;Friday;1;2023
3118.0;1.0;5.0;Lower Manhattan;26.0;3.0;Coffee;Organic brewed coffee;Brazilian Rg;3.0;2023-01-06 16:20:01;16;Friday;1;2023
3119.0;2.0;8.0;Hell's Kitchen;23.0;2.5;Coffee;Drip coffee;Our Old Time Diner Blend Rg;5.0;2023-01-06 16:22:18;16;Friday;1;2023
3120.0;1.0;8.0;Hell's Kitchen;24.0;3.0;Coffee;Drip coffee;Our Old Time Diner Blend Lg;3.0;2023-01-06 16:24:16;16;Friday;1;2023
3121.0;2.0;3.0;Astoria;61.0;4.75;Drinking Chocolate;Hot chocolate;Sustainably Grown Organic Lg;9.5;2023-01-06 16:24:46;16;Friday;1;2023
3122.0;1.0;3.0;Astoria;41.0;4.25;Coffee;Barista Espresso;Cappuccino Lg;4.25;2023-01-06 16:24:57;16;Friday;1;2023
3123.0;1.0;3.0;Astoria;79.0;3.75;Bakery;Scone;Jumbo Savory Scone;3.75;2023-01-06 16:24:57;16;Friday;1;2023
3124.0;2.0;3.0;Astoria;30.0;3.0;Coffee;Gourmet brewed coffee;Columbian Medium Roast Lg;6.0;2023-01-06 16:25:11;16;Friday;1;2023
3125.0;1.0;8.0;Hell's Kitchen;48.0;2.5;Tea;Brewed Black tea;English Breakfast Rg;2.5;2023-01-06 16:25:44;16;Friday;1;2023
3126.0;2.0;5.0;Lower Manhattan;49.0;3.0;Tea;Brewed Black tea;English Breakfast Lg;6.0;2023-01-06 16:28:02;16;Friday;1;2023
3128.0;1.0;5.0;Lower Manhattan;31.0;2.2;Coffee;Gourmet brewed coffee;Ethiopia Sm;2.2;2023-01-06 16:31:43;16;Friday;1;2023
3129.0;2.0;5.0;Lower Manhattan;36.0;3.75;Coffee;Premium brewed coffee;Jamaican Coffee River Lg;7.5;2023-01-06 16:32:58;16;Friday;1;2023
3130.0;2.0;3.0;Astoria;36.0;3.75;Coffee;Premium brewed coffee;Jamaican Coffee River Lg;7.5;2023-01-06 16:33:58;16;Friday;1;2023
3132.0;2.0;8.0;Hell's Kitchen;23.0;2.5;Coffee;Drip coffee;Our Old Time Diner Blend Rg;5.0;2023-01-06 16:36:16;16;Friday;1;2023
3133.0;1.0;8.0;Hell's Kitchen;29.0;2.5;Coffee;Gourmet brewed coffee;Columbian Medium Roast Rg;2.5;2023-01-06 16:36:59;16;Friday;1;2023
3134.0;1.0;3.0;Astoria;33.0;3.5;Coffee;Gourmet brewed coffee;Ethiopia Lg;3.5;2023-01-06 16:38:11;16;Friday;1;2023
3135.0;1.0;3.0;Astoria;70.0;3.25;Bakery;Scone;Cranberry Scone;3.25;2023-01-06 16:38:11;16;Friday;1;2023
3136.0;2.0;8.0;Hell's Kitchen;24.0;3.0;Coffee;Drip coffee;Our Old Time Diner Blend Lg;6.0;2023-01-06 16:41:34;16;Friday;1;2023
3137.0;1.0;5.0;Lower Manhattan;52.0;2.5;Tea;Brewed Chai tea;Traditional Blend Chai Rg;2.5;2023-01-06 16:42:21;16;Friday;1;2023
3138.0;2.0;8.0;Hell's Kitchen;24.0;3.0;Coffee;Drip coffee;Our Old Time Diner Blend Lg;6.0;2023-01-06 16:43:09;16;Friday;1;2023
3139.0;2.0;8.0;Hell's Kitchen;46.0;2.5;Tea;Brewed Green tea;Serenity Green Tea Rg;5.0;2023-01-06 16:45:35;16;Friday;1;2023
3140.0;2.0;3.0;Astoria;22.0;2.0;Coffee;Drip coffee;Our Old Time Diner Blend Sm;4.0;2023-01-06 16:53:26;16;Friday;1;2023
3141.0;2.0;5.0;Lower Manhattan;27.0;3.5;Coffee;Organic brewed coffee;Brazilian Lg;7.0;2023-01-06 16:53:29;16;Friday;1;2023
3142.0;2.0;8.0;Hell's Kitchen;31.0;2.2;Coffee;Gourmet brewed coffee;Ethiopia Sm;4.4;2023-01-06 16:54:34;16;Friday;1;2023
3143.0;1.0;5.0;Lower Manhattan;30.0;3.0;Coffee;Gourmet brewed coffee;Columbian Medium Roast Lg;3.0;2023-01-06 17:00:54;17;Friday;1;2023
3144.0;1.0;5.0;Lower Manhattan;73.0;3.75;Bakery;Pastry;Almond Croissant;3.75;2023-01-06 17:00:54;17;Friday;1;2023
3145.0;2.0;8.0;Hell's Kitchen;38.0;3.75;Coffee;Barista Espresso;Latte;7.5;2023-01-06 17:01:53;17;Friday;1;2023
3146.0;2.0;3.0;Astoria;47.0;3.0;Tea;Brewed Green tea;Serenity Green Tea Lg;6.0;2023-01-06 17:03:56;17;Friday;1;2023
3147.0;1.0;3.0;Astoria;78.0;4.5;Bakery;Scone;Scottish Cream Scone ;4.5;2023-01-06 17:03:56;17;Friday;1;2023
3148.0;2.0;8.0;Hell's Kitchen;34.0;2.45;Coffee;Premium brewed coffee;Jamaican Coffee River Sm;4.9;2023-01-06 17:06:09;17;Friday;1;2023
3149.0;2.0;5.0;Lower Manhattan;25.0;2.2;Coffee;Organic brewed coffee;Brazilian Sm;4.4;2023-01-06 17:09:19;17;Friday;1;2023
3150.0;1.0;8.0;Hell's Kitchen;87.0;3.0;Coffee;Barista Espresso;Ouro Brasileiro shot;3.0;2023-01-06 17:14:32;17;Friday;1;2023
3151.0;1.0;8.0;Hell's Kitchen;76.0;3.5;Bakery;Biscotti;Chocolate Chip Biscotti;3.5;2023-01-06 17:14:32;17;Friday;1;2023
3152.0;2.0;3.0;Astoria;33.0;3.5;Coffee;Gourmet brewed coffee;Ethiopia Lg;7.0;2023-01-06 17:18:22;17;Friday;1;2023
3153.0;2.0;3.0;Astoria;58.0;3.5;Drinking Chocolate;Hot chocolate;Dark chocolate Rg;7.0;2023-01-06 17:19:08;17;Friday;1;2023
3154.0;2.0;5.0;Lower Manhattan;51.0;3.0;Tea;Brewed Black tea;Earl Grey Lg;6.0;2023-01-06 17:19:22;17;Friday;1;2023
3155.0;1.0;3.0;Astoria;36.0;3.75;Coffee;Premium brewed coffee;Jamaican Coffee River Lg;3.75;2023-01-06 17:20:38;17;Friday;1;2023
3156.0;2.0;5.0;Lower Manhattan;58.0;3.5;Drinking Chocolate;Hot chocolate;Dark chocolate Rg;7.0;2023-01-06 17:22:32;17;Friday;1;2023
3157.0;2.0;8.0;Hell's Kitchen;43.0;3.0;Tea;Brewed herbal tea;Lemon Grass Lg;6.0;2023-01-06 17:23:25;17;Friday;1;2023
3158.0;1.0;8.0;Hell's Kitchen;57.0;3.1;Tea;Brewed Chai tea;Spicy Eye Opener Chai Lg;3.1;2023-01-06 17:24:08;17;Friday;1;2023
3159.0;2.0;5.0;Lower Manhattan;50.0;2.5;Tea;Brewed Black tea;Earl Grey Rg;5.0;2023-01-06 17:24:34;17;Friday;1;2023
3160.0;2.0;5.0;Lower Manhattan;29.0;2.5;Coffee;Gourmet brewed coffee;Columbian Medium Roast Rg;5.0;2023-01-06 17:25:38;17;Friday;1;2023
3161.0;2.0;8.0;Hell's Kitchen;87.0;3.0;Coffee;Barista Espresso;Ouro Brasileiro shot;6.0;2023-01-06 17:26:46;17;Friday;1;2023
3162.0;1.0;8.0;Hell's Kitchen;44.0;2.5;Tea;Brewed herbal tea;Peppermint Rg;2.5;2023-01-06 17:28:23;17;Friday;1;2023
3163.0;2.0;3.0;Astoria;36.0;3.75;Coffee;Premium brewed coffee;Jamaican Coffee River Lg;7.5;2023-01-06 17:31:41;17;Friday;1;2023
3164.0;2.0;3.0;Astoria;25.0;2.2;Coffee;Organic brewed coffee;Brazilian Sm;4.4;2023-01-06 17:32:53;17;Friday;1;2023
3165.0;2.0;5.0;Lower Manhattan;27.0;3.5;Coffee;Organic brewed coffee;Brazilian Lg;7.0;2023-01-06 17:33:47;17;Friday;1;2023
3166.0;1.0;3.0;Astoria;31.0;2.2;Coffee;Gourmet brewed coffee;Ethiopia Sm;2.2;2023-01-06 17:35:28;17;Friday;1;2023
3167.0;1.0;8.0;Hell's Kitchen;57.0;3.1;Tea;Brewed Chai tea;Spicy Eye Opener Chai Lg;3.1;2023-01-06 17:35:51;17;Friday;1;2023
3168.0;1.0;8.0;Hell's Kitchen;33.0;3.5;Coffee;Gourmet brewed coffee;Ethiopia Lg;3.5;2023-01-06 17:36:05;17;Friday;1;2023
3169.0;1.0;3.0;Astoria;56.0;2.55;Tea;Brewed Chai tea;Spicy Eye Opener Chai Rg;2.55;2023-01-06 17:37:52;17;Friday;1;2023
3170.0;1.0;3.0;Astoria;69.0;3.25;Bakery;Biscotti;Hazelnut Biscotti;3.25;2023-01-06 17:37:52;17;Friday;1;2023
3171.0;2.0;5.0;Lower Manhattan;29.0;2.5;Coffee;Gourmet brewed coffee;Columbian Medium Roast Rg;5.0;2023-01-06 17:38:48;17;Friday;1;2023
3172.0;2.0;3.0;Astoria;44.0;2.5;Tea;Brewed herbal tea;Peppermint Rg;5.0;2023-01-06 17:38:56;17;Friday;1;2023
3173.0;2.0;5.0;Lower Manhattan;29.0;2.5;Coffee;Gourmet brewed coffee;Columbian Medium Roast Rg;5.0;2023-01-06 17:40:03;17;Friday;1;2023
3174.0;2.0;8.0;Hell's Kitchen;54.0;2.5;Tea;Brewed Chai tea;Morning Sunrise Chai Rg;5.0;2023-01-06 17:40:18;17;Friday;1;2023
3175.0;2.0;3.0;Astoria;58.0;3.5;Drinking Chocolate;Hot chocolate;Dark chocolate Rg;7.0;2023-01-06 17:42:37;17;Friday;1;2023
3176.0;2.0;3.0;Astoria;30.0;3.0;Coffee;Gourmet brewed coffee;Columbian Medium Roast Lg;6.0;2023-01-06 17:44:00;17;Friday;1;2023
3178.0;2.0;3.0;Astoria;56.0;2.55;Tea;Brewed Chai tea;Spicy Eye Opener Chai Rg;5.1;2023-01-06 17:49:08;17;Friday;1;2023
3181.0;1.0;3.0;Astoria;42.0;2.5;Tea;Brewed herbal tea;Lemon Grass Rg;2.5;2023-01-06 17:53:09;17;Friday;1;2023
;1.0;;Lower Manhattan;;4.25;Coffee;Barista Espresso;Cappuccino Lg;4.25;2023-01-06 17:54:31;17;Friday;1;2023
3183.0;2.0;3.0;Astoria;30.0;3.0;Coffee;Gourmet brewed coffee;Columbian Medium Roast Lg;6.0;2023-01-06 17:55:31;17;Friday;1;2023
3184.0;1.0;5.0;Lower Manhattan;45.0;3.0;Tea;Brewed herbal tea;Peppermint Lg;3.0;2023-01-06 17:57:35;17;Friday;1;2023
3185.0;2.0;8.0;Hell's Kitchen;47.0;3.0;Tea;Brewed Green tea;Serenity Green Tea Lg;6.0;2023-01-06 17:59:49;17;Friday;1;2023
3186.0;1.0;5.0;Lower Manhattan;27.0;3.5;Coffee;Organic brewed coffee;Brazilian Lg;3.5;2023-01-06 17:59:58;17;Friday;1;2023
3187.0;1.0;3.0;Astoria;31.0;2.2;Coffee;Gourmet brewed coffee;Ethiopia Sm;2.2;2023-01-06 18:00:30;18;Friday;1;2023
3188.0;1.0;3.0;Astoria;74.0;3.5;Bakery;Biscotti;Ginger Biscotti;3.5;2023-01-06 18:00:30;18;Friday;1;2023
3189.0;1.0;3.0;Astoria;42.0;2.5;Tea;Brewed herbal tea;Lemon Grass Rg;2.5;2023-01-06 18:02:12;18;Friday;1;2023
3190.0;1.0;3.0;Astoria;23.0;2.5;Coffee;Drip coffee;Our Old Time Diner Blend Rg;2.5;2023-01-06 18:02:34;18;Friday;1;2023
3191.0;1.0;8.0;Hell's Kitchen;37.0;3.0;Coffee;Barista Espresso;Espresso shot;3.0;2023-01-06 18:03:12;18;Friday;1;2023
3192.0;2.0;8.0;Hell's Kitchen;43.0;3.0;Tea;Brewed herbal tea;Lemon Grass Lg;6.0;2023-01-06 18:07:17;18;Friday;1;2023
3193.0;1.0;3.0;Astoria;30.0;3.0;Coffee;Gourmet brewed coffee;Columbian Medium Roast Lg;3.0;2023-01-06 18:07:19;18;Friday;1;2023
3194.0;1.0;3.0;Astoria;78.0;4.5;Bakery;Scone;Scottish Cream Scone ;4.5;2023-01-06 18:07:19;18;Friday;1;2023
3195.0;2.0;3.0;Astoria;55.0;4.0;Tea;Brewed Chai tea;Morning Sunrise Chai Lg;8.0;2023-01-06 18:07:49;18;Friday;1;2023
3196.0;2.0;5.0;Lower Manhattan;51.0;3.0;Tea;Brewed Black tea;Earl Grey Lg;6.0;2023-01-06 18:08:50;18;Friday;1;2023
3197.0;1.0;8.0;Hell's Kitchen;24.0;3.0;Coffee;Drip coffee;Our Old Time Diner Blend Lg;3.0;2023-01-06 18:09:21;18;Friday;1;2023
3198.0;1.0;;Lower Manhattan;;4.0;Tea;Brewed Chai tea;Morning Sunrise Chai Lg;4.0;2023-01-06 18:11:01;18;Friday;1;2023
3199.0;2.0;3.0;Astoria;22.0;2.0;Coffee;Drip coffee;Our Old Time Diner Blend Sm;4.0;2023-01-06 18:13:30;18;Friday;1;2023
3200.0;2.0;3.0;Astoria;34.0;2.45;Coffee;Premium brewed coffee;Jamaican Coffee River Sm;4.9;2023-01-06 18:13:51;18;Friday;1;2023
3201.0;1.0;3.0;Astoria;29.0;2.5;Coffee;Gourmet brewed coffee;Columbian Medium Roast Rg;2.5;2023-01-06 18:15:27;18;Friday;1;2023
3202.0;1.0;3.0;Astoria;77.0;3.0;Bakery;Scone;Oatmeal Scone;3.0;2023-01-06 18:15:27;18;Friday;1;2023
3203.0;2.0;8.0;Hell's Kitchen;36.0;3.75;Coffee;Premium brewed coffee;Jamaican Coffee River Lg;7.5;2023-01-06 18:16:02;18;Friday;1;2023
3204.0;1.0;5.0;Lower Manhattan;41.0;4.25;Coffee;Barista Espresso;Cappuccino Lg;4.25;2023-01-06 18:19:25;18;Friday;1;2023
3205.0;1.0;3.0;Astoria;60.0;3.75;Drinking Chocolate;Hot chocolate;Sustainably Grown Organic Rg;3.75;2023-01-06 18:21:46;18;Friday;1;2023
3206.0;1.0;3.0;Astoria;24.0;3.0;Coffee;Drip coffee;Our Old Time Diner Blend Lg;3.0;2023-01-06 18:22:14;18;Friday;1;2023
3207.0;1.0;3.0;Astoria;43.0;3.0;Tea;Brewed herbal tea;Lemon Grass Lg;3.0;2023-01-06 18:23:27;18;Friday;1;2023
3208.0;1.0;8.0;Hell's Kitchen;35.0;3.1;Coffee;Premium brewed coffee;Jamaican Coffee River Rg;3.1;2023-01-06 18:24:05;18;Friday;1;2023
3209.0;2.0;5.0;Lower Manhattan;37.0;3.0;Coffee;Barista Espresso;Espresso shot;6.0;2023-01-06 18:24:52;18;Friday;1;2023
3210.0;1.0;5.0;Lower Manhattan;71.0;3.75;Bakery;Pastry;Chocolate Croissant;3.75;2023-01-06 18:24:52;18;Friday;1;2023
3211.0;1.0;3.0;Astoria;46.0;2.5;Tea;Brewed Green tea;Serenity Green Tea Rg;2.5;2023-01-06 18:28:43;18;Friday;1;2023
3212.0;2.0;8.0;Hell's Kitchen;32.0;3.0;Coffee;Gourmet brewed coffee;Ethiopia Rg;6.0;2023-01-06 18:28:50;18;Friday;1;2023
3213.0;2.0;3.0;Astoria;47.0;3.0;Tea;Brewed Green tea;Serenity Green Tea Lg;6.0;2023-01-06 18:31:14;18;Friday;1;2023
3214.0;2.0;3.0;Astoria;43.0;3.0;Tea;Brewed herbal tea;Lemon Grass Lg;6.0;2023-01-06 18:36:15;18;Friday;1;2023
3215.0;2.0;3.0;Astoria;43.0;3.0;Tea;Brewed herbal tea;Lemon Grass Lg;6.0;2023-01-06 18:37:07;18;Friday;1;2023
3216.0;2.0;3.0;Astoria;42.0;2.5;Tea;Brewed herbal tea;Lemon Grass Rg;5.0;2023-01-06 18:37:39;18;Friday;1;2023
3217.0;2.0;8.0;Hell's Kitchen;52.0;2.5;Tea;Brewed Chai tea;Traditional Blend Chai Rg;5.0;2023-01-06 18:41:16;18;Friday;1;2023
3218.0;2.0;8.0;Hell's Kitchen;26.0;3.0;Coffee;Organic brewed coffee;Brazilian Rg;6.0;2023-01-06 18:49:01;18;Friday;1;2023
3219.0;1.0;8.0;Hell's Kitchen;43.0;3.0;Tea;Brewed herbal tea;Lemon Grass Lg;3.0;2023-01-06 18:50:00;18;Friday;1;2023
3220.0;1.0;8.0;Hell's Kitchen;27.0;3.5;Coffee;Organic brewed coffee;Brazilian Lg;3.5;2023-01-06 18:50:40;18;Friday;1;2023
3221.0;2.0;3.0;Astoria;37.0;3.0;Coffee;Barista Espresso;Espresso shot;6.0;2023-01-06 18:52:10;18;Friday;1;2023
3222.0;2.0;3.0;Astoria;52.0;2.5;Tea;Brewed Chai tea;Traditional Blend Chai Rg;5.0;2023-01-06 18:53:01;18;Friday;1;2023
3223.0;1.0;3.0;Astoria;70.0;3.25;Bakery;Scone;Cranberry Scone;3.25;2023-01-06 18:53:01;18;Friday;1;2023
3224.0;1.0;8.0;Hell's Kitchen;24.0;3.0;Coffee;Drip coffee;Our Old Time Diner Blend Lg;3.0;2023-01-06 18:53:18;18;Friday;1;2023
3225.0;1.0;8.0;Hell's Kitchen;73.0;3.75;Bakery;Pastry;Almond Croissant;3.75;2023-01-06 18:53:18;18;Friday;1;2023
3226.0;2.0;8.0;Hell's Kitchen;36.0;3.75;Coffee;Premium brewed coffee;Jamaican Coffee River Lg;7.5;2023-01-06 19:00:11;19;Friday;1;2023
3227.0;1.0;3.0;Astoria;49.0;3.0;Tea;Brewed Black tea;English Breakfast Lg;3.0;2023-01-06 19:04:04;19;Friday;1;2023
3228.0;2.0;3.0;Astoria;42.0;2.5;Tea;Brewed herbal tea;Lemon Grass Rg;5.0;2023-01-06 19:04:52;19;Friday;1;2023
3229.0;2.0;8.0;Hell's Kitchen;30.0;3.0;Coffee;Gourmet brewed coffee;Columbian Medium Roast Lg;6.0;2023-01-06 19:06:30;19;Friday;1;2023
3230.0;1.0;8.0;Hell's Kitchen;73.0;3.75;Bakery;Pastry;Almond Croissant;3.75;2023-01-06 19:06:30;19;Friday;1;2023
3231.0;2.0;3.0;Astoria;36.0;3.75;Coffee;Premium brewed coffee;Jamaican Coffee River Lg;7.5;2023-01-06 19:08:42;19;Friday;1;2023
3232.0;2.0;3.0;Astoria;56.0;2.55;Tea;Brewed Chai tea;Spicy Eye Opener Chai Rg;5.1;2023-01-06 19:09:13;19;Friday;1;2023
3233.0;2.0;8.0;Hell's Kitchen;43.0;3.0;Tea;Brewed herbal tea;Lemon Grass Lg;6.0;2023-01-06 19:13:01;19;Friday;1;2023
3234.0;2.0;3.0;Astoria;27.0;3.5;Coffee;Organic brewed coffee;Brazilian Lg;7.0;2023-01-06 19:13:31;19;Friday;1;2023
3235.0;1.0;3.0;Astoria;74.0;3.5;Bakery;Biscotti;Ginger Biscotti;3.5;2023-01-06 19:13:31;19;Friday;1;2023
3237.0;1.0;8.0;Hell's Kitchen;26.0;3.0;Coffee;Organic brewed coffee;Brazilian Rg;3.0;2023-01-06 19:26:20;19;Friday;1;2023
3238.0;2.0;3.0;Astoria;40.0;3.75;Coffee;Barista Espresso;Cappuccino;7.5;2023-01-06 19:27:50;19;Friday;1;2023
3239.0;1.0;3.0;Astoria;29.0;2.5;Coffee;Gourmet brewed coffee;Columbian Medium Roast Rg;2.5;2023-01-06 19:29:11;19;Friday;1;2023
3240.0;2.0;3.0;Astoria;56.0;2.55;Tea;Brewed Chai tea;Spicy Eye Opener Chai Rg;5.1;2023-01-06 19:31:02;19;Friday;1;2023
3241.0;1.0;3.0;Astoria;70.0;3.25;Bakery;Scone;Cranberry Scone;3.25;2023-01-06 19:31:02;19;Friday;1;2023
3242.0;1.0;8.0;Hell's Kitchen;44.0;2.5;Tea;Brewed herbal tea;Peppermint Rg;2.5;2023-01-06 19:31:50;19;Friday;1;2023
3243.0;2.0;3.0;Astoria;28.0;2.0;Coffee;Gourmet brewed coffee;Columbian Medium Roast Sm;4.0;2023-01-06 19:34:16;19;Friday;1;2023
3244.0;2.0;8.0;Hell's Kitchen;58.0;3.5;Drinking Chocolate;Hot chocolate;Dark chocolate Rg;7.0;2023-01-06 19:37:19;19;Friday;1;2023
3245.0;1.0;3.0;Astoria;59.0;4.5;Drinking Chocolate;Hot chocolate;Dark chocolate Lg;4.5;2023-01-06 19:40:33;19;Friday;1;2023
3246.0;1.0;8.0;Hell's Kitchen;33.0;3.5;Coffee;Gourmet brewed coffee;Ethiopia Lg;3.5;2023-01-06 19:40:40;19;Friday;1;2023
3247.0;2.0;8.0;Hell's Kitchen;87.0;3.0;Coffee;Barista Espresso;Ouro Brasileiro shot;6.0;2023-01-06 19:42:00;19;Friday;1;2023
3248.0;1.0;8.0;Hell's Kitchen;59.0;4.5;Drinking Chocolate;Hot chocolate;Dark chocolate Lg;4.5;2023-01-06 19:44:52;19;Friday;1;2023
3249.0;2.0;3.0;Astoria;54.0;2.5;Tea;Brewed Chai tea;Morning Sunrise Chai Rg;5.0;2023-01-06 19:50:55;19;Friday;1;2023
3251.0;1.0;3.0;Astoria;55.0;4.0;Tea;Brewed Chai tea;Morning Sunrise Chai Lg;4.0;2023-01-06 19:57:06;19;Friday;1;2023
3281.0;2.0;5.0;Lower Manhattan;61.0;4.75;Drinking Chocolate;Hot chocolate;Sustainably Grown Organic Lg;9.5;2023-01-07 06:08:57;6;Saturday;1;2023
3282.0;2.0;5.0;Lower Manhattan;36.0;3.75;Coffee;Premium brewed coffee;Jamaican Coffee River Lg;7.5;2023-01-07 06:09:45;6;Saturday;1;2023
3283.0;1.0;5.0;Lower Manhattan;38.0;3.75;Coffee;Barista Espresso;Latte;3.75;2023-01-07 06:27:23;6;Saturday;1;2023
3284.0;2.0;5.0;Lower Manhattan;64.0;0.8;Flavours;Regular syrup;Hazelnut syrup;1.6;2023-01-07 06:27:23;6;Saturday;1;2023
3285.0;1.0;5.0;Lower Manhattan;71.0;3.75;Bakery;Pastry;Chocolate Croissant;3.75;2023-01-07 07:00:50;7;Saturday;1;2023
3286.0;1.0;5.0;Lower Manhattan;71.0;3.75;Bakery;Pastry;Chocolate Croissant;3.75;2023-01-07 07:00:50;7;Saturday;1;2023
3287.0;1.0;3.0;Astoria;28.0;2.0;Coffee;Gourmet brewed coffee;Columbian Medium Roast Sm;2.0;2023-01-07 07:01:52;7;Saturday;1;2023
3288.0;2.0;5.0;Lower Manhattan;45.0;3.0;Tea;Brewed herbal tea;Peppermint Lg;6.0;2023-01-07 07:02:40;7;Saturday;1;2023
3289.0;1.0;5.0;Lower Manhattan;40.0;3.75;Coffee;Barista Espresso;Cappuccino;3.75;2023-01-07 07:04:43;7;Saturday;1;2023
3290.0;2.0;3.0;Astoria;31.0;2.2;Coffee;Gourmet brewed coffee;Ethiopia Sm;4.4;2023-01-07 07:04:51;7;Saturday;1;2023
3291.0;1.0;3.0;Astoria;38.0;3.75;Coffee;Barista Espresso;Latte;3.75;2023-01-07 07:05:31;7;Saturday;1;2023
3292.0;1.0;5.0;Lower Manhattan;46.0;2.5;Tea;Brewed Green tea;Serenity Green Tea Rg;2.5;2023-01-07 07:07:56;7;Saturday;1;2023
3293.0;1.0;5.0;Lower Manhattan;12.0;8.95;Loose Tea;Herbal tea;Peppermint;8.95;2023-01-07 07:07:56;7;Saturday;1;2023
3294.0;1.0;3.0;Astoria;58.0;3.5;Drinking Chocolate;Hot chocolate;Dark chocolate Rg;3.5;2023-01-07 07:09:45;7;Saturday;1;2023
3295.0;2.0;3.0;Astoria;36.0;3.75;Coffee;Premium brewed coffee;Jamaican Coffee River Lg;7.5;2023-01-07 07:12:07;7;Saturday;1;2023
3296.0;2.0;5.0;Lower Manhattan;57.0;3.1;Tea;Brewed Chai tea;Spicy Eye Opener Chai Lg;6.2;2023-01-07 07:12:59;7;Saturday;1;2023
3297.0;2.0;5.0;Lower Manhattan;56.0;2.55;Tea;Brewed Chai tea;Spicy Eye Opener Chai Rg;5.1;2023-01-07 07:14:02;7;Saturday;1;2023
3298.0;1.0;5.0;Lower Manhattan;72.0;3.25;Bakery;Scone;Ginger Scone;3.25;2023-01-07 07:14:02;7;Saturday;1;2023
3299.0;2.0;3.0;Astoria;48.0;2.5;Tea;Brewed Black tea;English Breakfast Rg;5.0;2023-01-07 07:20:01;7;Saturday;1;2023
3300.0;1.0;;Lower Manhattan;;2.45;Coffee;Premium brewed coffee;Jamaican Coffee River Sm;2.45;2023-01-07 07:21:33;7;Saturday;1;2023
3301.0;1.0;5.0;Lower Manhattan;74.0;3.5;Bakery;Biscotti;Ginger Biscotti;3.5;2023-01-07 07:21:33;7;Saturday;1;2023
3302.0;2.0;5.0;Lower Manhattan;26.0;3.0;Coffee;Organic brewed coffee;Brazilian Rg;6.0;2023-01-07 07:22:11;7;Saturday;1;2023
3303.0;1.0;5.0;Lower Manhattan;54.0;2.5;Tea;Brewed Chai tea;Morning Sunrise Chai Rg;2.5;2023-01-07 07:22:28;7;Saturday;1;2023
3304.0;1.0;5.0;Lower Manhattan;76.0;3.5;Bakery;Biscotti;Chocolate Chip Biscotti;3.5;2023-01-07 07:22:28;7;Saturday;1;2023
3305.0;1.0;5.0;Lower Manhattan;52.0;2.5;Tea;Brewed Chai tea;Traditional Blend Chai Rg;2.5;2023-01-07 07:26:45;7;Saturday;1;2023
3306.0;2.0;3.0;Astoria;38.0;3.75;Coffee;Barista Espresso;Latte;7.5;2023-01-07 07:29:52;7;Saturday;1;2023
3308.0;1.0;3.0;Astoria;71.0;3.75;Bakery;Pastry;Chocolate Croissant;3.75;2023-01-07 07:30:09;7;Saturday;1;2023
3309.0;2.0;3.0;Astoria;23.0;2.5;Coffee;Drip coffee;Our Old Time Diner Blend Rg;5.0;2023-01-07 07:30:22;7;Saturday;1;2023
3310.0;1.0;3.0;Astoria;55.0;4.0;Tea;Brewed Chai tea;Morning Sunrise Chai Lg;4.0;2023-01-07 07:32:36;7;Saturday;1;2023
3311.0;1.0;5.0;Lower Manhattan;42.0;2.5;Tea;Brewed herbal tea;Lemon Grass Rg;2.5;2023-01-07 07:37:17;7;Saturday;1;2023
3312.0;2.0;3.0;Astoria;34.0;2.45;Coffee;Premium brewed coffee;Jamaican Coffee River Sm;4.9;2023-01-07 07:37:20;7;Saturday;1;2023
3313.0;2.0;5.0;Lower Manhattan;54.0;2.5;Tea;Brewed Chai tea;Morning Sunrise Chai Rg;5.0;2023-01-07 07:37:21;7;Saturday;1;2023
3314.0;1.0;5.0;Lower Manhattan;71.0;3.75;Bakery;Pastry;Chocolate Croissant;3.75;2023-01-07 07:37:21;7;Saturday;1;2023
3316.0;1.0;5.0;Lower Manhattan;31.0;2.2;Coffee;Gourmet brewed coffee;Ethiopia Sm;2.2;2023-01-07 07:39:29;7;Saturday;1;2023
3317.0;1.0;5.0;Lower Manhattan;69.0;3.25;Bakery;Biscotti;Hazelnut Biscotti;3.25;2023-01-07 07:39:29;7;Saturday;1;2023
3318.0;2.0;5.0;Lower Manhattan;57.0;3.1;Tea;Brewed Chai tea;Spicy Eye Opener Chai Lg;6.2;2023-01-07 07:42:21;7;Saturday;1;2023
3319.0;1.0;3.0;Astoria;58.0;3.5;Drinking Chocolate;Hot chocolate;Dark chocolate Rg;3.5;2023-01-07 07:43:33;7;Saturday;1;2023
3320.0;1.0;5.0;Lower Manhattan;41.0;4.25;Coffee;Barista Espresso;Cappuccino Lg;4.25;2023-01-07 07:44:17;7;Saturday;1;2023
3321.0;1.0;5.0;Lower Manhattan;63.0;0.8;Flavours;Regular syrup;Carmel syrup;0.8;2023-01-07 07:44:17;7;Saturday;1;2023
3322.0;1.0;5.0;Lower Manhattan;70.0;3.25;Bakery;Scone;Cranberry Scone;3.25;2023-01-07 07:44:17;7;Saturday;1;2023
3323.0;1.0;5.0;Lower Manhattan;6.0;21.0;Coffee beans;Gourmet Beans;Ethiopia;21.0;2023-01-07 07:44:17;7;Saturday;1;2023
3324.0;2.0;3.0;Astoria;24.0;3.0;Coffee;Drip coffee;Our Old Time Diner Blend Lg;6.0;2023-01-07 07:44:20;7;Saturday;1;2023
3325.0;1.0;5.0;Lower Manhattan;34.0;2.45;Coffee;Premium brewed coffee;Jamaican Coffee River Sm;2.45;2023-01-07 07:45:15;7;Saturday;1;2023
3326.0;1.0;5.0;Lower Manhattan;9.0;28.0;Coffee beans;Organic Beans;Organic Decaf Blend;28.0;2023-01-07 07:45:15;7;Saturday;1;2023
3327.0;2.0;3.0;Astoria;54.0;2.5;Tea;Brewed Chai tea;Morning Sunrise Chai Rg;5.0;2023-01-07 07:47:34;7;Saturday;1;2023
3328.0;2.0;5.0;Lower Manhattan;50.0;2.5;Tea;Brewed Black tea;Earl Grey Rg;5.0;2023-01-07 07:49:59;7;Saturday;1;2023
3329.0;1.0;3.0;Astoria;34.0;2.45;Coffee;Premium brewed coffee;Jamaican Coffee River Sm;2.45;2023-01-07 07:50:42;7;Saturday;1;2023
3330.0;1.0;3.0;Astoria;76.0;3.5;Bakery;Biscotti;Chocolate Chip Biscotti;3.5;2023-01-07 07:50:42;7;Saturday;1;2023
3331.0;2.0;5.0;Lower Manhattan;31.0;2.2;Coffee;Gourmet brewed coffee;Ethiopia Sm;4.4;2023-01-07 07:50:42;7;Saturday;1;2023
3332.0;1.0;5.0;Lower Manhattan;9.0;28.0;Coffee beans;Organic Beans;Organic Decaf Blend;28.0;2023-01-07 07:50:42;7;Saturday;1;2023
3333.0;2.0;3.0;Astoria;53.0;3.0;Tea;Brewed Chai tea;Traditional Blend Chai Lg;6.0;2023-01-07 07:53:15;7;Saturday;1;2023
3334.0;2.0;5.0;Lower Manhattan;25.0;2.2;Coffee;Organic brewed coffee;Brazilian Sm;4.4;2023-01-07 07:54:14;7;Saturday;1;2023
3335.0;1.0;5.0;Lower Manhattan;53.0;3.0;Tea;Brewed Chai tea;Traditional Blend Chai Lg;3.0;2023-01-07 07:55:28;7;Saturday;1;2023
3336.0;2.0;5.0;Lower Manhattan;23.0;2.5;Coffee;Drip coffee;Our Old Time Diner Blend Rg;5.0;2023-01-07 07:58:14;7;Saturday;1;2023
3337.0;1.0;5.0;Lower Manhattan;77.0;3.0;Bakery;Scone;Oatmeal Scone;3.0;2023-01-07 07:58:14;7;Saturday;1;2023
3338.0;2.0;8.0;Hell's Kitchen;41.0;4.25;Coffee;Barista Espresso;Cappuccino Lg;8.5;2023-01-07 08:01:24;8;Saturday;1;2023
3339.0;1.0;5.0;Lower Manhattan;43.0;3.0;Tea;Brewed herbal tea;Lemon Grass Lg;3.0;2023-01-07 08:02:29;8;Saturday;1;2023
3340.0;1.0;3.0;Astoria;49.0;3.0;Tea;Brewed Black tea;English Breakfast Lg;3.0;2023-01-07 08:03:02;8;Saturday;1;2023
3341.0;1.0;3.0;Astoria;34.0;2.45;Coffee;Premium brewed coffee;Jamaican Coffee River Sm;2.45;2023-01-07 08:03:27;8;Saturday;1;2023
3342.0;1.0;3.0;Astoria;60.0;3.75;Drinking Chocolate;Hot chocolate;Sustainably Grown Organic Rg;3.75;2023-01-07 08:03:40;8;Saturday;1;2023
3343.0;1.0;3.0;Astoria;73.0;3.75;Bakery;Pastry;Almond Croissant;3.75;2023-01-07 08:03:40;8;Saturday;1;2023
3344.0;2.0;5.0;Lower Manhattan;39.0;4.25;Coffee;Barista Espresso;Latte Rg;8.5;2023-01-07 08:03:46;8;Saturday;1;2023
3345.0;2.0;8.0;Hell's Kitchen;32.0;3.0;Coffee;Gourmet brewed coffee;Ethiopia Rg;6.0;2023-01-07 08:08:47;8;Saturday;1;2023
3346.0;1.0;3.0;Astoria;48.0;2.5;Tea;Brewed Black tea;English Breakfast Rg;2.5;2023-01-07 08:09:37;8;Saturday;1;2023
3347.0;1.0;8.0;Hell's Kitchen;41.0;4.25;Coffee;Barista Espresso;Cappuccino Lg;4.25;2023-01-07 08:09:37;8;Saturday;1;2023
3348.0;1.0;8.0;Hell's Kitchen;65.0;0.8;Flavours;Sugar free syrup;Sugar Free Vanilla syrup;0.8;2023-01-07 08:09:37;8;Saturday;1;2023
3349.0;2.0;8.0;Hell's Kitchen;54.0;2.5;Tea;Brewed Chai tea;Morning Sunrise Chai Rg;5.0;2023-01-07 08:14:20;8;Saturday;1;2023
3350.0;2.0;8.0;Hell's Kitchen;36.0;3.75;Coffee;Premium brewed coffee;Jamaican Coffee River Lg;7.5;2023-01-07 08:17:07;8;Saturday;1;2023
3351.0;1.0;8.0;Hell's Kitchen;75.0;3.5;Bakery;Pastry;Croissant;3.5;2023-01-07 08:17:07;8;Saturday;1;2023
3352.0;2.0;3.0;Astoria;56.0;2.55;Tea;Brewed Chai tea;Spicy Eye Opener Chai Rg;5.1;2023-01-07 08:17:28;8;Saturday;1;2023
3353.0;2.0;5.0;Lower Manhattan;26.0;3.0;Coffee;Organic brewed coffee;Brazilian Rg;6.0;2023-01-07 08:17:52;8;Saturday;1;2023
3354.0;1.0;5.0;Lower Manhattan;37.0;3.0;Coffee;Barista Espresso;Espresso shot;3.0;2023-01-07 08:18:07;8;Saturday;1;2023
3355.0;1.0;5.0;Lower Manhattan;65.0;0.8;Flavours;Sugar free syrup;Sugar Free Vanilla syrup;0.8;2023-01-07 08:18:07;8;Saturday;1;2023
3356.0;2.0;8.0;Hell's Kitchen;26.0;3.0;Coffee;Organic brewed coffee;Brazilian Rg;6.0;2023-01-07 08:18:15;8;Saturday;1;2023
3357.0;2.0;3.0;Astoria;26.0;3.0;Coffee;Organic brewed coffee;Brazilian Rg;6.0;2023-01-07 08:18:19;8;Saturday;1;2023
3358.0;1.0;8.0;Hell's Kitchen;47.0;3.0;Tea;Brewed Green tea;Serenity Green Tea Lg;3.0;2023-01-07 08:18:26;8;Saturday;1;2023
3359.0;2.0;3.0;Astoria;39.0;4.25;Coffee;Barista Espresso;Latte Rg;8.5;2023-01-07 08:18:30;8;Saturday;1;2023
3360.0;1.0;5.0;Lower Manhattan;37.0;3.0;Coffee;Barista Espresso;Espresso shot;3.0;2023-01-07 08:20:30;8;Saturday;1;2023
3361.0;1.0;5.0;Lower Manhattan;64.0;0.8;Flavours;Regular syrup;Hazelnut syrup;0.8;2023-01-07 08:20:30;8;Saturday;1;2023
3362.0;1.0;5.0;Lower Manhattan;42.0;2.5;Tea;Brewed herbal tea;Lemon Grass Rg;2.5;2023-01-07 08:20:52;8;Saturday;1;2023
3363.0;1.0;3.0;Astoria;46.0;2.5;Tea;Brewed Green tea;Serenity Green Tea Rg;2.5;2023-01-07 08:21:36;8;Saturday;1;2023
3364.0;1.0;3.0;Astoria;78.0;4.5;Bakery;Scone;Scottish Cream Scone ;4.5;2023-01-07 08:21:36;8;Saturday;1;2023
3365.0;2.0;8.0;Hell's Kitchen;27.0;3.5;Coffee;Organic brewed coffee;Brazilian Lg;7.0;2023-01-07 08:23:10;8;Saturday;1;2023
3366.0;2.0;8.0;Hell's Kitchen;55.0;4.0;Tea;Brewed Chai tea;Morning Sunrise Chai Lg;8.0;2023-01-07 08:24:24;8;Saturday;1;2023
3367.0;2.0;5.0;Lower Manhattan;55.0;4.0;Tea;Brewed Chai tea;Morning Sunrise Chai Lg;8.0;2023-01-07 08:25:03;8;Saturday;1;2023
3369.0;1.0;8.0;Hell's Kitchen;71.0;3.75;Bakery;Pastry;Chocolate Croissant;3.75;2023-01-07 08:26:11;8;Saturday;1;2023
3370.0;2.0;5.0;Lower Manhattan;52.0;2.5;Tea;Brewed Chai tea;Traditional Blend Chai Rg;5.0;2023-01-07 08:27:02;8;Saturday;1;2023
3371.0;1.0;8.0;Hell's Kitchen;47.0;3.0;Tea;Brewed Green tea;Serenity Green Tea Lg;3.0;2023-01-07 08:27:39;8;Saturday;1;2023
3372.0;2.0;8.0;Hell's Kitchen;35.0;3.1;Coffee;Premium brewed coffee;Jamaican Coffee River Rg;6.2;2023-01-07 08:27:46;8;Saturday;1;2023
3373.0;1.0;3.0;Astoria;32.0;3.0;Coffee;Gourmet brewed coffee;Ethiopia Rg;3.0;2023-01-07 08:30:51;8;Saturday;1;2023
3374.0;2.0;8.0;Hell's Kitchen;36.0;3.75;Coffee;Premium brewed coffee;Jamaican Coffee River Lg;7.5;2023-01-07 08:31:36;8;Saturday;1;2023
;2.0;;Lower Manhattan;25.0;2.2;Coffee;Organic brewed coffee;Brazilian Sm;4.4;2023-01-07 08:31:52;8;Saturday;1;2023
3376.0;2.0;3.0;Astoria;28.0;2.0;Coffee;Gourmet brewed coffee;Columbian Medium Roast Sm;4.0;2023-01-07 08:32:16;8;Saturday;1;2023
3377.0;1.0;8.0;Hell's Kitchen;39.0;4.25;Coffee;Barista Espresso;Latte Rg;4.25;2023-01-07 08:32:16;8;Saturday;1;2023
3378.0;1.0;8.0;Hell's Kitchen;64.0;0.8;Flavours;Regular syrup;Hazelnut syrup;0.8;2023-01-07 08:32:16;8;Saturday;1;2023
3380.0;1.0;5.0;Lower Manhattan;79.0;3.75;Bakery;Scone;Jumbo Savory Scone;3.75;2023-01-07 08:34:42;8;Saturday;1;2023
3381.0;2.0;8.0;Hell's Kitchen;41.0;4.25;Coffee;Barista Espresso;Cappuccino Lg;8.5;2023-01-07 08:35:18;8;Saturday;1;2023
3382.0;2.0;8.0;Hell's Kitchen;84.0;0.8;Flavours;Regular syrup;Chocolate syrup;1.6;2023-01-07 08:35:18;8;Saturday;1;2023
3383.0;1.0;8.0;Hell's Kitchen;75.0;3.5;Bakery;Pastry;Croissant;3.5;2023-01-07 08:35:18;8;Saturday;1;2023
3384.0;2.0;5.0;Lower Manhattan;32.0;3.0;Coffee;Gourmet brewed coffee;Ethiopia Rg;6.0;2023-01-07 08:35:21;8;Saturday;1;2023
3385.0;1.0;5.0;Lower Manhattan;70.0;3.25;Bakery;Scone;Cranberry Scone;3.25;2023-01-07 08:35:21;8;Saturday;1;2023
3386.0;1.0;8.0;Hell's Kitchen;55.0;4.0;Tea;Brewed Chai tea;Morning Sunrise Chai Lg;4.0;2023-01-07 08:35:23;8;Saturday;1;2023
3387.0;1.0;5.0;Lower Manhattan;42.0;2.5;Tea;Brewed herbal tea;Lemon Grass Rg;2.5;2023-01-07 08:35:26;8;Saturday;1;2023
3388.0;2.0;5.0;Lower Manhattan;39.0;4.25;Coffee;Barista Espresso;Latte Rg;8.5;2023-01-07 08:35:35;8;Saturday;1;2023
3389.0;2.0;5.0;Lower Manhattan;84.0;0.8;Flavours;Regular syrup;Chocolate syrup;1.6;2023-01-07 08:35:35;8;Saturday;1;2023
3390.0;1.0;5.0;Lower Manhattan;77.0;3.0;Bakery;Scone;Oatmeal Scone;3.0;2023-01-07 08:35:35;8;Saturday;1;2023
3391.0;2.0;8.0;Hell's Kitchen;35.0;3.1;Coffee;Premium brewed coffee;Jamaican Coffee River Rg;6.2;2023-01-07 08:35:40;8;Saturday;1;2023
3392.0;2.0;5.0;Lower Manhattan;40.0;3.75;Coffee;Barista Espresso;Cappuccino;7.5;2023-01-07 08:36:17;8;Saturday;1;2023
3393.0;2.0;5.0;Lower Manhattan;65.0;0.8;Flavours;Sugar free syrup;Sugar Free Vanilla syrup;1.6;2023-01-07 08:36:17;8;Saturday;1;2023
3394.0;2.0;5.0;Lower Manhattan;45.0;3.0;Tea;Brewed herbal tea;Peppermint Lg;6.0;2023-01-07 08:36:53;8;Saturday;1;2023
3395.0;1.0;3.0;Astoria;22.0;2.0;Coffee;Drip coffee;Our Old Time Diner Blend Sm;2.0;2023-01-07 08:38:09;8;Saturday;1;2023
3396.0;2.0;5.0;Lower Manhattan;48.0;2.5;Tea;Brewed Black tea;English Breakfast Rg;5.0;2023-01-07 08:38:12;8;Saturday;1;2023
3397.0;1.0;5.0;Lower Manhattan;46.0;2.5;Tea;Brewed Green tea;Serenity Green Tea Rg;2.5;2023-01-07 08:38:46;8;Saturday;1;2023
3398.0;1.0;5.0;Lower Manhattan;51.0;3.0;Tea;Brewed Black tea;Earl Grey Lg;3.0;2023-01-07 08:38:54;8;Saturday;1;2023
3399.0;1.0;8.0;Hell's Kitchen;50.0;2.5;Tea;Brewed Black tea;Earl Grey Rg;2.5;2023-01-07 08:39:02;8;Saturday;1;2023
3401.0;1.0;5.0;Lower Manhattan;53.0;3.0;Tea;Brewed Chai tea;Traditional Blend Chai Lg;3.0;2023-01-07 08:39:18;8;Saturday;1;2023
3402.0;2.0;8.0;Hell's Kitchen;34.0;2.45;Coffee;Premium brewed coffee;Jamaican Coffee River Sm;4.9;2023-01-07 08:39:52;8;Saturday;1;2023
3403.0;1.0;8.0;Hell's Kitchen;44.0;2.5;Tea;Brewed herbal tea;Peppermint Rg;2.5;2023-01-07 08:41:35;8;Saturday;1;2023
3404.0;1.0;8.0;Hell's Kitchen;70.0;3.25;Bakery;Scone;Cranberry Scone;3.25;2023-01-07 08:41:35;8;Saturday;1;2023
3405.0;1.0;3.0;Astoria;38.0;3.75;Coffee;Barista Espresso;Latte;3.75;2023-01-07 08:42:11;8;Saturday;1;2023
3406.0;2.0;8.0;Hell's Kitchen;24.0;3.0;Coffee;Drip coffee;Our Old Time Diner Blend Lg;6.0;2023-01-07 08:42:14;8;Saturday;1;2023
3407.0;2.0;5.0;Lower Manhattan;40.0;3.75;Coffee;Barista Espresso;Cappuccino;7.5;2023-01-07 08:46:10;8;Saturday;1;2023
3408.0;2.0;5.0;Lower Manhattan;64.0;0.8;Flavours;Regular syrup;Hazelnut syrup;1.6;2023-01-07 08:46:10;8;Saturday;1;2023
3410.0;2.0;8.0;Hell's Kitchen;65.0;0.8;Flavours;Sugar free syrup;Sugar Free Vanilla syrup;1.6;2023-01-07 08:49:16;8;Saturday;1;2023
3411.0;1.0;5.0;Lower Manhattan;36.0;3.75;Coffee;Premium brewed coffee;Jamaican Coffee River Lg;3.75;2023-01-07 08:50:43;8;Saturday;1;2023
3412.0;2.0;3.0;Astoria;38.0;3.75;Coffee;Barista Espresso;Latte;7.5;2023-01-07 08:52:26;8;Saturday;1;2023
3413.0;2.0;3.0;Astoria;59.0;4.5;Drinking Chocolate;Hot chocolate;Dark chocolate Lg;9.0;2023-01-07 08:53:13;8;Saturday;1;2023
3414.0;1.0;3.0;Astoria;56.0;2.55;Tea;Brewed Chai tea;Spicy Eye Opener Chai Rg;2.55;2023-01-07 08:54:23;8;Saturday;1;2023
3415.0;1.0;3.0;Astoria;79.0;3.75;Bakery;Scone;Jumbo Savory Scone;3.75;2023-01-07 08:54:23;8;Saturday;1;2023
3416.0;2.0;8.0;Hell's Kitchen;45.0;3.0;Tea;Brewed herbal tea;Peppermint Lg;6.0;2023-01-07 08:54:48;8;Saturday;1;2023
3417.0;1.0;8.0;Hell's Kitchen;69.0;3.25;Bakery;Biscotti;Hazelnut Biscotti;3.25;2023-01-07 08:54:48;8;Saturday;1;2023
3418.0;1.0;5.0;Lower Manhattan;25.0;2.2;Coffee;Organic brewed coffee;Brazilian Sm;2.2;2023-01-07 08:56:03;8;Saturday;1;2023
3419.0;1.0;8.0;Hell's Kitchen;29.0;2.5;Coffee;Gourmet brewed coffee;Columbian Medium Roast Rg;2.5;2023-01-07 08:56:03;8;Saturday;1;2023
3420.0;1.0;8.0;Hell's Kitchen;35.0;3.1;Coffee;Premium brewed coffee;Jamaican Coffee River Rg;3.1;2023-01-07 08:56:45;8;Saturday;1;2023
3421.0;2.0;8.0;Hell's Kitchen;28.0;2.0;Coffee;Gourmet brewed coffee;Columbian Medium Roast Sm;4.0;2023-01-07 08:57:19;8;Saturday;1;2023
3422.0;1.0;3.0;Astoria;31.0;2.2;Coffee;Gourmet brewed coffee;Ethiopia Sm;2.2;2023-01-07 08:57:22;8;Saturday;1;2023
3423.0;2.0;8.0;Hell's Kitchen;35.0;3.1;Coffee;Premium brewed coffee;Jamaican Coffee River Rg;6.2;2023-01-07 08:58:13;8;Saturday;1;2023
3424.0;2.0;3.0;Astoria;61.0;4.75;Drinking Chocolate;Hot chocolate;Sustainably Grown Organic Lg;9.5;2023-01-07 08:58:42;8;Saturday;1;2023
3425.0;1.0;3.0;Astoria;69.0;3.25;Bakery;Biscotti;Hazelnut Biscotti;3.25;2023-01-07 08:58:42;8;Saturday;1;2023
3426.0;2.0;5.0;Lower Manhattan;40.0;3.75;Coffee;Barista Espresso;Cappuccino;7.5;2023-01-07 08:59:09;8;Saturday;1;2023
3427.0;2.0;5.0;Lower Manhattan;63.0;0.8;Flavours;Regular syrup;Carmel syrup;1.6;2023-01-07 08:59:09;8;Saturday;1;2023
3428.0;1.0;3.0;Astoria;29.0;2.5;Coffee;Gourmet brewed coffee;Columbian Medium Roast Rg;2.5;2023-01-07 09:00:23;9;Saturday;1;2023
3429.0;2.0;8.0;Hell's Kitchen;27.0;3.5;Coffee;Organic brewed coffee;Brazilian Lg;7.0;2023-01-07 09:02:02;9;Saturday;1;2023
3430.0;2.0;8.0;Hell's Kitchen;36.0;3.75;Coffee;Premium brewed coffee;Jamaican Coffee River Lg;7.5;2023-01-07 09:03:52;9;Saturday;1;2023
3431.0;2.0;8.0;Hell's Kitchen;36.0;3.75;Coffee;Premium brewed coffee;Jamaican Coffee River Lg;7.5;2023-01-07 09:04:06;9;Saturday;1;2023
3432.0;2.0;5.0;Lower Manhattan;44.0;2.5;Tea;Brewed herbal tea;Peppermint Rg;5.0;2023-01-07 09:04:12;9;Saturday;1;2023
3433.0;2.0;8.0;Hell's Kitchen;28.0;2.0;Coffee;Gourmet brewed coffee;Columbian Medium Roast Sm;4.0;2023-01-07 09:04:31;9;Saturday;1;2023
3434.0;1.0;8.0;Hell's Kitchen;61.0;4.75;Drinking Chocolate;Hot chocolate;Sustainably Grown Organic Lg;4.75;2023-01-07 09:04:39;9;Saturday;1;2023
3435.0;2.0;8.0;Hell's Kitchen;22.0;2.0;Coffee;Drip coffee;Our Old Time Diner Blend Sm;4.0;2023-01-07 09:04:51;9;Saturday;1;2023
3436.0;1.0;5.0;Lower Manhattan;41.0;4.25;Coffee;Barista Espresso;Cappuccino Lg;4.25;2023-01-07 09:05:19;9;Saturday;1;2023
3437.0;1.0;5.0;Lower Manhattan;64.0;0.8;Flavours;Regular syrup;Hazelnut syrup;0.8;2023-01-07 09:05:19;9;Saturday;1;2023
3438.0;1.0;5.0;Lower Manhattan;9.0;28.0;Coffee beans;Organic Beans;Organic Decaf Blend;28.0;2023-01-07 09:05:19;9;Saturday;1;2023
3439.0;2.0;8.0;Hell's Kitchen;34.0;2.45;Coffee;Premium brewed coffee;Jamaican Coffee River Sm;4.9;2023-01-07 09:06:16;9;Saturday;1;2023
3440.0;2.0;5.0;Lower Manhattan;24.0;3.0;Coffee;Drip coffee;Our Old Time Diner Blend Lg;6.0;2023-01-07 09:06:26;9;Saturday;1;2023
3441.0;1.0;8.0;Hell's Kitchen;30.0;3.0;Coffee;Gourmet brewed coffee;Columbian Medium Roast Lg;3.0;2023-01-07 09:06:36;9;Saturday;1;2023
3442.0;1.0;5.0;Lower Manhattan;36.0;3.75;Coffee;Premium brewed coffee;Jamaican Coffee River Lg;3.75;2023-01-07 09:07:23;9;Saturday;1;2023
3443.0;1.0;5.0;Lower Manhattan;69.0;3.25;Bakery;Biscotti;Hazelnut Biscotti;3.25;2023-01-07 09:07:23;9;Saturday;1;2023
3444.0;2.0;8.0;Hell's Kitchen;60.0;3.75;Drinking Chocolate;Hot chocolate;Sustainably Grown Organic Rg;7.5;2023-01-07 09:08:57;9;Saturday;1;2023
3445.0;2.0;8.0;Hell's Kitchen;48.0;2.5;Tea;Brewed Black tea;English Breakfast Rg;5.0;2023-01-07 09:09:10;9;Saturday;1;2023
3446.0;1.0;8.0;Hell's Kitchen;40.0;3.75;Coffee;Barista Espresso;Cappuccino;3.75;2023-01-07 09:10:06;9;Saturday;1;2023
3447.0;1.0;8.0;Hell's Kitchen;63.0;0.8;Flavours;Regular syrup;Carmel syrup;0.8;2023-01-07 09:10:06;9;Saturday;1;2023
3448.0;1.0;3.0;Astoria;30.0;3.0;Coffee;Gourmet brewed coffee;Columbian Medium Roast Lg;3.0;2023-01-07 09:13:58;9;Saturday;1;2023
3449.0;2.0;5.0;Lower Manhattan;34.0;2.45;Coffee;Premium brewed coffee;Jamaican Coffee River Sm;4.9;2023-01-07 09:14:46;9;Saturday;1;2023
3450.0;1.0;5.0;Lower Manhattan;76.0;3.5;Bakery;Biscotti;Chocolate Chip Biscotti;3.5;2023-01-07 09:14:46;9;Saturday;1;2023
3451.0;2.0;5.0;Lower Manhattan;43.0;3.0;Tea;Brewed herbal tea;Lemon Grass Lg;6.0;2023-01-07 09:18:36;9;Saturday;1;2023
3452.0;1.0;8.0;Hell's Kitchen;41.0;4.25;Coffee;Barista Espresso;Cappuccino Lg;4.25;2023-01-07 09:19:48;9;Saturday;1;2023
3453.0;2.0;8.0;Hell's Kitchen;84.0;0.8;Flavours;Regular syrup;Chocolate syrup;1.6;2023-01-07 09:19:48;9;Saturday;1;2023
3454.0;2.0;5.0;Lower Manhattan;46.0;2.5;Tea;Brewed Green tea;Serenity Green Tea Rg;5.0;2023-01-07 09:22:17;9;Saturday;1;2023
3455.0;1.0;5.0;Lower Manhattan;26.0;3.0;Coffee;Organic brewed coffee;Brazilian Rg;3.0;2023-01-07 09:22:43;9;Saturday;1;2023
3456.0;2.0;8.0;Hell's Kitchen;48.0;2.5;Tea;Brewed Black tea;English Breakfast Rg;5.0;2023-01-07 09:22:44;9;Saturday;1;2023
3457.0;2.0;5.0;Lower Manhattan;50.0;2.5;Tea;Brewed Black tea;Earl Grey Rg;5.0;2023-01-07 09:23:04;9;Saturday;1;2023
3458.0;1.0;3.0;Astoria;60.0;3.75;Drinking Chocolate;Hot chocolate;Sustainably Grown Organic Rg;3.75;2023-01-07 09:23:23;9;Saturday;1;2023
3459.0;2.0;8.0;Hell's Kitchen;59.0;4.5;Drinking Chocolate;Hot chocolate;Dark chocolate Lg;9.0;2023-01-07 09:23:49;9;Saturday;1;2023
3460.0;2.0;5.0;Lower Manhattan;45.0;3.0;Tea;Brewed herbal tea;Peppermint Lg;6.0;2023-01-07 09:24:33;9;Saturday;1;2023
3461.0;1.0;8.0;Hell's Kitchen;45.0;3.0;Tea;Brewed herbal tea;Peppermint Lg;3.0;2023-01-07 09:29:10;9;Saturday;1;2023
3462.0;1.0;8.0;Hell's Kitchen;54.0;2.5;Tea;Brewed Chai tea;Morning Sunrise Chai Rg;2.5;2023-01-07 09:29:32;9;Saturday;1;2023
3463.0;1.0;8.0;Hell's Kitchen;44.0;2.5;Tea;Brewed herbal tea;Peppermint Rg;2.5;2023-01-07 09:29:36;9;Saturday;1;2023
3464.0;1.0;8.0;Hell's Kitchen;28.0;2.0;Coffee;Gourmet brewed coffee;Columbian Medium Roast Sm;2.0;2023-01-07 09:29:53;9;Saturday;1;2023
3465.0;1.0;8.0;Hell's Kitchen;60.0;3.75;Drinking Chocolate;Hot chocolate;Sustainably Grown Organic Rg;3.75;2023-01-07 09:30:59;9;Saturday;1;2023
3466.0;1.0;8.0;Hell's Kitchen;74.0;3.5;Bakery;Biscotti;Ginger Biscotti;3.5;2023-01-07 09:30:59;9;Saturday;1;2023
3467.0;1.0;8.0;Hell's Kitchen;71.0;3.75;Bakery;Pastry;Chocolate Croissant;3.75;2023-01-07 09:31:48;9;Saturday;1;2023
3468.0;1.0;8.0;Hell's Kitchen;71.0;3.75;Bakery;Pastry;Chocolate Croissant;3.75;2023-01-07 09:31:48;9;Saturday;1;2023
3469.0;1.0;5.0;Lower Manhattan;44.0;2.5;Tea;Brewed herbal tea;Peppermint Rg;2.5;2023-01-07 09:31:57;9;Saturday;1;2023
3470.0;1.0;5.0;Lower Manhattan;19.0;6.4;Packaged Chocolate;Drinking Chocolate;Dark chocolate;6.4;2023-01-07 09:31:57;9;Saturday;1;2023
3471.0;2.0;8.0;Hell's Kitchen;61.0;4.75;Drinking Chocolate;Hot chocolate;Sustainably Grown Organic Lg;9.5;2023-01-07 09:33:15;9;Saturday;1;2023
3472.0;2.0;8.0;Hell's Kitchen;61.0;4.75;Drinking Chocolate;Hot chocolate;Sustainably Grown Organic Lg;9.5;2023-01-07 09:37:41;9;Saturday;1;2023
3473.0;1.0;8.0;Hell's Kitchen;75.0;3.5;Bakery;Pastry;Croissant;3.5;2023-01-07 09:37:41;9;Saturday;1;2023
3474.0;2.0;8.0;Hell's Kitchen;28.0;2.0;Coffee;Gourmet brewed coffee;Columbian Medium Roast Sm;4.0;2023-01-07 09:40:36;9;Saturday;1;2023
3475.0;1.0;5.0;Lower Manhattan;24.0;3.0;Coffee;Drip coffee;Our Old Time Diner Blend Lg;3.0;2023-01-07 09:40:55;9;Saturday;1;2023
3476.0;1.0;5.0;Lower Manhattan;57.0;3.1;Tea;Brewed Chai tea;Spicy Eye Opener Chai Lg;3.1;2023-01-07 09:42:52;9;Saturday;1;2023
3477.0;1.0;5.0;Lower Manhattan;7.0;19.75;Coffee beans;Premium Beans;Jamacian Coffee River;19.75;2023-01-07 09:42:52;9;Saturday;1;2023
3478.0;1.0;5.0;Lower Manhattan;9.0;12.0;Coffee beans;Organic Beans;Organic Decaf Blend;12.0;2023-01-07 09:42:52;9;Saturday;1;2023
3479.0;2.0;8.0;Hell's Kitchen;25.0;2.2;Coffee;Organic brewed coffee;Brazilian Sm;4.4;2023-01-07 09:44:57;9;Saturday;1;2023
3480.0;1.0;8.0;Hell's Kitchen;71.0;3.75;Bakery;Pastry;Chocolate Croissant;3.75;2023-01-07 09:44:57;9;Saturday;1;2023
3481.0;1.0;8.0;Hell's Kitchen;1.0;18.0;Coffee beans;Organic Beans;Brazilian - Organic;18.0;2023-01-07 09:44:57;9;Saturday;1;2023
3482.0;1.0;3.0;Astoria;24.0;3.0;Coffee;Drip coffee;Our Old Time Diner Blend Lg;3.0;2023-01-07 09:46:24;9;Saturday;1;2023
3483.0;2.0;8.0;Hell's Kitchen;51.0;3.0;Tea;Brewed Black tea;Earl Grey Lg;6.0;2023-01-07 09:47:30;9;Saturday;1;2023
3484.0;2.0;5.0;Lower Manhattan;47.0;3.0;Tea;Brewed Green tea;Serenity Green Tea Lg;6.0;2023-01-07 09:48:19;9;Saturday;1;2023
3485.0;1.0;5.0;Lower Manhattan;58.0;3.5;Drinking Chocolate;Hot chocolate;Dark chocolate Rg;3.5;2023-01-07 09:49:02;9;Saturday;1;2023
3486.0;1.0;5.0;Lower Manhattan;33.0;3.5;Coffee;Gourmet brewed coffee;Ethiopia Lg;3.5;2023-01-07 09:53:35;9;Saturday;1;2023
3487.0;1.0;8.0;Hell's Kitchen;54.0;2.5;Tea;Brewed Chai tea;Morning Sunrise Chai Rg;2.5;2023-01-07 09:55:05;9;Saturday;1;2023
3488.0;1.0;5.0;Lower Manhattan;43.0;3.0;Tea;Brewed herbal tea;Lemon Grass Lg;3.0;2023-01-07 09:55:20;9;Saturday;1;2023
3489.0;2.0;5.0;Lower Manhattan;52.0;2.5;Tea;Brewed Chai tea;Traditional Blend Chai Rg;5.0;2023-01-07 09:57:15;9;Saturday;1;2023
3490.0;1.0;8.0;Hell's Kitchen;31.0;2.2;Coffee;Gourmet brewed coffee;Ethiopia Sm;2.2;2023-01-07 09:57:28;9;Saturday;1;2023
3491.0;2.0;5.0;Lower Manhattan;27.0;3.5;Coffee;Organic brewed coffee;Brazilian Lg;7.0;2023-01-07 09:59:35;9;Saturday;1;2023
3492.0;2.0;8.0;Hell's Kitchen;53.0;3.0;Tea;Brewed Chai tea;Traditional Blend Chai Lg;6.0;2023-01-07 10:00:37;10;Saturday;1;2023
3493.0;2.0;8.0;Hell's Kitchen;52.0;2.5;Tea;Brewed Chai tea;Traditional Blend Chai Rg;5.0;2023-01-07 10:00:41;10;Saturday;1;2023
3494.0;1.0;8.0;Hell's Kitchen;71.0;3.75;Bakery;Pastry;Chocolate Croissant;3.75;2023-01-07 10:00:41;10;Saturday;1;2023
3495.0;1.0;5.0;Lower Manhattan;27.0;3.5;Coffee;Organic brewed coffee;Brazilian Lg;3.5;2023-01-07 10:01:05;10;Saturday;1;2023
3496.0;2.0;8.0;Hell's Kitchen;36.0;3.75;Coffee;Premium brewed coffee;Jamaican Coffee River Lg;7.5;2023-01-07 10:01:15;10;Saturday;1;2023
3497.0;1.0;5.0;Lower Manhattan;36.0;3.75;Coffee;Premium brewed coffee;Jamaican Coffee River Lg;3.75;2023-01-07 10:01:43;10;Saturday;1;2023
3498.0;1.0;5.0;Lower Manhattan;77.0;3.0;Bakery;Scone;Oatmeal Scone;3.0;2023-01-07 10:01:43;10;Saturday;1;2023
3499.0;2.0;8.0;Hell's Kitchen;40.0;3.75;Coffee;Barista Espresso;Cappuccino;7.5;2023-01-07 10:03:00;10;Saturday;1;2023
3500.0;2.0;8.0;Hell's Kitchen;63.0;0.8;Flavours;Regular syrup;Carmel syrup;1.6;2023-01-07 10:03:00;10;Saturday;1;2023
3501.0;2.0;8.0;Hell's Kitchen;50.0;2.5;Tea;Brewed Black tea;Earl Grey Rg;5.0;2023-01-07 10:03:16;10;Saturday;1;2023
3502.0;1.0;8.0;Hell's Kitchen;71.0;3.75;Bakery;Pastry;Chocolate Croissant;3.75;2023-01-07 10:03:16;10;Saturday;1;2023
3503.0;1.0;5.0;Lower Manhattan;25.0;2.2;Coffee;Organic brewed coffee;Brazilian Sm;2.2;2023-01-07 10:04:24;10;Saturday;1;2023
3504.0;1.0;5.0;Lower Manhattan;27.0;3.5;Coffee;Organic brewed coffee;Brazilian Lg;3.5;2023-01-07 10:05:43;10;Saturday;1;2023
3505.0;2.0;8.0;Hell's Kitchen;43.0;3.0;Tea;Brewed herbal tea;Lemon Grass Lg;6.0;2023-01-07 10:06:54;10;Saturday;1;2023
3506.0;1.0;8.0;Hell's Kitchen;73.0;3.75;Bakery;Pastry;Almond Croissant;3.75;2023-01-07 10:06:54;10;Saturday;1;2023
3507.0;1.0;8.0;Hell's Kitchen;24.0;3.0;Coffee;Drip coffee;Our Old Time Diner Blend Lg;3.0;2023-01-07 10:08:21;10;Saturday;1;2023
3508.0;1.0;8.0;Hell's Kitchen;53.0;3.0;Tea;Brewed Chai tea;Traditional Blend Chai Lg;3.0;2023-01-07 10:09:33;10;Saturday;1;2023
3509.0;1.0;8.0;Hell's Kitchen;50.0;2.5;Tea;Brewed Black tea;Earl Grey Rg;2.5;2023-01-07 10:10:10;10;Saturday;1;2023
3510.0;1.0;8.0;Hell's Kitchen;74.0;3.5;Bakery;Biscotti;Ginger Biscotti;3.5;2023-01-07 10:10:10;10;Saturday;1;2023
3511.0;1.0;8.0;Hell's Kitchen;17.0;9.5;Loose Tea;Chai tea;Morning Sunrise Chai;9.5;2023-01-07 10:10:10;10;Saturday;1;2023
3512.0;2.0;8.0;Hell's Kitchen;59.0;4.5;Drinking Chocolate;Hot chocolate;Dark chocolate Lg;9.0;2023-01-07 10:10:12;10;Saturday;1;2023
3513.0;1.0;8.0;Hell's Kitchen;33.0;3.5;Coffee;Gourmet brewed coffee;Ethiopia Lg;3.5;2023-01-07 10:11:01;10;Saturday;1;2023
3514.0;1.0;8.0;Hell's Kitchen;53.0;3.0;Tea;Brewed Chai tea;Traditional Blend Chai Lg;3.0;2023-01-07 10:11:28;10;Saturday;1;2023
3515.0;1.0;8.0;Hell's Kitchen;52.0;2.5;Tea;Brewed Chai tea;Traditional Blend Chai Rg;2.5;2023-01-07 10:11:45;10;Saturday;1;2023
3516.0;2.0;8.0;Hell's Kitchen;45.0;3.0;Tea;Brewed herbal tea;Peppermint Lg;6.0;2023-01-07 10:11:48;10;Saturday;1;2023
;1.0;;Hell's Kitchen;;2.55;Tea;Brewed Chai tea;Spicy Eye Opener Chai Rg;2.55;2023-01-07 10:12:14;10;Saturday;1;2023
3518.0;1.0;8.0;Hell's Kitchen;70.0;3.25;Bakery;Scone;Cranberry Scone;3.25;2023-01-07 10:12:14;10;Saturday;1;2023
3519.0;1.0;8.0;Hell's Kitchen;35.0;3.1;Coffee;Premium brewed coffee;Jamaican Coffee River Rg;3.1;2023-01-07 10:13:09;10;Saturday;1;2023
3520.0;2.0;5.0;Lower Manhattan;53.0;3.0;Tea;Brewed Chai tea;Traditional Blend Chai Lg;6.0;2023-01-07 10:14:15;10;Saturday;1;2023
3521.0;2.0;5.0;Lower Manhattan;39.0;4.25;Coffee;Barista Espresso;Latte Rg;8.5;2023-01-07 10:14:20;10;Saturday;1;2023
3522.0;2.0;5.0;Lower Manhattan;84.0;0.8;Flavours;Regular syrup;Chocolate syrup;1.6;2023-01-07 10:14:20;10;Saturday;1;2023
3523.0;1.0;5.0;Lower Manhattan;6.0;21.0;Coffee beans;Gourmet Beans;Ethiopia;21.0;2023-01-07 10:14:20;10;Saturday;1;2023
3524.0;2.0;8.0;Hell's Kitchen;59.0;4.5;Drinking Chocolate;Hot chocolate;Dark chocolate Lg;9.0;2023-01-07 10:15:38;10;Saturday;1;2023
3525.0;1.0;3.0;Astoria;45.0;3.0;Tea;Brewed herbal tea;Peppermint Lg;3.0;2023-01-07 10:16:40;10;Saturday;1;2023
3526.0;1.0;3.0;Astoria;39.0;4.25;Coffee;Barista Espresso;Latte Rg;4.25;2023-01-07 10:19:44;10;Saturday;1;2023
3527.0;1.0;8.0;Hell's Kitchen;52.0;2.5;Tea;Brewed Chai tea;Traditional Blend Chai Rg;2.5;2023-01-07 10:21:28;10;Saturday;1;2023
3528.0;2.0;8.0;Hell's Kitchen;56.0;2.55;Tea;Brewed Chai tea;Spicy Eye Opener Chai Rg;5.1;2023-01-07 10:21:47;10;Saturday;1;2023
3529.0;1.0;5.0;Lower Manhattan;53.0;3.0;Tea;Brewed Chai tea;Traditional Blend Chai Lg;3.0;2023-01-07 10:22:06;10;Saturday;1;2023
3530.0;2.0;8.0;Hell's Kitchen;61.0;4.75;Drinking Chocolate;Hot chocolate;Sustainably Grown Organic Lg;9.5;2023-01-07 10:23:15;10;Saturday;1;2023
3531.0;1.0;8.0;Hell's Kitchen;74.0;3.5;Bakery;Biscotti;Ginger Biscotti;3.5;2023-01-07 10:23:15;10;Saturday;1;2023
3532.0;2.0;5.0;Lower Manhattan;37.0;3.0;Coffee;Barista Espresso;Espresso shot;6.0;2023-01-07 10:25:49;10;Saturday;1;2023
3533.0;1.0;5.0;Lower Manhattan;84.0;0.8;Flavours;Regular syrup;Chocolate syrup;0.8;2023-01-07 10:25:49;10;Saturday;1;2023
3534.0;1.0;5.0;Lower Manhattan;33.0;3.5;Coffee;Gourmet brewed coffee;Ethiopia Lg;3.5;2023-01-07 10:26:52;10;Saturday;1;2023
3535.0;1.0;3.0;Astoria;27.0;3.5;Coffee;Organic brewed coffee;Brazilian Lg;3.5;2023-01-07 10:28:18;10;Saturday;1;2023
3536.0;2.0;5.0;Lower Manhattan;43.0;3.0;Tea;Brewed herbal tea;Lemon Grass Lg;6.0;2023-01-07 10:28:43;10;Saturday;1;2023
3537.0;1.0;5.0;Lower Manhattan;71.0;3.75;Bakery;Pastry;Chocolate Croissant;3.75;2023-01-07 10:29:12;10;Saturday;1;2023
3538.0;1.0;5.0;Lower Manhattan;71.0;3.75;Bakery;Pastry;Chocolate Croissant;3.75;2023-01-07 10:29:12;10;Saturday;1;2023
3539.0;1.0;5.0;Lower Manhattan;71.0;3.75;Bakery;Pastry;Chocolate Croissant;3.75;2023-01-07 10:29:12;10;Saturday;1;2023
3540.0;2.0;3.0;Astoria;39.0;4.25;Coffee;Barista Espresso;Latte Rg;8.5;2023-01-07 10:29:17;10;Saturday;1;2023
3541.0;2.0;8.0;Hell's Kitchen;24.0;3.0;Coffee;Drip coffee;Our Old Time Diner Blend Lg;6.0;2023-01-07 10:29:47;10;Saturday;1;2023
3542.0;1.0;8.0;Hell's Kitchen;31.0;2.2;Coffee;Gourmet brewed coffee;Ethiopia Sm;2.2;2023-01-07 10:30:16;10;Saturday;1;2023
3543.0;1.0;5.0;Lower Manhattan;60.0;3.75;Drinking Chocolate;Hot chocolate;Sustainably Grown Organic Rg;3.75;2023-01-07 10:30:17;10;Saturday;1;2023
3544.0;2.0;5.0;Lower Manhattan;31.0;2.2;Coffee;Gourmet brewed coffee;Ethiopia Sm;4.4;2023-01-07 10:30:56;10;Saturday;1;2023
3545.0;1.0;8.0;Hell's Kitchen;59.0;4.5;Drinking Chocolate;Hot chocolate;Dark chocolate Lg;4.5;2023-01-07 10:30:57;10;Saturday;1;2023
3546.0;2.0;8.0;Hell's Kitchen;49.0;3.0;Tea;Brewed Black tea;English Breakfast Lg;6.0;2023-01-07 10:30:59;10;Saturday;1;2023
3547.0;2.0;8.0;Hell's Kitchen;36.0;3.75;Coffee;Premium brewed coffee;Jamaican Coffee River Lg;7.5;2023-01-07 10:31:28;10;Saturday;1;2023
3549.0;1.0;5.0;Lower Manhattan;10.0;10.0;Coffee beans;Green beans;Guatemalan Sustainably Grown;10.0;2023-01-07 10:32:10;10;Saturday;1;2023
3550.0;2.0;5.0;Lower Manhattan;44.0;2.5;Tea;Brewed herbal tea;Peppermint Rg;5.0;2023-01-07 10:32:22;10;Saturday;1;2023
3552.0;2.0;8.0;Hell's Kitchen;26.0;3.0;Coffee;Organic brewed coffee;Brazilian Rg;6.0;2023-01-07 10:32:37;10;Saturday;1;2023
3553.0;1.0;3.0;Astoria;44.0;2.5;Tea;Brewed herbal tea;Peppermint Rg;2.5;2023-01-07 10:34:04;10;Saturday;1;2023
3554.0;1.0;3.0;Astoria;51.0;3.0;Tea;Brewed Black tea;Earl Grey Lg;3.0;2023-01-07 10:34:38;10;Saturday;1;2023
3555.0;2.0;5.0;Lower Manhattan;51.0;3.0;Tea;Brewed Black tea;Earl Grey Lg;6.0;2023-01-07 10:35:30;10;Saturday;1;2023
3556.0;1.0;8.0;Hell's Kitchen;38.0;3.75;Coffee;Barista Espresso;Latte;3.75;2023-01-07 10:35:38;10;Saturday;1;2023
3557.0;1.0;8.0;Hell's Kitchen;65.0;0.8;Flavours;Sugar free syrup;Sugar Free Vanilla syrup;0.8;2023-01-07 10:35:38;10;Saturday;1;2023
3558.0;1.0;5.0;Lower Manhattan;43.0;3.0;Tea;Brewed herbal tea;Lemon Grass Lg;3.0;2023-01-07 10:36:25;10;Saturday;1;2023
3559.0;2.0;3.0;Astoria;41.0;4.25;Coffee;Barista Espresso;Cappuccino Lg;8.5;2023-01-07 10:36:38;10;Saturday;1;2023
3560.0;1.0;8.0;Hell's Kitchen;60.0;3.75;Drinking Chocolate;Hot chocolate;Sustainably Grown Organic Rg;3.75;2023-01-07 10:36:41;10;Saturday;1;2023
3561.0;1.0;3.0;Astoria;48.0;2.5;Tea;Brewed Black tea;English Breakfast Rg;2.5;2023-01-07 10:36:48;10;Saturday;1;2023
3562.0;1.0;3.0;Astoria;69.0;3.25;Bakery;Biscotti;Hazelnut Biscotti;3.25;2023-01-07 10:36:48;10;Saturday;1;2023
3563.0;2.0;5.0;Lower Manhattan;23.0;2.5;Coffee;Drip coffee;Our Old Time Diner Blend Rg;5.0;2023-01-07 10:37:13;10;Saturday;1;2023
3564.0;1.0;5.0;Lower Manhattan;79.0;3.75;Bakery;Scone;Jumbo Savory Scone;3.75;2023-01-07 10:37:13;10;Saturday;1;2023
3565.0;2.0;5.0;Lower Manhattan;27.0;3.5;Coffee;Organic brewed coffee;Brazilian Lg;7.0;2023-01-07 10:37:20;10;Saturday;1;2023
3566.0;1.0;8.0;Hell's Kitchen;22.0;2.0;Coffee;Drip coffee;Our Old Time Diner Blend Sm;2.0;2023-01-07 10:38:40;10;Saturday;1;2023
3567.0;1.0;8.0;Hell's Kitchen;79.0;3.75;Bakery;Scone;Jumbo Savory Scone;3.75;2023-01-07 10:38:40;10;Saturday;1;2023
3568.0;1.0;5.0;Lower Manhattan;40.0;3.75;Coffee;Barista Espresso;Cappuccino;3.75;2023-01-07 10:39:45;10;Saturday;1;2023
3569.0;1.0;5.0;Lower Manhattan;28.0;2.0;Coffee;Gourmet brewed coffee;Columbian Medium Roast Sm;2.0;2023-01-07 10:41:25;10;Saturday;1;2023
3570.0;1.0;;Lower Manhattan;;2.55;Tea;Brewed Chai tea;Spicy Eye Opener Chai Rg;2.55;2023-01-07 10:42:24;10;Saturday;1;2023
3571.0;2.0;5.0;Lower Manhattan;55.0;4.0;Tea;Brewed Chai tea;Morning Sunrise Chai Lg;8.0;2023-01-07 10:42:28;10;Saturday;1;2023
3572.0;2.0;8.0;Hell's Kitchen;22.0;2.0;Coffee;Drip coffee;Our Old Time Diner Blend Sm;4.0;2023-01-07 10:43:14;10;Saturday;1;2023
3573.0;2.0;5.0;Lower Manhattan;40.0;3.75;Coffee;Barista Espresso;Cappuccino;7.5;2023-01-07 10:44:03;10;Saturday;1;2023
3574.0;1.0;5.0;Lower Manhattan;64.0;0.8;Flavours;Regular syrup;Hazelnut syrup;0.8;2023-01-07 10:44:03;10;Saturday;1;2023
3575.0;2.0;3.0;Astoria;23.0;2.5;Coffee;Drip coffee;Our Old Time Diner Blend Rg;5.0;2023-01-07 10:45:01;10;Saturday;1;2023
3576.0;1.0;3.0;Astoria;79.0;3.75;Bakery;Scone;Jumbo Savory Scone;3.75;2023-01-07 10:45:01;10;Saturday;1;2023
3577.0;1.0;3.0;Astoria;47.0;3.0;Tea;Brewed Green tea;Serenity Green Tea Lg;3.0;2023-01-07 10:46:21;10;Saturday;1;2023
3578.0;2.0;5.0;Lower Manhattan;24.0;3.0;Coffee;Drip coffee;Our Old Time Diner Blend Lg;6.0;2023-01-07 10:46:35;10;Saturday;1;2023
3579.0;2.0;5.0;Lower Manhattan;37.0;3.0;Coffee;Barista Espresso;Espresso shot;6.0;2023-01-07 10:47:22;10;Saturday;1;2023
3580.0;1.0;5.0;Lower Manhattan;65.0;0.8;Flavours;Sugar free syrup;Sugar Free Vanilla syrup;0.8;2023-01-07 10:47:22;10;Saturday;1;2023
3581.0;1.0;8.0;Hell's Kitchen;26.0;3.0;Coffee;Organic brewed coffee;Brazilian Rg;3.0;2023-01-07 10:48:34;10;Saturday;1;2023
3582.0;1.0;8.0;Hell's Kitchen;25.0;2.2;Coffee;Organic brewed coffee;Brazilian Sm;2.2;2023-01-07 10:48:54;10;Saturday;1;2023
3583.0;1.0;8.0;Hell's Kitchen;23.0;2.5;Coffee;Drip coffee;Our Old Time Diner Blend Rg;2.5;2023-01-07 10:49:08;10;Saturday;1;2023
3584.0;1.0;8.0;Hell's Kitchen;4.0;20.45;Coffee beans;Espresso Beans;Primo Espresso Roast;20.45;2023-01-07 10:49:08;10;Saturday;1;2023
3586.0;2.0;8.0;Hell's Kitchen;36.0;3.75;Coffee;Premium brewed coffee;Jamaican Coffee River Lg;7.5;2023-01-07 10:49:37;10;Saturday;1;2023
3587.0;1.0;8.0;Hell's Kitchen;69.0;3.25;Bakery;Biscotti;Hazelnut Biscotti;3.25;2023-01-07 10:49:37;10;Saturday;1;2023
3588.0;1.0;8.0;Hell's Kitchen;33.0;3.5;Coffee;Gourmet brewed coffee;Ethiopia Lg;3.5;2023-01-07 10:51:19;10;Saturday;1;2023
3589.0;2.0;8.0;Hell's Kitchen;38.0;3.75;Coffee;Barista Espresso;Latte;7.5;2023-01-07 10:52:50;10;Saturday;1;2023
3590.0;2.0;8.0;Hell's Kitchen;64.0;0.8;Flavours;Regular syrup;Hazelnut syrup;1.6;2023-01-07 10:52:50;10;Saturday;1;2023
3591.0;1.0;8.0;Hell's Kitchen;78.0;4.5;Bakery;Scone;Scottish Cream Scone ;4.5;2023-01-07 10:52:50;10;Saturday;1;2023
3592.0;2.0;8.0;Hell's Kitchen;48.0;2.5;Tea;Brewed Black tea;English Breakfast Rg;5.0;2023-01-07 10:53:35;10;Saturday;1;2023
3593.0;1.0;5.0;Lower Manhattan;35.0;3.1;Coffee;Premium brewed coffee;Jamaican Coffee River Rg;3.1;2023-01-07 10:53:56;10;Saturday;1;2023
3594.0;2.0;3.0;Astoria;49.0;3.0;Tea;Brewed Black tea;English Breakfast Lg;6.0;2023-01-07 10:54:49;10;Saturday;1;2023
3595.0;2.0;8.0;Hell's Kitchen;44.0;2.5;Tea;Brewed herbal tea;Peppermint Rg;5.0;2023-01-07 10:55:16;10;Saturday;1;2023
3596.0;2.0;8.0;Hell's Kitchen;40.0;3.75;Coffee;Barista Espresso;Cappuccino;7.5;2023-01-07 10:55:25;10;Saturday;1;2023
3597.0;1.0;8.0;Hell's Kitchen;65.0;0.8;Flavours;Sugar free syrup;Sugar Free Vanilla syrup;0.8;2023-01-07 10:55:25;10;Saturday;1;2023
3598.0;1.0;8.0;Hell's Kitchen;4.0;20.45;Coffee beans;Espresso Beans;Primo Espresso Roast;20.45;2023-01-07 10:55:25;10;Saturday;1;2023
3599.0;1.0;5.0;Lower Manhattan;39.0;4.25;Coffee;Barista Espresso;Latte Rg;4.25;2023-01-07 10:56:05;10;Saturday;1;2023
3600.0;2.0;5.0;Lower Manhattan;65.0;0.8;Flavours;Sugar free syrup;Sugar Free Vanilla syrup;1.6;2023-01-07 10:56:05;10;Saturday;1;2023
3601.0;1.0;5.0;Lower Manhattan;9.0;12.0;Coffee beans;Organic Beans;Organic Decaf Blend;12.0;2023-01-07 10:56:05;10;Saturday;1;2023
3602.0;2.0;8.0;Hell's Kitchen;27.0;3.5;Coffee;Organic brewed coffee;Brazilian Lg;7.0;2023-01-07 10:56:46;10;Saturday;1;2023
3603.0;1.0;8.0;Hell's Kitchen;40.0;3.75;Coffee;Barista Espresso;Cappuccino;3.75;2023-01-07 11:00:03;11;Saturday;1;2023
3604.0;2.0;8.0;Hell's Kitchen;63.0;0.8;Flavours;Regular syrup;Carmel syrup;1.6;2023-01-07 11:00:03;11;Saturday;1;2023
3605.0;1.0;8.0;Hell's Kitchen;74.0;3.5;Bakery;Biscotti;Ginger Biscotti;3.5;2023-01-07 11:00:03;11;Saturday;1;2023
3606.0;1.0;8.0;Hell's Kitchen;50.0;2.5;Tea;Brewed Black tea;Earl Grey Rg;2.5;2023-01-07 11:02:58;11;Saturday;1;2023
3607.0;1.0;8.0;Hell's Kitchen;32.0;3.0;Coffee;Gourmet brewed coffee;Ethiopia Rg;3.0;2023-01-07 11:03:14;11;Saturday;1;2023
3608.0;2.0;8.0;Hell's Kitchen;56.0;2.55;Tea;Brewed Chai tea;Spicy Eye Opener Chai Rg;5.1;2023-01-07 11:03:20;11;Saturday;1;2023
3609.0;1.0;8.0;Hell's Kitchen;72.0;3.25;Bakery;Scone;Ginger Scone;3.25;2023-01-07 11:03:20;11;Saturday;1;2023
3610.0;2.0;3.0;Astoria;52.0;2.5;Tea;Brewed Chai tea;Traditional Blend Chai Rg;5.0;2023-01-07 11:05:30;11;Saturday;1;2023
3611.0;1.0;3.0;Astoria;78.0;4.5;Bakery;Scone;Scottish Cream Scone ;4.5;2023-01-07 11:05:30;11;Saturday;1;2023
3612.0;1.0;5.0;Lower Manhattan;30.0;3.0;Coffee;Gourmet brewed coffee;Columbian Medium Roast Lg;3.0;2023-01-07 11:07:14;11;Saturday;1;2023
3613.0;1.0;8.0;Hell's Kitchen;25.0;2.2;Coffee;Organic brewed coffee;Brazilian Sm;2.2;2023-01-07 11:07:48;11;Saturday;1;2023
3614.0;1.0;8.0;Hell's Kitchen;24.0;3.0;Coffee;Drip coffee;Our Old Time Diner Blend Lg;3.0;2023-01-07 11:07:54;11;Saturday;1;2023
3616.0;2.0;3.0;Astoria;33.0;3.5;Coffee;Gourmet brewed coffee;Ethiopia Lg;7.0;2023-01-07 11:10:06;11;Saturday;1;2023
3617.0;1.0;3.0;Astoria;75.0;3.5;Bakery;Pastry;Croissant;3.5;2023-01-07 11:10:06;11;Saturday;1;2023
3618.0;1.0;8.0;Hell's Kitchen;24.0;3.0;Coffee;Drip coffee;Our Old Time Diner Blend Lg;3.0;2023-01-07 11:13:18;11;Saturday;1;2023
3619.0;2.0;8.0;Hell's Kitchen;33.0;3.5;Coffee;Gourmet brewed coffee;Ethiopia Lg;7.0;2023-01-07 11:14:16;11;Saturday;1;2023
3620.0;1.0;3.0;Astoria;52.0;2.5;Tea;Brewed Chai tea;Traditional Blend Chai Rg;2.5;2023-01-07 11:15:49;11;Saturday;1;2023
3621.0;2.0;8.0;Hell's Kitchen;25.0;2.2;Coffee;Organic brewed coffee;Brazilian Sm;4.4;2023-01-07 11:15:54;11;Saturday;1;2023
3622.0;2.0;3.0;Astoria;53.0;3.0;Tea;Brewed Chai tea;Traditional Blend Chai Lg;6.0;2023-01-07 11:17:49;11;Saturday;1;2023
3623.0;1.0;3.0;Astoria;71.0;3.75;Bakery;Pastry;Chocolate Croissant;3.75;2023-01-07 11:17:49;11;Saturday;1;2023
3624.0;2.0;8.0;Hell's Kitchen;42.0;2.5;Tea;Brewed herbal tea;Lemon Grass Rg;5.0;2023-01-07 11:26:18;11;Saturday;1;2023
3625.0;2.0;8.0;Hell's Kitchen;49.0;3.0;Tea;Brewed Black tea;English Breakfast Lg;6.0;2023-01-07 11:26:56;11;Saturday;1;2023
3626.0;2.0;5.0;Lower Manhattan;23.0;2.5;Coffee;Drip coffee;Our Old Time Diner Blend Rg;5.0;2023-01-07 11:28:54;11;Saturday;1;2023
3627.0;1.0;3.0;Astoria;53.0;3.0;Tea;Brewed Chai tea;Traditional Blend Chai Lg;3.0;2023-01-07 11:29:17;11;Saturday;1;2023
3628.0;2.0;3.0;Astoria;37.0;3.0;Coffee;Barista Espresso;Espresso shot;6.0;2023-01-07 11:30:44;11;Saturday;1;2023
3629.0;2.0;3.0;Astoria;60.0;3.75;Drinking Chocolate;Hot chocolate;Sustainably Grown Organic Rg;7.5;2023-01-07 11:32:00;11;Saturday;1;2023
3630.0;1.0;3.0;Astoria;71.0;3.75;Bakery;Pastry;Chocolate Croissant;3.75;2023-01-07 11:32:00;11;Saturday;1;2023
3631.0;2.0;3.0;Astoria;50.0;2.5;Tea;Brewed Black tea;Earl Grey Rg;5.0;2023-01-07 11:32:37;11;Saturday;1;2023
3632.0;1.0;8.0;Hell's Kitchen;27.0;3.5;Coffee;Organic brewed coffee;Brazilian Lg;3.5;2023-01-07 11:38:37;11;Saturday;1;2023
3633.0;1.0;3.0;Astoria;41.0;4.25;Coffee;Barista Espresso;Cappuccino Lg;4.25;2023-01-07 11:39:41;11;Saturday;1;2023
3634.0;2.0;8.0;Hell's Kitchen;48.0;2.5;Tea;Brewed Black tea;English Breakfast Rg;5.0;2023-01-07 11:41:26;11;Saturday;1;2023
3635.0;1.0;5.0;Lower Manhattan;29.0;2.5;Coffee;Gourmet brewed coffee;Columbian Medium Roast Rg;2.5;2023-01-07 11:43:21;11;Saturday;1;2023
3636.0;1.0;5.0;Lower Manhattan;27.0;3.5;Coffee;Organic brewed coffee;Brazilian Lg;3.5;2023-01-07 11:44:13;11;Saturday;1;2023
3637.0;1.0;5.0;Lower Manhattan;76.0;3.5;Bakery;Biscotti;Chocolate Chip Biscotti;3.5;2023-01-07 11:44:13;11;Saturday;1;2023
3638.0;2.0;3.0;Astoria;38.0;3.75;Coffee;Barista Espresso;Latte;7.5;2023-01-07 11:46:43;11;Saturday;1;2023
3641.0;1.0;8.0;Hell's Kitchen;78.0;4.5;Bakery;Scone;Scottish Cream Scone ;4.5;2023-01-07 11:54:38;11;Saturday;1;2023
3642.0;2.0;5.0;Lower Manhattan;25.0;2.2;Coffee;Organic brewed coffee;Brazilian Sm;4.4;2023-01-07 11:55:57;11;Saturday;1;2023
3643.0;1.0;5.0;Lower Manhattan;32.0;3.0;Coffee;Gourmet brewed coffee;Ethiopia Rg;3.0;2023-01-07 11:59:07;11;Saturday;1;2023
3644.0;2.0;3.0;Astoria;61.0;4.75;Drinking Chocolate;Hot chocolate;Sustainably Grown Organic Lg;9.5;2023-01-07 12:05:19;12;Saturday;1;2023
3645.0;1.0;5.0;Lower Manhattan;28.0;2.0;Coffee;Gourmet brewed coffee;Columbian Medium Roast Sm;2.0;2023-01-07 12:07:17;12;Saturday;1;2023
3646.0;1.0;3.0;Astoria;55.0;4.0;Tea;Brewed Chai tea;Morning Sunrise Chai Lg;4.0;2023-01-07 12:07:31;12;Saturday;1;2023
3647.0;1.0;3.0;Astoria;38.0;3.75;Coffee;Barista Espresso;Latte;3.75;2023-01-07 12:07:44;12;Saturday;1;2023
3648.0;1.0;3.0;Astoria;27.0;3.5;Coffee;Organic brewed coffee;Brazilian Lg;3.5;2023-01-07 12:08:35;12;Saturday;1;2023
3649.0;2.0;3.0;Astoria;50.0;2.5;Tea;Brewed Black tea;Earl Grey Rg;5.0;2023-01-07 12:09:13;12;Saturday;1;2023
3650.0;2.0;8.0;Hell's Kitchen;39.0;4.25;Coffee;Barista Espresso;Latte Rg;8.5;2023-01-07 12:10:19;12;Saturday;1;2023
3651.0;2.0;5.0;Lower Manhattan;43.0;3.0;Tea;Brewed herbal tea;Lemon Grass Lg;6.0;2023-01-07 12:11:26;12;Saturday;1;2023
3652.0;1.0;5.0;Lower Manhattan;72.0;3.25;Bakery;Scone;Ginger Scone;3.25;2023-01-07 12:11:26;12;Saturday;1;2023
3653.0;1.0;5.0;Lower Manhattan;29.0;2.5;Coffee;Gourmet brewed coffee;Columbian Medium Roast Rg;2.5;2023-01-07 12:16:21;12;Saturday;1;2023
3654.0;1.0;5.0;Lower Manhattan;40.0;3.75;Coffee;Barista Espresso;Cappuccino;3.75;2023-01-07 12:17:09;12;Saturday;1;2023
3655.0;1.0;5.0;Lower Manhattan;73.0;3.75;Bakery;Pastry;Almond Croissant;3.75;2023-01-07 12:17:09;12;Saturday;1;2023
3656.0;1.0;3.0;Astoria;23.0;2.5;Coffee;Drip coffee;Our Old Time Diner Blend Rg;2.5;2023-01-07 12:18:01;12;Saturday;1;2023
3657.0;2.0;3.0;Astoria;34.0;2.45;Coffee;Premium brewed coffee;Jamaican Coffee River Sm;4.9;2023-01-07 12:23:20;12;Saturday;1;2023
3658.0;2.0;3.0;Astoria;50.0;2.5;Tea;Brewed Black tea;Earl Grey Rg;5.0;2023-01-07 12:24:00;12;Saturday;1;2023
3659.0;2.0;8.0;Hell's Kitchen;22.0;2.0;Coffee;Drip coffee;Our Old Time Diner Blend Sm;4.0;2023-01-07 12:26:42;12;Saturday;1;2023
3660.0;1.0;8.0;Hell's Kitchen;19.0;6.4;Packaged Chocolate;Drinking Chocolate;Dark chocolate;6.4;2023-01-07 12:26:42;12;Saturday;1;2023
3661.0;2.0;3.0;Astoria;44.0;2.5;Tea;Brewed herbal tea;Peppermint Rg;5.0;2023-01-07 12:28:26;12;Saturday;1;2023
3662.0;1.0;3.0;Astoria;71.0;3.75;Bakery;Pastry;Chocolate Croissant;3.75;2023-01-07 12:28:26;12;Saturday;1;2023
3663.0;1.0;3.0;Astoria;28.0;2.0;Coffee;Gourmet brewed coffee;Columbian Medium Roast Sm;2.0;2023-01-07 12:34:55;12;Saturday;1;2023
3664.0;2.0;5.0;Lower Manhattan;45.0;3.0;Tea;Brewed herbal tea;Peppermint Lg;6.0;2023-01-07 12:38:40;12;Saturday;1;2023
3665.0;1.0;3.0;Astoria;29.0;2.5;Coffee;Gourmet brewed coffee;Columbian Medium Roast Rg;2.5;2023-01-07 12:40:33;12;Saturday;1;2023
3666.0;2.0;8.0;Hell's Kitchen;29.0;2.5;Coffee;Gourmet brewed coffee;Columbian Medium Roast Rg;5.0;2023-01-07 12:42:49;12;Saturday;1;2023
3667.0;2.0;5.0;Lower Manhattan;54.0;2.5;Tea;Brewed Chai tea;Morning Sunrise Chai Rg;5.0;2023-01-07 12:43:13;12;Saturday;1;2023
3668.0;2.0;3.0;Astoria;59.0;4.5;Drinking Chocolate;Hot chocolate;Dark chocolate Lg;9.0;2023-01-07 12:44:24;12;Saturday;1;2023
;2.0;;Astoria;43.0;3.0;Tea;Brewed herbal tea;Lemon Grass Lg;6.0;2023-01-07 12:44:32;12;Saturday;1;2023
3670.0;1.0;5.0;Lower Manhattan;32.0;3.0;Coffee;Gourmet brewed coffee;Ethiopia Rg;3.0;2023-01-07 12:45:11;12;Saturday;1;2023
3671.0;2.0;5.0;Lower Manhattan;44.0;2.5;Tea;Brewed herbal tea;Peppermint Rg;5.0;2023-01-07 12:45:11;12;Saturday;1;2023
3672.0;1.0;3.0;Astoria;38.0;3.75;Coffee;Barista Espresso;Latte;3.75;2023-01-07 12:47:36;12;Saturday;1;2023
3673.0;1.0;3.0;Astoria;48.0;2.5;Tea;Brewed Black tea;English Breakfast Rg;2.5;2023-01-07 12:50:28;12;Saturday;1;2023
3674.0;1.0;3.0;Astoria;39.0;4.25;Coffee;Barista Espresso;Latte Rg;4.25;2023-01-07 12:52:20;12;Saturday;1;2023
3675.0;2.0;5.0;Lower Manhattan;61.0;4.75;Drinking Chocolate;Hot chocolate;Sustainably Grown Organic Lg;9.5;2023-01-07 12:53:48;12;Saturday;1;2023
3677.0;1.0;3.0;Astoria;74.0;3.5;Bakery;Biscotti;Ginger Biscotti;3.5;2023-01-07 12:54:18;12;Saturday;1;2023
3679.0;2.0;8.0;Hell's Kitchen;31.0;2.2;Coffee;Gourmet brewed coffee;Ethiopia Sm;4.4;2023-01-07 13:05:03;13;Saturday;1;2023
3680.0;2.0;8.0;Hell's Kitchen;36.0;3.75;Coffee;Premium brewed coffee;Jamaican Coffee River Lg;7.5;2023-01-07 13:07:13;13;Saturday;1;2023
3681.0;1.0;8.0;Hell's Kitchen;76.0;3.5;Bakery;Biscotti;Chocolate Chip Biscotti;3.5;2023-01-07 13:07:13;13;Saturday;1;2023
3682.0;2.0;3.0;Astoria;61.0;4.75;Drinking Chocolate;Hot chocolate;Sustainably Grown Organic Lg;9.5;2023-01-07 13:10:17;13;Saturday;1;2023
3683.0;1.0;3.0;Astoria;76.0;3.5;Bakery;Biscotti;Chocolate Chip Biscotti;3.5;2023-01-07 13:10:17;13;Saturday;1;2023
3684.0;2.0;3.0;Astoria;47.0;3.0;Tea;Brewed Green tea;Serenity Green Tea Lg;6.0;2023-01-07 13:14:09;13;Saturday;1;2023
3685.0;1.0;3.0;Astoria;28.0;2.0;Coffee;Gourmet brewed coffee;Columbian Medium Roast Sm;2.0;2023-01-07 13:17:13;13;Saturday;1;2023
3686.0;1.0;3.0;Astoria;42.0;2.5;Tea;Brewed herbal tea;Lemon Grass Rg;2.5;2023-01-07 13:24:10;13;Saturday;1;2023
3687.0;1.0;3.0;Astoria;57.0;3.1;Tea;Brewed Chai tea;Spicy Eye Opener Chai Lg;3.1;2023-01-07 13:25:18;13;Saturday;1;2023
3688.0;2.0;8.0;Hell's Kitchen;47.0;3.0;Tea;Brewed Green tea;Serenity Green Tea Lg;6.0;2023-01-07 13:26:37;13;Saturday;1;2023
3690.0;1.0;3.0;Astoria;26.0;3.0;Coffee;Organic brewed coffee;Brazilian Rg;3.0;2023-01-07 13:29:25;13;Saturday;1;2023
3691.0;1.0;3.0;Astoria;72.0;3.25;Bakery;Scone;Ginger Scone;3.25;2023-01-07 13:29:25;13;Saturday;1;2023
3692.0;2.0;8.0;Hell's Kitchen;46.0;2.5;Tea;Brewed Green tea;Serenity Green Tea Rg;5.0;2023-01-07 13:33:21;13;Saturday;1;2023
3693.0;1.0;3.0;Astoria;35.0;3.1;Coffee;Premium brewed coffee;Jamaican Coffee River Rg;3.1;2023-01-07 13:38:18;13;Saturday;1;2023
3694.0;2.0;3.0;Astoria;59.0;4.5;Drinking Chocolate;Hot chocolate;Dark chocolate Lg;9.0;2023-01-07 13:38:54;13;Saturday;1;2023
3695.0;2.0;8.0;Hell's Kitchen;34.0;2.45;Coffee;Premium brewed coffee;Jamaican Coffee River Sm;4.9;2023-01-07 13:45:04;13;Saturday;1;2023
3696.0;1.0;8.0;Hell's Kitchen;49.0;3.0;Tea;Brewed Black tea;English Breakfast Lg;3.0;2023-01-07 13:45:05;13;Saturday;1;2023
3697.0;1.0;8.0;Hell's Kitchen;53.0;3.0;Tea;Brewed Chai tea;Traditional Blend Chai Lg;3.0;2023-01-07 13:46:21;13;Saturday;1;2023
3698.0;1.0;3.0;Astoria;60.0;3.75;Drinking Chocolate;Hot chocolate;Sustainably Grown Organic Rg;3.75;2023-01-07 13:46:48;13;Saturday;1;2023
3699.0;1.0;3.0;Astoria;59.0;4.5;Drinking Chocolate;Hot chocolate;Dark chocolate Lg;4.5;2023-01-07 13:49:35;13;Saturday;1;2023
3700.0;2.0;3.0;Astoria;27.0;3.5;Coffee;Organic brewed coffee;Brazilian Lg;7.0;2023-01-07 13:50:41;13;Saturday;1;2023
3701.0;1.0;3.0;Astoria;53.0;3.0;Tea;Brewed Chai tea;Traditional Blend Chai Lg;3.0;2023-01-07 13:52:13;13;Saturday;1;2023
3702.0;1.0;3.0;Astoria;48.0;2.5;Tea;Brewed Black tea;English Breakfast Rg;2.5;2023-01-07 13:53:24;13;Saturday;1;2023
3703.0;1.0;3.0;Astoria;44.0;2.5;Tea;Brewed herbal tea;Peppermint Rg;2.5;2023-01-07 14:01:55;14;Saturday;1;2023
3704.0;2.0;3.0;Astoria;32.0;3.0;Coffee;Gourmet brewed coffee;Ethiopia Rg;6.0;2023-01-07 14:02:48;14;Saturday;1;2023
3705.0;2.0;3.0;Astoria;32.0;3.0;Coffee;Gourmet brewed coffee;Ethiopia Rg;6.0;2023-01-07 14:07:08;14;Saturday;1;2023
3706.0;2.0;8.0;Hell's Kitchen;61.0;4.75;Drinking Chocolate;Hot chocolate;Sustainably Grown Organic Lg;9.5;2023-01-07 14:09:59;14;Saturday;1;2023
3707.0;1.0;3.0;Astoria;50.0;2.5;Tea;Brewed Black tea;Earl Grey Rg;2.5;2023-01-07 14:16:15;14;Saturday;1;2023
3708.0;1.0;3.0;Astoria;69.0;3.25;Bakery;Biscotti;Hazelnut Biscotti;3.25;2023-01-07 14:16:15;14;Saturday;1;2023
3709.0;2.0;8.0;Hell's Kitchen;47.0;3.0;Tea;Brewed Green tea;Serenity Green Tea Lg;6.0;2023-01-07 14:20:34;14;Saturday;1;2023
3710.0;2.0;3.0;Astoria;22.0;2.0;Coffee;Drip coffee;Our Old Time Diner Blend Sm;4.0;2023-01-07 14:23:54;14;Saturday;1;2023
3711.0;1.0;8.0;Hell's Kitchen;43.0;3.0;Tea;Brewed herbal tea;Lemon Grass Lg;3.0;2023-01-07 14:25:40;14;Saturday;1;2023
3712.0;1.0;3.0;Astoria;49.0;3.0;Tea;Brewed Black tea;English Breakfast Lg;3.0;2023-01-07 14:27:49;14;Saturday;1;2023
3713.0;1.0;3.0;Astoria;71.0;3.75;Bakery;Pastry;Chocolate Croissant;3.75;2023-01-07 14:27:49;14;Saturday;1;2023
3714.0;1.0;3.0;Astoria;41.0;4.25;Coffee;Barista Espresso;Cappuccino Lg;4.25;2023-01-07 14:40:42;14;Saturday;1;2023
3715.0;1.0;3.0;Astoria;49.0;3.0;Tea;Brewed Black tea;English Breakfast Lg;3.0;2023-01-07 14:42:23;14;Saturday;1;2023
3716.0;1.0;8.0;Hell's Kitchen;57.0;3.1;Tea;Brewed Chai tea;Spicy Eye Opener Chai Lg;3.1;2023-01-07 14:51:43;14;Saturday;1;2023
3717.0;1.0;3.0;Astoria;51.0;3.0;Tea;Brewed Black tea;Earl Grey Lg;3.0;2023-01-07 14:53:35;14;Saturday;1;2023
3718.0;1.0;3.0;Astoria;71.0;3.75;Bakery;Pastry;Chocolate Croissant;3.75;2023-01-07 14:53:35;14;Saturday;1;2023
3719.0;1.0;3.0;Astoria;45.0;3.0;Tea;Brewed herbal tea;Peppermint Lg;3.0;2023-01-07 15:05:47;15;Saturday;1;2023
3720.0;1.0;8.0;Hell's Kitchen;26.0;3.0;Coffee;Organic brewed coffee;Brazilian Rg;3.0;2023-01-07 15:15:10;15;Saturday;1;2023
3721.0;2.0;3.0;Astoria;56.0;2.55;Tea;Brewed Chai tea;Spicy Eye Opener Chai Rg;5.1;2023-01-07 15:17:18;15;Saturday;1;2023
3722.0;1.0;3.0;Astoria;37.0;3.0;Coffee;Barista Espresso;Espresso shot;3.0;2023-01-07 15:20:43;15;Saturday;1;2023
3723.0;1.0;3.0;Astoria;77.0;3.0;Bakery;Scone;Oatmeal Scone;3.0;2023-01-07 15:20:43;15;Saturday;1;2023
3724.0;1.0;8.0;Hell's Kitchen;54.0;2.5;Tea;Brewed Chai tea;Morning Sunrise Chai Rg;2.5;2023-01-07 15:21:45;15;Saturday;1;2023
3725.0;2.0;3.0;Astoria;44.0;2.5;Tea;Brewed herbal tea;Peppermint Rg;5.0;2023-01-07 15:22:21;15;Saturday;1;2023
3727.0;1.0;3.0;Astoria;57.0;3.1;Tea;Brewed Chai tea;Spicy Eye Opener Chai Lg;3.1;2023-01-07 15:28:09;15;Saturday;1;2023
3728.0;1.0;3.0;Astoria;58.0;3.5;Drinking Chocolate;Hot chocolate;Dark chocolate Rg;3.5;2023-01-07 15:29:56;15;Saturday;1;2023
3729.0;1.0;3.0;Astoria;78.0;4.5;Bakery;Scone;Scottish Cream Scone ;4.5;2023-01-07 15:29:56;15;Saturday;1;2023
3730.0;1.0;8.0;Hell's Kitchen;33.0;3.5;Coffee;Gourmet brewed coffee;Ethiopia Lg;3.5;2023-01-07 15:38:19;15;Saturday;1;2023
3731.0;1.0;3.0;Astoria;48.0;2.5;Tea;Brewed Black tea;English Breakfast Rg;2.5;2023-01-07 15:38:25;15;Saturday;1;2023
3732.0;1.0;3.0;Astoria;53.0;3.0;Tea;Brewed Chai tea;Traditional Blend Chai Lg;3.0;2023-01-07 15:40:10;15;Saturday;1;2023
3733.0;1.0;3.0;Astoria;56.0;2.55;Tea;Brewed Chai tea;Spicy Eye Opener Chai Rg;2.55;2023-01-07 15:41:44;15;Saturday;1;2023
3734.0;2.0;3.0;Astoria;34.0;2.45;Coffee;Premium brewed coffee;Jamaican Coffee River Sm;4.9;2023-01-07 15:50:27;15;Saturday;1;2023
3735.0;2.0;8.0;Hell's Kitchen;47.0;3.0;Tea;Brewed Green tea;Serenity Green Tea Lg;6.0;2023-01-07 15:52:39;15;Saturday;1;2023
3736.0;2.0;8.0;Hell's Kitchen;32.0;3.0;Coffee;Gourmet brewed coffee;Ethiopia Rg;6.0;2023-01-07 15:52:55;15;Saturday;1;2023
3737.0;2.0;3.0;Astoria;32.0;3.0;Coffee;Gourmet brewed coffee;Ethiopia Rg;6.0;2023-01-07 15:57:16;15;Saturday;1;2023
3738.0;1.0;3.0;Astoria;77.0;3.0;Bakery;Scone;Oatmeal Scone;3.0;2023-01-07 15:57:16;15;Saturday;1;2023
3739.0;2.0;3.0;Astoria;55.0;4.0;Tea;Brewed Chai tea;Morning Sunrise Chai Lg;8.0;2023-01-07 15:57:17;15;Saturday;1;2023
3740.0;1.0;8.0;Hell's Kitchen;25.0;2.2;Coffee;Organic brewed coffee;Brazilian Sm;2.2;2023-01-07 15:59:32;15;Saturday;1;2023
3741.0;2.0;3.0;Astoria;35.0;3.1;Coffee;Premium brewed coffee;Jamaican Coffee River Rg;6.2;2023-01-07 16:07:02;16;Saturday;1;2023
3742.0;2.0;3.0;Astoria;25.0;2.2;Coffee;Organic brewed coffee;Brazilian Sm;4.4;2023-01-07 16:14:29;16;Saturday;1;2023
3743.0;1.0;3.0;Astoria;28.0;2.0;Coffee;Gourmet brewed coffee;Columbian Medium Roast Sm;2.0;2023-01-07 16:16:48;16;Saturday;1;2023
3744.0;1.0;8.0;Hell's Kitchen;26.0;3.0;Coffee;Organic brewed coffee;Brazilian Rg;3.0;2023-01-07 16:18:43;16;Saturday;1;2023
3745.0;1.0;8.0;Hell's Kitchen;45.0;3.0;Tea;Brewed herbal tea;Peppermint Lg;3.0;2023-01-07 16:19:36;16;Saturday;1;2023
3746.0;1.0;8.0;Hell's Kitchen;23.0;2.5;Coffee;Drip coffee;Our Old Time Diner Blend Rg;2.5;2023-01-07 16:24:34;16;Saturday;1;2023
3747.0;2.0;8.0;Hell's Kitchen;26.0;3.0;Coffee;Organic brewed coffee;Brazilian Rg;6.0;2023-01-07 16:35:34;16;Saturday;1;2023
3748.0;2.0;3.0;Astoria;57.0;3.1;Tea;Brewed Chai tea;Spicy Eye Opener Chai Lg;6.2;2023-01-07 16:40:58;16;Saturday;1;2023
3749.0;2.0;3.0;Astoria;60.0;3.75;Drinking Chocolate;Hot chocolate;Sustainably Grown Organic Rg;7.5;2023-01-07 16:44:24;16;Saturday;1;2023
3750.0;1.0;3.0;Astoria;37.0;3.0;Coffee;Barista Espresso;Espresso shot;3.0;2023-01-07 16:51:21;16;Saturday;1;2023
3751.0;2.0;8.0;Hell's Kitchen;52.0;2.5;Tea;Brewed Chai tea;Traditional Blend Chai Rg;5.0;2023-01-07 16:51:42;16;Saturday;1;2023
3752.0;1.0;8.0;Hell's Kitchen;69.0;3.25;Bakery;Biscotti;Hazelnut Biscotti;3.25;2023-01-07 16:51:42;16;Saturday;1;2023
3753.0;1.0;3.0;Astoria;60.0;3.75;Drinking Chocolate;Hot chocolate;Sustainably Grown Organic Rg;3.75;2023-01-07 16:57:01;16;Saturday;1;2023
3754.0;2.0;8.0;Hell's Kitchen;22.0;2.0;Coffee;Drip coffee;Our Old Time Diner Blend Sm;4.0;2023-01-07 17:01:44;17;Saturday;1;2023
3755.0;1.0;8.0;Hell's Kitchen;74.0;3.5;Bakery;Biscotti;Ginger Biscotti;3.5;2023-01-07 17:01:44;17;Saturday;1;2023
3756.0;1.0;3.0;Astoria;52.0;2.5;Tea;Brewed Chai tea;Traditional Blend Chai Rg;2.5;2023-01-07 17:02:45;17;Saturday;1;2023
3757.0;1.0;8.0;Hell's Kitchen;34.0;2.45;Coffee;Premium brewed coffee;Jamaican Coffee River Sm;2.45;2023-01-07 17:07:58;17;Saturday;1;2023
3758.0;1.0;8.0;Hell's Kitchen;23.0;2.5;Coffee;Drip coffee;Our Old Time Diner Blend Rg;2.5;2023-01-07 17:08:54;17;Saturday;1;2023
3759.0;1.0;8.0;Hell's Kitchen;79.0;3.75;Bakery;Scone;Jumbo Savory Scone;3.75;2023-01-07 17:08:54;17;Saturday;1;2023
3760.0;2.0;8.0;Hell's Kitchen;34.0;2.45;Coffee;Premium brewed coffee;Jamaican Coffee River Sm;4.9;2023-01-07 17:16:59;17;Saturday;1;2023
3761.0;2.0;3.0;Astoria;35.0;3.1;Coffee;Premium brewed coffee;Jamaican Coffee River Rg;6.2;2023-01-07 17:17:49;17;Saturday;1;2023
3762.0;1.0;8.0;Hell's Kitchen;27.0;3.5;Coffee;Organic brewed coffee;Brazilian Lg;3.5;2023-01-07 17:28:11;17;Saturday;1;2023
3763.0;1.0;3.0;Astoria;38.0;3.75;Coffee;Barista Espresso;Latte;3.75;2023-01-07 17:35:08;17;Saturday;1;2023
3764.0;1.0;3.0;Astoria;50.0;2.5;Tea;Brewed Black tea;Earl Grey Rg;2.5;2023-01-07 17:41:48;17;Saturday;1;2023
3765.0;2.0;8.0;Hell's Kitchen;52.0;2.5;Tea;Brewed Chai tea;Traditional Blend Chai Rg;5.0;2023-01-07 17:48:58;17;Saturday;1;2023
3766.0;2.0;3.0;Astoria;51.0;3.0;Tea;Brewed Black tea;Earl Grey Lg;6.0;2023-01-07 17:49:50;17;Saturday;1;2023
3768.0;1.0;8.0;Hell's Kitchen;73.0;3.75;Bakery;Pastry;Almond Croissant;3.75;2023-01-07 17:53:42;17;Saturday;1;2023
;1.0;8.0;Hell's Kitchen;;3.0;Tea;Brewed Black tea;Earl Grey Lg;3.0;2023-01-07 17:54:34;17;Saturday;1;2023
3770.0;2.0;8.0;Hell's Kitchen;31.0;2.2;Coffee;Gourmet brewed coffee;Ethiopia Sm;4.4;2023-01-07 17:58:15;17;Saturday;1;2023
3771.0;1.0;3.0;Astoria;51.0;3.0;Tea;Brewed Black tea;Earl Grey Lg;3.0;2023-01-07 18:00:50;18;Saturday;1;2023
3774.0;1.0;3.0;Astoria;50.0;2.5;Tea;Brewed Black tea;Earl Grey Rg;2.5;2023-01-07 18:04:35;18;Saturday;1;2023
3775.0;1.0;3.0;Astoria;75.0;3.5;Bakery;Pastry;Croissant;3.5;2023-01-07 18:04:35;18;Saturday;1;2023
3776.0;1.0;8.0;Hell's Kitchen;46.0;2.5;Tea;Brewed Green tea;Serenity Green Tea Rg;2.5;2023-01-07 18:05:15;18;Saturday;1;2023
3777.0;1.0;8.0;Hell's Kitchen;39.0;4.25;Coffee;Barista Espresso;Latte Rg;4.25;2023-01-07 18:06:25;18;Saturday;1;2023
3778.0;1.0;8.0;Hell's Kitchen;84.0;0.8;Flavours;Regular syrup;Chocolate syrup;0.8;2023-01-07 18:06:25;18;Saturday;1;2023
3779.0;1.0;8.0;Hell's Kitchen;79.0;3.75;Bakery;Scone;Jumbo Savory Scone;3.75;2023-01-07 18:06:25;18;Saturday;1;2023
3780.0;1.0;3.0;Astoria;61.0;4.75;Drinking Chocolate;Hot chocolate;Sustainably Grown Organic Lg;4.75;2023-01-07 18:06:33;18;Saturday;1;2023
3781.0;1.0;3.0;Astoria;45.0;3.0;Tea;Brewed herbal tea;Peppermint Lg;3.0;2023-01-07 18:07:09;18;Saturday;1;2023
3782.0;2.0;3.0;Astoria;43.0;3.0;Tea;Brewed herbal tea;Lemon Grass Lg;6.0;2023-01-07 18:16:48;18;Saturday;1;2023
3783.0;1.0;8.0;Hell's Kitchen;24.0;3.0;Coffee;Drip coffee;Our Old Time Diner Blend Lg;3.0;2023-01-07 18:18:28;18;Saturday;1;2023
3784.0;2.0;8.0;Hell's Kitchen;45.0;3.0;Tea;Brewed herbal tea;Peppermint Lg;6.0;2023-01-07 18:19:42;18;Saturday;1;2023
3785.0;2.0;3.0;Astoria;50.0;2.5;Tea;Brewed Black tea;Earl Grey Rg;5.0;2023-01-07 18:20:53;18;Saturday;1;2023
3786.0;1.0;3.0;Astoria;76.0;3.5;Bakery;Biscotti;Chocolate Chip Biscotti;3.5;2023-01-07 18:20:53;18;Saturday;1;2023
3787.0;1.0;8.0;Hell's Kitchen;46.0;2.5;Tea;Brewed Green tea;Serenity Green Tea Rg;2.5;2023-01-07 18:21:09;18;Saturday;1;2023
3788.0;2.0;8.0;Hell's Kitchen;45.0;3.0;Tea;Brewed herbal tea;Peppermint Lg;6.0;2023-01-07 18:22:22;18;Saturday;1;2023
3789.0;2.0;3.0;Astoria;54.0;2.5;Tea;Brewed Chai tea;Morning Sunrise Chai Rg;5.0;2023-01-07 18:23:43;18;Saturday;1;2023
3790.0;2.0;8.0;Hell's Kitchen;22.0;2.0;Coffee;Drip coffee;Our Old Time Diner Blend Sm;4.0;2023-01-07 18:24:31;18;Saturday;1;2023
3791.0;1.0;8.0;Hell's Kitchen;23.0;2.5;Coffee;Drip coffee;Our Old Time Diner Blend Rg;2.5;2023-01-07 18:26:54;18;Saturday;1;2023
3792.0;1.0;3.0;Astoria;58.0;3.5;Drinking Chocolate;Hot chocolate;Dark chocolate Rg;3.5;2023-01-07 18:30:14;18;Saturday;1;2023
3793.0;1.0;8.0;Hell's Kitchen;35.0;3.1;Coffee;Premium brewed coffee;Jamaican Coffee River Rg;3.1;2023-01-07 18:31:19;18;Saturday;1;2023
3794.0;2.0;3.0;Astoria;37.0;3.0;Coffee;Barista Espresso;Espresso shot;6.0;2023-01-07 18:35:35;18;Saturday;1;2023
3795.0;1.0;3.0;Astoria;69.0;3.25;Bakery;Biscotti;Hazelnut Biscotti;3.25;2023-01-07 18:35:35;18;Saturday;1;2023
3796.0;2.0;3.0;Astoria;39.0;4.25;Coffee;Barista Espresso;Latte Rg;8.5;2023-01-07 18:37:28;18;Saturday;1;2023
3797.0;1.0;8.0;Hell's Kitchen;45.0;3.0;Tea;Brewed herbal tea;Peppermint Lg;3.0;2023-01-07 18:37:56;18;Saturday;1;2023
3798.0;2.0;3.0;Astoria;24.0;3.0;Coffee;Drip coffee;Our Old Time Diner Blend Lg;6.0;2023-01-07 18:39:07;18;Saturday;1;2023
3799.0;1.0;3.0;Astoria;42.0;2.5;Tea;Brewed herbal tea;Lemon Grass Rg;2.5;2023-01-07 18:40:03;18;Saturday;1;2023
3800.0;1.0;3.0;Astoria;78.0;4.5;Bakery;Scone;Scottish Cream Scone ;4.5;2023-01-07 18:40:03;18;Saturday;1;2023
3801.0;1.0;3.0;Astoria;60.0;3.75;Drinking Chocolate;Hot chocolate;Sustainably Grown Organic Rg;3.75;2023-01-07 18:40:09;18;Saturday;1;2023
3802.0;2.0;3.0;Astoria;35.0;3.1;Coffee;Premium brewed coffee;Jamaican Coffee River Rg;6.2;2023-01-07 18:40:40;18;Saturday;1;2023
3803.0;2.0;3.0;Astoria;50.0;2.5;Tea;Brewed Black tea;Earl Grey Rg;5.0;2023-01-07 18:45:25;18;Saturday;1;2023
3804.0;1.0;3.0;Astoria;42.0;2.5;Tea;Brewed herbal tea;Lemon Grass Rg;2.5;2023-01-07 18:46:50;18;Saturday;1;2023
3805.0;2.0;8.0;Hell's Kitchen;52.0;2.5;Tea;Brewed Chai tea;Traditional Blend Chai Rg;5.0;2023-01-07 18:47:28;18;Saturday;1;2023
3806.0;2.0;3.0;Astoria;52.0;2.5;Tea;Brewed Chai tea;Traditional Blend Chai Rg;5.0;2023-01-07 18:55:49;18;Saturday;1;2023
3807.0;2.0;3.0;Astoria;34.0;2.45;Coffee;Premium brewed coffee;Jamaican Coffee River Sm;4.9;2023-01-07 18:58:58;18;Saturday;1;2023
3808.0;2.0;3.0;Astoria;32.0;3.0;Coffee;Gourmet brewed coffee;Ethiopia Rg;6.0;2023-01-07 19:01:14;19;Saturday;1;2023
3809.0;2.0;8.0;Hell's Kitchen;60.0;3.75;Drinking Chocolate;Hot chocolate;Sustainably Grown Organic Rg;7.5;2023-01-07 19:04:12;19;Saturday;1;2023
3810.0;1.0;8.0;Hell's Kitchen;32.0;3.0;Coffee;Gourmet brewed coffee;Ethiopia Rg;3.0;2023-01-07 19:04:35;19;Saturday;1;2023
3811.0;2.0;8.0;Hell's Kitchen;27.0;3.5;Coffee;Organic brewed coffee;Brazilian Lg;7.0;2023-01-07 19:06:46;19;Saturday;1;2023
3812.0;2.0;3.0;Astoria;25.0;2.2;Coffee;Organic brewed coffee;Brazilian Sm;4.4;2023-01-07 19:10:34;19;Saturday;1;2023
3813.0;1.0;3.0;Astoria;36.0;3.75;Coffee;Premium brewed coffee;Jamaican Coffee River Lg;3.75;2023-01-07 19:12:01;19;Saturday;1;2023
3814.0;2.0;8.0;Hell's Kitchen;58.0;3.5;Drinking Chocolate;Hot chocolate;Dark chocolate Rg;7.0;2023-01-07 19:12:13;19;Saturday;1;2023
3815.0;1.0;3.0;Astoria;54.0;2.5;Tea;Brewed Chai tea;Morning Sunrise Chai Rg;2.5;2023-01-07 19:17:30;19;Saturday;1;2023
3816.0;1.0;8.0;Hell's Kitchen;33.0;3.5;Coffee;Gourmet brewed coffee;Ethiopia Lg;3.5;2023-01-07 19:21:45;19;Saturday;1;2023
3817.0;2.0;3.0;Astoria;56.0;2.55;Tea;Brewed Chai tea;Spicy Eye Opener Chai Rg;5.1;2023-01-07 19:22:08;19;Saturday;1;2023
3818.0;2.0;8.0;Hell's Kitchen;45.0;3.0;Tea;Brewed herbal tea;Peppermint Lg;6.0;2023-01-07 19:25:04;19;Saturday;1;2023
3819.0;2.0;3.0;Astoria;53.0;3.0;Tea;Brewed Chai tea;Traditional Blend Chai Lg;6.0;2023-01-07 19:27:02;19;Saturday;1;2023
3820.0;1.0;3.0;Astoria;24.0;3.0;Coffee;Drip coffee;Our Old Time Diner Blend Lg;3.0;2023-01-07 19:28:02;19;Saturday;1;2023
3821.0;2.0;3.0;Astoria;46.0;2.5;Tea;Brewed Green tea;Serenity Green Tea Rg;5.0;2023-01-07 19:29:23;19;Saturday;1;2023
3822.0;2.0;3.0;Astoria;33.0;3.5;Coffee;Gourmet brewed coffee;Ethiopia Lg;7.0;2023-01-07 19:30:18;19;Saturday;1;2023
3823.0;1.0;3.0;Astoria;79.0;3.75;Bakery;Scone;Jumbo Savory Scone;3.75;2023-01-07 19:30:18;19;Saturday;1;2023
3824.0;2.0;8.0;Hell's Kitchen;27.0;3.5;Coffee;Organic brewed coffee;Brazilian Lg;7.0;2023-01-07 19:38:50;19;Saturday;1;2023
3825.0;1.0;8.0;Hell's Kitchen;77.0;3.0;Bakery;Scone;Oatmeal Scone;3.0;2023-01-07 19:38:50;19;Saturday;1;2023
3826.0;2.0;8.0;Hell's Kitchen;48.0;2.5;Tea;Brewed Black tea;English Breakfast Rg;5.0;2023-01-07 19:39:13;19;Saturday;1;2023
3827.0;2.0;3.0;Astoria;48.0;2.5;Tea;Brewed Black tea;English Breakfast Rg;5.0;2023-01-07 19:43:24;19;Saturday;1;2023
3828.0;1.0;8.0;Hell's Kitchen;46.0;2.5;Tea;Brewed Green tea;Serenity Green Tea Rg;2.5;2023-01-07 19:43:29;19;Saturday;1;2023
3829.0;1.0;3.0;Astoria;61.0;4.75;Drinking Chocolate;Hot chocolate;Sustainably Grown Organic Lg;4.75;2023-01-07 19:47:59;19;Saturday;1;2023
3830.0;2.0;3.0;Astoria;57.0;3.1;Tea;Brewed Chai tea;Spicy Eye Opener Chai Lg;6.2;2023-01-07 19:52:14;19;Saturday;1;2023
3831.0;2.0;8.0;Hell's Kitchen;24.0;3.0;Coffee;Drip coffee;Our Old Time Diner Blend Lg;6.0;2023-01-07 20:05:39;20;Saturday;1;2023
3832.0;2.0;8.0;Hell's Kitchen;34.0;2.45;Coffee;Premium brewed coffee;Jamaican Coffee River Sm;4.9;2023-01-07 20:15:28;20;Saturday;1;2023
3833.0;1.0;8.0;Hell's Kitchen;44.0;2.5;Tea;Brewed herbal tea;Peppermint Rg;2.5;2023-01-07 20:18:19;20;Saturday;1;2023
3834.0;2.0;8.0;Hell's Kitchen;44.0;2.5;Tea;Brewed herbal tea;Peppermint Rg;5.0;2023-01-07 20:18:41;20;Saturday;1;2023
3835.0;1.0;8.0;Hell's Kitchen;37.0;3.0;Coffee;Barista Espresso;Espresso shot;3.0;2023-01-07 20:19:10;20;Saturday;1;2023
3836.0;2.0;8.0;Hell's Kitchen;22.0;2.0;Coffee;Drip coffee;Our Old Time Diner Blend Sm;4.0;2023-01-07 20:20:35;20;Saturday;1;2023
3837.0;1.0;8.0;Hell's Kitchen;53.0;3.0;Tea;Brewed Chai tea;Traditional Blend Chai Lg;3.0;2023-01-07 20:30:31;20;Saturday;1;2023
3838.0;1.0;8.0;Hell's Kitchen;43.0;3.0;Tea;Brewed herbal tea;Lemon Grass Lg;3.0;2023-01-07 20:31:37;20;Saturday;1;2023
3839.0;2.0;8.0;Hell's Kitchen;58.0;3.5;Drinking Chocolate;Hot chocolate;Dark chocolate Rg;7.0;2023-01-07 20:33:42;20;Saturday;1;2023
3840.0;2.0;8.0;Hell's Kitchen;24.0;3.0;Coffee;Drip coffee;Our Old Time Diner Blend Lg;6.0;2023-01-07 20:41:43;20;Saturday;1;2023
3841.0;1.0;8.0;Hell's Kitchen;58.0;3.5;Drinking Chocolate;Hot chocolate;Dark chocolate Rg;3.5;2023-01-07 20:53:03;20;Saturday;1;2023
3842.0;1.0;8.0;Hell's Kitchen;71.0;3.75;Bakery;Pastry;Chocolate Croissant;3.75;2023-01-07 20:53:03;20;Saturday;1;2023
3843.0;2.0;8.0;Hell's Kitchen;58.0;3.5;Drinking Chocolate;Hot chocolate;Dark chocolate Rg;7.0;2023-01-08 06:42:16;6;Sunday;1;2023
3844.0;2.0;8.0;Hell's Kitchen;51.0;3.0;Tea;Brewed Black tea;Earl Grey Lg;6.0;2023-01-08 06:48:41;6;Sunday;1;2023
3845.0;2.0;8.0;Hell's Kitchen;31.0;2.2;Coffee;Gourmet brewed coffee;Ethiopia Sm;4.4;2023-01-08 06:48:43;6;Sunday;1;2023
3846.0;2.0;8.0;Hell's Kitchen;28.0;2.0;Coffee;Gourmet brewed coffee;Columbian Medium Roast Sm;4.0;2023-01-08 06:53:09;6;Sunday;1;2023
3847.0;1.0;8.0;Hell's Kitchen;51.0;3.0;Tea;Brewed Black tea;Earl Grey Lg;3.0;2023-01-08 07:00:42;7;Sunday;1;2023
3848.0;2.0;8.0;Hell's Kitchen;61.0;4.75;Drinking Chocolate;Hot chocolate;Sustainably Grown Organic Lg;9.5;2023-01-08 07:02:40;7;Sunday;1;2023
3849.0;2.0;8.0;Hell's Kitchen;48.0;2.5;Tea;Brewed Black tea;English Breakfast Rg;5.0;2023-01-08 07:03:42;7;Sunday;1;2023
3850.0;1.0;3.0;Astoria;47.0;3.0;Tea;Brewed Green tea;Serenity Green Tea Lg;3.0;2023-01-08 07:08:40;7;Sunday;1;2023
3851.0;1.0;8.0;Hell's Kitchen;28.0;2.0;Coffee;Gourmet brewed coffee;Columbian Medium Roast Sm;2.0;2023-01-08 07:11:13;7;Sunday;1;2023
3852.0;1.0;8.0;Hell's Kitchen;78.0;4.5;Bakery;Scone;Scottish Cream Scone ;4.5;2023-01-08 07:11:13;7;Sunday;1;2023
3853.0;1.0;8.0;Hell's Kitchen;38.0;3.75;Coffee;Barista Espresso;Latte;3.75;2023-01-08 07:12:48;7;Sunday;1;2023
3854.0;2.0;8.0;Hell's Kitchen;63.0;0.8;Flavours;Regular syrup;Carmel syrup;1.6;2023-01-08 07:12:48;7;Sunday;1;2023
3855.0;2.0;8.0;Hell's Kitchen;27.0;3.5;Coffee;Organic brewed coffee;Brazilian Lg;7.0;2023-01-08 07:14:25;7;Sunday;1;2023
3856.0;2.0;8.0;Hell's Kitchen;49.0;3.0;Tea;Brewed Black tea;English Breakfast Lg;6.0;2023-01-08 07:17:44;7;Sunday;1;2023
;1.0;;Astoria;47.0;3.0;Tea;Brewed Green tea;Serenity Green Tea Lg;3.0;2023-01-08 07:21:28;7;Sunday;1;2023
3858.0;1.0;3.0;Astoria;38.0;3.75;Coffee;Barista Espresso;Latte;3.75;2023-01-08 07:22:37;7;Sunday;1;2023
3859.0;2.0;8.0;Hell's Kitchen;47.0;3.0;Tea;Brewed Green tea;Serenity Green Tea Lg;6.0;2023-01-08 07:26:44;7;Sunday;1;2023
3860.0;2.0;8.0;Hell's Kitchen;39.0;4.25;Coffee;Barista Espresso;Latte Rg;8.5;2023-01-08 07:28:36;7;Sunday;1;2023
3861.0;1.0;8.0;Hell's Kitchen;65.0;0.8;Flavours;Sugar free syrup;Sugar Free Vanilla syrup;0.8;2023-01-08 07:28:36;7;Sunday;1;2023
3862.0;2.0;8.0;Hell's Kitchen;61.0;4.75;Drinking Chocolate;Hot chocolate;Sustainably Grown Organic Lg;9.5;2023-01-08 07:29:55;7;Sunday;1;2023
3864.0;1.0;5.0;Lower Manhattan;64.0;0.8;Flavours;Regular syrup;Hazelnut syrup;0.8;2023-01-08 07:30:17;7;Sunday;1;2023
3865.0;1.0;5.0;Lower Manhattan;39.0;4.25;Coffee;Barista Espresso;Latte Rg;4.25;2023-01-08 07:30:17;7;Sunday;1;2023
3866.0;1.0;5.0;Lower Manhattan;1.0;18.0;Coffee beans;Organic Beans;Brazilian - Organic;18.0;2023-01-08 07:30:17;7;Sunday;1;2023
3867.0;1.0;8.0;Hell's Kitchen;52.0;2.5;Tea;Brewed Chai tea;Traditional Blend Chai Rg;2.5;2023-01-08 07:31:23;7;Sunday;1;2023
3868.0;2.0;8.0;Hell's Kitchen;31.0;2.2;Coffee;Gourmet brewed coffee;Ethiopia Sm;4.4;2023-01-08 07:31:24;7;Sunday;1;2023
3869.0;2.0;8.0;Hell's Kitchen;58.0;3.5;Drinking Chocolate;Hot chocolate;Dark chocolate Rg;7.0;2023-01-08 07:31:44;7;Sunday;1;2023
3870.0;1.0;3.0;Astoria;22.0;2.0;Coffee;Drip coffee;Our Old Time Diner Blend Sm;2.0;2023-01-08 07:36:18;7;Sunday;1;2023
3871.0;1.0;5.0;Lower Manhattan;40.0;3.75;Coffee;Barista Espresso;Cappuccino;3.75;2023-01-08 07:37:12;7;Sunday;1;2023
3872.0;3.0;5.0;Lower Manhattan;63.0;0.8;Flavours;Regular syrup;Carmel syrup;2.4000000000000004;2023-01-08 07:37:12;7;Sunday;1;2023
3873.0;2.0;8.0;Hell's Kitchen;35.0;3.1;Coffee;Premium brewed coffee;Jamaican Coffee River Rg;6.2;2023-01-08 07:39:04;7;Sunday;1;2023
3874.0;2.0;5.0;Lower Manhattan;59.0;4.5;Drinking Chocolate;Hot chocolate;Dark chocolate Lg;9.0;2023-01-08 07:39:41;7;Sunday;1;2023
3875.0;1.0;3.0;Astoria;38.0;3.75;Coffee;Barista Espresso;Latte;3.75;2023-01-08 07:39:47;7;Sunday;1;2023
3876.0;1.0;3.0;Astoria;52.0;2.5;Tea;Brewed Chai tea;Traditional Blend Chai Rg;2.5;2023-01-08 07:40:01;7;Sunday;1;2023
3877.0;2.0;8.0;Hell's Kitchen;52.0;2.5;Tea;Brewed Chai tea;Traditional Blend Chai Rg;5.0;2023-01-08 07:40:22;7;Sunday;1;2023
3878.0;1.0;5.0;Lower Manhattan;60.0;3.75;Drinking Chocolate;Hot chocolate;Sustainably Grown Organic Rg;3.75;2023-01-08 07:40:35;7;Sunday;1;2023
3879.0;1.0;8.0;Hell's Kitchen;33.0;3.5;Coffee;Gourmet brewed coffee;Ethiopia Lg;3.5;2023-01-08 07:43:08;7;Sunday;1;2023
3880.0;2.0;5.0;Lower Manhattan;26.0;3.0;Coffee;Organic brewed coffee;Brazilian Rg;6.0;2023-01-08 07:46:29;7;Sunday;1;2023
3881.0;1.0;8.0;Hell's Kitchen;48.0;2.5;Tea;Brewed Black tea;English Breakfast Rg;2.5;2023-01-08 07:52:12;7;Sunday;1;2023
3882.0;1.0;8.0;Hell's Kitchen;78.0;4.5;Bakery;Scone;Scottish Cream Scone ;4.5;2023-01-08 07:52:12;7;Sunday;1;2023
3883.0;2.0;8.0;Hell's Kitchen;48.0;2.5;Tea;Brewed Black tea;English Breakfast Rg;5.0;2023-01-08 07:53:00;7;Sunday;1;2023
3884.0;2.0;5.0;Lower Manhattan;34.0;2.45;Coffee;Premium brewed coffee;Jamaican Coffee River Sm;4.9;2023-01-08 07:53:11;7;Sunday;1;2023
3885.0;1.0;5.0;Lower Manhattan;69.0;3.25;Bakery;Biscotti;Hazelnut Biscotti;3.25;2023-01-08 07:53:11;7;Sunday;1;2023
3886.0;1.0;8.0;Hell's Kitchen;49.0;3.0;Tea;Brewed Black tea;English Breakfast Lg;3.0;2023-01-08 07:53:43;7;Sunday;1;2023
3887.0;1.0;;Lower Manhattan;;3.0;Coffee;Barista Espresso;Espresso shot;3.0;2023-01-08 07:53:44;7;Sunday;1;2023
3888.0;2.0;8.0;Hell's Kitchen;33.0;3.5;Coffee;Gourmet brewed coffee;Ethiopia Lg;7.0;2023-01-08 07:55:17;7;Sunday;1;2023
3889.0;1.0;5.0;Lower Manhattan;57.0;3.1;Tea;Brewed Chai tea;Spicy Eye Opener Chai Lg;3.1;2023-01-08 07:59:01;7;Sunday;1;2023
3890.0;1.0;8.0;Hell's Kitchen;51.0;3.0;Tea;Brewed Black tea;Earl Grey Lg;3.0;2023-01-08 07:59:50;7;Sunday;1;2023
3891.0;1.0;5.0;Lower Manhattan;49.0;3.0;Tea;Brewed Black tea;English Breakfast Lg;3.0;2023-01-08 08:00:04;8;Sunday;1;2023
3892.0;2.0;8.0;Hell's Kitchen;45.0;3.0;Tea;Brewed herbal tea;Peppermint Lg;6.0;2023-01-08 08:00:32;8;Sunday;1;2023
3893.0;1.0;8.0;Hell's Kitchen;74.0;3.5;Bakery;Biscotti;Ginger Biscotti;3.5;2023-01-08 08:00:32;8;Sunday;1;2023
3894.0;2.0;8.0;Hell's Kitchen;38.0;3.75;Coffee;Barista Espresso;Latte;7.5;2023-01-08 08:03:13;8;Sunday;1;2023
3896.0;2.0;8.0;Hell's Kitchen;40.0;3.75;Coffee;Barista Espresso;Cappuccino;7.5;2023-01-08 08:03:28;8;Sunday;1;2023
3897.0;1.0;5.0;Lower Manhattan;35.0;3.1;Coffee;Premium brewed coffee;Jamaican Coffee River Rg;3.1;2023-01-08 08:07:10;8;Sunday;1;2023
3898.0;1.0;5.0;Lower Manhattan;6.0;21.0;Coffee beans;Gourmet Beans;Ethiopia;21.0;2023-01-08 08:07:10;8;Sunday;1;2023
3899.0;2.0;5.0;Lower Manhattan;22.0;2.0;Coffee;Drip coffee;Our Old Time Diner Blend Sm;4.0;2023-01-08 08:07:41;8;Sunday;1;2023
3900.0;1.0;5.0;Lower Manhattan;37.0;3.0;Coffee;Barista Espresso;Espresso shot;3.0;2023-01-08 08:08:17;8;Sunday;1;2023
3902.0;1.0;3.0;Astoria;22.0;2.0;Coffee;Drip coffee;Our Old Time Diner Blend Sm;2.0;2023-01-08 08:09:07;8;Sunday;1;2023
3903.0;2.0;3.0;Astoria;54.0;2.5;Tea;Brewed Chai tea;Morning Sunrise Chai Rg;5.0;2023-01-08 08:10:25;8;Sunday;1;2023
3904.0;1.0;3.0;Astoria;57.0;3.1;Tea;Brewed Chai tea;Spicy Eye Opener Chai Lg;3.1;2023-01-08 08:10:25;8;Sunday;1;2023
3905.0;1.0;8.0;Hell's Kitchen;51.0;3.0;Tea;Brewed Black tea;Earl Grey Lg;3.0;2023-01-08 08:12:28;8;Sunday;1;2023
3906.0;1.0;5.0;Lower Manhattan;35.0;3.1;Coffee;Premium brewed coffee;Jamaican Coffee River Rg;3.1;2023-01-08 08:12:57;8;Sunday;1;2023
3907.0;1.0;5.0;Lower Manhattan;71.0;3.75;Bakery;Pastry;Chocolate Croissant;3.75;2023-01-08 08:12:57;8;Sunday;1;2023
3908.0;2.0;8.0;Hell's Kitchen;27.0;3.5;Coffee;Organic brewed coffee;Brazilian Lg;7.0;2023-01-08 08:12:58;8;Sunday;1;2023
3909.0;1.0;3.0;Astoria;32.0;3.0;Coffee;Gourmet brewed coffee;Ethiopia Rg;3.0;2023-01-08 08:13:57;8;Sunday;1;2023
3910.0;1.0;3.0;Astoria;15.0;9.25;Loose Tea;Green tea;Serenity Green Tea;9.25;2023-01-08 08:13:57;8;Sunday;1;2023
3912.0;2.0;5.0;Lower Manhattan;57.0;3.1;Tea;Brewed Chai tea;Spicy Eye Opener Chai Lg;6.2;2023-01-08 08:17:35;8;Sunday;1;2023
3913.0;1.0;5.0;Lower Manhattan;6.0;21.0;Coffee beans;Gourmet Beans;Ethiopia;21.0;2023-01-08 08:17:35;8;Sunday;1;2023
3915.0;2.0;5.0;Lower Manhattan;45.0;3.0;Tea;Brewed herbal tea;Peppermint Lg;6.0;2023-01-08 08:18:21;8;Sunday;1;2023
3916.0;1.0;5.0;Lower Manhattan;55.0;4.0;Tea;Brewed Chai tea;Morning Sunrise Chai Lg;4.0;2023-01-08 08:20:50;8;Sunday;1;2023
3917.0;1.0;5.0;Lower Manhattan;77.0;3.0;Bakery;Scone;Oatmeal Scone;3.0;2023-01-08 08:20:50;8;Sunday;1;2023
3918.0;2.0;5.0;Lower Manhattan;33.0;3.5;Coffee;Gourmet brewed coffee;Ethiopia Lg;7.0;2023-01-08 08:21:00;8;Sunday;1;2023
3919.0;2.0;3.0;Astoria;56.0;2.55;Tea;Brewed Chai tea;Spicy Eye Opener Chai Rg;5.1;2023-01-08 08:21:01;8;Sunday;1;2023
3920.0;2.0;3.0;Astoria;78.0;4.5;Bakery;Scone;Scottish Cream Scone ;9.0;2023-01-08 08:21:01;8;Sunday;1;2023
3921.0;2.0;5.0;Lower Manhattan;45.0;3.0;Tea;Brewed herbal tea;Peppermint Lg;6.0;2023-01-08 08:22:29;8;Sunday;1;2023
3922.0;1.0;3.0;Astoria;58.0;3.5;Drinking Chocolate;Hot chocolate;Dark chocolate Rg;3.5;2023-01-08 08:23:24;8;Sunday;1;2023
3923.0;1.0;5.0;Lower Manhattan;42.0;2.5;Tea;Brewed herbal tea;Lemon Grass Rg;2.5;2023-01-08 08:23:30;8;Sunday;1;2023
3924.0;1.0;3.0;Astoria;56.0;2.55;Tea;Brewed Chai tea;Spicy Eye Opener Chai Rg;2.55;2023-01-08 08:24:39;8;Sunday;1;2023
3925.0;1.0;8.0;Hell's Kitchen;29.0;2.5;Coffee;Gourmet brewed coffee;Columbian Medium Roast Rg;2.5;2023-01-08 08:26:31;8;Sunday;1;2023
3926.0;1.0;8.0;Hell's Kitchen;16.0;8.95;Loose Tea;Chai tea;Traditional Blend Chai;8.95;2023-01-08 08:26:31;8;Sunday;1;2023
3927.0;2.0;5.0;Lower Manhattan;31.0;2.2;Coffee;Gourmet brewed coffee;Ethiopia Sm;4.4;2023-01-08 08:30:44;8;Sunday;1;2023
3928.0;1.0;5.0;Lower Manhattan;71.0;3.75;Bakery;Pastry;Chocolate Croissant;3.75;2023-01-08 08:31:00;8;Sunday;1;2023
3929.0;1.0;5.0;Lower Manhattan;71.0;3.75;Bakery;Pastry;Chocolate Croissant;3.75;2023-01-08 08:31:00;8;Sunday;1;2023
3930.0;1.0;5.0;Lower Manhattan;71.0;3.75;Bakery;Pastry;Chocolate Croissant;3.75;2023-01-08 08:31:00;8;Sunday;1;2023
3931.0;2.0;5.0;Lower Manhattan;32.0;3.0;Coffee;Gourmet brewed coffee;Ethiopia Rg;6.0;2023-01-08 08:31:47;8;Sunday;1;2023
3932.0;1.0;3.0;Astoria;35.0;3.1;Coffee;Premium brewed coffee;Jamaican Coffee River Rg;3.1;2023-01-08 08:33:55;8;Sunday;1;2023
3933.0;1.0;3.0;Astoria;59.0;4.5;Drinking Chocolate;Hot chocolate;Dark chocolate Lg;4.5;2023-01-08 08:34:30;8;Sunday;1;2023
3934.0;2.0;8.0;Hell's Kitchen;48.0;2.5;Tea;Brewed Black tea;English Breakfast Rg;5.0;2023-01-08 08:35:33;8;Sunday;1;2023
3935.0;1.0;5.0;Lower Manhattan;32.0;3.0;Coffee;Gourmet brewed coffee;Ethiopia Rg;3.0;2023-01-08 08:36:40;8;Sunday;1;2023
3936.0;1.0;8.0;Hell's Kitchen;49.0;3.0;Tea;Brewed Black tea;English Breakfast Lg;3.0;2023-01-08 08:38:43;8;Sunday;1;2023
3938.0;1.0;5.0;Lower Manhattan;61.0;4.75;Drinking Chocolate;Hot chocolate;Sustainably Grown Organic Lg;4.75;2023-01-08 08:41:40;8;Sunday;1;2023
3939.0;1.0;5.0;Lower Manhattan;70.0;3.25;Bakery;Scone;Cranberry Scone;3.25;2023-01-08 08:41:40;8;Sunday;1;2023
3940.0;2.0;5.0;Lower Manhattan;48.0;2.5;Tea;Brewed Black tea;English Breakfast Rg;5.0;2023-01-08 08:42:08;8;Sunday;1;2023
3941.0;1.0;3.0;Astoria;49.0;3.0;Tea;Brewed Black tea;English Breakfast Lg;3.0;2023-01-08 08:42:32;8;Sunday;1;2023
3942.0;1.0;8.0;Hell's Kitchen;29.0;2.5;Coffee;Gourmet brewed coffee;Columbian Medium Roast Rg;2.5;2023-01-08 08:42:38;8;Sunday;1;2023
3943.0;2.0;5.0;Lower Manhattan;51.0;3.0;Tea;Brewed Black tea;Earl Grey Lg;6.0;2023-01-08 08:43:05;8;Sunday;1;2023
3944.0;1.0;8.0;Hell's Kitchen;46.0;2.5;Tea;Brewed Green tea;Serenity Green Tea Rg;2.5;2023-01-08 08:47:56;8;Sunday;1;2023
3945.0;2.0;5.0;Lower Manhattan;31.0;2.2;Coffee;Gourmet brewed coffee;Ethiopia Sm;4.4;2023-01-08 08:49:04;8;Sunday;1;2023
3946.0;1.0;5.0;Lower Manhattan;9.0;22.5;Coffee beans;Organic Beans;Organic Decaf Blend;22.5;2023-01-08 08:49:04;8;Sunday;1;2023
3947.0;2.0;3.0;Astoria;37.0;3.0;Coffee;Barista Espresso;Espresso shot;6.0;2023-01-08 08:55:29;8;Sunday;1;2023
3948.0;1.0;8.0;Hell's Kitchen;47.0;3.0;Tea;Brewed Green tea;Serenity Green Tea Lg;3.0;2023-01-08 08:56:12;8;Sunday;1;2023
3949.0;1.0;5.0;Lower Manhattan;38.0;3.75;Coffee;Barista Espresso;Latte;3.75;2023-01-08 08:57:11;8;Sunday;1;2023
3950.0;2.0;5.0;Lower Manhattan;63.0;0.8;Flavours;Regular syrup;Carmel syrup;1.6;2023-01-08 08:57:11;8;Sunday;1;2023
3951.0;1.0;5.0;Lower Manhattan;55.0;4.0;Tea;Brewed Chai tea;Morning Sunrise Chai Lg;4.0;2023-01-08 08:57:28;8;Sunday;1;2023
3952.0;2.0;5.0;Lower Manhattan;23.0;2.5;Coffee;Drip coffee;Our Old Time Diner Blend Rg;5.0;2023-01-08 08:57:28;8;Sunday;1;2023
3953.0;1.0;5.0;Lower Manhattan;74.0;3.5;Bakery;Biscotti;Ginger Biscotti;3.5;2023-01-08 08:57:28;8;Sunday;1;2023
3954.0;1.0;8.0;Hell's Kitchen;57.0;3.1;Tea;Brewed Chai tea;Spicy Eye Opener Chai Lg;3.1;2023-01-08 08:57:28;8;Sunday;1;2023
3955.0;1.0;3.0;Astoria;59.0;4.5;Drinking Chocolate;Hot chocolate;Dark chocolate Lg;4.5;2023-01-08 08:57:44;8;Sunday;1;2023
3956.0;1.0;3.0;Astoria;38.0;3.75;Coffee;Barista Espresso;Latte;3.75;2023-01-08 08:58:14;8;Sunday;1;2023
3957.0;1.0;3.0;Astoria;38.0;3.75;Coffee;Barista Espresso;Latte;3.75;2023-01-08 08:58:14;8;Sunday;1;2023
3958.0;1.0;3.0;Astoria;38.0;3.75;Coffee;Barista Espresso;Latte;3.75;2023-01-08 08:58:14;8;Sunday;1;2023
3959.0;2.0;8.0;Hell's Kitchen;52.0;2.5;Tea;Brewed Chai tea;Traditional Blend Chai Rg;5.0;2023-01-08 08:59:55;8;Sunday;1;2023
3960.0;1.0;8.0;Hell's Kitchen;22.0;2.0;Coffee;Drip coffee;Our Old Time Diner Blend Sm;2.0;2023-01-08 09:01:29;9;Sunday;1;2023
3961.0;1.0;5.0;Lower Manhattan;33.0;3.5;Coffee;Gourmet brewed coffee;Ethiopia Lg;3.5;2023-01-08 09:02:00;9;Sunday;1;2023
3962.0;2.0;5.0;Lower Manhattan;23.0;2.5;Coffee;Drip coffee;Our Old Time Diner Blend Rg;5.0;2023-01-08 09:03:07;9;Sunday;1;2023
3963.0;1.0;5.0;Lower Manhattan;53.0;3.0;Tea;Brewed Chai tea;Traditional Blend Chai Lg;3.0;2023-01-08 09:04:52;9;Sunday;1;2023
3964.0;1.0;;Lower Manhattan;;2.0;Coffee;Drip coffee;Our Old Time Diner Blend Sm;2.0;2023-01-08 09:05:15;9;Sunday;1;2023
3965.0;2.0;5.0;Lower Manhattan;38.0;3.75;Coffee;Barista Espresso;Latte;7.5;2023-01-08 09:10:50;9;Sunday;1;2023
3966.0;2.0;5.0;Lower Manhattan;63.0;0.8;Flavours;Regular syrup;Carmel syrup;1.6;2023-01-08 09:10:50;9;Sunday;1;2023
3967.0;1.0;5.0;Lower Manhattan;78.0;4.5;Bakery;Scone;Scottish Cream Scone ;4.5;2023-01-08 09:10:50;9;Sunday;1;2023
3968.0;1.0;8.0;Hell's Kitchen;59.0;4.5;Drinking Chocolate;Hot chocolate;Dark chocolate Lg;4.5;2023-01-08 09:12:05;9;Sunday;1;2023
3969.0;1.0;5.0;Lower Manhattan;36.0;3.75;Coffee;Premium brewed coffee;Jamaican Coffee River Lg;3.75;2023-01-08 09:12:22;9;Sunday;1;2023
3970.0;1.0;5.0;Lower Manhattan;39.0;4.25;Coffee;Barista Espresso;Latte Rg;4.25;2023-01-08 09:13:06;9;Sunday;1;2023
3971.0;2.0;5.0;Lower Manhattan;1.0;18.0;Coffee beans;Organic Beans;Brazilian - Organic;36.0;2023-01-08 09:13:06;9;Sunday;1;2023
3972.0;2.0;8.0;Hell's Kitchen;32.0;3.0;Coffee;Gourmet brewed coffee;Ethiopia Rg;6.0;2023-01-08 09:13:19;9;Sunday;1;2023
3973.0;1.0;3.0;Astoria;43.0;3.0;Tea;Brewed herbal tea;Lemon Grass Lg;3.0;2023-01-08 09:13:52;9;Sunday;1;2023
3974.0;1.0;5.0;Lower Manhattan;43.0;3.0;Tea;Brewed herbal tea;Lemon Grass Lg;3.0;2023-01-08 09:14:13;9;Sunday;1;2023
3975.0;1.0;5.0;Lower Manhattan;77.0;3.0;Bakery;Scone;Oatmeal Scone;3.0;2023-01-08 09:14:13;9;Sunday;1;2023
3976.0;1.0;8.0;Hell's Kitchen;49.0;3.0;Tea;Brewed Black tea;English Breakfast Lg;3.0;2023-01-08 09:14:15;9;Sunday;1;2023
3977.0;2.0;5.0;Lower Manhattan;48.0;2.5;Tea;Brewed Black tea;English Breakfast Rg;5.0;2023-01-08 09:15:22;9;Sunday;1;2023
3978.0;2.0;8.0;Hell's Kitchen;56.0;2.55;Tea;Brewed Chai tea;Spicy Eye Opener Chai Rg;5.1;2023-01-08 09:15:45;9;Sunday;1;2023
3979.0;1.0;8.0;Hell's Kitchen;75.0;3.5;Bakery;Pastry;Croissant;3.5;2023-01-08 09:15:45;9;Sunday;1;2023
3980.0;2.0;5.0;Lower Manhattan;35.0;3.1;Coffee;Premium brewed coffee;Jamaican Coffee River Rg;6.2;2023-01-08 09:16:27;9;Sunday;1;2023
3981.0;1.0;5.0;Lower Manhattan;30.0;3.0;Coffee;Gourmet brewed coffee;Columbian Medium Roast Lg;3.0;2023-01-08 09:19:09;9;Sunday;1;2023
3982.0;1.0;5.0;Lower Manhattan;78.0;4.5;Bakery;Scone;Scottish Cream Scone ;4.5;2023-01-08 09:19:09;9;Sunday;1;2023
3983.0;2.0;8.0;Hell's Kitchen;53.0;3.0;Tea;Brewed Chai tea;Traditional Blend Chai Lg;6.0;2023-01-08 09:19:14;9;Sunday;1;2023
3984.0;2.0;8.0;Hell's Kitchen;29.0;2.5;Coffee;Gourmet brewed coffee;Columbian Medium Roast Rg;5.0;2023-01-08 09:20:53;9;Sunday;1;2023
3985.0;2.0;8.0;Hell's Kitchen;25.0;2.2;Coffee;Organic brewed coffee;Brazilian Sm;4.4;2023-01-08 09:21:59;9;Sunday;1;2023
3986.0;1.0;8.0;Hell's Kitchen;71.0;3.75;Bakery;Pastry;Chocolate Croissant;3.75;2023-01-08 09:21:59;9;Sunday;1;2023
3987.0;1.0;5.0;Lower Manhattan;47.0;3.0;Tea;Brewed Green tea;Serenity Green Tea Lg;3.0;2023-01-08 09:24:25;9;Sunday;1;2023
3988.0;1.0;5.0;Lower Manhattan;79.0;3.75;Bakery;Scone;Jumbo Savory Scone;3.75;2023-01-08 09:24:25;9;Sunday;1;2023
3989.0;1.0;3.0;Astoria;42.0;2.5;Tea;Brewed herbal tea;Lemon Grass Rg;2.5;2023-01-08 09:24:38;9;Sunday;1;2023
3990.0;2.0;3.0;Astoria;75.0;3.5;Bakery;Pastry;Croissant;7.0;2023-01-08 09:24:38;9;Sunday;1;2023
3991.0;2.0;8.0;Hell's Kitchen;28.0;2.0;Coffee;Gourmet brewed coffee;Columbian Medium Roast Sm;4.0;2023-01-08 09:25:30;9;Sunday;1;2023
3992.0;2.0;5.0;Lower Manhattan;22.0;2.0;Coffee;Drip coffee;Our Old Time Diner Blend Sm;4.0;2023-01-08 09:25:59;9;Sunday;1;2023
3993.0;1.0;3.0;Astoria;50.0;2.5;Tea;Brewed Black tea;Earl Grey Rg;2.5;2023-01-08 09:26:37;9;Sunday;1;2023
3994.0;1.0;3.0;Astoria;56.0;2.55;Tea;Brewed Chai tea;Spicy Eye Opener Chai Rg;2.55;2023-01-08 09:26:37;9;Sunday;1;2023
3995.0;1.0;5.0;Lower Manhattan;37.0;3.0;Coffee;Barista Espresso;Espresso shot;3.0;2023-01-08 09:27:09;9;Sunday;1;2023
3996.0;1.0;5.0;Lower Manhattan;37.0;3.0;Coffee;Barista Espresso;Espresso shot;3.0;2023-01-08 09:27:09;9;Sunday;1;2023
3997.0;1.0;5.0;Lower Manhattan;26.0;3.0;Coffee;Organic brewed coffee;Brazilian Rg;3.0;2023-01-08 09:27:26;9;Sunday;1;2023
4000.0;2.0;5.0;Lower Manhattan;28.0;2.0;Coffee;Gourmet brewed coffee;Columbian Medium Roast Sm;4.0;2023-01-08 09:32:48;9;Sunday;1;2023
4001.0;1.0;5.0;Lower Manhattan;74.0;3.5;Bakery;Biscotti;Ginger Biscotti;3.5;2023-01-08 09:32:48;9;Sunday;1;2023
4002.0;2.0;5.0;Lower Manhattan;52.0;2.5;Tea;Brewed Chai tea;Traditional Blend Chai Rg;5.0;2023-01-08 09:33:31;9;Sunday;1;2023
4003.0;2.0;5.0;Lower Manhattan;50.0;2.5;Tea;Brewed Black tea;Earl Grey Rg;5.0;2023-01-08 09:33:37;9;Sunday;1;2023
;1.0;5.0;Lower Manhattan;;4.5;Drinking Chocolate;Hot chocolate;Dark chocolate Lg;4.5;2023-01-08 09:33:43;9;Sunday;1;2023
4005.0;1.0;5.0;Lower Manhattan;79.0;3.75;Bakery;Scone;Jumbo Savory Scone;3.75;2023-01-08 09:33:43;9;Sunday;1;2023
4006.0;1.0;5.0;Lower Manhattan;41.0;4.25;Coffee;Barista Espresso;Cappuccino Lg;4.25;2023-01-08 09:34:26;9;Sunday;1;2023
4007.0;3.0;5.0;Lower Manhattan;63.0;0.8;Flavours;Regular syrup;Carmel syrup;2.4000000000000004;2023-01-08 09:34:26;9;Sunday;1;2023
4008.0;2.0;8.0;Hell's Kitchen;23.0;2.5;Coffee;Drip coffee;Our Old Time Diner Blend Rg;5.0;2023-01-08 09:36:07;9;Sunday;1;2023
4010.0;1.0;8.0;Hell's Kitchen;56.0;2.55;Tea;Brewed Chai tea;Spicy Eye Opener Chai Rg;2.55;2023-01-08 09:38:14;9;Sunday;1;2023
4011.0;2.0;8.0;Hell's Kitchen;26.0;3.0;Coffee;Organic brewed coffee;Brazilian Rg;6.0;2023-01-08 09:40:37;9;Sunday;1;2023
4012.0;1.0;8.0;Hell's Kitchen;17.0;9.5;Loose Tea;Chai tea;Morning Sunrise Chai;9.5;2023-01-08 09:40:37;9;Sunday;1;2023
4013.0;2.0;5.0;Lower Manhattan;54.0;2.5;Tea;Brewed Chai tea;Morning Sunrise Chai Rg;5.0;2023-01-08 09:40:45;9;Sunday;1;2023
4014.0;2.0;5.0;Lower Manhattan;29.0;2.5;Coffee;Gourmet brewed coffee;Columbian Medium Roast Rg;5.0;2023-01-08 09:41:01;9;Sunday;1;2023
4015.0;2.0;8.0;Hell's Kitchen;33.0;3.5;Coffee;Gourmet brewed coffee;Ethiopia Lg;7.0;2023-01-08 09:44:23;9;Sunday;1;2023
4016.0;1.0;5.0;Lower Manhattan;60.0;3.75;Drinking Chocolate;Hot chocolate;Sustainably Grown Organic Rg;3.75;2023-01-08 09:46:13;9;Sunday;1;2023
4017.0;1.0;5.0;Lower Manhattan;43.0;3.0;Tea;Brewed herbal tea;Lemon Grass Lg;3.0;2023-01-08 09:46:47;9;Sunday;1;2023
4018.0;1.0;8.0;Hell's Kitchen;61.0;4.75;Drinking Chocolate;Hot chocolate;Sustainably Grown Organic Lg;4.75;2023-01-08 09:47:40;9;Sunday;1;2023
4019.0;1.0;8.0;Hell's Kitchen;76.0;3.5;Bakery;Biscotti;Chocolate Chip Biscotti;3.5;2023-01-08 09:47:40;9;Sunday;1;2023
4020.0;1.0;8.0;Hell's Kitchen;4.0;20.45;Coffee beans;Espresso Beans;Primo Espresso Roast;20.45;2023-01-08 09:47:40;9;Sunday;1;2023
4022.0;1.0;5.0;Lower Manhattan;77.0;3.0;Bakery;Scone;Oatmeal Scone;3.0;2023-01-08 09:49:23;9;Sunday;1;2023
4023.0;2.0;5.0;Lower Manhattan;36.0;3.75;Coffee;Premium brewed coffee;Jamaican Coffee River Lg;7.5;2023-01-08 09:50:57;9;Sunday;1;2023
4024.0;2.0;3.0;Astoria;25.0;2.2;Coffee;Organic brewed coffee;Brazilian Sm;4.4;2023-01-08 09:52:22;9;Sunday;1;2023
4025.0;2.0;3.0;Astoria;35.0;3.1;Coffee;Premium brewed coffee;Jamaican Coffee River Rg;6.2;2023-01-08 09:53:06;9;Sunday;1;2023
4026.0;1.0;3.0;Astoria;70.0;3.25;Bakery;Scone;Cranberry Scone;3.25;2023-01-08 09:53:06;9;Sunday;1;2023
4027.0;1.0;8.0;Hell's Kitchen;43.0;3.0;Tea;Brewed herbal tea;Lemon Grass Lg;3.0;2023-01-08 09:58:06;9;Sunday;1;2023
4028.0;2.0;8.0;Hell's Kitchen;28.0;2.0;Coffee;Gourmet brewed coffee;Columbian Medium Roast Sm;4.0;2023-01-08 09:58:21;9;Sunday;1;2023
4029.0;1.0;8.0;Hell's Kitchen;73.0;3.75;Bakery;Pastry;Almond Croissant;3.75;2023-01-08 09:58:21;9;Sunday;1;2023
4030.0;2.0;5.0;Lower Manhattan;50.0;2.5;Tea;Brewed Black tea;Earl Grey Rg;5.0;2023-01-08 10:00:02;10;Sunday;1;2023
4031.0;1.0;5.0;Lower Manhattan;24.0;3.0;Coffee;Drip coffee;Our Old Time Diner Blend Lg;3.0;2023-01-08 10:02:21;10;Sunday;1;2023
4032.0;1.0;5.0;Lower Manhattan;79.0;3.75;Bakery;Scone;Jumbo Savory Scone;3.75;2023-01-08 10:02:21;10;Sunday;1;2023
4033.0;2.0;3.0;Astoria;30.0;3.0;Coffee;Gourmet brewed coffee;Columbian Medium Roast Lg;6.0;2023-01-08 10:03:14;10;Sunday;1;2023
4034.0;1.0;8.0;Hell's Kitchen;30.0;3.0;Coffee;Gourmet brewed coffee;Columbian Medium Roast Lg;3.0;2023-01-08 10:03:14;10;Sunday;1;2023
4035.0;1.0;5.0;Lower Manhattan;37.0;3.0;Coffee;Barista Espresso;Espresso shot;3.0;2023-01-08 10:03:26;10;Sunday;1;2023
4036.0;2.0;5.0;Lower Manhattan;63.0;0.8;Flavours;Regular syrup;Carmel syrup;1.6;2023-01-08 10:03:26;10;Sunday;1;2023
4037.0;1.0;3.0;Astoria;50.0;2.5;Tea;Brewed Black tea;Earl Grey Rg;2.5;2023-01-08 10:03:58;10;Sunday;1;2023
4038.0;2.0;5.0;Lower Manhattan;51.0;3.0;Tea;Brewed Black tea;Earl Grey Lg;6.0;2023-01-08 10:05:17;10;Sunday;1;2023
4039.0;1.0;8.0;Hell's Kitchen;46.0;2.5;Tea;Brewed Green tea;Serenity Green Tea Rg;2.5;2023-01-08 10:06:06;10;Sunday;1;2023
4040.0;1.0;8.0;Hell's Kitchen;75.0;3.5;Bakery;Pastry;Croissant;3.5;2023-01-08 10:06:06;10;Sunday;1;2023
4041.0;2.0;3.0;Astoria;56.0;2.55;Tea;Brewed Chai tea;Spicy Eye Opener Chai Rg;5.1;2023-01-08 10:06:52;10;Sunday;1;2023
4042.0;2.0;8.0;Hell's Kitchen;36.0;3.75;Coffee;Premium brewed coffee;Jamaican Coffee River Lg;7.5;2023-01-08 10:07:16;10;Sunday;1;2023
4043.0;2.0;3.0;Astoria;57.0;3.1;Tea;Brewed Chai tea;Spicy Eye Opener Chai Lg;6.2;2023-01-08 10:08:52;10;Sunday;1;2023
4044.0;2.0;8.0;Hell's Kitchen;39.0;4.25;Coffee;Barista Espresso;Latte Rg;8.5;2023-01-08 10:10:02;10;Sunday;1;2023
4045.0;1.0;8.0;Hell's Kitchen;33.0;3.5;Coffee;Gourmet brewed coffee;Ethiopia Lg;3.5;2023-01-08 10:10:10;10;Sunday;1;2023
4046.0;1.0;5.0;Lower Manhattan;38.0;3.75;Coffee;Barista Espresso;Latte;3.75;2023-01-08 10:10:20;10;Sunday;1;2023
4047.0;2.0;5.0;Lower Manhattan;64.0;0.8;Flavours;Regular syrup;Hazelnut syrup;1.6;2023-01-08 10:10:20;10;Sunday;1;2023
4048.0;1.0;3.0;Astoria;55.0;4.0;Tea;Brewed Chai tea;Morning Sunrise Chai Lg;4.0;2023-01-08 10:10:55;10;Sunday;1;2023
4049.0;1.0;8.0;Hell's Kitchen;37.0;3.0;Coffee;Barista Espresso;Espresso shot;3.0;2023-01-08 10:12:05;10;Sunday;1;2023
4050.0;2.0;8.0;Hell's Kitchen;84.0;0.8;Flavours;Regular syrup;Chocolate syrup;1.6;2023-01-08 10:12:05;10;Sunday;1;2023
4051.0;1.0;8.0;Hell's Kitchen;70.0;3.25;Bakery;Scone;Cranberry Scone;3.25;2023-01-08 10:12:05;10;Sunday;1;2023
4052.0;1.0;8.0;Hell's Kitchen;20.0;7.6;Packaged Chocolate;Organic Chocolate;Sustainably Grown Organic;7.6;2023-01-08 10:12:05;10;Sunday;1;2023
4053.0;1.0;8.0;Hell's Kitchen;30.0;3.0;Coffee;Gourmet brewed coffee;Columbian Medium Roast Lg;3.0;2023-01-08 10:13:42;10;Sunday;1;2023
4054.0;1.0;8.0;Hell's Kitchen;70.0;3.25;Bakery;Scone;Cranberry Scone;3.25;2023-01-08 10:13:42;10;Sunday;1;2023
4055.0;2.0;8.0;Hell's Kitchen;32.0;3.0;Coffee;Gourmet brewed coffee;Ethiopia Rg;6.0;2023-01-08 10:14:53;10;Sunday;1;2023
;1.0;;Hell's Kitchen;;3.0;Bakery;Scone;Oatmeal Scone;3.0;2023-01-08 10:14:53;10;Sunday;1;2023
4057.0;2.0;5.0;Lower Manhattan;36.0;3.75;Coffee;Premium brewed coffee;Jamaican Coffee River Lg;7.5;2023-01-08 10:16:56;10;Sunday;1;2023
4058.0;2.0;5.0;Lower Manhattan;51.0;3.0;Tea;Brewed Black tea;Earl Grey Lg;6.0;2023-01-08 10:19:01;10;Sunday;1;2023
4059.0;2.0;5.0;Lower Manhattan;35.0;3.1;Coffee;Premium brewed coffee;Jamaican Coffee River Rg;6.2;2023-01-08 10:20:47;10;Sunday;1;2023
4060.0;1.0;8.0;Hell's Kitchen;71.0;3.75;Bakery;Pastry;Chocolate Croissant;3.75;2023-01-08 10:22:03;10;Sunday;1;2023
4061.0;1.0;8.0;Hell's Kitchen;71.0;3.75;Bakery;Pastry;Chocolate Croissant;3.75;2023-01-08 10:22:03;10;Sunday;1;2023
4062.0;2.0;5.0;Lower Manhattan;54.0;2.5;Tea;Brewed Chai tea;Morning Sunrise Chai Rg;5.0;2023-01-08 10:22:32;10;Sunday;1;2023
4063.0;1.0;5.0;Lower Manhattan;83.0;14.0;Branded;Housewares;I Need My Bean! Latte cup;14.0;2023-01-08 10:22:32;10;Sunday;1;2023
4064.0;1.0;8.0;Hell's Kitchen;29.0;2.5;Coffee;Gourmet brewed coffee;Columbian Medium Roast Rg;2.5;2023-01-08 10:23:37;10;Sunday;1;2023
4065.0;2.0;5.0;Lower Manhattan;35.0;3.1;Coffee;Premium brewed coffee;Jamaican Coffee River Rg;6.2;2023-01-08 10:24:30;10;Sunday;1;2023
4066.0;2.0;5.0;Lower Manhattan;22.0;2.0;Coffee;Drip coffee;Our Old Time Diner Blend Sm;4.0;2023-01-08 10:25:38;10;Sunday;1;2023
4067.0;1.0;8.0;Hell's Kitchen;35.0;3.1;Coffee;Premium brewed coffee;Jamaican Coffee River Rg;3.1;2023-01-08 10:25:39;10;Sunday;1;2023
4068.0;1.0;8.0;Hell's Kitchen;43.0;3.0;Tea;Brewed herbal tea;Lemon Grass Lg;3.0;2023-01-08 10:26:06;10;Sunday;1;2023
4069.0;1.0;5.0;Lower Manhattan;71.0;3.75;Bakery;Pastry;Chocolate Croissant;3.75;2023-01-08 10:27:16;10;Sunday;1;2023
4070.0;1.0;5.0;Lower Manhattan;71.0;3.75;Bakery;Pastry;Chocolate Croissant;3.75;2023-01-08 10:27:16;10;Sunday;1;2023
4071.0;1.0;5.0;Lower Manhattan;48.0;2.5;Tea;Brewed Black tea;English Breakfast Rg;2.5;2023-01-08 10:27:36;10;Sunday;1;2023
4072.0;2.0;8.0;Hell's Kitchen;41.0;4.25;Coffee;Barista Espresso;Cappuccino Lg;8.5;2023-01-08 10:28:10;10;Sunday;1;2023
4073.0;2.0;8.0;Hell's Kitchen;84.0;0.8;Flavours;Regular syrup;Chocolate syrup;1.6;2023-01-08 10:28:10;10;Sunday;1;2023
4074.0;2.0;5.0;Lower Manhattan;50.0;2.5;Tea;Brewed Black tea;Earl Grey Rg;5.0;2023-01-08 10:32:44;10;Sunday;1;2023
4075.0;1.0;8.0;Hell's Kitchen;24.0;3.0;Coffee;Drip coffee;Our Old Time Diner Blend Lg;3.0;2023-01-08 10:32:44;10;Sunday;1;2023
4076.0;1.0;8.0;Hell's Kitchen;41.0;4.25;Coffee;Barista Espresso;Cappuccino Lg;4.25;2023-01-08 10:36:29;10;Sunday;1;2023
4077.0;1.0;8.0;Hell's Kitchen;84.0;0.8;Flavours;Regular syrup;Chocolate syrup;0.8;2023-01-08 10:36:29;10;Sunday;1;2023
4078.0;1.0;5.0;Lower Manhattan;49.0;3.0;Tea;Brewed Black tea;English Breakfast Lg;3.0;2023-01-08 10:37:59;10;Sunday;1;2023
4079.0;1.0;5.0;Lower Manhattan;15.0;9.25;Loose Tea;Green tea;Serenity Green Tea;9.25;2023-01-08 10:37:59;10;Sunday;1;2023
4080.0;1.0;8.0;Hell's Kitchen;48.0;2.5;Tea;Brewed Black tea;English Breakfast Rg;2.5;2023-01-08 10:38:30;10;Sunday;1;2023
4081.0;2.0;5.0;Lower Manhattan;58.0;3.5;Drinking Chocolate;Hot chocolate;Dark chocolate Rg;7.0;2023-01-08 10:38:44;10;Sunday;1;2023
4083.0;1.0;3.0;Astoria;22.0;2.0;Coffee;Drip coffee;Our Old Time Diner Blend Sm;2.0;2023-01-08 10:39:38;10;Sunday;1;2023
4084.0;1.0;8.0;Hell's Kitchen;35.0;3.1;Coffee;Premium brewed coffee;Jamaican Coffee River Rg;3.1;2023-01-08 10:40:16;10;Sunday;1;2023
4085.0;2.0;5.0;Lower Manhattan;48.0;2.5;Tea;Brewed Black tea;English Breakfast Rg;5.0;2023-01-08 10:40:23;10;Sunday;1;2023
4086.0;2.0;8.0;Hell's Kitchen;61.0;4.75;Drinking Chocolate;Hot chocolate;Sustainably Grown Organic Lg;9.5;2023-01-08 10:40:37;10;Sunday;1;2023
4087.0;2.0;8.0;Hell's Kitchen;26.0;3.0;Coffee;Organic brewed coffee;Brazilian Rg;6.0;2023-01-08 10:42:13;10;Sunday;1;2023
4088.0;2.0;8.0;Hell's Kitchen;52.0;2.5;Tea;Brewed Chai tea;Traditional Blend Chai Rg;5.0;2023-01-08 10:42:25;10;Sunday;1;2023
4089.0;1.0;8.0;Hell's Kitchen;74.0;3.5;Bakery;Biscotti;Ginger Biscotti;3.5;2023-01-08 10:42:25;10;Sunday;1;2023
4090.0;2.0;5.0;Lower Manhattan;28.0;2.0;Coffee;Gourmet brewed coffee;Columbian Medium Roast Sm;4.0;2023-01-08 10:42:26;10;Sunday;1;2023
4092.0;2.0;8.0;Hell's Kitchen;38.0;3.75;Coffee;Barista Espresso;Latte;7.5;2023-01-08 10:43:40;10;Sunday;1;2023
4093.0;1.0;8.0;Hell's Kitchen;84.0;0.8;Flavours;Regular syrup;Chocolate syrup;0.8;2023-01-08 10:43:40;10;Sunday;1;2023
4094.0;1.0;8.0;Hell's Kitchen;71.0;3.75;Bakery;Pastry;Chocolate Croissant;3.75;2023-01-08 10:43:53;10;Sunday;1;2023
4095.0;1.0;8.0;Hell's Kitchen;71.0;3.75;Bakery;Pastry;Chocolate Croissant;3.75;2023-01-08 10:43:53;10;Sunday;1;2023
4096.0;1.0;3.0;Astoria;30.0;3.0;Coffee;Gourmet brewed coffee;Columbian Medium Roast Lg;3.0;2023-01-08 10:44:10;10;Sunday;1;2023
4097.0;1.0;3.0;Astoria;3.0;14.75;Coffee beans;Espresso Beans;Espresso Roast;14.75;2023-01-08 10:44:10;10;Sunday;1;2023
4098.0;2.0;3.0;Astoria;54.0;2.5;Tea;Brewed Chai tea;Morning Sunrise Chai Rg;5.0;2023-01-08 10:44:12;10;Sunday;1;2023
4099.0;1.0;8.0;Hell's Kitchen;34.0;2.45;Coffee;Premium brewed coffee;Jamaican Coffee River Sm;2.45;2023-01-08 10:44:31;10;Sunday;1;2023
4100.0;1.0;8.0;Hell's Kitchen;74.0;3.5;Bakery;Biscotti;Ginger Biscotti;3.5;2023-01-08 10:44:31;10;Sunday;1;2023
4101.0;2.0;8.0;Hell's Kitchen;53.0;3.0;Tea;Brewed Chai tea;Traditional Blend Chai Lg;6.0;2023-01-08 10:44:54;10;Sunday;1;2023
4102.0;1.0;8.0;Hell's Kitchen;77.0;3.0;Bakery;Scone;Oatmeal Scone;3.0;2023-01-08 10:44:54;10;Sunday;1;2023
4103.0;2.0;3.0;Astoria;54.0;2.5;Tea;Brewed Chai tea;Morning Sunrise Chai Rg;5.0;2023-01-08 10:45:57;10;Sunday;1;2023
4104.0;1.0;3.0;Astoria;16.0;8.95;Loose Tea;Chai tea;Traditional Blend Chai;8.95;2023-01-08 10:45:57;10;Sunday;1;2023
4105.0;2.0;5.0;Lower Manhattan;29.0;2.5;Coffee;Gourmet brewed coffee;Columbian Medium Roast Rg;5.0;2023-01-08 10:46:35;10;Sunday;1;2023
4106.0;2.0;3.0;Astoria;26.0;3.0;Coffee;Organic brewed coffee;Brazilian Rg;6.0;2023-01-08 10:48:06;10;Sunday;1;2023
4107.0;2.0;5.0;Lower Manhattan;61.0;4.75;Drinking Chocolate;Hot chocolate;Sustainably Grown Organic Lg;9.5;2023-01-08 10:50:15;10;Sunday;1;2023
4108.0;1.0;8.0;Hell's Kitchen;36.0;3.75;Coffee;Premium brewed coffee;Jamaican Coffee River Lg;3.75;2023-01-08 10:50:30;10;Sunday;1;2023
4109.0;1.0;5.0;Lower Manhattan;24.0;3.0;Coffee;Drip coffee;Our Old Time Diner Blend Lg;3.0;2023-01-08 10:51:39;10;Sunday;1;2023
4110.0;1.0;5.0;Lower Manhattan;77.0;3.0;Bakery;Scone;Oatmeal Scone;3.0;2023-01-08 10:51:39;10;Sunday;1;2023
4111.0;1.0;8.0;Hell's Kitchen;57.0;3.1;Tea;Brewed Chai tea;Spicy Eye Opener Chai Lg;3.1;2023-01-08 10:51:50;10;Sunday;1;2023
4112.0;1.0;5.0;Lower Manhattan;32.0;3.0;Coffee;Gourmet brewed coffee;Ethiopia Rg;3.0;2023-01-08 10:53:56;10;Sunday;1;2023
4113.0;1.0;5.0;Lower Manhattan;72.0;3.25;Bakery;Scone;Ginger Scone;3.25;2023-01-08 10:53:56;10;Sunday;1;2023
4114.0;2.0;5.0;Lower Manhattan;31.0;2.2;Coffee;Gourmet brewed coffee;Ethiopia Sm;4.4;2023-01-08 10:54:37;10;Sunday;1;2023
4115.0;2.0;3.0;Astoria;29.0;2.5;Coffee;Gourmet brewed coffee;Columbian Medium Roast Rg;5.0;2023-01-08 10:56:40;10;Sunday;1;2023
4116.0;1.0;5.0;Lower Manhattan;29.0;2.5;Coffee;Gourmet brewed coffee;Columbian Medium Roast Rg;2.5;2023-01-08 10:58:51;10;Sunday;1;2023
4117.0;2.0;5.0;Lower Manhattan;41.0;4.25;Coffee;Barista Espresso;Cappuccino Lg;8.5;2023-01-08 10:59:55;10;Sunday;1;2023
4120.0;2.0;5.0;Lower Manhattan;57.0;3.1;Tea;Brewed Chai tea;Spicy Eye Opener Chai Lg;6.2;2023-01-08 11:01:18;11;Sunday;1;2023
4122.0;2.0;8.0;Hell's Kitchen;35.0;3.1;Coffee;Premium brewed coffee;Jamaican Coffee River Rg;6.2;2023-01-08 11:04:19;11;Sunday;1;2023
4123.0;1.0;8.0;Hell's Kitchen;74.0;3.5;Bakery;Biscotti;Ginger Biscotti;3.5;2023-01-08 11:04:19;11;Sunday;1;2023
4124.0;2.0;8.0;Hell's Kitchen;22.0;2.0;Coffee;Drip coffee;Our Old Time Diner Blend Sm;4.0;2023-01-08 11:07:08;11;Sunday;1;2023
4125.0;2.0;8.0;Hell's Kitchen;22.0;2.0;Coffee;Drip coffee;Our Old Time Diner Blend Sm;4.0;2023-01-08 11:09:39;11;Sunday;1;2023
4126.0;1.0;3.0;Astoria;24.0;3.0;Coffee;Drip coffee;Our Old Time Diner Blend Lg;3.0;2023-01-08 11:09:59;11;Sunday;1;2023
4127.0;2.0;3.0;Astoria;78.0;4.5;Bakery;Scone;Scottish Cream Scone ;9.0;2023-01-08 11:09:59;11;Sunday;1;2023
4128.0;2.0;3.0;Astoria;34.0;2.45;Coffee;Premium brewed coffee;Jamaican Coffee River Sm;4.9;2023-01-08 11:10:58;11;Sunday;1;2023
4129.0;2.0;3.0;Astoria;73.0;3.75;Bakery;Pastry;Almond Croissant;7.5;2023-01-08 11:10:58;11;Sunday;1;2023
4130.0;1.0;3.0;Astoria;39.0;4.25;Coffee;Barista Espresso;Latte Rg;4.25;2023-01-08 11:11:04;11;Sunday;1;2023
4131.0;1.0;5.0;Lower Manhattan;39.0;4.25;Coffee;Barista Espresso;Latte Rg;4.25;2023-01-08 11:11:39;11;Sunday;1;2023
4132.0;2.0;5.0;Lower Manhattan;65.0;0.8;Flavours;Sugar free syrup;Sugar Free Vanilla syrup;1.6;2023-01-08 11:11:39;11;Sunday;1;2023
4133.0;2.0;3.0;Astoria;50.0;2.5;Tea;Brewed Black tea;Earl Grey Rg;5.0;2023-01-08 11:12:30;11;Sunday;1;2023
4134.0;2.0;8.0;Hell's Kitchen;58.0;3.5;Drinking Chocolate;Hot chocolate;Dark chocolate Rg;7.0;2023-01-08 11:13:35;11;Sunday;1;2023
4135.0;1.0;8.0;Hell's Kitchen;69.0;3.25;Bakery;Biscotti;Hazelnut Biscotti;3.25;2023-01-08 11:13:35;11;Sunday;1;2023
4136.0;1.0;8.0;Hell's Kitchen;24.0;3.0;Coffee;Drip coffee;Our Old Time Diner Blend Lg;3.0;2023-01-08 11:17:35;11;Sunday;1;2023
4137.0;1.0;8.0;Hell's Kitchen;74.0;3.5;Bakery;Biscotti;Ginger Biscotti;3.5;2023-01-08 11:17:35;11;Sunday;1;2023
4138.0;1.0;8.0;Hell's Kitchen;87.0;3.0;Coffee;Barista Espresso;Ouro Brasileiro shot;3.0;2023-01-08 11:17:50;11;Sunday;1;2023
4139.0;1.0;8.0;Hell's Kitchen;77.0;3.0;Bakery;Scone;Oatmeal Scone;3.0;2023-01-08 11:17:50;11;Sunday;1;2023
4140.0;1.0;3.0;Astoria;38.0;3.75;Coffee;Barista Espresso;Latte;3.75;2023-01-08 11:22:13;11;Sunday;1;2023
4141.0;2.0;3.0;Astoria;71.0;3.75;Bakery;Pastry;Chocolate Croissant;7.5;2023-01-08 11:22:13;11;Sunday;1;2023
4142.0;2.0;5.0;Lower Manhattan;42.0;2.5;Tea;Brewed herbal tea;Lemon Grass Rg;5.0;2023-01-08 11:22:22;11;Sunday;1;2023
4143.0;1.0;3.0;Astoria;43.0;3.0;Tea;Brewed herbal tea;Lemon Grass Lg;3.0;2023-01-08 11:23:19;11;Sunday;1;2023
4144.0;1.0;3.0;Astoria;71.0;3.75;Bakery;Pastry;Chocolate Croissant;3.75;2023-01-08 11:23:36;11;Sunday;1;2023
4145.0;2.0;8.0;Hell's Kitchen;33.0;3.5;Coffee;Gourmet brewed coffee;Ethiopia Lg;7.0;2023-01-08 11:25:47;11;Sunday;1;2023
4146.0;1.0;8.0;Hell's Kitchen;27.0;3.5;Coffee;Organic brewed coffee;Brazilian Lg;3.5;2023-01-08 11:26:17;11;Sunday;1;2023
4147.0;2.0;5.0;Lower Manhattan;52.0;2.5;Tea;Brewed Chai tea;Traditional Blend Chai Rg;5.0;2023-01-08 11:26:18;11;Sunday;1;2023
4148.0;2.0;5.0;Lower Manhattan;34.0;2.45;Coffee;Premium brewed coffee;Jamaican Coffee River Sm;4.9;2023-01-08 11:26:44;11;Sunday;1;2023
4149.0;2.0;8.0;Hell's Kitchen;25.0;2.2;Coffee;Organic brewed coffee;Brazilian Sm;4.4;2023-01-08 11:27:36;11;Sunday;1;2023
4150.0;1.0;3.0;Astoria;38.0;3.75;Coffee;Barista Espresso;Latte;3.75;2023-01-08 11:29:17;11;Sunday;1;2023
4152.0;2.0;3.0;Astoria;59.0;4.5;Drinking Chocolate;Hot chocolate;Dark chocolate Lg;9.0;2023-01-08 11:34:06;11;Sunday;1;2023
4153.0;2.0;5.0;Lower Manhattan;30.0;3.0;Coffee;Gourmet brewed coffee;Columbian Medium Roast Lg;6.0;2023-01-08 11:34:25;11;Sunday;1;2023
4154.0;1.0;8.0;Hell's Kitchen;55.0;4.0;Tea;Brewed Chai tea;Morning Sunrise Chai Lg;4.0;2023-01-08 11:36:50;11;Sunday;1;2023
4155.0;1.0;5.0;Lower Manhattan;46.0;2.5;Tea;Brewed Green tea;Serenity Green Tea Rg;2.5;2023-01-08 11:38:50;11;Sunday;1;2023
4156.0;1.0;8.0;Hell's Kitchen;44.0;2.5;Tea;Brewed herbal tea;Peppermint Rg;2.5;2023-01-08 11:39:39;11;Sunday;1;2023
4157.0;2.0;8.0;Hell's Kitchen;30.0;3.0;Coffee;Gourmet brewed coffee;Columbian Medium Roast Lg;6.0;2023-01-08 11:41:18;11;Sunday;1;2023
4158.0;1.0;8.0;Hell's Kitchen;71.0;3.75;Bakery;Pastry;Chocolate Croissant;3.75;2023-01-08 11:41:18;11;Sunday;1;2023
4159.0;1.0;5.0;Lower Manhattan;49.0;3.0;Tea;Brewed Black tea;English Breakfast Lg;3.0;2023-01-08 11:47:05;11;Sunday;1;2023
4160.0;1.0;5.0;Lower Manhattan;76.0;3.5;Bakery;Biscotti;Chocolate Chip Biscotti;3.5;2023-01-08 11:47:05;11;Sunday;1;2023
4161.0;1.0;8.0;Hell's Kitchen;42.0;2.5;Tea;Brewed herbal tea;Lemon Grass Rg;2.5;2023-01-08 11:50:44;11;Sunday;1;2023
4162.0;2.0;8.0;Hell's Kitchen;25.0;2.2;Coffee;Organic brewed coffee;Brazilian Sm;4.4;2023-01-08 11:51:05;11;Sunday;1;2023
4164.0;1.0;8.0;Hell's Kitchen;23.0;2.5;Coffee;Drip coffee;Our Old Time Diner Blend Rg;2.5;2023-01-08 11:55:06;11;Sunday;1;2023
4165.0;1.0;3.0;Astoria;38.0;3.75;Coffee;Barista Espresso;Latte;3.75;2023-01-08 11:55:52;11;Sunday;1;2023
4166.0;1.0;3.0;Astoria;26.0;3.0;Coffee;Organic brewed coffee;Brazilian Rg;3.0;2023-01-08 11:59:14;11;Sunday;1;2023
4169.0;1.0;8.0;Hell's Kitchen;57.0;3.1;Tea;Brewed Chai tea;Spicy Eye Opener Chai Lg;3.1;2023-01-08 12:10:17;12;Sunday;1;2023
4170.0;2.0;3.0;Astoria;26.0;3.0;Coffee;Organic brewed coffee;Brazilian Rg;6.0;2023-01-08 12:10:23;12;Sunday;1;2023
4171.0;2.0;5.0;Lower Manhattan;33.0;3.5;Coffee;Gourmet brewed coffee;Ethiopia Lg;7.0;2023-01-08 12:11:38;12;Sunday;1;2023
4172.0;2.0;3.0;Astoria;52.0;2.5;Tea;Brewed Chai tea;Traditional Blend Chai Rg;5.0;2023-01-08 12:13:24;12;Sunday;1;2023
4173.0;1.0;3.0;Astoria;59.0;4.5;Drinking Chocolate;Hot chocolate;Dark chocolate Lg;4.5;2023-01-08 12:13:27;12;Sunday;1;2023
4174.0;1.0;8.0;Hell's Kitchen;51.0;3.0;Tea;Brewed Black tea;Earl Grey Lg;3.0;2023-01-08 12:14:25;12;Sunday;1;2023
4175.0;1.0;3.0;Astoria;41.0;4.25;Coffee;Barista Espresso;Cappuccino Lg;4.25;2023-01-08 12:15:01;12;Sunday;1;2023
4176.0;2.0;5.0;Lower Manhattan;54.0;2.5;Tea;Brewed Chai tea;Morning Sunrise Chai Rg;5.0;2023-01-08 12:15:13;12;Sunday;1;2023
4177.0;1.0;5.0;Lower Manhattan;37.0;3.0;Coffee;Barista Espresso;Espresso shot;3.0;2023-01-08 12:18:11;12;Sunday;1;2023
4178.0;1.0;8.0;Hell's Kitchen;56.0;2.55;Tea;Brewed Chai tea;Spicy Eye Opener Chai Rg;2.55;2023-01-08 12:19:01;12;Sunday;1;2023
4179.0;1.0;3.0;Astoria;55.0;4.0;Tea;Brewed Chai tea;Morning Sunrise Chai Lg;4.0;2023-01-08 12:21:18;12;Sunday;1;2023
4180.0;2.0;8.0;Hell's Kitchen;54.0;2.5;Tea;Brewed Chai tea;Morning Sunrise Chai Rg;5.0;2023-01-08 12:22:49;12;Sunday;1;2023
4181.0;2.0;5.0;Lower Manhattan;38.0;3.75;Coffee;Barista Espresso;Latte;7.5;2023-01-08 12:28:26;12;Sunday;1;2023
4182.0;1.0;5.0;Lower Manhattan;65.0;0.8;Flavours;Sugar free syrup;Sugar Free Vanilla syrup;0.8;2023-01-08 12:28:26;12;Sunday;1;2023
4183.0;1.0;3.0;Astoria;54.0;2.5;Tea;Brewed Chai tea;Morning Sunrise Chai Rg;2.5;2023-01-08 12:28:50;12;Sunday;1;2023
4185.0;1.0;8.0;Hell's Kitchen;30.0;3.0;Coffee;Gourmet brewed coffee;Columbian Medium Roast Lg;3.0;2023-01-08 12:38:31;12;Sunday;1;2023
4186.0;1.0;5.0;Lower Manhattan;25.0;2.2;Coffee;Organic brewed coffee;Brazilian Sm;2.2;2023-01-08 12:40:55;12;Sunday;1;2023
4187.0;2.0;3.0;Astoria;40.0;3.75;Coffee;Barista Espresso;Cappuccino;7.5;2023-01-08 12:50:56;12;Sunday;1;2023
4188.0;2.0;3.0;Astoria;76.0;3.5;Bakery;Biscotti;Chocolate Chip Biscotti;7.0;2023-01-08 12:50:56;12;Sunday;1;2023
4190.0;1.0;8.0;Hell's Kitchen;65.0;0.8;Flavours;Sugar free syrup;Sugar Free Vanilla syrup;0.8;2023-01-08 12:57:06;12;Sunday;1;2023
4191.0;1.0;3.0;Astoria;43.0;3.0;Tea;Brewed herbal tea;Lemon Grass Lg;3.0;2023-01-08 12:57:39;12;Sunday;1;2023
4192.0;2.0;5.0;Lower Manhattan;41.0;4.25;Coffee;Barista Espresso;Cappuccino Lg;8.5;2023-01-08 12:58:32;12;Sunday;1;2023
4193.0;4.0;5.0;Lower Manhattan;65.0;0.8;Flavours;Sugar free syrup;Sugar Free Vanilla syrup;3.2;2023-01-08 12:58:32;12;Sunday;1;2023
4194.0;1.0;5.0;Lower Manhattan;74.0;3.5;Bakery;Biscotti;Ginger Biscotti;3.5;2023-01-08 12:58:32;12;Sunday;1;2023
4195.0;1.0;3.0;Astoria;51.0;3.0;Tea;Brewed Black tea;Earl Grey Lg;3.0;2023-01-08 13:04:28;13;Sunday;1;2023
4196.0;1.0;8.0;Hell's Kitchen;43.0;3.0;Tea;Brewed herbal tea;Lemon Grass Lg;3.0;2023-01-08 13:05:59;13;Sunday;1;2023
4197.0;2.0;3.0;Astoria;58.0;3.5;Drinking Chocolate;Hot chocolate;Dark chocolate Rg;7.0;2023-01-08 13:06:30;13;Sunday;1;2023
4198.0;2.0;3.0;Astoria;76.0;3.5;Bakery;Biscotti;Chocolate Chip Biscotti;7.0;2023-01-08 13:06:30;13;Sunday;1;2023
4199.0;1.0;5.0;Lower Manhattan;23.0;2.5;Coffee;Drip coffee;Our Old Time Diner Blend Rg;2.5;2023-01-08 13:07:18;13;Sunday;1;2023
4200.0;1.0;3.0;Astoria;40.0;3.75;Coffee;Barista Espresso;Cappuccino;3.75;2023-01-08 13:15:58;13;Sunday;1;2023
4201.0;1.0;3.0;Astoria;41.0;4.25;Coffee;Barista Espresso;Cappuccino Lg;4.25;2023-01-08 13:15:58;13;Sunday;1;2023
4202.0;1.0;3.0;Astoria;42.0;2.5;Tea;Brewed herbal tea;Lemon Grass Rg;2.5;2023-01-08 13:15:58;13;Sunday;1;2023
4203.0;2.0;5.0;Lower Manhattan;32.0;3.0;Coffee;Gourmet brewed coffee;Ethiopia Rg;6.0;2023-01-08 13:17:02;13;Sunday;1;2023
4204.0;1.0;3.0;Astoria;34.0;2.45;Coffee;Premium brewed coffee;Jamaican Coffee River Sm;2.45;2023-01-08 13:17:15;13;Sunday;1;2023
4205.0;1.0;3.0;Astoria;28.0;2.0;Coffee;Gourmet brewed coffee;Columbian Medium Roast Sm;2.0;2023-01-08 13:18:17;13;Sunday;1;2023
4206.0;2.0;3.0;Astoria;44.0;2.5;Tea;Brewed herbal tea;Peppermint Rg;5.0;2023-01-08 13:19:03;13;Sunday;1;2023
4207.0;2.0;3.0;Astoria;43.0;3.0;Tea;Brewed herbal tea;Lemon Grass Lg;6.0;2023-01-08 13:19:10;13;Sunday;1;2023
4208.0;1.0;3.0;Astoria;56.0;2.55;Tea;Brewed Chai tea;Spicy Eye Opener Chai Rg;2.55;2023-01-08 13:20:43;13;Sunday;1;2023
4209.0;2.0;;Astoria;;3.5;Bakery;Biscotti;Chocolate Chip Biscotti;7.0;2023-01-08 13:20:43;13;Sunday;1;2023
4210.0;1.0;3.0;Astoria;29.0;2.5;Coffee;Gourmet brewed coffee;Columbian Medium Roast Rg;2.5;2023-01-08 13:21:46;13;Sunday;1;2023
4211.0;2.0;3.0;Astoria;70.0;3.25;Bakery;Scone;Cranberry Scone;6.5;2023-01-08 13:21:46;13;Sunday;1;2023
4212.0;1.0;3.0;Astoria;52.0;2.5;Tea;Brewed Chai tea;Traditional Blend Chai Rg;2.5;2023-01-08 13:24:44;13;Sunday;1;2023
4213.0;2.0;5.0;Lower Manhattan;43.0;3.0;Tea;Brewed herbal tea;Lemon Grass Lg;6.0;2023-01-08 13:25:08;13;Sunday;1;2023
4214.0;2.0;3.0;Astoria;44.0;2.5;Tea;Brewed herbal tea;Peppermint Rg;5.0;2023-01-08 13:26:57;13;Sunday;1;2023
4215.0;1.0;3.0;Astoria;54.0;2.5;Tea;Brewed Chai tea;Morning Sunrise Chai Rg;2.5;2023-01-08 13:33:39;13;Sunday;1;2023
4216.0;2.0;5.0;Lower Manhattan;49.0;3.0;Tea;Brewed Black tea;English Breakfast Lg;6.0;2023-01-08 13:35:32;13;Sunday;1;2023
4217.0;1.0;3.0;Astoria;41.0;4.25;Coffee;Barista Espresso;Cappuccino Lg;4.25;2023-01-08 13:38:24;13;Sunday;1;2023
4218.0;1.0;5.0;Lower Manhattan;25.0;2.2;Coffee;Organic brewed coffee;Brazilian Sm;2.2;2023-01-08 13:40:23;13;Sunday;1;2023
4219.0;1.0;5.0;Lower Manhattan;72.0;3.25;Bakery;Scone;Ginger Scone;3.25;2023-01-08 13:40:23;13;Sunday;1;2023
4220.0;2.0;8.0;Hell's Kitchen;30.0;3.0;Coffee;Gourmet brewed coffee;Columbian Medium Roast Lg;6.0;2023-01-08 13:42:05;13;Sunday;1;2023
4221.0;1.0;3.0;Astoria;50.0;2.5;Tea;Brewed Black tea;Earl Grey Rg;2.5;2023-01-08 13:43:24;13;Sunday;1;2023
4222.0;1.0;5.0;Lower Manhattan;37.0;3.0;Coffee;Barista Espresso;Espresso shot;3.0;2023-01-08 13:45:09;13;Sunday;1;2023
4223.0;1.0;5.0;Lower Manhattan;63.0;0.8;Flavours;Regular syrup;Carmel syrup;0.8;2023-01-08 13:45:09;13;Sunday;1;2023
4224.0;1.0;8.0;Hell's Kitchen;51.0;3.0;Tea;Brewed Black tea;Earl Grey Lg;3.0;2023-01-08 13:48:00;13;Sunday;1;2023
4225.0;1.0;5.0;Lower Manhattan;32.0;3.0;Coffee;Gourmet brewed coffee;Ethiopia Rg;3.0;2023-01-08 13:57:35;13;Sunday;1;2023
4226.0;2.0;5.0;Lower Manhattan;61.0;4.75;Drinking Chocolate;Hot chocolate;Sustainably Grown Organic Lg;9.5;2023-01-08 14:01:00;14;Sunday;1;2023
4227.0;2.0;3.0;Astoria;58.0;3.5;Drinking Chocolate;Hot chocolate;Dark chocolate Rg;7.0;2023-01-08 14:02:53;14;Sunday;1;2023
4228.0;2.0;3.0;Astoria;69.0;3.25;Bakery;Biscotti;Hazelnut Biscotti;6.5;2023-01-08 14:02:53;14;Sunday;1;2023
4229.0;1.0;3.0;Astoria;18.0;10.95;Loose Tea;Chai tea;Spicy Eye Opener Chai;10.95;2023-01-08 14:02:53;14;Sunday;1;2023
4230.0;1.0;8.0;Hell's Kitchen;27.0;3.5;Coffee;Organic brewed coffee;Brazilian Lg;3.5;2023-01-08 14:03:58;14;Sunday;1;2023
4231.0;1.0;5.0;Lower Manhattan;46.0;2.5;Tea;Brewed Green tea;Serenity Green Tea Rg;2.5;2023-01-08 14:04:45;14;Sunday;1;2023
4232.0;2.0;8.0;Hell's Kitchen;56.0;2.55;Tea;Brewed Chai tea;Spicy Eye Opener Chai Rg;5.1;2023-01-08 14:10:37;14;Sunday;1;2023
4233.0;1.0;5.0;Lower Manhattan;49.0;3.0;Tea;Brewed Black tea;English Breakfast Lg;3.0;2023-01-08 14:11:34;14;Sunday;1;2023
4234.0;1.0;3.0;Astoria;59.0;4.5;Drinking Chocolate;Hot chocolate;Dark chocolate Lg;4.5;2023-01-08 14:12:38;14;Sunday;1;2023
4235.0;1.0;3.0;Astoria;57.0;3.1;Tea;Brewed Chai tea;Spicy Eye Opener Chai Lg;3.1;2023-01-08 14:14:31;14;Sunday;1;2023
4236.0;2.0;3.0;Astoria;32.0;3.0;Coffee;Gourmet brewed coffee;Ethiopia Rg;6.0;2023-01-08 14:19:54;14;Sunday;1;2023
4237.0;2.0;8.0;Hell's Kitchen;61.0;4.75;Drinking Chocolate;Hot chocolate;Sustainably Grown Organic Lg;9.5;2023-01-08 14:23:49;14;Sunday;1;2023
4238.0;1.0;8.0;Hell's Kitchen;76.0;3.5;Bakery;Biscotti;Chocolate Chip Biscotti;3.5;2023-01-08 14:23:49;14;Sunday;1;2023
4239.0;2.0;8.0;Hell's Kitchen;40.0;3.75;Coffee;Barista Espresso;Cappuccino;7.5;2023-01-08 14:27:20;14;Sunday;1;2023
4240.0;2.0;8.0;Hell's Kitchen;63.0;0.8;Flavours;Regular syrup;Carmel syrup;1.6;2023-01-08 14:27:20;14;Sunday;1;2023
4241.0;2.0;8.0;Hell's Kitchen;42.0;2.5;Tea;Brewed herbal tea;Lemon Grass Rg;5.0;2023-01-08 14:28:31;14;Sunday;1;2023
4242.0;2.0;5.0;Lower Manhattan;48.0;2.5;Tea;Brewed Black tea;English Breakfast Rg;5.0;2023-01-08 14:31:37;14;Sunday;1;2023
4243.0;2.0;3.0;Astoria;29.0;2.5;Coffee;Gourmet brewed coffee;Columbian Medium Roast Rg;5.0;2023-01-08 14:34:56;14;Sunday;1;2023
4244.0;2.0;3.0;Astoria;22.0;2.0;Coffee;Drip coffee;Our Old Time Diner Blend Sm;4.0;2023-01-08 14:42:36;14;Sunday;1;2023
4245.0;2.0;8.0;Hell's Kitchen;35.0;3.1;Coffee;Premium brewed coffee;Jamaican Coffee River Rg;6.2;2023-01-08 14:43:38;14;Sunday;1;2023
4246.0;1.0;5.0;Lower Manhattan;46.0;2.5;Tea;Brewed Green tea;Serenity Green Tea Rg;2.5;2023-01-08 14:46:48;14;Sunday;1;2023
4247.0;1.0;8.0;Hell's Kitchen;29.0;2.5;Coffee;Gourmet brewed coffee;Columbian Medium Roast Rg;2.5;2023-01-08 14:48:37;14;Sunday;1;2023
4248.0;2.0;3.0;Astoria;33.0;3.5;Coffee;Gourmet brewed coffee;Ethiopia Lg;7.0;2023-01-08 14:49:27;14;Sunday;1;2023
4249.0;2.0;3.0;Astoria;24.0;3.0;Coffee;Drip coffee;Our Old Time Diner Blend Lg;6.0;2023-01-08 14:49:40;14;Sunday;1;2023
4250.0;2.0;3.0;Astoria;71.0;3.75;Bakery;Pastry;Chocolate Croissant;7.5;2023-01-08 14:49:40;14;Sunday;1;2023
4251.0;1.0;8.0;Hell's Kitchen;37.0;3.0;Coffee;Barista Espresso;Espresso shot;3.0;2023-01-08 14:51:23;14;Sunday;1;2023
4253.0;1.0;3.0;Astoria;46.0;2.5;Tea;Brewed Green tea;Serenity Green Tea Rg;2.5;2023-01-08 14:55:34;14;Sunday;1;2023
4254.0;1.0;8.0;Hell's Kitchen;29.0;2.5;Coffee;Gourmet brewed coffee;Columbian Medium Roast Rg;2.5;2023-01-08 14:56:10;14;Sunday;1;2023
4256.0;1.0;3.0;Astoria;35.0;3.1;Coffee;Premium brewed coffee;Jamaican Coffee River Rg;3.1;2023-01-08 14:59:58;14;Sunday;1;2023
4257.0;1.0;3.0;Astoria;47.0;3.0;Tea;Brewed Green tea;Serenity Green Tea Lg;3.0;2023-01-08 15:03:13;15;Sunday;1;2023
4258.0;2.0;5.0;Lower Manhattan;24.0;3.0;Coffee;Drip coffee;Our Old Time Diner Blend Lg;6.0;2023-01-08 15:05:45;15;Sunday;1;2023
4259.0;1.0;3.0;Astoria;37.0;3.0;Coffee;Barista Espresso;Espresso shot;3.0;2023-01-08 15:06:06;15;Sunday;1;2023
4260.0;1.0;3.0;Astoria;49.0;3.0;Tea;Brewed Black tea;English Breakfast Lg;3.0;2023-01-08 15:07:54;15;Sunday;1;2023
4263.0;2.0;3.0;Astoria;55.0;4.0;Tea;Brewed Chai tea;Morning Sunrise Chai Lg;8.0;2023-01-08 15:10:23;15;Sunday;1;2023
4264.0;1.0;5.0;Lower Manhattan;52.0;2.5;Tea;Brewed Chai tea;Traditional Blend Chai Rg;2.5;2023-01-08 15:10:25;15;Sunday;1;2023
4265.0;1.0;3.0;Astoria;50.0;2.5;Tea;Brewed Black tea;Earl Grey Rg;2.5;2023-01-08 15:12:03;15;Sunday;1;2023
4266.0;2.0;5.0;Lower Manhattan;40.0;3.75;Coffee;Barista Espresso;Cappuccino;7.5;2023-01-08 15:16:46;15;Sunday;1;2023
4268.0;2.0;3.0;Astoria;56.0;2.55;Tea;Brewed Chai tea;Spicy Eye Opener Chai Rg;5.1;2023-01-08 15:26:22;15;Sunday;1;2023
4269.0;1.0;3.0;Astoria;57.0;3.1;Tea;Brewed Chai tea;Spicy Eye Opener Chai Lg;3.1;2023-01-08 15:26:51;15;Sunday;1;2023
4270.0;1.0;5.0;Lower Manhattan;51.0;3.0;Tea;Brewed Black tea;Earl Grey Lg;3.0;2023-01-08 15:33:09;15;Sunday;1;2023
4272.0;2.0;3.0;Astoria;47.0;3.0;Tea;Brewed Green tea;Serenity Green Tea Lg;6.0;2023-01-08 15:36:47;15;Sunday;1;2023
4273.0;2.0;8.0;Hell's Kitchen;52.0;2.5;Tea;Brewed Chai tea;Traditional Blend Chai Rg;5.0;2023-01-08 15:38:46;15;Sunday;1;2023
4274.0;1.0;5.0;Lower Manhattan;56.0;2.55;Tea;Brewed Chai tea;Spicy Eye Opener Chai Rg;2.55;2023-01-08 15:44:32;15;Sunday;1;2023
4277.0;1.0;3.0;Astoria;71.0;3.75;Bakery;Pastry;Chocolate Croissant;3.75;2023-01-08 15:50:48;15;Sunday;1;2023
4278.0;2.0;5.0;Lower Manhattan;52.0;2.5;Tea;Brewed Chai tea;Traditional Blend Chai Rg;5.0;2023-01-08 15:51:16;15;Sunday;1;2023
4279.0;1.0;5.0;Lower Manhattan;73.0;3.75;Bakery;Pastry;Almond Croissant;3.75;2023-01-08 15:51:16;15;Sunday;1;2023
4280.0;1.0;8.0;Hell's Kitchen;22.0;2.0;Coffee;Drip coffee;Our Old Time Diner Blend Sm;2.0;2023-01-08 15:51:34;15;Sunday;1;2023
4281.0;2.0;5.0;Lower Manhattan;40.0;3.75;Coffee;Barista Espresso;Cappuccino;7.5;2023-01-08 16:01:25;16;Sunday;1;2023
4282.0;2.0;5.0;Lower Manhattan;65.0;0.8;Flavours;Sugar free syrup;Sugar Free Vanilla syrup;1.6;2023-01-08 16:01:25;16;Sunday;1;2023
4284.0;2.0;8.0;Hell's Kitchen;39.0;4.25;Coffee;Barista Espresso;Latte Rg;8.5;2023-01-08 16:12:35;16;Sunday;1;2023
4285.0;2.0;8.0;Hell's Kitchen;63.0;0.8;Flavours;Regular syrup;Carmel syrup;1.6;2023-01-08 16:12:35;16;Sunday;1;2023
4286.0;1.0;8.0;Hell's Kitchen;78.0;4.5;Bakery;Scone;Scottish Cream Scone ;4.5;2023-01-08 16:12:35;16;Sunday;1;2023
4287.0;1.0;8.0;Hell's Kitchen;21.0;13.33;Packaged Chocolate;Drinking Chocolate;Chili Mayan;13.33;2023-01-08 16:12:35;16;Sunday;1;2023
4288.0;1.0;3.0;Astoria;36.0;3.75;Coffee;Premium brewed coffee;Jamaican Coffee River Lg;3.75;2023-01-08 16:13:54;16;Sunday;1;2023
4289.0;1.0;8.0;Hell's Kitchen;22.0;2.0;Coffee;Drip coffee;Our Old Time Diner Blend Sm;2.0;2023-01-08 16:17:06;16;Sunday;1;2023
4290.0;1.0;8.0;Hell's Kitchen;32.0;3.0;Coffee;Gourmet brewed coffee;Ethiopia Rg;3.0;2023-01-08 16:17:11;16;Sunday;1;2023
4291.0;1.0;8.0;Hell's Kitchen;57.0;3.1;Tea;Brewed Chai tea;Spicy Eye Opener Chai Lg;3.1;2023-01-08 16:20:21;16;Sunday;1;2023
4292.0;1.0;3.0;Astoria;50.0;2.5;Tea;Brewed Black tea;Earl Grey Rg;2.5;2023-01-08 16:24:03;16;Sunday;1;2023
4293.0;1.0;3.0;Astoria;76.0;3.5;Bakery;Biscotti;Chocolate Chip Biscotti;3.5;2023-01-08 16:24:03;16;Sunday;1;2023
4294.0;1.0;8.0;Hell's Kitchen;36.0;3.75;Coffee;Premium brewed coffee;Jamaican Coffee River Lg;3.75;2023-01-08 16:25:59;16;Sunday;1;2023
;1.0;;Hell's Kitchen;27.0;3.5;Coffee;Organic brewed coffee;Brazilian Lg;3.5;2023-01-08 16:27:14;16;Sunday;1;2023
4296.0;1.0;8.0;Hell's Kitchen;52.0;2.5;Tea;Brewed Chai tea;Traditional Blend Chai Rg;2.5;2023-01-08 16:29:42;16;Sunday;1;2023
4297.0;2.0;3.0;Astoria;58.0;3.5;Drinking Chocolate;Hot chocolate;Dark chocolate Rg;7.0;2023-01-08 16:31:13;16;Sunday;1;2023
4298.0;1.0;3.0;Astoria;22.0;2.0;Coffee;Drip coffee;Our Old Time Diner Blend Sm;2.0;2023-01-08 16:31:13;16;Sunday;1;2023
4299.0;1.0;5.0;Lower Manhattan;61.0;4.75;Drinking Chocolate;Hot chocolate;Sustainably Grown Organic Lg;4.75;2023-01-08 16:31:13;16;Sunday;1;2023
4300.0;2.0;8.0;Hell's Kitchen;55.0;4.0;Tea;Brewed Chai tea;Morning Sunrise Chai Lg;8.0;2023-01-08 16:31:49;16;Sunday;1;2023
4301.0;2.0;5.0;Lower Manhattan;38.0;3.75;Coffee;Barista Espresso;Latte;7.5;2023-01-08 16:34:33;16;Sunday;1;2023
4302.0;1.0;5.0;Lower Manhattan;45.0;3.0;Tea;Brewed herbal tea;Peppermint Lg;3.0;2023-01-08 16:38:12;16;Sunday;1;2023
4303.0;1.0;5.0;Lower Manhattan;69.0;3.25;Bakery;Biscotti;Hazelnut Biscotti;3.25;2023-01-08 16:38:12;16;Sunday;1;2023
4304.0;2.0;3.0;Astoria;58.0;3.5;Drinking Chocolate;Hot chocolate;Dark chocolate Rg;7.0;2023-01-08 16:44:59;16;Sunday;1;2023
4305.0;2.0;3.0;Astoria;78.0;4.5;Bakery;Scone;Scottish Cream Scone ;9.0;2023-01-08 16:44:59;16;Sunday;1;2023
4307.0;1.0;8.0;Hell's Kitchen;34.0;2.45;Coffee;Premium brewed coffee;Jamaican Coffee River Sm;2.45;2023-01-08 16:47:53;16;Sunday;1;2023
4308.0;1.0;8.0;Hell's Kitchen;30.0;3.0;Coffee;Gourmet brewed coffee;Columbian Medium Roast Lg;3.0;2023-01-08 16:55:45;16;Sunday;1;2023
4309.0;1.0;8.0;Hell's Kitchen;28.0;2.0;Coffee;Gourmet brewed coffee;Columbian Medium Roast Sm;2.0;2023-01-08 16:55:48;16;Sunday;1;2023
4310.0;1.0;8.0;Hell's Kitchen;71.0;3.75;Bakery;Pastry;Chocolate Croissant;3.75;2023-01-08 16:55:48;16;Sunday;1;2023
4311.0;2.0;5.0;Lower Manhattan;29.0;2.5;Coffee;Gourmet brewed coffee;Columbian Medium Roast Rg;5.0;2023-01-08 16:56:14;16;Sunday;1;2023
4312.0;1.0;5.0;Lower Manhattan;54.0;2.5;Tea;Brewed Chai tea;Morning Sunrise Chai Rg;2.5;2023-01-08 16:56:42;16;Sunday;1;2023
4313.0;2.0;8.0;Hell's Kitchen;45.0;3.0;Tea;Brewed herbal tea;Peppermint Lg;6.0;2023-01-08 16:58:52;16;Sunday;1;2023
4314.0;1.0;8.0;Hell's Kitchen;87.0;3.0;Coffee;Barista Espresso;Ouro Brasileiro shot;3.0;2023-01-08 17:03:35;17;Sunday;1;2023
4315.0;1.0;3.0;Astoria;38.0;3.75;Coffee;Barista Espresso;Latte;3.75;2023-01-08 17:03:52;17;Sunday;1;2023
4316.0;2.0;3.0;Astoria;75.0;3.5;Bakery;Pastry;Croissant;7.0;2023-01-08 17:03:52;17;Sunday;1;2023
4317.0;2.0;8.0;Hell's Kitchen;28.0;2.0;Coffee;Gourmet brewed coffee;Columbian Medium Roast Sm;4.0;2023-01-08 17:04:51;17;Sunday;1;2023
4318.0;1.0;8.0;Hell's Kitchen;13.0;8.95;Loose Tea;Black tea;English Breakfast;8.95;2023-01-08 17:04:51;17;Sunday;1;2023
4319.0;1.0;8.0;Hell's Kitchen;87.0;3.0;Coffee;Barista Espresso;Ouro Brasileiro shot;3.0;2023-01-08 17:09:44;17;Sunday;1;2023
4320.0;2.0;8.0;Hell's Kitchen;54.0;2.5;Tea;Brewed Chai tea;Morning Sunrise Chai Rg;5.0;2023-01-08 17:15:57;17;Sunday;1;2023
4321.0;2.0;5.0;Lower Manhattan;29.0;2.5;Coffee;Gourmet brewed coffee;Columbian Medium Roast Rg;5.0;2023-01-08 17:17:43;17;Sunday;1;2023
4322.0;1.0;3.0;Astoria;55.0;4.0;Tea;Brewed Chai tea;Morning Sunrise Chai Lg;4.0;2023-01-08 17:20:42;17;Sunday;1;2023
;2.0;;Astoria;;4.5;Drinking Chocolate;Hot chocolate;Dark chocolate Lg;9.0;2023-01-08 17:23:26;17;Sunday;1;2023
4324.0;1.0;3.0;Astoria;11.0;8.95;Loose Tea;Herbal tea;Lemon Grass;8.95;2023-01-08 17:23:26;17;Sunday;1;2023
4325.0;1.0;5.0;Lower Manhattan;51.0;3.0;Tea;Brewed Black tea;Earl Grey Lg;3.0;2023-01-08 17:26:04;17;Sunday;1;2023
4326.0;2.0;3.0;Astoria;32.0;3.0;Coffee;Gourmet brewed coffee;Ethiopia Rg;6.0;2023-01-08 17:27:12;17;Sunday;1;2023
4327.0;1.0;3.0;Astoria;44.0;2.5;Tea;Brewed herbal tea;Peppermint Rg;2.5;2023-01-08 17:28:41;17;Sunday;1;2023
4328.0;1.0;3.0;Astoria;26.0;3.0;Coffee;Organic brewed coffee;Brazilian Rg;3.0;2023-01-08 17:48:46;17;Sunday;1;2023
4329.0;1.0;3.0;Astoria;1.0;18.0;Coffee beans;Organic Beans;Brazilian - Organic;18.0;2023-01-08 17:48:46;17;Sunday;1;2023
4330.0;1.0;5.0;Lower Manhattan;42.0;2.5;Tea;Brewed herbal tea;Lemon Grass Rg;2.5;2023-01-08 17:49:22;17;Sunday;1;2023
4332.0;1.0;8.0;Hell's Kitchen;50.0;2.5;Tea;Brewed Black tea;Earl Grey Rg;2.5;2023-01-08 17:55:16;17;Sunday;1;2023
4333.0;2.0;3.0;Astoria;23.0;2.5;Coffee;Drip coffee;Our Old Time Diner Blend Rg;5.0;2023-01-08 17:58:28;17;Sunday;1;2023
4334.0;2.0;3.0;Astoria;79.0;3.75;Bakery;Scone;Jumbo Savory Scone;7.5;2023-01-08 17:58:28;17;Sunday;1;2023
4335.0;1.0;3.0;Astoria;49.0;3.0;Tea;Brewed Black tea;English Breakfast Lg;3.0;2023-01-08 17:59:49;17;Sunday;1;2023
4336.0;2.0;3.0;Astoria;79.0;3.75;Bakery;Scone;Jumbo Savory Scone;7.5;2023-01-08 17:59:49;17;Sunday;1;2023
4337.0;1.0;3.0;Astoria;41.0;4.25;Coffee;Barista Espresso;Cappuccino Lg;4.25;2023-01-08 18:01:22;18;Sunday;1;2023
4338.0;1.0;5.0;Lower Manhattan;34.0;2.45;Coffee;Premium brewed coffee;Jamaican Coffee River Sm;2.45;2023-01-08 18:06:26;18;Sunday;1;2023
;1.0;5.0;Lower Manhattan;;2.0;Coffee;Drip coffee;Our Old Time Diner Blend Sm;2.0;2023-01-08 18:07:49;18;Sunday;1;2023
4340.0;1.0;3.0;Astoria;56.0;2.55;Tea;Brewed Chai tea;Spicy Eye Opener Chai Rg;2.55;2023-01-08 18:10:45;18;Sunday;1;2023
4341.0;1.0;5.0;Lower Manhattan;33.0;3.5;Coffee;Gourmet brewed coffee;Ethiopia Lg;3.5;2023-01-08 18:13:50;18;Sunday;1;2023
4342.0;2.0;8.0;Hell's Kitchen;36.0;3.75;Coffee;Premium brewed coffee;Jamaican Coffee River Lg;7.5;2023-01-08 18:19:59;18;Sunday;1;2023
4343.0;2.0;5.0;Lower Manhattan;23.0;2.5;Coffee;Drip coffee;Our Old Time Diner Blend Rg;5.0;2023-01-08 18:21:16;18;Sunday;1;2023
4344.0;2.0;8.0;Hell's Kitchen;48.0;2.5;Tea;Brewed Black tea;English Breakfast Rg;5.0;2023-01-08 18:21:17;18;Sunday;1;2023
4345.0;2.0;3.0;Astoria;30.0;3.0;Coffee;Gourmet brewed coffee;Columbian Medium Roast Lg;6.0;2023-01-08 18:23:39;18;Sunday;1;2023
4346.0;2.0;8.0;Hell's Kitchen;49.0;3.0;Tea;Brewed Black tea;English Breakfast Lg;6.0;2023-01-08 18:25:31;18;Sunday;1;2023
4347.0;2.0;8.0;Hell's Kitchen;46.0;2.5;Tea;Brewed Green tea;Serenity Green Tea Rg;5.0;2023-01-08 18:26:29;18;Sunday;1;2023
4348.0;2.0;8.0;Hell's Kitchen;51.0;3.0;Tea;Brewed Black tea;Earl Grey Lg;6.0;2023-01-08 18:29:26;18;Sunday;1;2023
4349.0;2.0;8.0;Hell's Kitchen;48.0;2.5;Tea;Brewed Black tea;English Breakfast Rg;5.0;2023-01-08 18:29:30;18;Sunday;1;2023
4350.0;2.0;5.0;Lower Manhattan;54.0;2.5;Tea;Brewed Chai tea;Morning Sunrise Chai Rg;5.0;2023-01-08 18:32:55;18;Sunday;1;2023
4351.0;1.0;3.0;Astoria;29.0;2.5;Coffee;Gourmet brewed coffee;Columbian Medium Roast Rg;2.5;2023-01-08 18:38:48;18;Sunday;1;2023
4352.0;1.0;5.0;Lower Manhattan;49.0;3.0;Tea;Brewed Black tea;English Breakfast Lg;3.0;2023-01-08 18:39:35;18;Sunday;1;2023
4353.0;1.0;8.0;Hell's Kitchen;54.0;2.5;Tea;Brewed Chai tea;Morning Sunrise Chai Rg;2.5;2023-01-08 18:41:02;18;Sunday;1;2023
4354.0;1.0;8.0;Hell's Kitchen;38.0;3.75;Coffee;Barista Espresso;Latte;3.75;2023-01-08 18:43:38;18;Sunday;1;2023
4355.0;1.0;8.0;Hell's Kitchen;84.0;0.8;Flavours;Regular syrup;Chocolate syrup;0.8;2023-01-08 18:43:38;18;Sunday;1;2023
4356.0;1.0;3.0;Astoria;44.0;2.5;Tea;Brewed herbal tea;Peppermint Rg;2.5;2023-01-08 18:43:43;18;Sunday;1;2023
4357.0;1.0;8.0;Hell's Kitchen;30.0;3.0;Coffee;Gourmet brewed coffee;Columbian Medium Roast Lg;3.0;2023-01-08 18:46:56;18;Sunday;1;2023
4358.0;1.0;8.0;Hell's Kitchen;5.0;15.0;Coffee beans;Gourmet Beans;Columbian Medium Roast;15.0;2023-01-08 18:46:56;18;Sunday;1;2023
4359.0;2.0;3.0;Astoria;50.0;2.5;Tea;Brewed Black tea;Earl Grey Rg;5.0;2023-01-08 18:48:08;18;Sunday;1;2023
4360.0;2.0;3.0;Astoria;61.0;4.75;Drinking Chocolate;Hot chocolate;Sustainably Grown Organic Lg;9.5;2023-01-08 18:48:39;18;Sunday;1;2023
4361.0;1.0;5.0;Lower Manhattan;43.0;3.0;Tea;Brewed herbal tea;Lemon Grass Lg;3.0;2023-01-08 18:49:18;18;Sunday;1;2023
4362.0;2.0;8.0;Hell's Kitchen;37.0;3.0;Coffee;Barista Espresso;Espresso shot;6.0;2023-01-08 18:50:38;18;Sunday;1;2023
4364.0;2.0;3.0;Astoria;29.0;2.5;Coffee;Gourmet brewed coffee;Columbian Medium Roast Rg;5.0;2023-01-08 18:52:32;18;Sunday;1;2023
4365.0;1.0;3.0;Astoria;36.0;3.75;Coffee;Premium brewed coffee;Jamaican Coffee River Lg;3.75;2023-01-08 18:52:57;18;Sunday;1;2023
4366.0;2.0;5.0;Lower Manhattan;48.0;2.5;Tea;Brewed Black tea;English Breakfast Rg;5.0;2023-01-08 18:55:41;18;Sunday;1;2023
4367.0;2.0;8.0;Hell's Kitchen;34.0;2.45;Coffee;Premium brewed coffee;Jamaican Coffee River Sm;4.9;2023-01-08 19:01:24;19;Sunday;1;2023
4368.0;2.0;5.0;Lower Manhattan;60.0;3.75;Drinking Chocolate;Hot chocolate;Sustainably Grown Organic Rg;7.5;2023-01-08 19:07:30;19;Sunday;1;2023
4369.0;1.0;3.0;Astoria;59.0;4.5;Drinking Chocolate;Hot chocolate;Dark chocolate Lg;4.5;2023-01-08 19:08:59;19;Sunday;1;2023
4370.0;1.0;5.0;Lower Manhattan;47.0;3.0;Tea;Brewed Green tea;Serenity Green Tea Lg;3.0;2023-01-08 19:11:56;19;Sunday;1;2023
4371.0;2.0;3.0;Astoria;49.0;3.0;Tea;Brewed Black tea;English Breakfast Lg;6.0;2023-01-08 19:17:12;19;Sunday;1;2023
4372.0;2.0;8.0;Hell's Kitchen;52.0;2.5;Tea;Brewed Chai tea;Traditional Blend Chai Rg;5.0;2023-01-08 19:17:28;19;Sunday;1;2023
4373.0;2.0;5.0;Lower Manhattan;41.0;4.25;Coffee;Barista Espresso;Cappuccino Lg;8.5;2023-01-08 19:20:15;19;Sunday;1;2023
4374.0;2.0;5.0;Lower Manhattan;65.0;0.8;Flavours;Sugar free syrup;Sugar Free Vanilla syrup;1.6;2023-01-08 19:20:15;19;Sunday;1;2023
4375.0;1.0;5.0;Lower Manhattan;74.0;3.5;Bakery;Biscotti;Ginger Biscotti;3.5;2023-01-08 19:20:15;19;Sunday;1;2023
4376.0;2.0;3.0;Astoria;58.0;3.5;Drinking Chocolate;Hot chocolate;Dark chocolate Rg;7.0;2023-01-08 19:24:28;19;Sunday;1;2023
4377.0;2.0;3.0;Astoria;74.0;3.5;Bakery;Biscotti;Ginger Biscotti;7.0;2023-01-08 19:24:28;19;Sunday;1;2023
4378.0;1.0;3.0;Astoria;22.0;2.0;Coffee;Drip coffee;Our Old Time Diner Blend Sm;2.0;2023-01-08 19:25:58;19;Sunday;1;2023
4379.0;2.0;3.0;Astoria;69.0;3.25;Bakery;Biscotti;Hazelnut Biscotti;6.5;2023-01-08 19:25:58;19;Sunday;1;2023
4380.0;2.0;3.0;Astoria;48.0;2.5;Tea;Brewed Black tea;English Breakfast Rg;5.0;2023-01-08 19:28:26;19;Sunday;1;2023
4381.0;1.0;5.0;Lower Manhattan;40.0;3.75;Coffee;Barista Espresso;Cappuccino;3.75;2023-01-08 19:32:15;19;Sunday;1;2023
4382.0;4.0;5.0;Lower Manhattan;64.0;0.8;Flavours;Regular syrup;Hazelnut syrup;3.2;2023-01-08 19:32:15;19;Sunday;1;2023
4383.0;2.0;3.0;Astoria;24.0;3.0;Coffee;Drip coffee;Our Old Time Diner Blend Lg;6.0;2023-01-08 19:36:20;19;Sunday;1;2023
4384.0;1.0;3.0;Astoria;60.0;3.75;Drinking Chocolate;Hot chocolate;Sustainably Grown Organic Rg;3.75;2023-01-08 19:44:46;19;Sunday;1;2023
4385.0;2.0;3.0;Astoria;72.0;3.25;Bakery;Scone;Ginger Scone;6.5;2023-01-08 19:44:46;19;Sunday;1;2023
4386.0;1.0;3.0;Astoria;32.0;3.0;Coffee;Gourmet brewed coffee;Ethiopia Rg;3.0;2023-01-08 19:47:25;19;Sunday;1;2023
4387.0;1.0;3.0;Astoria;10.0;10.0;Coffee beans;Green beans;Guatemalan Sustainably Grown;10.0;2023-01-08 19:47:25;19;Sunday;1;2023
4388.0;1.0;3.0;Astoria;45.0;3.0;Tea;Brewed herbal tea;Peppermint Lg;3.0;2023-01-08 19:54:56;19;Sunday;1;2023
4389.0;1.0;3.0;Astoria;83.0;14.0;Branded;Housewares;I Need My Bean! Latte cup;14.0;2023-01-08 19:54:56;19;Sunday;1;2023
;1.0;;Astoria;;3.0;Tea;Brewed Green tea;Serenity Green Tea Lg;3.0;2023-01-08 19:54:56;19;Sunday;1;2023
4391.0;1.0;3.0;Astoria;28.0;2.0;Coffee;Gourmet brewed coffee;Columbian Medium Roast Sm;2.0;2023-01-08 19:55:15;19;Sunday;1;2023
4392.0;2.0;3.0;Astoria;29.0;2.5;Coffee;Gourmet brewed coffee;Columbian Medium Roast Rg;5.0;2023-01-08 19:58:16;19;Sunday;1;2023
4393.0;1.0;3.0;Astoria;12.0;8.95;Loose Tea;Herbal tea;Peppermint;8.95;2023-01-08 19:58:16;19;Sunday;1;2023
4394.0;2.0;8.0;Hell's Kitchen;61.0;4.75;Drinking Chocolate;Hot chocolate;Sustainably Grown Organic Lg;9.5;2023-01-08 19:59:24;19;Sunday;1;2023
4395.0;1.0;5.0;Lower Manhattan;49.0;3.0;Tea;Brewed Black tea;English Breakfast Lg;3.0;2023-01-08 20:02:55;20;Sunday;1;2023
4396.0;2.0;5.0;Lower Manhattan;42.0;2.5;Tea;Brewed herbal tea;Lemon Grass Rg;5.0;2023-01-08 20:03:08;20;Sunday;1;2023
4397.0;1.0;5.0;Lower Manhattan;35.0;3.1;Coffee;Premium brewed coffee;Jamaican Coffee River Rg;3.1;2023-01-08 20:03:55;20;Sunday;1;2023
4398.0;1.0;5.0;Lower Manhattan;57.0;3.1;Tea;Brewed Chai tea;Spicy Eye Opener Chai Lg;3.1;2023-01-08 20:11:38;20;Sunday;1;2023
4399.0;1.0;5.0;Lower Manhattan;32.0;3.0;Coffee;Gourmet brewed coffee;Ethiopia Rg;3.0;2023-01-08 20:13:21;20;Sunday;1;2023
4400.0;2.0;5.0;Lower Manhattan;47.0;3.0;Tea;Brewed Green tea;Serenity Green Tea Lg;6.0;2023-01-08 20:15:36;20;Sunday;1;2023
4402.0;2.0;5.0;Lower Manhattan;50.0;2.5;Tea;Brewed Black tea;Earl Grey Rg;5.0;2023-01-08 20:18:39;20;Sunday;1;2023
4403.0;1.0;5.0;Lower Manhattan;79.0;3.75;Bakery;Scone;Jumbo Savory Scone;3.75;2023-01-08 20:18:39;20;Sunday;1;2023
4404.0;1.0;5.0;Lower Manhattan;34.0;2.45;Coffee;Premium brewed coffee;Jamaican Coffee River Sm;2.45;2023-01-08 20:23:34;20;Sunday;1;2023
4405.0;2.0;8.0;Hell's Kitchen;59.0;4.5;Drinking Chocolate;Hot chocolate;Dark chocolate Lg;9.0;2023-01-09 06:34:18;6;Monday;1;2023
4406.0;1.0;8.0;Hell's Kitchen;47.0;3.0;Tea;Brewed Green tea;Serenity Green Tea Lg;3.0;2023-01-09 06:36:36;6;Monday;1;2023
4407.0;1.0;8.0;Hell's Kitchen;34.0;2.45;Coffee;Premium brewed coffee;Jamaican Coffee River Sm;2.45;2023-01-09 06:39:11;6;Monday;1;2023
4408.0;1.0;8.0;Hell's Kitchen;76.0;3.5;Bakery;Biscotti;Chocolate Chip Biscotti;3.5;2023-01-09 06:39:11;6;Monday;1;2023
4409.0;2.0;8.0;Hell's Kitchen;46.0;2.5;Tea;Brewed Green tea;Serenity Green Tea Rg;5.0;2023-01-09 06:42:20;6;Monday;1;2023
4410.0;2.0;8.0;Hell's Kitchen;61.0;4.75;Drinking Chocolate;Hot chocolate;Sustainably Grown Organic Lg;9.5;2023-01-09 06:45:12;6;Monday;1;2023
4411.0;1.0;8.0;Hell's Kitchen;35.0;3.1;Coffee;Premium brewed coffee;Jamaican Coffee River Rg;3.1;2023-01-09 06:48:55;6;Monday;1;2023
4412.0;1.0;8.0;Hell's Kitchen;78.0;4.5;Bakery;Scone;Scottish Cream Scone ;4.5;2023-01-09 06:48:55;6;Monday;1;2023
4413.0;2.0;8.0;Hell's Kitchen;61.0;4.75;Drinking Chocolate;Hot chocolate;Sustainably Grown Organic Lg;9.5;2023-01-09 06:49:13;6;Monday;1;2023
4414.0;1.0;8.0;Hell's Kitchen;47.0;3.0;Tea;Brewed Green tea;Serenity Green Tea Lg;3.0;2023-01-09 06:50:14;6;Monday;1;2023
4415.0;1.0;8.0;Hell's Kitchen;28.0;2.0;Coffee;Gourmet brewed coffee;Columbian Medium Roast Sm;2.0;2023-01-09 06:51:12;6;Monday;1;2023
4416.0;1.0;8.0;Hell's Kitchen;44.0;2.5;Tea;Brewed herbal tea;Peppermint Rg;2.5;2023-01-09 06:52:54;6;Monday;1;2023
4417.0;1.0;8.0;Hell's Kitchen;26.0;3.0;Coffee;Organic brewed coffee;Brazilian Rg;3.0;2023-01-09 06:56:32;6;Monday;1;2023
4418.0;1.0;8.0;Hell's Kitchen;74.0;3.5;Bakery;Biscotti;Ginger Biscotti;3.5;2023-01-09 06:56:32;6;Monday;1;2023
4419.0;1.0;8.0;Hell's Kitchen;53.0;3.0;Tea;Brewed Chai tea;Traditional Blend Chai Lg;3.0;2023-01-09 06:56:55;6;Monday;1;2023
4420.0;2.0;8.0;Hell's Kitchen;56.0;2.55;Tea;Brewed Chai tea;Spicy Eye Opener Chai Rg;5.1;2023-01-09 06:57:56;6;Monday;1;2023
4421.0;2.0;8.0;Hell's Kitchen;51.0;3.0;Tea;Brewed Black tea;Earl Grey Lg;6.0;2023-01-09 06:58:57;6;Monday;1;2023
4422.0;1.0;3.0;Astoria;36.0;3.75;Coffee;Premium brewed coffee;Jamaican Coffee River Lg;3.75;2023-01-09 07:00:13;7;Monday;1;2023
4423.0;1.0;3.0;Astoria;54.0;2.5;Tea;Brewed Chai tea;Morning Sunrise Chai Rg;2.5;2023-01-09 07:00:58;7;Monday;1;2023
4424.0;1.0;8.0;Hell's Kitchen;58.0;3.5;Drinking Chocolate;Hot chocolate;Dark chocolate Rg;3.5;2023-01-09 07:05:00;7;Monday;1;2023
4425.0;1.0;8.0;Hell's Kitchen;71.0;3.75;Bakery;Pastry;Chocolate Croissant;3.75;2023-01-09 07:05:00;7;Monday;1;2023
4426.0;1.0;3.0;Astoria;52.0;2.5;Tea;Brewed Chai tea;Traditional Blend Chai Rg;2.5;2023-01-09 07:09:08;7;Monday;1;2023
4427.0;2.0;8.0;Hell's Kitchen;46.0;2.5;Tea;Brewed Green tea;Serenity Green Tea Rg;5.0;2023-01-09 07:10:20;7;Monday;1;2023
4428.0;1.0;3.0;Astoria;59.0;4.5;Drinking Chocolate;Hot chocolate;Dark chocolate Lg;4.5;2023-01-09 07:10:44;7;Monday;1;2023
4429.0;1.0;3.0;Astoria;61.0;4.75;Drinking Chocolate;Hot chocolate;Sustainably Grown Organic Lg;4.75;2023-01-09 07:12:39;7;Monday;1;2023
;1.0;3.0;Astoria;;3.75;Coffee;Barista Espresso;Latte;3.75;2023-01-09 07:13:35;7;Monday;1;2023
4431.0;2.0;8.0;Hell's Kitchen;23.0;2.5;Coffee;Drip coffee;Our Old Time Diner Blend Rg;5.0;2023-01-09 07:15:40;7;Monday;1;2023
4432.0;1.0;3.0;Astoria;24.0;3.0;Coffee;Drip coffee;Our Old Time Diner Blend Lg;3.0;2023-01-09 07:15:42;7;Monday;1;2023
4433.0;1.0;3.0;Astoria;71.0;3.75;Bakery;Pastry;Chocolate Croissant;3.75;2023-01-09 07:15:46;7;Monday;1;2023
4434.0;1.0;3.0;Astoria;26.0;3.0;Coffee;Organic brewed coffee;Brazilian Rg;3.0;2023-01-09 07:20:13;7;Monday;1;2023
4435.0;1.0;3.0;Astoria;31.0;2.2;Coffee;Gourmet brewed coffee;Ethiopia Sm;2.2;2023-01-09 07:20:38;7;Monday;1;2023
4436.0;1.0;8.0;Hell's Kitchen;24.0;3.0;Coffee;Drip coffee;Our Old Time Diner Blend Lg;3.0;2023-01-09 07:21:05;7;Monday;1;2023
4437.0;2.0;8.0;Hell's Kitchen;33.0;3.5;Coffee;Gourmet brewed coffee;Ethiopia Lg;7.0;2023-01-09 07:23:35;7;Monday;1;2023
4438.0;2.0;8.0;Hell's Kitchen;54.0;2.5;Tea;Brewed Chai tea;Morning Sunrise Chai Rg;5.0;2023-01-09 07:27:27;7;Monday;1;2023
4439.0;1.0;8.0;Hell's Kitchen;28.0;2.0;Coffee;Gourmet brewed coffee;Columbian Medium Roast Sm;2.0;2023-01-09 07:27:48;7;Monday;1;2023
4440.0;1.0;3.0;Astoria;29.0;2.5;Coffee;Gourmet brewed coffee;Columbian Medium Roast Rg;2.5;2023-01-09 07:29:02;7;Monday;1;2023
4443.0;1.0;5.0;Lower Manhattan;26.0;3.0;Coffee;Organic brewed coffee;Brazilian Rg;3.0;2023-01-09 07:31:51;7;Monday;1;2023
4444.0;1.0;8.0;Hell's Kitchen;51.0;3.0;Tea;Brewed Black tea;Earl Grey Lg;3.0;2023-01-09 07:32:17;7;Monday;1;2023
4445.0;1.0;3.0;Astoria;55.0;4.0;Tea;Brewed Chai tea;Morning Sunrise Chai Lg;4.0;2023-01-09 07:32:52;7;Monday;1;2023
4446.0;2.0;5.0;Lower Manhattan;52.0;2.5;Tea;Brewed Chai tea;Traditional Blend Chai Rg;5.0;2023-01-09 07:33:08;7;Monday;1;2023
4447.0;1.0;5.0;Lower Manhattan;75.0;4.38;Bakery;Pastry;Croissant;4.38;2023-01-09 07:33:08;7;Monday;1;2023
4448.0;2.0;3.0;Astoria;55.0;4.0;Tea;Brewed Chai tea;Morning Sunrise Chai Lg;8.0;2023-01-09 07:33:34;7;Monday;1;2023
4449.0;1.0;5.0;Lower Manhattan;43.0;3.0;Tea;Brewed herbal tea;Lemon Grass Lg;3.0;2023-01-09 07:35:31;7;Monday;1;2023
4450.0;2.0;5.0;Lower Manhattan;39.0;4.25;Coffee;Barista Espresso;Latte Rg;8.5;2023-01-09 07:35:46;7;Monday;1;2023
4451.0;1.0;3.0;Astoria;24.0;3.0;Coffee;Drip coffee;Our Old Time Diner Blend Lg;3.0;2023-01-09 07:36:06;7;Monday;1;2023
4452.0;1.0;3.0;Astoria;72.0;3.25;Bakery;Scone;Ginger Scone;3.25;2023-01-09 07:36:06;7;Monday;1;2023
4453.0;2.0;5.0;Lower Manhattan;31.0;2.2;Coffee;Gourmet brewed coffee;Ethiopia Sm;4.4;2023-01-09 07:36:32;7;Monday;1;2023
4454.0;1.0;5.0;Lower Manhattan;13.0;8.95;Loose Tea;Black tea;English Breakfast;8.95;2023-01-09 07:36:32;7;Monday;1;2023
4455.0;1.0;3.0;Astoria;57.0;3.1;Tea;Brewed Chai tea;Spicy Eye Opener Chai Lg;3.1;2023-01-09 07:36:59;7;Monday;1;2023
4456.0;2.0;8.0;Hell's Kitchen;35.0;3.1;Coffee;Premium brewed coffee;Jamaican Coffee River Rg;6.2;2023-01-09 07:37:53;7;Monday;1;2023
4457.0;1.0;8.0;Hell's Kitchen;75.0;3.5;Bakery;Pastry;Croissant;3.5;2023-01-09 07:37:53;7;Monday;1;2023
4458.0;1.0;3.0;Astoria;35.0;3.1;Coffee;Premium brewed coffee;Jamaican Coffee River Rg;3.1;2023-01-09 07:38:22;7;Monday;1;2023
4459.0;1.0;3.0;Astoria;59.0;4.5;Drinking Chocolate;Hot chocolate;Dark chocolate Lg;4.5;2023-01-09 07:38:22;7;Monday;1;2023
4460.0;1.0;3.0;Astoria;60.0;3.75;Drinking Chocolate;Hot chocolate;Sustainably Grown Organic Rg;3.75;2023-01-09 07:38:22;7;Monday;1;2023
4461.0;1.0;3.0;Astoria;20.0;7.6;Packaged Chocolate;Organic Chocolate;Sustainably Grown Organic;7.6;2023-01-09 07:38:22;7;Monday;1;2023
4462.0;1.0;8.0;Hell's Kitchen;39.0;4.25;Coffee;Barista Espresso;Latte Rg;4.25;2023-01-09 07:40:11;7;Monday;1;2023
4463.0;1.0;8.0;Hell's Kitchen;64.0;0.8;Flavours;Regular syrup;Hazelnut syrup;0.8;2023-01-09 07:40:11;7;Monday;1;2023
4464.0;2.0;5.0;Lower Manhattan;26.0;3.0;Coffee;Organic brewed coffee;Brazilian Rg;6.0;2023-01-09 07:40:37;7;Monday;1;2023
4465.0;2.0;5.0;Lower Manhattan;22.0;2.0;Coffee;Drip coffee;Our Old Time Diner Blend Sm;4.0;2023-01-09 07:46:22;7;Monday;1;2023
4466.0;2.0;3.0;Astoria;38.0;3.75;Coffee;Barista Espresso;Latte;7.5;2023-01-09 07:47:13;7;Monday;1;2023
4467.0;1.0;3.0;Astoria;71.0;3.75;Bakery;Pastry;Chocolate Croissant;3.75;2023-01-09 07:47:13;7;Monday;1;2023
4468.0;2.0;5.0;Lower Manhattan;35.0;3.1;Coffee;Premium brewed coffee;Jamaican Coffee River Rg;6.2;2023-01-09 07:47:35;7;Monday;1;2023
4469.0;2.0;5.0;Lower Manhattan;42.0;2.5;Tea;Brewed herbal tea;Lemon Grass Rg;5.0;2023-01-09 07:47:50;7;Monday;1;2023
4470.0;1.0;8.0;Hell's Kitchen;36.0;3.75;Coffee;Premium brewed coffee;Jamaican Coffee River Lg;3.75;2023-01-09 07:48:14;7;Monday;1;2023
4471.0;2.0;3.0;Astoria;32.0;3.0;Coffee;Gourmet brewed coffee;Ethiopia Rg;6.0;2023-01-09 07:49:08;7;Monday;1;2023
4472.0;2.0;3.0;Astoria;38.0;3.75;Coffee;Barista Espresso;Latte;7.5;2023-01-09 07:50:24;7;Monday;1;2023
4473.0;2.0;5.0;Lower Manhattan;41.0;4.25;Coffee;Barista Espresso;Cappuccino Lg;8.5;2023-01-09 07:52:18;7;Monday;1;2023
4474.0;1.0;5.0;Lower Manhattan;13.0;8.95;Loose Tea;Black tea;English Breakfast;8.95;2023-01-09 07:52:18;7;Monday;1;2023
4475.0;1.0;8.0;Hell's Kitchen;52.0;2.5;Tea;Brewed Chai tea;Traditional Blend Chai Rg;2.5;2023-01-09 07:52:22;7;Monday;1;2023
4476.0;2.0;5.0;Lower Manhattan;34.0;2.45;Coffee;Premium brewed coffee;Jamaican Coffee River Sm;4.9;2023-01-09 07:52:52;7;Monday;1;2023
4477.0;1.0;5.0;Lower Manhattan;70.0;4.06;Bakery;Scone;Cranberry Scone;4.06;2023-01-09 07:52:52;7;Monday;1;2023
4478.0;2.0;5.0;Lower Manhattan;22.0;2.0;Coffee;Drip coffee;Our Old Time Diner Blend Sm;4.0;2023-01-09 07:53:15;7;Monday;1;2023
4479.0;2.0;8.0;Hell's Kitchen;56.0;2.55;Tea;Brewed Chai tea;Spicy Eye Opener Chai Rg;5.1;2023-01-09 07:53:58;7;Monday;1;2023
4480.0;2.0;3.0;Astoria;25.0;2.2;Coffee;Organic brewed coffee;Brazilian Sm;4.4;2023-01-09 07:54:37;7;Monday;1;2023
4481.0;2.0;5.0;Lower Manhattan;43.0;3.0;Tea;Brewed herbal tea;Lemon Grass Lg;6.0;2023-01-09 07:55:02;7;Monday;1;2023
4482.0;1.0;5.0;Lower Manhattan;56.0;2.55;Tea;Brewed Chai tea;Spicy Eye Opener Chai Rg;2.55;2023-01-09 07:55:09;7;Monday;1;2023
4483.0;1.0;5.0;Lower Manhattan;24.0;3.0;Coffee;Drip coffee;Our Old Time Diner Blend Lg;3.0;2023-01-09 07:56:13;7;Monday;1;2023
4484.0;1.0;3.0;Astoria;46.0;2.5;Tea;Brewed Green tea;Serenity Green Tea Rg;2.5;2023-01-09 07:56:27;7;Monday;1;2023
4485.0;1.0;5.0;Lower Manhattan;50.0;2.5;Tea;Brewed Black tea;Earl Grey Rg;2.5;2023-01-09 07:56:44;7;Monday;1;2023
4486.0;1.0;5.0;Lower Manhattan;25.0;2.2;Coffee;Organic brewed coffee;Brazilian Sm;2.2;2023-01-09 07:57:11;7;Monday;1;2023
4487.0;1.0;5.0;Lower Manhattan;69.0;4.06;Bakery;Biscotti;Hazelnut Biscotti;4.06;2023-01-09 07:57:11;7;Monday;1;2023
4488.0;1.0;5.0;Lower Manhattan;47.0;3.0;Tea;Brewed Green tea;Serenity Green Tea Lg;3.0;2023-01-09 07:57:40;7;Monday;1;2023
4489.0;1.0;8.0;Hell's Kitchen;61.0;4.75;Drinking Chocolate;Hot chocolate;Sustainably Grown Organic Lg;4.75;2023-01-09 07:58:52;7;Monday;1;2023
4490.0;1.0;3.0;Astoria;71.0;3.75;Bakery;Pastry;Chocolate Croissant;3.75;2023-01-09 07:59:11;7;Monday;1;2023
4491.0;1.0;3.0;Astoria;50.0;2.5;Tea;Brewed Black tea;Earl Grey Rg;2.5;2023-01-09 07:59:55;7;Monday;1;2023
4492.0;1.0;3.0;Astoria;6.0;21.0;Coffee beans;Gourmet Beans;Ethiopia;21.0;2023-01-09 07:59:55;7;Monday;1;2023
4493.0;1.0;3.0;Astoria;34.0;2.45;Coffee;Premium brewed coffee;Jamaican Coffee River Sm;2.45;2023-01-09 08:00:49;8;Monday;1;2023
4494.0;1.0;5.0;Lower Manhattan;44.0;2.5;Tea;Brewed herbal tea;Peppermint Rg;2.5;2023-01-09 08:01:26;8;Monday;1;2023
4495.0;1.0;5.0;Lower Manhattan;59.0;4.5;Drinking Chocolate;Hot chocolate;Dark chocolate Lg;4.5;2023-01-09 08:02:30;8;Monday;1;2023
4496.0;1.0;5.0;Lower Manhattan;83.0;14.0;Branded;Housewares;I Need My Bean! Latte cup;14.0;2023-01-09 08:02:30;8;Monday;1;2023
4497.0;1.0;8.0;Hell's Kitchen;43.0;3.0;Tea;Brewed herbal tea;Lemon Grass Lg;3.0;2023-01-09 08:04:46;8;Monday;1;2023
4498.0;2.0;5.0;Lower Manhattan;31.0;2.2;Coffee;Gourmet brewed coffee;Ethiopia Sm;4.4;2023-01-09 08:06:25;8;Monday;1;2023
4499.0;1.0;3.0;Astoria;24.0;3.0;Coffee;Drip coffee;Our Old Time Diner Blend Lg;3.0;2023-01-09 08:07:33;8;Monday;1;2023
4500.0;2.0;3.0;Astoria;60.0;3.75;Drinking Chocolate;Hot chocolate;Sustainably Grown Organic Rg;7.5;2023-01-09 08:08:13;8;Monday;1;2023
4501.0;2.0;3.0;Astoria;76.0;3.5;Bakery;Biscotti;Chocolate Chip Biscotti;7.0;2023-01-09 08:08:13;8;Monday;1;2023
4502.0;1.0;5.0;Lower Manhattan;26.0;3.0;Coffee;Organic brewed coffee;Brazilian Rg;3.0;2023-01-09 08:11:32;8;Monday;1;2023
4503.0;2.0;5.0;Lower Manhattan;29.0;2.5;Coffee;Gourmet brewed coffee;Columbian Medium Roast Rg;5.0;2023-01-09 08:14:07;8;Monday;1;2023
4504.0;2.0;3.0;Astoria;38.0;3.75;Coffee;Barista Espresso;Latte;7.5;2023-01-09 08:14:57;8;Monday;1;2023
4505.0;1.0;3.0;Astoria;75.0;3.5;Bakery;Pastry;Croissant;3.5;2023-01-09 08:14:57;8;Monday;1;2023
4506.0;1.0;3.0;Astoria;49.0;3.0;Tea;Brewed Black tea;English Breakfast Lg;3.0;2023-01-09 08:15:12;8;Monday;1;2023
4507.0;1.0;5.0;Lower Manhattan;34.0;2.45;Coffee;Premium brewed coffee;Jamaican Coffee River Sm;2.45;2023-01-09 08:15:32;8;Monday;1;2023
4508.0;1.0;3.0;Astoria;59.0;4.5;Drinking Chocolate;Hot chocolate;Dark chocolate Lg;4.5;2023-01-09 08:15:34;8;Monday;1;2023
4509.0;1.0;3.0;Astoria;70.0;3.25;Bakery;Scone;Cranberry Scone;3.25;2023-01-09 08:15:34;8;Monday;1;2023
4510.0;1.0;3.0;Astoria;40.0;3.75;Coffee;Barista Espresso;Cappuccino;3.75;2023-01-09 08:15:41;8;Monday;1;2023
4511.0;1.0;3.0;Astoria;71.0;3.75;Bakery;Pastry;Chocolate Croissant;3.75;2023-01-09 08:15:41;8;Monday;1;2023
4512.0;1.0;3.0;Astoria;40.0;3.75;Coffee;Barista Espresso;Cappuccino;3.75;2023-01-09 08:15:41;8;Monday;1;2023
4513.0;1.0;3.0;Astoria;53.0;3.0;Tea;Brewed Chai tea;Traditional Blend Chai Lg;3.0;2023-01-09 08:15:41;8;Monday;1;2023
4514.0;1.0;3.0;Astoria;54.0;2.5;Tea;Brewed Chai tea;Morning Sunrise Chai Rg;2.5;2023-01-09 08:15:41;8;Monday;1;2023
4515.0;1.0;3.0;Astoria;39.0;4.25;Coffee;Barista Espresso;Latte Rg;4.25;2023-01-09 08:15:41;8;Monday;1;2023
4516.0;1.0;8.0;Hell's Kitchen;36.0;3.75;Coffee;Premium brewed coffee;Jamaican Coffee River Lg;3.75;2023-01-09 08:16:26;8;Monday;1;2023
4517.0;1.0;8.0;Hell's Kitchen;74.0;3.5;Bakery;Biscotti;Ginger Biscotti;3.5;2023-01-09 08:16:26;8;Monday;1;2023
4518.0;1.0;3.0;Astoria;56.0;2.55;Tea;Brewed Chai tea;Spicy Eye Opener Chai Rg;2.55;2023-01-09 08:19:42;8;Monday;1;2023
4519.0;2.0;5.0;Lower Manhattan;29.0;2.5;Coffee;Gourmet brewed coffee;Columbian Medium Roast Rg;5.0;2023-01-09 08:19:57;8;Monday;1;2023
4520.0;2.0;3.0;Astoria;42.0;2.5;Tea;Brewed herbal tea;Lemon Grass Rg;5.0;2023-01-09 08:20:35;8;Monday;1;2023
4521.0;1.0;5.0;Lower Manhattan;30.0;3.0;Coffee;Gourmet brewed coffee;Columbian Medium Roast Lg;3.0;2023-01-09 08:21:25;8;Monday;1;2023
4522.0;2.0;8.0;Hell's Kitchen;46.0;2.5;Tea;Brewed Green tea;Serenity Green Tea Rg;5.0;2023-01-09 08:21:37;8;Monday;1;2023
4523.0;2.0;8.0;Hell's Kitchen;52.0;2.5;Tea;Brewed Chai tea;Traditional Blend Chai Rg;5.0;2023-01-09 08:23:35;8;Monday;1;2023
4524.0;1.0;8.0;Hell's Kitchen;2.0;18.0;Coffee beans;House blend Beans;Our Old Time Diner Blend;18.0;2023-01-09 08:23:35;8;Monday;1;2023
4525.0;2.0;5.0;Lower Manhattan;55.0;4.0;Tea;Brewed Chai tea;Morning Sunrise Chai Lg;8.0;2023-01-09 08:23:39;8;Monday;1;2023
4526.0;2.0;5.0;Lower Manhattan;56.0;2.55;Tea;Brewed Chai tea;Spicy Eye Opener Chai Rg;5.1;2023-01-09 08:23:46;8;Monday;1;2023
4527.0;1.0;3.0;Astoria;55.0;4.0;Tea;Brewed Chai tea;Morning Sunrise Chai Lg;4.0;2023-01-09 08:23:59;8;Monday;1;2023
4528.0;2.0;;Astoria;;3.0;Tea;Brewed Green tea;Serenity Green Tea Lg;6.0;2023-01-09 08:24:23;8;Monday;1;2023
4529.0;1.0;3.0;Astoria;75.0;3.5;Bakery;Pastry;Croissant;3.5;2023-01-09 08:24:23;8;Monday;1;2023
4530.0;1.0;5.0;Lower Manhattan;44.0;2.5;Tea;Brewed herbal tea;Peppermint Rg;2.5;2023-01-09 08:25:53;8;Monday;1;2023
4531.0;2.0;8.0;Hell's Kitchen;27.0;3.5;Coffee;Organic brewed coffee;Brazilian Lg;7.0;2023-01-09 08:26:23;8;Monday;1;2023
4532.0;2.0;8.0;Hell's Kitchen;55.0;4.0;Tea;Brewed Chai tea;Morning Sunrise Chai Lg;8.0;2023-01-09 08:29:13;8;Monday;1;2023
4533.0;1.0;3.0;Astoria;49.0;3.0;Tea;Brewed Black tea;English Breakfast Lg;3.0;2023-01-09 08:30:51;8;Monday;1;2023
4534.0;1.0;3.0;Astoria;34.0;2.45;Coffee;Premium brewed coffee;Jamaican Coffee River Sm;2.45;2023-01-09 08:31:18;8;Monday;1;2023
4535.0;2.0;3.0;Astoria;33.0;3.5;Coffee;Gourmet brewed coffee;Ethiopia Lg;7.0;2023-01-09 08:31:18;8;Monday;1;2023
4536.0;1.0;3.0;Astoria;4.0;20.45;Coffee beans;Espresso Beans;Primo Espresso Roast;20.45;2023-01-09 08:31:18;8;Monday;1;2023
4537.0;1.0;3.0;Astoria;51.0;3.0;Tea;Brewed Black tea;Earl Grey Lg;3.0;2023-01-09 08:31:48;8;Monday;1;2023
4538.0;2.0;3.0;Astoria;40.0;3.75;Coffee;Barista Espresso;Cappuccino;7.5;2023-01-09 08:33:01;8;Monday;1;2023
4539.0;2.0;8.0;Hell's Kitchen;56.0;2.55;Tea;Brewed Chai tea;Spicy Eye Opener Chai Rg;5.1;2023-01-09 08:33:20;8;Monday;1;2023
4540.0;2.0;5.0;Lower Manhattan;53.0;3.0;Tea;Brewed Chai tea;Traditional Blend Chai Lg;6.0;2023-01-09 08:33:55;8;Monday;1;2023
4541.0;2.0;8.0;Hell's Kitchen;30.0;3.0;Coffee;Gourmet brewed coffee;Columbian Medium Roast Lg;6.0;2023-01-09 08:37:57;8;Monday;1;2023
4542.0;1.0;3.0;Astoria;42.0;2.5;Tea;Brewed herbal tea;Lemon Grass Rg;2.5;2023-01-09 08:38:12;8;Monday;1;2023
4543.0;1.0;3.0;Astoria;26.0;3.0;Coffee;Organic brewed coffee;Brazilian Rg;3.0;2023-01-09 08:38:39;8;Monday;1;2023
4544.0;1.0;3.0;Astoria;75.0;3.5;Bakery;Pastry;Croissant;3.5;2023-01-09 08:38:39;8;Monday;1;2023
;2.0;;Astoria;52.0;2.5;Tea;Brewed Chai tea;Traditional Blend Chai Rg;5.0;2023-01-09 08:39:00;8;Monday;1;2023
4546.0;1.0;3.0;Astoria;78.0;4.5;Bakery;Scone;Scottish Cream Scone ;4.5;2023-01-09 08:39:00;8;Monday;1;2023
4547.0;1.0;3.0;Astoria;38.0;3.75;Coffee;Barista Espresso;Latte;3.75;2023-01-09 08:39:51;8;Monday;1;2023
4548.0;1.0;3.0;Astoria;77.0;3.0;Bakery;Scone;Oatmeal Scone;3.0;2023-01-09 08:39:51;8;Monday;1;2023
4549.0;1.0;5.0;Lower Manhattan;59.0;4.5;Drinking Chocolate;Hot chocolate;Dark chocolate Lg;4.5;2023-01-09 08:40:29;8;Monday;1;2023
4550.0;1.0;5.0;Lower Manhattan;53.0;3.0;Tea;Brewed Chai tea;Traditional Blend Chai Lg;3.0;2023-01-09 08:41:24;8;Monday;1;2023
4551.0;1.0;5.0;Lower Manhattan;12.0;8.95;Loose Tea;Herbal tea;Peppermint;8.95;2023-01-09 08:41:24;8;Monday;1;2023
4552.0;1.0;5.0;Lower Manhattan;25.0;2.2;Coffee;Organic brewed coffee;Brazilian Sm;2.2;2023-01-09 08:41:39;8;Monday;1;2023
4553.0;2.0;3.0;Astoria;36.0;3.75;Coffee;Premium brewed coffee;Jamaican Coffee River Lg;7.5;2023-01-09 08:42:35;8;Monday;1;2023
4554.0;1.0;5.0;Lower Manhattan;22.0;2.0;Coffee;Drip coffee;Our Old Time Diner Blend Sm;2.0;2023-01-09 08:44:38;8;Monday;1;2023
4555.0;1.0;3.0;Astoria;29.0;2.5;Coffee;Gourmet brewed coffee;Columbian Medium Roast Rg;2.5;2023-01-09 08:47:21;8;Monday;1;2023
4556.0;1.0;3.0;Astoria;74.0;3.5;Bakery;Biscotti;Ginger Biscotti;3.5;2023-01-09 08:47:21;8;Monday;1;2023
4557.0;1.0;8.0;Hell's Kitchen;71.0;3.75;Bakery;Pastry;Chocolate Croissant;3.75;2023-01-09 08:47:33;8;Monday;1;2023
4558.0;1.0;8.0;Hell's Kitchen;71.0;3.75;Bakery;Pastry;Chocolate Croissant;3.75;2023-01-09 08:47:33;8;Monday;1;2023
4559.0;1.0;3.0;Astoria;22.0;2.0;Coffee;Drip coffee;Our Old Time Diner Blend Sm;2.0;2023-01-09 08:48:14;8;Monday;1;2023
4560.0;2.0;8.0;Hell's Kitchen;25.0;2.2;Coffee;Organic brewed coffee;Brazilian Sm;4.4;2023-01-09 08:48:21;8;Monday;1;2023
4561.0;1.0;8.0;Hell's Kitchen;70.0;3.25;Bakery;Scone;Cranberry Scone;3.25;2023-01-09 08:48:21;8;Monday;1;2023
4562.0;2.0;5.0;Lower Manhattan;42.0;2.5;Tea;Brewed herbal tea;Lemon Grass Rg;5.0;2023-01-09 08:49:39;8;Monday;1;2023
4563.0;2.0;5.0;Lower Manhattan;54.0;2.5;Tea;Brewed Chai tea;Morning Sunrise Chai Rg;5.0;2023-01-09 08:51:20;8;Monday;1;2023
4564.0;1.0;5.0;Lower Manhattan;38.0;3.75;Coffee;Barista Espresso;Latte;3.75;2023-01-09 08:51:56;8;Monday;1;2023
4565.0;1.0;8.0;Hell's Kitchen;29.0;2.5;Coffee;Gourmet brewed coffee;Columbian Medium Roast Rg;2.5;2023-01-09 08:52:58;8;Monday;1;2023
4566.0;2.0;8.0;Hell's Kitchen;56.0;2.55;Tea;Brewed Chai tea;Spicy Eye Opener Chai Rg;5.1;2023-01-09 08:53:45;8;Monday;1;2023
4567.0;1.0;8.0;Hell's Kitchen;61.0;4.75;Drinking Chocolate;Hot chocolate;Sustainably Grown Organic Lg;4.75;2023-01-09 08:55:50;8;Monday;1;2023
4568.0;1.0;5.0;Lower Manhattan;29.0;2.5;Coffee;Gourmet brewed coffee;Columbian Medium Roast Rg;2.5;2023-01-09 08:55:55;8;Monday;1;2023
4569.0;1.0;5.0;Lower Manhattan;57.0;3.1;Tea;Brewed Chai tea;Spicy Eye Opener Chai Lg;3.1;2023-01-09 08:56:24;8;Monday;1;2023
4570.0;1.0;5.0;Lower Manhattan;23.0;2.5;Coffee;Drip coffee;Our Old Time Diner Blend Rg;2.5;2023-01-09 08:56:45;8;Monday;1;2023
4571.0;1.0;5.0;Lower Manhattan;76.0;4.38;Bakery;Biscotti;Chocolate Chip Biscotti;4.38;2023-01-09 08:56:45;8;Monday;1;2023
4572.0;2.0;5.0;Lower Manhattan;41.0;4.25;Coffee;Barista Espresso;Cappuccino Lg;8.5;2023-01-09 08:57:44;8;Monday;1;2023
4573.0;1.0;5.0;Lower Manhattan;1.0;18.0;Coffee beans;Organic Beans;Brazilian - Organic;18.0;2023-01-09 08:57:44;8;Monday;1;2023
4575.0;2.0;5.0;Lower Manhattan;58.0;3.5;Drinking Chocolate;Hot chocolate;Dark chocolate Rg;7.0;2023-01-09 08:58:43;8;Monday;1;2023
4576.0;2.0;5.0;Lower Manhattan;43.0;3.0;Tea;Brewed herbal tea;Lemon Grass Lg;6.0;2023-01-09 08:59:11;8;Monday;1;2023
4577.0;1.0;5.0;Lower Manhattan;24.0;3.0;Coffee;Drip coffee;Our Old Time Diner Blend Lg;3.0;2023-01-09 08:59:50;8;Monday;1;2023
4578.0;2.0;5.0;Lower Manhattan;39.0;4.25;Coffee;Barista Espresso;Latte Rg;8.5;2023-01-09 09:00:25;9;Monday;1;2023
4579.0;1.0;8.0;Hell's Kitchen;36.0;3.75;Coffee;Premium brewed coffee;Jamaican Coffee River Lg;3.75;2023-01-09 09:01:23;9;Monday;1;2023
4580.0;1.0;5.0;Lower Manhattan;41.0;4.25;Coffee;Barista Espresso;Cappuccino Lg;4.25;2023-01-09 09:01:58;9;Monday;1;2023
4581.0;1.0;8.0;Hell's Kitchen;25.0;2.2;Coffee;Organic brewed coffee;Brazilian Sm;2.2;2023-01-09 09:03:04;9;Monday;1;2023
4582.0;1.0;5.0;Lower Manhattan;42.0;2.5;Tea;Brewed herbal tea;Lemon Grass Rg;2.5;2023-01-09 09:03:37;9;Monday;1;2023
4583.0;2.0;5.0;Lower Manhattan;28.0;2.0;Coffee;Gourmet brewed coffee;Columbian Medium Roast Sm;4.0;2023-01-09 09:06:38;9;Monday;1;2023
4584.0;1.0;5.0;Lower Manhattan;21.0;13.33;Packaged Chocolate;Drinking Chocolate;Chili Mayan;13.33;2023-01-09 09:06:38;9;Monday;1;2023
4585.0;1.0;3.0;Astoria;42.0;2.5;Tea;Brewed herbal tea;Lemon Grass Rg;2.5;2023-01-09 09:06:53;9;Monday;1;2023
4586.0;1.0;3.0;Astoria;12.0;8.95;Loose Tea;Herbal tea;Peppermint;8.95;2023-01-09 09:06:53;9;Monday;1;2023
4588.0;1.0;8.0;Hell's Kitchen;22.0;2.0;Coffee;Drip coffee;Our Old Time Diner Blend Sm;2.0;2023-01-09 09:08:37;9;Monday;1;2023
4589.0;1.0;8.0;Hell's Kitchen;76.0;3.5;Bakery;Biscotti;Chocolate Chip Biscotti;3.5;2023-01-09 09:08:37;9;Monday;1;2023
4590.0;2.0;3.0;Astoria;50.0;2.5;Tea;Brewed Black tea;Earl Grey Rg;5.0;2023-01-09 09:08:57;9;Monday;1;2023
4591.0;1.0;5.0;Lower Manhattan;34.0;2.45;Coffee;Premium brewed coffee;Jamaican Coffee River Sm;2.45;2023-01-09 09:09:38;9;Monday;1;2023
4592.0;1.0;5.0;Lower Manhattan;76.0;4.38;Bakery;Biscotti;Chocolate Chip Biscotti;4.38;2023-01-09 09:09:38;9;Monday;1;2023
4593.0;1.0;3.0;Astoria;44.0;2.5;Tea;Brewed herbal tea;Peppermint Rg;2.5;2023-01-09 09:12:32;9;Monday;1;2023
4594.0;1.0;5.0;Lower Manhattan;41.0;4.25;Coffee;Barista Espresso;Cappuccino Lg;4.25;2023-01-09 09:12:38;9;Monday;1;2023
4595.0;1.0;3.0;Astoria;44.0;2.5;Tea;Brewed herbal tea;Peppermint Rg;2.5;2023-01-09 09:13:10;9;Monday;1;2023
4596.0;1.0;8.0;Hell's Kitchen;61.0;4.75;Drinking Chocolate;Hot chocolate;Sustainably Grown Organic Lg;4.75;2023-01-09 09:16:30;9;Monday;1;2023
4597.0;2.0;5.0;Lower Manhattan;30.0;3.0;Coffee;Gourmet brewed coffee;Columbian Medium Roast Lg;6.0;2023-01-09 09:16:43;9;Monday;1;2023
4598.0;1.0;5.0;Lower Manhattan;24.0;3.0;Coffee;Drip coffee;Our Old Time Diner Blend Lg;3.0;2023-01-09 09:16:45;9;Monday;1;2023
4600.0;1.0;8.0;Hell's Kitchen;52.0;2.5;Tea;Brewed Chai tea;Traditional Blend Chai Rg;2.5;2023-01-09 09:17:27;9;Monday;1;2023
4601.0;1.0;5.0;Lower Manhattan;39.0;4.25;Coffee;Barista Espresso;Latte Rg;4.25;2023-01-09 09:17:44;9;Monday;1;2023
4602.0;2.0;5.0;Lower Manhattan;40.0;3.75;Coffee;Barista Espresso;Cappuccino;7.5;2023-01-09 09:21:52;9;Monday;1;2023
4603.0;2.0;8.0;Hell's Kitchen;60.0;3.75;Drinking Chocolate;Hot chocolate;Sustainably Grown Organic Rg;7.5;2023-01-09 09:22:27;9;Monday;1;2023
4604.0;1.0;8.0;Hell's Kitchen;29.0;2.5;Coffee;Gourmet brewed coffee;Columbian Medium Roast Rg;2.5;2023-01-09 09:24:15;9;Monday;1;2023
4605.0;1.0;3.0;Astoria;28.0;2.0;Coffee;Gourmet brewed coffee;Columbian Medium Roast Sm;2.0;2023-01-09 09:25:09;9;Monday;1;2023
4606.0;1.0;8.0;Hell's Kitchen;28.0;2.0;Coffee;Gourmet brewed coffee;Columbian Medium Roast Sm;2.0;2023-01-09 09:26:29;9;Monday;1;2023
4607.0;2.0;5.0;Lower Manhattan;50.0;2.5;Tea;Brewed Black tea;Earl Grey Rg;5.0;2023-01-09 09:27:08;9;Monday;1;2023
4608.0;2.0;5.0;Lower Manhattan;59.0;4.5;Drinking Chocolate;Hot chocolate;Dark chocolate Lg;9.0;2023-01-09 09:27:26;9;Monday;1;2023
4610.0;2.0;8.0;Hell's Kitchen;32.0;3.0;Coffee;Gourmet brewed coffee;Ethiopia Rg;6.0;2023-01-09 09:30:09;9;Monday;1;2023
4611.0;2.0;3.0;Astoria;53.0;3.0;Tea;Brewed Chai tea;Traditional Blend Chai Lg;6.0;2023-01-09 09:31:23;9;Monday;1;2023
4612.0;2.0;8.0;Hell's Kitchen;40.0;3.75;Coffee;Barista Espresso;Cappuccino;7.5;2023-01-09 09:31:24;9;Monday;1;2023
4613.0;2.0;8.0;Hell's Kitchen;63.0;0.8;Flavours;Regular syrup;Carmel syrup;1.6;2023-01-09 09:31:24;9;Monday;1;2023
4614.0;1.0;3.0;Astoria;45.0;3.0;Tea;Brewed herbal tea;Peppermint Lg;3.0;2023-01-09 09:32:40;9;Monday;1;2023
4615.0;1.0;3.0;Astoria;54.0;2.5;Tea;Brewed Chai tea;Morning Sunrise Chai Rg;2.5;2023-01-09 09:34:02;9;Monday;1;2023
4616.0;1.0;3.0;Astoria;57.0;3.1;Tea;Brewed Chai tea;Spicy Eye Opener Chai Lg;3.1;2023-01-09 09:35:05;9;Monday;1;2023
4617.0;1.0;3.0;Astoria;71.0;3.75;Bakery;Pastry;Chocolate Croissant;3.75;2023-01-09 09:35:05;9;Monday;1;2023
4618.0;1.0;3.0;Astoria;23.0;2.5;Coffee;Drip coffee;Our Old Time Diner Blend Rg;2.5;2023-01-09 09:35:48;9;Monday;1;2023
4619.0;2.0;5.0;Lower Manhattan;34.0;2.45;Coffee;Premium brewed coffee;Jamaican Coffee River Sm;4.9;2023-01-09 09:38:14;9;Monday;1;2023
4620.0;1.0;5.0;Lower Manhattan;36.0;3.75;Coffee;Premium brewed coffee;Jamaican Coffee River Lg;3.75;2023-01-09 09:38:27;9;Monday;1;2023
4621.0;1.0;3.0;Astoria;53.0;3.0;Tea;Brewed Chai tea;Traditional Blend Chai Lg;3.0;2023-01-09 09:38:31;9;Monday;1;2023
4622.0;1.0;5.0;Lower Manhattan;53.0;3.0;Tea;Brewed Chai tea;Traditional Blend Chai Lg;3.0;2023-01-09 09:40:42;9;Monday;1;2023
4623.0;1.0;5.0;Lower Manhattan;26.0;3.0;Coffee;Organic brewed coffee;Brazilian Rg;3.0;2023-01-09 09:40:56;9;Monday;1;2023
4624.0;1.0;5.0;Lower Manhattan;83.0;14.0;Branded;Housewares;I Need My Bean! Latte cup;14.0;2023-01-09 09:40:56;9;Monday;1;2023
4626.0;1.0;3.0;Astoria;25.0;2.2;Coffee;Organic brewed coffee;Brazilian Sm;2.2;2023-01-09 09:42:02;9;Monday;1;2023
4627.0;1.0;5.0;Lower Manhattan;44.0;2.5;Tea;Brewed herbal tea;Peppermint Rg;2.5;2023-01-09 09:42:16;9;Monday;1;2023
4628.0;1.0;5.0;Lower Manhattan;81.0;28.0;Branded;Clothing;I Need My Bean! T-shirt;28.0;2023-01-09 09:42:16;9;Monday;1;2023
4629.0;2.0;8.0;Hell's Kitchen;45.0;3.0;Tea;Brewed herbal tea;Peppermint Lg;6.0;2023-01-09 09:42:54;9;Monday;1;2023
4630.0;1.0;3.0;Astoria;38.0;3.75;Coffee;Barista Espresso;Latte;3.75;2023-01-09 09:43:18;9;Monday;1;2023
4631.0;1.0;8.0;Hell's Kitchen;57.0;3.1;Tea;Brewed Chai tea;Spicy Eye Opener Chai Lg;3.1;2023-01-09 09:43:24;9;Monday;1;2023
4632.0;2.0;3.0;Astoria;59.0;4.5;Drinking Chocolate;Hot chocolate;Dark chocolate Lg;9.0;2023-01-09 09:43:29;9;Monday;1;2023
4633.0;1.0;5.0;Lower Manhattan;40.0;3.75;Coffee;Barista Espresso;Cappuccino;3.75;2023-01-09 09:43:55;9;Monday;1;2023
4634.0;2.0;5.0;Lower Manhattan;63.0;0.8;Flavours;Regular syrup;Carmel syrup;1.6;2023-01-09 09:43:55;9;Monday;1;2023
4635.0;1.0;5.0;Lower Manhattan;64.0;0.8;Flavours;Regular syrup;Hazelnut syrup;0.8;2023-01-09 09:43:55;9;Monday;1;2023
4637.0;1.0;5.0;Lower Manhattan;7.0;19.75;Coffee beans;Premium Beans;Jamacian Coffee River;19.75;2023-01-09 09:44:13;9;Monday;1;2023
4638.0;1.0;5.0;Lower Manhattan;53.0;3.0;Tea;Brewed Chai tea;Traditional Blend Chai Lg;3.0;2023-01-09 09:44:22;9;Monday;1;2023
4639.0;1.0;8.0;Hell's Kitchen;43.0;3.0;Tea;Brewed herbal tea;Lemon Grass Lg;3.0;2023-01-09 09:46:00;9;Monday;1;2023
4640.0;1.0;5.0;Lower Manhattan;45.0;3.0;Tea;Brewed herbal tea;Peppermint Lg;3.0;2023-01-09 09:46:07;9;Monday;1;2023
4641.0;1.0;5.0;Lower Manhattan;75.0;4.38;Bakery;Pastry;Croissant;4.38;2023-01-09 09:46:07;9;Monday;1;2023
4642.0;1.0;5.0;Lower Manhattan;14.0;8.95;Loose Tea;Black tea;Earl Grey;8.95;2023-01-09 09:46:07;9;Monday;1;2023
4643.0;2.0;5.0;Lower Manhattan;50.0;2.5;Tea;Brewed Black tea;Earl Grey Rg;5.0;2023-01-09 09:46:21;9;Monday;1;2023
4644.0;1.0;5.0;Lower Manhattan;60.0;3.75;Drinking Chocolate;Hot chocolate;Sustainably Grown Organic Rg;3.75;2023-01-09 09:46:43;9;Monday;1;2023
4645.0;2.0;8.0;Hell's Kitchen;57.0;3.1;Tea;Brewed Chai tea;Spicy Eye Opener Chai Lg;6.2;2023-01-09 09:47:29;9;Monday;1;2023
4646.0;2.0;5.0;Lower Manhattan;45.0;3.0;Tea;Brewed herbal tea;Peppermint Lg;6.0;2023-01-09 09:47:31;9;Monday;1;2023
4647.0;1.0;3.0;Astoria;56.0;2.55;Tea;Brewed Chai tea;Spicy Eye Opener Chai Rg;2.55;2023-01-09 09:48:03;9;Monday;1;2023
4648.0;1.0;5.0;Lower Manhattan;54.0;2.5;Tea;Brewed Chai tea;Morning Sunrise Chai Rg;2.5;2023-01-09 09:49:37;9;Monday;1;2023
4649.0;1.0;5.0;Lower Manhattan;54.0;2.5;Tea;Brewed Chai tea;Morning Sunrise Chai Rg;2.5;2023-01-09 09:52:23;9;Monday;1;2023
4650.0;2.0;5.0;Lower Manhattan;31.0;2.2;Coffee;Gourmet brewed coffee;Ethiopia Sm;4.4;2023-01-09 09:52:41;9;Monday;1;2023
4651.0;2.0;5.0;Lower Manhattan;33.0;3.5;Coffee;Gourmet brewed coffee;Ethiopia Lg;7.0;2023-01-09 09:53:07;9;Monday;1;2023
4652.0;1.0;5.0;Lower Manhattan;70.0;4.06;Bakery;Scone;Cranberry Scone;4.06;2023-01-09 09:53:07;9;Monday;1;2023
4653.0;1.0;5.0;Lower Manhattan;78.0;5.63;Bakery;Scone;Scottish Cream Scone ;5.63;2023-01-09 09:53:07;9;Monday;1;2023
4654.0;2.0;8.0;Hell's Kitchen;46.0;2.5;Tea;Brewed Green tea;Serenity Green Tea Rg;5.0;2023-01-09 09:53:18;9;Monday;1;2023
4655.0;1.0;5.0;Lower Manhattan;23.0;2.5;Coffee;Drip coffee;Our Old Time Diner Blend Rg;2.5;2023-01-09 09:54:44;9;Monday;1;2023
4656.0;1.0;5.0;Lower Manhattan;40.0;3.75;Coffee;Barista Espresso;Cappuccino;3.75;2023-01-09 09:56:57;9;Monday;1;2023
4657.0;1.0;5.0;Lower Manhattan;40.0;3.75;Coffee;Barista Espresso;Cappuccino;3.75;2023-01-09 09:56:57;9;Monday;1;2023
4658.0;1.0;3.0;Astoria;33.0;3.5;Coffee;Gourmet brewed coffee;Ethiopia Lg;3.5;2023-01-09 09:57:21;9;Monday;1;2023
4659.0;2.0;3.0;Astoria;26.0;3.0;Coffee;Organic brewed coffee;Brazilian Rg;6.0;2023-01-09 10:00:27;10;Monday;1;2023
4660.0;1.0;8.0;Hell's Kitchen;26.0;3.0;Coffee;Organic brewed coffee;Brazilian Rg;3.0;2023-01-09 10:01:24;10;Monday;1;2023
4661.0;2.0;8.0;Hell's Kitchen;45.0;3.0;Tea;Brewed herbal tea;Peppermint Lg;6.0;2023-01-09 10:03:18;10;Monday;1;2023
4662.0;1.0;5.0;Lower Manhattan;53.0;3.0;Tea;Brewed Chai tea;Traditional Blend Chai Lg;3.0;2023-01-09 10:04:09;10;Monday;1;2023
4663.0;1.0;5.0;Lower Manhattan;39.0;4.25;Coffee;Barista Espresso;Latte Rg;4.25;2023-01-09 10:04:37;10;Monday;1;2023
4664.0;1.0;5.0;Lower Manhattan;79.0;4.69;Bakery;Scone;Jumbo Savory Scone;4.69;2023-01-09 10:04:37;10;Monday;1;2023
4665.0;1.0;5.0;Lower Manhattan;55.0;4.0;Tea;Brewed Chai tea;Morning Sunrise Chai Lg;4.0;2023-01-09 10:05:12;10;Monday;1;2023
4666.0;2.0;8.0;Hell's Kitchen;50.0;2.5;Tea;Brewed Black tea;Earl Grey Rg;5.0;2023-01-09 10:06:00;10;Monday;1;2023
4667.0;1.0;5.0;Lower Manhattan;71.0;3.75;Bakery;Pastry;Chocolate Croissant;3.75;2023-01-09 10:07:31;10;Monday;1;2023
4668.0;1.0;5.0;Lower Manhattan;53.0;3.0;Tea;Brewed Chai tea;Traditional Blend Chai Lg;3.0;2023-01-09 10:07:46;10;Monday;1;2023
4669.0;1.0;5.0;Lower Manhattan;71.0;4.69;Bakery;Pastry;Chocolate Croissant;4.69;2023-01-09 10:07:46;10;Monday;1;2023
4670.0;2.0;3.0;Astoria;51.0;3.0;Tea;Brewed Black tea;Earl Grey Lg;6.0;2023-01-09 10:08:43;10;Monday;1;2023
4671.0;1.0;5.0;Lower Manhattan;57.0;3.1;Tea;Brewed Chai tea;Spicy Eye Opener Chai Lg;3.1;2023-01-09 10:09:03;10;Monday;1;2023
4672.0;1.0;3.0;Astoria;57.0;3.1;Tea;Brewed Chai tea;Spicy Eye Opener Chai Lg;3.1;2023-01-09 10:10:07;10;Monday;1;2023
4674.0;1.0;8.0;Hell's Kitchen;58.0;3.5;Drinking Chocolate;Hot chocolate;Dark chocolate Rg;3.5;2023-01-09 10:10:58;10;Monday;1;2023
4675.0;2.0;8.0;Hell's Kitchen;36.0;3.75;Coffee;Premium brewed coffee;Jamaican Coffee River Lg;7.5;2023-01-09 10:11:01;10;Monday;1;2023
4676.0;1.0;8.0;Hell's Kitchen;2.0;18.0;Coffee beans;House blend Beans;Our Old Time Diner Blend;18.0;2023-01-09 10:11:01;10;Monday;1;2023
4677.0;1.0;5.0;Lower Manhattan;33.0;3.5;Coffee;Gourmet brewed coffee;Ethiopia Lg;3.5;2023-01-09 10:11:35;10;Monday;1;2023
4678.0;1.0;5.0;Lower Manhattan;35.0;3.1;Coffee;Premium brewed coffee;Jamaican Coffee River Rg;3.1;2023-01-09 10:12:20;10;Monday;1;2023
4679.0;1.0;5.0;Lower Manhattan;79.0;4.69;Bakery;Scone;Jumbo Savory Scone;4.69;2023-01-09 10:12:20;10;Monday;1;2023
4680.0;2.0;5.0;Lower Manhattan;59.0;4.5;Drinking Chocolate;Hot chocolate;Dark chocolate Lg;9.0;2023-01-09 10:12:31;10;Monday;1;2023
4681.0;2.0;8.0;Hell's Kitchen;47.0;3.0;Tea;Brewed Green tea;Serenity Green Tea Lg;6.0;2023-01-09 10:14:12;10;Monday;1;2023
4682.0;2.0;5.0;Lower Manhattan;51.0;3.0;Tea;Brewed Black tea;Earl Grey Lg;6.0;2023-01-09 10:14:36;10;Monday;1;2023
4683.0;2.0;5.0;Lower Manhattan;83.0;14.0;Branded;Housewares;I Need My Bean! Latte cup;28.0;2023-01-09 10:14:36;10;Monday;1;2023
4684.0;2.0;3.0;Astoria;28.0;2.0;Coffee;Gourmet brewed coffee;Columbian Medium Roast Sm;4.0;2023-01-09 10:15:13;10;Monday;1;2023
4685.0;2.0;8.0;Hell's Kitchen;39.0;4.25;Coffee;Barista Espresso;Latte Rg;8.5;2023-01-09 10:16:43;10;Monday;1;2023
4686.0;1.0;8.0;Hell's Kitchen;65.0;0.8;Flavours;Sugar free syrup;Sugar Free Vanilla syrup;0.8;2023-01-09 10:16:43;10;Monday;1;2023
4687.0;2.0;8.0;Hell's Kitchen;36.0;3.75;Coffee;Premium brewed coffee;Jamaican Coffee River Lg;7.5;2023-01-09 10:16:48;10;Monday;1;2023
4688.0;1.0;3.0;Astoria;38.0;3.75;Coffee;Barista Espresso;Latte;3.75;2023-01-09 10:17:27;10;Monday;1;2023
4689.0;1.0;8.0;Hell's Kitchen;61.0;4.75;Drinking Chocolate;Hot chocolate;Sustainably Grown Organic Lg;4.75;2023-01-09 10:19:20;10;Monday;1;2023
4690.0;1.0;3.0;Astoria;33.0;3.5;Coffee;Gourmet brewed coffee;Ethiopia Lg;3.5;2023-01-09 10:19:32;10;Monday;1;2023
4691.0;1.0;5.0;Lower Manhattan;44.0;2.5;Tea;Brewed herbal tea;Peppermint Rg;2.5;2023-01-09 10:20:38;10;Monday;1;2023
4692.0;2.0;5.0;Lower Manhattan;57.0;3.1;Tea;Brewed Chai tea;Spicy Eye Opener Chai Lg;6.2;2023-01-09 10:20:57;10;Monday;1;2023
4693.0;1.0;3.0;Astoria;53.0;3.0;Tea;Brewed Chai tea;Traditional Blend Chai Lg;3.0;2023-01-09 10:21:56;10;Monday;1;2023
4694.0;1.0;3.0;Astoria;75.0;3.5;Bakery;Pastry;Croissant;3.5;2023-01-09 10:21:56;10;Monday;1;2023
4695.0;1.0;3.0;Astoria;75.0;3.5;Bakery;Pastry;Croissant;3.5;2023-01-09 10:21:56;10;Monday;1;2023
4696.0;1.0;3.0;Astoria;53.0;3.0;Tea;Brewed Chai tea;Traditional Blend Chai Lg;3.0;2023-01-09 10:21:56;10;Monday;1;2023
4697.0;1.0;3.0;Astoria;53.0;3.0;Tea;Brewed Chai tea;Traditional Blend Chai Lg;3.0;2023-01-09 10:21:56;10;Monday;1;2023
4698.0;2.0;3.0;Astoria;55.0;4.0;Tea;Brewed Chai tea;Morning Sunrise Chai Lg;8.0;2023-01-09 10:25:29;10;Monday;1;2023
4699.0;1.0;8.0;Hell's Kitchen;35.0;3.1;Coffee;Premium brewed coffee;Jamaican Coffee River Rg;3.1;2023-01-09 10:25:52;10;Monday;1;2023
4700.0;1.0;3.0;Astoria;51.0;3.0;Tea;Brewed Black tea;Earl Grey Lg;3.0;2023-01-09 10:28:04;10;Monday;1;2023
4701.0;2.0;3.0;Astoria;35.0;3.1;Coffee;Premium brewed coffee;Jamaican Coffee River Rg;6.2;2023-01-09 10:28:15;10;Monday;1;2023
4702.0;2.0;8.0;Hell's Kitchen;52.0;2.5;Tea;Brewed Chai tea;Traditional Blend Chai Rg;5.0;2023-01-09 10:28:18;10;Monday;1;2023
4703.0;1.0;3.0;Astoria;46.0;2.5;Tea;Brewed Green tea;Serenity Green Tea Rg;2.5;2023-01-09 10:29:27;10;Monday;1;2023
4704.0;1.0;3.0;Astoria;75.0;3.5;Bakery;Pastry;Croissant;3.5;2023-01-09 10:29:27;10;Monday;1;2023
4705.0;2.0;8.0;Hell's Kitchen;37.0;3.0;Coffee;Barista Espresso;Espresso shot;6.0;2023-01-09 10:32:13;10;Monday;1;2023
4706.0;1.0;8.0;Hell's Kitchen;65.0;0.8;Flavours;Sugar free syrup;Sugar Free Vanilla syrup;0.8;2023-01-09 10:32:13;10;Monday;1;2023
4707.0;1.0;8.0;Hell's Kitchen;71.0;3.75;Bakery;Pastry;Chocolate Croissant;3.75;2023-01-09 10:32:13;10;Monday;1;2023
4708.0;1.0;3.0;Astoria;71.0;3.75;Bakery;Pastry;Chocolate Croissant;3.75;2023-01-09 10:34:20;10;Monday;1;2023
4709.0;2.0;8.0;Hell's Kitchen;52.0;2.5;Tea;Brewed Chai tea;Traditional Blend Chai Rg;5.0;2023-01-09 10:34:39;10;Monday;1;2023
4710.0;1.0;8.0;Hell's Kitchen;19.0;6.4;Packaged Chocolate;Drinking Chocolate;Dark chocolate;6.4;2023-01-09 10:34:39;10;Monday;1;2023
4711.0;1.0;3.0;Astoria;49.0;3.0;Tea;Brewed Black tea;English Breakfast Lg;3.0;2023-01-09 10:36:02;10;Monday;1;2023
4712.0;2.0;3.0;Astoria;61.0;4.75;Drinking Chocolate;Hot chocolate;Sustainably Grown Organic Lg;9.5;2023-01-09 10:38:18;10;Monday;1;2023
4713.0;1.0;3.0;Astoria;77.0;3.0;Bakery;Scone;Oatmeal Scone;3.0;2023-01-09 10:38:18;10;Monday;1;2023
4714.0;1.0;3.0;Astoria;21.0;13.33;Packaged Chocolate;Drinking Chocolate;Chili Mayan;13.33;2023-01-09 10:38:18;10;Monday;1;2023
4715.0;1.0;5.0;Lower Manhattan;53.0;3.0;Tea;Brewed Chai tea;Traditional Blend Chai Lg;3.0;2023-01-09 10:38:54;10;Monday;1;2023
4717.0;2.0;5.0;Lower Manhattan;24.0;3.0;Coffee;Drip coffee;Our Old Time Diner Blend Lg;6.0;2023-01-09 10:39:58;10;Monday;1;2023
4718.0;2.0;5.0;Lower Manhattan;59.0;4.5;Drinking Chocolate;Hot chocolate;Dark chocolate Lg;9.0;2023-01-09 10:43:08;10;Monday;1;2023
4719.0;1.0;5.0;Lower Manhattan;76.0;4.38;Bakery;Biscotti;Chocolate Chip Biscotti;4.38;2023-01-09 10:43:08;10;Monday;1;2023
4720.0;2.0;8.0;Hell's Kitchen;24.0;3.0;Coffee;Drip coffee;Our Old Time Diner Blend Lg;6.0;2023-01-09 10:43:14;10;Monday;1;2023
4722.0;1.0;3.0;Astoria;25.0;2.2;Coffee;Organic brewed coffee;Brazilian Sm;2.2;2023-01-09 10:44:32;10;Monday;1;2023
4723.0;1.0;8.0;Hell's Kitchen;35.0;3.1;Coffee;Premium brewed coffee;Jamaican Coffee River Rg;3.1;2023-01-09 10:44:54;10;Monday;1;2023
4724.0;1.0;8.0;Hell's Kitchen;71.0;3.75;Bakery;Pastry;Chocolate Croissant;3.75;2023-01-09 10:44:54;10;Monday;1;2023
4725.0;1.0;8.0;Hell's Kitchen;9.0;22.5;Coffee beans;Organic Beans;Organic Decaf Blend;22.5;2023-01-09 10:44:54;10;Monday;1;2023
4726.0;2.0;8.0;Hell's Kitchen;23.0;2.5;Coffee;Drip coffee;Our Old Time Diner Blend Rg;5.0;2023-01-09 10:44:59;10;Monday;1;2023
4727.0;2.0;8.0;Hell's Kitchen;36.0;3.75;Coffee;Premium brewed coffee;Jamaican Coffee River Lg;7.5;2023-01-09 10:45:57;10;Monday;1;2023
4728.0;1.0;8.0;Hell's Kitchen;52.0;2.5;Tea;Brewed Chai tea;Traditional Blend Chai Rg;2.5;2023-01-09 10:47:21;10;Monday;1;2023
4729.0;1.0;8.0;Hell's Kitchen;43.0;3.0;Tea;Brewed herbal tea;Lemon Grass Lg;3.0;2023-01-09 10:47:34;10;Monday;1;2023
4730.0;1.0;8.0;Hell's Kitchen;73.0;3.75;Bakery;Pastry;Almond Croissant;3.75;2023-01-09 10:47:34;10;Monday;1;2023
4731.0;1.0;5.0;Lower Manhattan;34.0;2.45;Coffee;Premium brewed coffee;Jamaican Coffee River Sm;2.45;2023-01-09 10:49:00;10;Monday;1;2023
4732.0;2.0;5.0;Lower Manhattan;33.0;3.5;Coffee;Gourmet brewed coffee;Ethiopia Lg;7.0;2023-01-09 10:49:56;10;Monday;1;2023
4733.0;2.0;5.0;Lower Manhattan;61.0;4.75;Drinking Chocolate;Hot chocolate;Sustainably Grown Organic Lg;9.5;2023-01-09 10:50:52;10;Monday;1;2023
4734.0;1.0;5.0;Lower Manhattan;24.0;3.0;Coffee;Drip coffee;Our Old Time Diner Blend Lg;3.0;2023-01-09 10:51:00;10;Monday;1;2023
4735.0;1.0;5.0;Lower Manhattan;41.0;4.25;Coffee;Barista Espresso;Cappuccino Lg;4.25;2023-01-09 10:51:07;10;Monday;1;2023
4736.0;2.0;8.0;Hell's Kitchen;35.0;3.1;Coffee;Premium brewed coffee;Jamaican Coffee River Rg;6.2;2023-01-09 10:51:17;10;Monday;1;2023
4737.0;2.0;8.0;Hell's Kitchen;35.0;3.1;Coffee;Premium brewed coffee;Jamaican Coffee River Rg;6.2;2023-01-09 10:52:12;10;Monday;1;2023
4738.0;1.0;8.0;Hell's Kitchen;69.0;3.25;Bakery;Biscotti;Hazelnut Biscotti;3.25;2023-01-09 10:52:12;10;Monday;1;2023
4739.0;1.0;5.0;Lower Manhattan;48.0;2.5;Tea;Brewed Black tea;English Breakfast Rg;2.5;2023-01-09 10:52:28;10;Monday;1;2023
4740.0;2.0;3.0;Astoria;32.0;3.0;Coffee;Gourmet brewed coffee;Ethiopia Rg;6.0;2023-01-09 10:52:45;10;Monday;1;2023
4741.0;1.0;3.0;Astoria;74.0;3.5;Bakery;Biscotti;Ginger Biscotti;3.5;2023-01-09 10:52:45;10;Monday;1;2023
4742.0;2.0;5.0;Lower Manhattan;44.0;2.5;Tea;Brewed herbal tea;Peppermint Rg;5.0;2023-01-09 10:53:39;10;Monday;1;2023
4743.0;1.0;5.0;Lower Manhattan;83.0;14.0;Branded;Housewares;I Need My Bean! Latte cup;14.0;2023-01-09 10:53:39;10;Monday;1;2023
4744.0;2.0;5.0;Lower Manhattan;41.0;4.25;Coffee;Barista Espresso;Cappuccino Lg;8.5;2023-01-09 10:54:00;10;Monday;1;2023
4745.0;1.0;5.0;Lower Manhattan;21.0;13.33;Packaged Chocolate;Drinking Chocolate;Chili Mayan;13.33;2023-01-09 10:54:00;10;Monday;1;2023
4746.0;2.0;8.0;Hell's Kitchen;36.0;3.75;Coffee;Premium brewed coffee;Jamaican Coffee River Lg;7.5;2023-01-09 10:54:36;10;Monday;1;2023
4747.0;1.0;5.0;Lower Manhattan;71.0;3.75;Bakery;Pastry;Chocolate Croissant;3.75;2023-01-09 10:55:55;10;Monday;1;2023
4748.0;1.0;8.0;Hell's Kitchen;46.0;2.5;Tea;Brewed Green tea;Serenity Green Tea Rg;2.5;2023-01-09 10:56:57;10;Monday;1;2023
4750.0;2.0;8.0;Hell's Kitchen;36.0;3.75;Coffee;Premium brewed coffee;Jamaican Coffee River Lg;7.5;2023-01-09 10:57:52;10;Monday;1;2023
4751.0;2.0;5.0;Lower Manhattan;52.0;2.5;Tea;Brewed Chai tea;Traditional Blend Chai Rg;5.0;2023-01-09 10:57:56;10;Monday;1;2023
4752.0;1.0;5.0;Lower Manhattan;54.0;2.5;Tea;Brewed Chai tea;Morning Sunrise Chai Rg;2.5;2023-01-09 10:58:40;10;Monday;1;2023
4754.0;1.0;8.0;Hell's Kitchen;55.0;4.0;Tea;Brewed Chai tea;Morning Sunrise Chai Lg;4.0;2023-01-09 11:01:08;11;Monday;1;2023
4755.0;1.0;8.0;Hell's Kitchen;35.0;3.1;Coffee;Premium brewed coffee;Jamaican Coffee River Rg;3.1;2023-01-09 11:02:14;11;Monday;1;2023
4756.0;1.0;8.0;Hell's Kitchen;51.0;3.0;Tea;Brewed Black tea;Earl Grey Lg;3.0;2023-01-09 11:02:22;11;Monday;1;2023
4757.0;2.0;8.0;Hell's Kitchen;47.0;3.0;Tea;Brewed Green tea;Serenity Green Tea Lg;6.0;2023-01-09 11:03:08;11;Monday;1;2023
4758.0;1.0;5.0;Lower Manhattan;39.0;4.25;Coffee;Barista Espresso;Latte Rg;4.25;2023-01-09 11:03:20;11;Monday;1;2023
4759.0;2.0;8.0;Hell's Kitchen;41.0;4.25;Coffee;Barista Espresso;Cappuccino Lg;8.5;2023-01-09 11:09:44;11;Monday;1;2023
4760.0;2.0;8.0;Hell's Kitchen;64.0;0.8;Flavours;Regular syrup;Hazelnut syrup;1.6;2023-01-09 11:09:44;11;Monday;1;2023
4761.0;2.0;3.0;Astoria;47.0;3.0;Tea;Brewed Green tea;Serenity Green Tea Lg;6.0;2023-01-09 11:09:51;11;Monday;1;2023
4762.0;1.0;5.0;Lower Manhattan;32.0;3.0;Coffee;Gourmet brewed coffee;Ethiopia Rg;3.0;2023-01-09 11:12:50;11;Monday;1;2023
4763.0;2.0;8.0;Hell's Kitchen;60.0;3.75;Drinking Chocolate;Hot chocolate;Sustainably Grown Organic Rg;7.5;2023-01-09 11:13:52;11;Monday;1;2023
4764.0;2.0;8.0;Hell's Kitchen;32.0;3.0;Coffee;Gourmet brewed coffee;Ethiopia Rg;6.0;2023-01-09 11:15:35;11;Monday;1;2023
4765.0;1.0;3.0;Astoria;42.0;2.5;Tea;Brewed herbal tea;Lemon Grass Rg;2.5;2023-01-09 11:17:10;11;Monday;1;2023
4766.0;2.0;3.0;Astoria;35.0;3.1;Coffee;Premium brewed coffee;Jamaican Coffee River Rg;6.2;2023-01-09 11:20:53;11;Monday;1;2023
4767.0;1.0;5.0;Lower Manhattan;53.0;3.0;Tea;Brewed Chai tea;Traditional Blend Chai Lg;3.0;2023-01-09 11:22:02;11;Monday;1;2023
4768.0;2.0;8.0;Hell's Kitchen;50.0;2.5;Tea;Brewed Black tea;Earl Grey Rg;5.0;2023-01-09 11:22:47;11;Monday;1;2023
4769.0;1.0;8.0;Hell's Kitchen;48.0;2.5;Tea;Brewed Black tea;English Breakfast Rg;2.5;2023-01-09 11:23:55;11;Monday;1;2023
4770.0;2.0;8.0;Hell's Kitchen;61.0;4.75;Drinking Chocolate;Hot chocolate;Sustainably Grown Organic Lg;9.5;2023-01-09 11:27:20;11;Monday;1;2023
4771.0;1.0;3.0;Astoria;38.0;3.75;Coffee;Barista Espresso;Latte;3.75;2023-01-09 11:28:03;11;Monday;1;2023
4772.0;1.0;8.0;Hell's Kitchen;43.0;3.0;Tea;Brewed herbal tea;Lemon Grass Lg;3.0;2023-01-09 11:29:01;11;Monday;1;2023
4773.0;1.0;8.0;Hell's Kitchen;41.0;4.25;Coffee;Barista Espresso;Cappuccino Lg;4.25;2023-01-09 11:29:17;11;Monday;1;2023
4774.0;2.0;8.0;Hell's Kitchen;65.0;0.8;Flavours;Sugar free syrup;Sugar Free Vanilla syrup;1.6;2023-01-09 11:29:17;11;Monday;1;2023
4775.0;2.0;5.0;Lower Manhattan;56.0;2.55;Tea;Brewed Chai tea;Spicy Eye Opener Chai Rg;5.1;2023-01-09 11:29:57;11;Monday;1;2023
4776.0;2.0;5.0;Lower Manhattan;31.0;2.2;Coffee;Gourmet brewed coffee;Ethiopia Sm;4.4;2023-01-09 11:32:47;11;Monday;1;2023
4777.0;2.0;8.0;Hell's Kitchen;46.0;2.5;Tea;Brewed Green tea;Serenity Green Tea Rg;5.0;2023-01-09 11:36:08;11;Monday;1;2023
4778.0;1.0;8.0;Hell's Kitchen;54.0;2.5;Tea;Brewed Chai tea;Morning Sunrise Chai Rg;2.5;2023-01-09 11:43:43;11;Monday;1;2023
4779.0;2.0;8.0;Hell's Kitchen;61.0;4.75;Drinking Chocolate;Hot chocolate;Sustainably Grown Organic Lg;9.5;2023-01-09 11:46:07;11;Monday;1;2023
4780.0;1.0;8.0;Hell's Kitchen;37.0;3.0;Coffee;Barista Espresso;Espresso shot;3.0;2023-01-09 11:47:39;11;Monday;1;2023
4781.0;1.0;8.0;Hell's Kitchen;63.0;0.8;Flavours;Regular syrup;Carmel syrup;0.8;2023-01-09 11:47:39;11;Monday;1;2023
4782.0;2.0;5.0;Lower Manhattan;28.0;2.0;Coffee;Gourmet brewed coffee;Columbian Medium Roast Sm;4.0;2023-01-09 11:50:16;11;Monday;1;2023
4783.0;1.0;5.0;Lower Manhattan;69.0;4.06;Bakery;Biscotti;Hazelnut Biscotti;4.06;2023-01-09 11:50:16;11;Monday;1;2023
4784.0;1.0;8.0;Hell's Kitchen;30.0;3.0;Coffee;Gourmet brewed coffee;Columbian Medium Roast Lg;3.0;2023-01-09 11:51:10;11;Monday;1;2023
4785.0;1.0;8.0;Hell's Kitchen;42.0;2.5;Tea;Brewed herbal tea;Lemon Grass Rg;2.5;2023-01-09 11:53:17;11;Monday;1;2023
4786.0;1.0;8.0;Hell's Kitchen;12.0;8.95;Loose Tea;Herbal tea;Peppermint;8.95;2023-01-09 11:53:17;11;Monday;1;2023
4787.0;2.0;3.0;Astoria;52.0;2.5;Tea;Brewed Chai tea;Traditional Blend Chai Rg;5.0;2023-01-09 11:59:52;11;Monday;1;2023
4788.0;2.0;5.0;Lower Manhattan;53.0;3.0;Tea;Brewed Chai tea;Traditional Blend Chai Lg;6.0;2023-01-09 12:06:31;12;Monday;1;2023
4789.0;1.0;5.0;Lower Manhattan;25.0;2.2;Coffee;Organic brewed coffee;Brazilian Sm;2.2;2023-01-09 12:10:07;12;Monday;1;2023
4790.0;1.0;3.0;Astoria;30.0;3.0;Coffee;Gourmet brewed coffee;Columbian Medium Roast Lg;3.0;2023-01-09 12:12:40;12;Monday;1;2023
4791.0;2.0;5.0;Lower Manhattan;56.0;2.55;Tea;Brewed Chai tea;Spicy Eye Opener Chai Rg;5.1;2023-01-09 12:13:33;12;Monday;1;2023
4792.0;2.0;5.0;Lower Manhattan;29.0;2.5;Coffee;Gourmet brewed coffee;Columbian Medium Roast Rg;5.0;2023-01-09 12:15:31;12;Monday;1;2023
4793.0;2.0;3.0;Astoria;38.0;3.75;Coffee;Barista Espresso;Latte;7.5;2023-01-09 12:18:14;12;Monday;1;2023
4794.0;1.0;8.0;Hell's Kitchen;44.0;2.5;Tea;Brewed herbal tea;Peppermint Rg;2.5;2023-01-09 12:19:33;12;Monday;1;2023
4795.0;1.0;8.0;Hell's Kitchen;70.0;3.25;Bakery;Scone;Cranberry Scone;3.25;2023-01-09 12:19:33;12;Monday;1;2023
4797.0;1.0;3.0;Astoria;33.0;3.5;Coffee;Gourmet brewed coffee;Ethiopia Lg;3.5;2023-01-09 12:27:04;12;Monday;1;2023
4798.0;2.0;8.0;Hell's Kitchen;55.0;4.0;Tea;Brewed Chai tea;Morning Sunrise Chai Lg;8.0;2023-01-09 12:30:52;12;Monday;1;2023
4799.0;2.0;5.0;Lower Manhattan;59.0;4.5;Drinking Chocolate;Hot chocolate;Dark chocolate Lg;9.0;2023-01-09 12:32:03;12;Monday;1;2023
4800.0;2.0;5.0;Lower Manhattan;32.0;3.0;Coffee;Gourmet brewed coffee;Ethiopia Rg;6.0;2023-01-09 12:38:05;12;Monday;1;2023
4801.0;2.0;5.0;Lower Manhattan;59.0;4.5;Drinking Chocolate;Hot chocolate;Dark chocolate Lg;9.0;2023-01-09 12:42:04;12;Monday;1;2023
4802.0;1.0;5.0;Lower Manhattan;79.0;4.69;Bakery;Scone;Jumbo Savory Scone;4.69;2023-01-09 12:42:04;12;Monday;1;2023
4803.0;1.0;8.0;Hell's Kitchen;23.0;2.5;Coffee;Drip coffee;Our Old Time Diner Blend Rg;2.5;2023-01-09 12:42:39;12;Monday;1;2023
4804.0;2.0;3.0;Astoria;57.0;3.1;Tea;Brewed Chai tea;Spicy Eye Opener Chai Lg;6.2;2023-01-09 12:44:47;12;Monday;1;2023
4805.0;2.0;3.0;Astoria;46.0;2.5;Tea;Brewed Green tea;Serenity Green Tea Rg;5.0;2023-01-09 12:45:28;12;Monday;1;2023
4806.0;1.0;3.0;Astoria;7.0;19.75;Coffee beans;Premium Beans;Jamacian Coffee River;19.75;2023-01-09 12:45:28;12;Monday;1;2023
4807.0;2.0;5.0;Lower Manhattan;54.0;2.5;Tea;Brewed Chai tea;Morning Sunrise Chai Rg;5.0;2023-01-09 12:48:28;12;Monday;1;2023
4808.0;1.0;3.0;Astoria;31.0;2.2;Coffee;Gourmet brewed coffee;Ethiopia Sm;2.2;2023-01-09 12:48:47;12;Monday;1;2023
4809.0;2.0;8.0;Hell's Kitchen;38.0;3.75;Coffee;Barista Espresso;Latte;7.5;2023-01-09 12:48:58;12;Monday;1;2023
4810.0;2.0;8.0;Hell's Kitchen;63.0;0.8;Flavours;Regular syrup;Carmel syrup;1.6;2023-01-09 12:48:58;12;Monday;1;2023
4811.0;1.0;3.0;Astoria;40.0;3.75;Coffee;Barista Espresso;Cappuccino;3.75;2023-01-09 12:49:56;12;Monday;1;2023
4812.0;2.0;8.0;Hell's Kitchen;47.0;3.0;Tea;Brewed Green tea;Serenity Green Tea Lg;6.0;2023-01-09 12:51:08;12;Monday;1;2023
4813.0;1.0;8.0;Hell's Kitchen;48.0;2.5;Tea;Brewed Black tea;English Breakfast Rg;2.5;2023-01-09 12:53:13;12;Monday;1;2023
4814.0;2.0;3.0;Astoria;25.0;2.2;Coffee;Organic brewed coffee;Brazilian Sm;4.4;2023-01-09 12:56:35;12;Monday;1;2023
4815.0;1.0;8.0;Hell's Kitchen;36.0;3.75;Coffee;Premium brewed coffee;Jamaican Coffee River Lg;3.75;2023-01-09 12:59:22;12;Monday;1;2023
4816.0;1.0;8.0;Hell's Kitchen;45.0;3.0;Tea;Brewed herbal tea;Peppermint Lg;3.0;2023-01-09 13:04:10;13;Monday;1;2023
4817.0;1.0;3.0;Astoria;33.0;3.5;Coffee;Gourmet brewed coffee;Ethiopia Lg;3.5;2023-01-09 13:05:06;13;Monday;1;2023
4818.0;1.0;3.0;Astoria;37.0;3.0;Coffee;Barista Espresso;Espresso shot;3.0;2023-01-09 13:08:04;13;Monday;1;2023
4819.0;1.0;3.0;Astoria;21.0;13.33;Packaged Chocolate;Drinking Chocolate;Chili Mayan;13.33;2023-01-09 13:08:04;13;Monday;1;2023
4820.0;1.0;5.0;Lower Manhattan;31.0;2.2;Coffee;Gourmet brewed coffee;Ethiopia Sm;2.2;2023-01-09 13:08:31;13;Monday;1;2023
4821.0;1.0;5.0;Lower Manhattan;29.0;2.5;Coffee;Gourmet brewed coffee;Columbian Medium Roast Rg;2.5;2023-01-09 13:12:25;13;Monday;1;2023
4822.0;1.0;5.0;Lower Manhattan;74.0;4.38;Bakery;Biscotti;Ginger Biscotti;4.38;2023-01-09 13:12:25;13;Monday;1;2023
4823.0;2.0;8.0;Hell's Kitchen;59.0;4.5;Drinking Chocolate;Hot chocolate;Dark chocolate Lg;9.0;2023-01-09 13:32:30;13;Monday;1;2023
4824.0;1.0;8.0;Hell's Kitchen;22.0;2.0;Coffee;Drip coffee;Our Old Time Diner Blend Sm;2.0;2023-01-09 13:34:35;13;Monday;1;2023
4825.0;2.0;8.0;Hell's Kitchen;35.0;3.1;Coffee;Premium brewed coffee;Jamaican Coffee River Rg;6.2;2023-01-09 13:37:11;13;Monday;1;2023
4826.0;1.0;5.0;Lower Manhattan;31.0;2.2;Coffee;Gourmet brewed coffee;Ethiopia Sm;2.2;2023-01-09 13:37:35;13;Monday;1;2023
4827.0;2.0;3.0;Astoria;61.0;4.75;Drinking Chocolate;Hot chocolate;Sustainably Grown Organic Lg;9.5;2023-01-09 13:40:29;13;Monday;1;2023
4828.0;1.0;5.0;Lower Manhattan;54.0;2.5;Tea;Brewed Chai tea;Morning Sunrise Chai Rg;2.5;2023-01-09 13:40:48;13;Monday;1;2023
4829.0;2.0;3.0;Astoria;58.0;3.5;Drinking Chocolate;Hot chocolate;Dark chocolate Rg;7.0;2023-01-09 13:46:22;13;Monday;1;2023
4830.0;1.0;8.0;Hell's Kitchen;59.0;4.5;Drinking Chocolate;Hot chocolate;Dark chocolate Lg;4.5;2023-01-09 13:49:50;13;Monday;1;2023
4831.0;1.0;3.0;Astoria;36.0;3.75;Coffee;Premium brewed coffee;Jamaican Coffee River Lg;3.75;2023-01-09 13:51:28;13;Monday;1;2023
4832.0;1.0;8.0;Hell's Kitchen;29.0;2.5;Coffee;Gourmet brewed coffee;Columbian Medium Roast Rg;2.5;2023-01-09 13:52:27;13;Monday;1;2023
4833.0;2.0;5.0;Lower Manhattan;47.0;3.0;Tea;Brewed Green tea;Serenity Green Tea Lg;6.0;2023-01-09 13:54:43;13;Monday;1;2023
4834.0;1.0;8.0;Hell's Kitchen;39.0;4.25;Coffee;Barista Espresso;Latte Rg;4.25;2023-01-09 13:54:50;13;Monday;1;2023
4835.0;1.0;8.0;Hell's Kitchen;64.0;0.8;Flavours;Regular syrup;Hazelnut syrup;0.8;2023-01-09 13:54:50;13;Monday;1;2023
4836.0;1.0;8.0;Hell's Kitchen;78.0;4.5;Bakery;Scone;Scottish Cream Scone ;4.5;2023-01-09 13:54:50;13;Monday;1;2023
4837.0;1.0;5.0;Lower Manhattan;35.0;3.1;Coffee;Premium brewed coffee;Jamaican Coffee River Rg;3.1;2023-01-09 13:56:04;13;Monday;1;2023
4838.0;1.0;8.0;Hell's Kitchen;46.0;2.5;Tea;Brewed Green tea;Serenity Green Tea Rg;2.5;2023-01-09 13:57:01;13;Monday;1;2023
4839.0;2.0;5.0;Lower Manhattan;57.0;3.1;Tea;Brewed Chai tea;Spicy Eye Opener Chai Lg;6.2;2023-01-09 13:58:37;13;Monday;1;2023
4840.0;1.0;8.0;Hell's Kitchen;31.0;2.2;Coffee;Gourmet brewed coffee;Ethiopia Sm;2.2;2023-01-09 13:59:37;13;Monday;1;2023
4841.0;1.0;8.0;Hell's Kitchen;79.0;3.75;Bakery;Scone;Jumbo Savory Scone;3.75;2023-01-09 13:59:37;13;Monday;1;2023
4842.0;1.0;5.0;Lower Manhattan;33.0;3.5;Coffee;Gourmet brewed coffee;Ethiopia Lg;3.5;2023-01-09 14:00:54;14;Monday;1;2023
4843.0;2.0;5.0;Lower Manhattan;45.0;3.0;Tea;Brewed herbal tea;Peppermint Lg;6.0;2023-01-09 14:06:31;14;Monday;1;2023
4844.0;2.0;5.0;Lower Manhattan;30.0;3.0;Coffee;Gourmet brewed coffee;Columbian Medium Roast Lg;6.0;2023-01-09 14:06:48;14;Monday;1;2023
4845.0;2.0;5.0;Lower Manhattan;42.0;2.5;Tea;Brewed herbal tea;Lemon Grass Rg;5.0;2023-01-09 14:16:50;14;Monday;1;2023
4846.0;2.0;8.0;Hell's Kitchen;61.0;4.75;Drinking Chocolate;Hot chocolate;Sustainably Grown Organic Lg;9.5;2023-01-09 14:21:24;14;Monday;1;2023
4847.0;1.0;8.0;Hell's Kitchen;75.0;3.5;Bakery;Pastry;Croissant;3.5;2023-01-09 14:21:24;14;Monday;1;2023
4848.0;2.0;3.0;Astoria;23.0;2.5;Coffee;Drip coffee;Our Old Time Diner Blend Rg;5.0;2023-01-09 14:26:57;14;Monday;1;2023
4849.0;2.0;8.0;Hell's Kitchen;50.0;2.5;Tea;Brewed Black tea;Earl Grey Rg;5.0;2023-01-09 14:27:09;14;Monday;1;2023
4850.0;2.0;5.0;Lower Manhattan;32.0;3.0;Coffee;Gourmet brewed coffee;Ethiopia Rg;6.0;2023-01-09 14:32:27;14;Monday;1;2023
4851.0;1.0;5.0;Lower Manhattan;36.0;3.75;Coffee;Premium brewed coffee;Jamaican Coffee River Lg;3.75;2023-01-09 14:33:11;14;Monday;1;2023
4852.0;2.0;3.0;Astoria;54.0;2.5;Tea;Brewed Chai tea;Morning Sunrise Chai Rg;5.0;2023-01-09 14:38:58;14;Monday;1;2023
4853.0;1.0;8.0;Hell's Kitchen;33.0;3.5;Coffee;Gourmet brewed coffee;Ethiopia Lg;3.5;2023-01-09 14:39:24;14;Monday;1;2023
4854.0;1.0;3.0;Astoria;23.0;2.5;Coffee;Drip coffee;Our Old Time Diner Blend Rg;2.5;2023-01-09 14:42:24;14;Monday;1;2023
4855.0;1.0;3.0;Astoria;5.0;15.0;Coffee beans;Gourmet Beans;Columbian Medium Roast;15.0;2023-01-09 14:42:24;14;Monday;1;2023
4856.0;1.0;5.0;Lower Manhattan;24.0;3.0;Coffee;Drip coffee;Our Old Time Diner Blend Lg;3.0;2023-01-09 14:47:27;14;Monday;1;2023
4857.0;1.0;8.0;Hell's Kitchen;33.0;3.5;Coffee;Gourmet brewed coffee;Ethiopia Lg;3.5;2023-01-09 14:53:18;14;Monday;1;2023
4858.0;2.0;3.0;Astoria;37.0;3.0;Coffee;Barista Espresso;Espresso shot;6.0;2023-01-09 15:01:49;15;Monday;1;2023
4859.0;1.0;8.0;Hell's Kitchen;31.0;2.2;Coffee;Gourmet brewed coffee;Ethiopia Sm;2.2;2023-01-09 15:09:25;15;Monday;1;2023
4860.0;1.0;8.0;Hell's Kitchen;78.0;4.5;Bakery;Scone;Scottish Cream Scone ;4.5;2023-01-09 15:09:25;15;Monday;1;2023
4861.0;2.0;5.0;Lower Manhattan;56.0;2.55;Tea;Brewed Chai tea;Spicy Eye Opener Chai Rg;5.1;2023-01-09 15:09:46;15;Monday;1;2023
4862.0;2.0;3.0;Astoria;56.0;2.55;Tea;Brewed Chai tea;Spicy Eye Opener Chai Rg;5.1;2023-01-09 15:12:59;15;Monday;1;2023
4863.0;2.0;8.0;Hell's Kitchen;47.0;3.0;Tea;Brewed Green tea;Serenity Green Tea Lg;6.0;2023-01-09 15:16:34;15;Monday;1;2023
4864.0;1.0;8.0;Hell's Kitchen;57.0;3.1;Tea;Brewed Chai tea;Spicy Eye Opener Chai Lg;3.1;2023-01-09 15:17:01;15;Monday;1;2023
4865.0;1.0;8.0;Hell's Kitchen;74.0;3.5;Bakery;Biscotti;Ginger Biscotti;3.5;2023-01-09 15:17:01;15;Monday;1;2023
4866.0;2.0;8.0;Hell's Kitchen;48.0;2.5;Tea;Brewed Black tea;English Breakfast Rg;5.0;2023-01-09 15:29:16;15;Monday;1;2023
4867.0;1.0;5.0;Lower Manhattan;50.0;2.5;Tea;Brewed Black tea;Earl Grey Rg;2.5;2023-01-09 15:30:24;15;Monday;1;2023
4868.0;1.0;3.0;Astoria;42.0;2.5;Tea;Brewed herbal tea;Lemon Grass Rg;2.5;2023-01-09 15:33:19;15;Monday;1;2023
4869.0;1.0;8.0;Hell's Kitchen;36.0;3.75;Coffee;Premium brewed coffee;Jamaican Coffee River Lg;3.75;2023-01-09 15:34:28;15;Monday;1;2023
4870.0;1.0;5.0;Lower Manhattan;32.0;3.0;Coffee;Gourmet brewed coffee;Ethiopia Rg;3.0;2023-01-09 15:38:43;15;Monday;1;2023
4871.0;1.0;5.0;Lower Manhattan;79.0;4.69;Bakery;Scone;Jumbo Savory Scone;4.69;2023-01-09 15:38:43;15;Monday;1;2023
4872.0;1.0;5.0;Lower Manhattan;38.0;3.75;Coffee;Barista Espresso;Latte;3.75;2023-01-09 15:44:54;15;Monday;1;2023
4873.0;1.0;3.0;Astoria;60.0;3.75;Drinking Chocolate;Hot chocolate;Sustainably Grown Organic Rg;3.75;2023-01-09 15:46:18;15;Monday;1;2023
4874.0;2.0;8.0;Hell's Kitchen;58.0;3.5;Drinking Chocolate;Hot chocolate;Dark chocolate Rg;7.0;2023-01-09 15:50:37;15;Monday;1;2023
4875.0;2.0;8.0;Hell's Kitchen;31.0;2.2;Coffee;Gourmet brewed coffee;Ethiopia Sm;4.4;2023-01-09 15:59:25;15;Monday;1;2023
4876.0;1.0;8.0;Hell's Kitchen;60.0;3.75;Drinking Chocolate;Hot chocolate;Sustainably Grown Organic Rg;3.75;2023-01-09 16:03:10;16;Monday;1;2023
4878.0;2.0;3.0;Astoria;44.0;2.5;Tea;Brewed herbal tea;Peppermint Rg;5.0;2023-01-09 16:03:58;16;Monday;1;2023
4879.0;1.0;3.0;Astoria;71.0;3.75;Bakery;Pastry;Chocolate Croissant;3.75;2023-01-09 16:03:58;16;Monday;1;2023
4880.0;1.0;3.0;Astoria;60.0;3.75;Drinking Chocolate;Hot chocolate;Sustainably Grown Organic Rg;3.75;2023-01-09 16:17:33;16;Monday;1;2023
4881.0;1.0;3.0;Astoria;13.0;8.95;Loose Tea;Black tea;English Breakfast;8.95;2023-01-09 16:17:33;16;Monday;1;2023
4882.0;2.0;5.0;Lower Manhattan;47.0;3.0;Tea;Brewed Green tea;Serenity Green Tea Lg;6.0;2023-01-09 16:21:07;16;Monday;1;2023
4883.0;2.0;8.0;Hell's Kitchen;23.0;2.5;Coffee;Drip coffee;Our Old Time Diner Blend Rg;5.0;2023-01-09 16:25:08;16;Monday;1;2023
4884.0;1.0;8.0;Hell's Kitchen;52.0;2.5;Tea;Brewed Chai tea;Traditional Blend Chai Rg;2.5;2023-01-09 16:25:29;16;Monday;1;2023
4885.0;1.0;8.0;Hell's Kitchen;76.0;3.5;Bakery;Biscotti;Chocolate Chip Biscotti;3.5;2023-01-09 16:25:29;16;Monday;1;2023
4886.0;1.0;3.0;Astoria;52.0;2.5;Tea;Brewed Chai tea;Traditional Blend Chai Rg;2.5;2023-01-09 16:31:43;16;Monday;1;2023
4887.0;1.0;8.0;Hell's Kitchen;23.0;2.5;Coffee;Drip coffee;Our Old Time Diner Blend Rg;2.5;2023-01-09 16:33:35;16;Monday;1;2023
4888.0;2.0;5.0;Lower Manhattan;38.0;3.75;Coffee;Barista Espresso;Latte;7.5;2023-01-09 16:45:19;16;Monday;1;2023
4889.0;1.0;5.0;Lower Manhattan;78.0;5.63;Bakery;Scone;Scottish Cream Scone ;5.63;2023-01-09 16:45:19;16;Monday;1;2023
4890.0;1.0;5.0;Lower Manhattan;52.0;2.5;Tea;Brewed Chai tea;Traditional Blend Chai Rg;2.5;2023-01-09 16:45:37;16;Monday;1;2023
4891.0;1.0;5.0;Lower Manhattan;31.0;2.2;Coffee;Gourmet brewed coffee;Ethiopia Sm;2.2;2023-01-09 16:48:23;16;Monday;1;2023
4892.0;1.0;5.0;Lower Manhattan;10.0;10.0;Coffee beans;Green beans;Guatemalan Sustainably Grown;10.0;2023-01-09 16:48:23;16;Monday;1;2023
4893.0;1.0;3.0;Astoria;43.0;3.0;Tea;Brewed herbal tea;Lemon Grass Lg;3.0;2023-01-09 16:57:00;16;Monday;1;2023
4894.0;1.0;8.0;Hell's Kitchen;37.0;3.0;Coffee;Barista Espresso;Espresso shot;3.0;2023-01-09 17:06:45;17;Monday;1;2023
4895.0;1.0;8.0;Hell's Kitchen;64.0;0.8;Flavours;Regular syrup;Hazelnut syrup;0.8;2023-01-09 17:06:45;17;Monday;1;2023
4897.0;2.0;3.0;Astoria;41.0;4.25;Coffee;Barista Espresso;Cappuccino Lg;8.5;2023-01-09 17:17:50;17;Monday;1;2023
4898.0;1.0;3.0;Astoria;61.0;4.75;Drinking Chocolate;Hot chocolate;Sustainably Grown Organic Lg;4.75;2023-01-09 17:18:44;17;Monday;1;2023
4899.0;1.0;3.0;Astoria;43.0;3.0;Tea;Brewed herbal tea;Lemon Grass Lg;3.0;2023-01-09 17:20:06;17;Monday;1;2023
4900.0;1.0;3.0;Astoria;29.0;2.5;Coffee;Gourmet brewed coffee;Columbian Medium Roast Rg;2.5;2023-01-09 17:21:33;17;Monday;1;2023
4901.0;1.0;3.0;Astoria;48.0;2.5;Tea;Brewed Black tea;English Breakfast Rg;2.5;2023-01-09 17:27:16;17;Monday;1;2023
4902.0;1.0;3.0;Astoria;20.0;7.6;Packaged Chocolate;Organic Chocolate;Sustainably Grown Organic;7.6;2023-01-09 17:27:16;17;Monday;1;2023
4903.0;1.0;3.0;Astoria;57.0;3.1;Tea;Brewed Chai tea;Spicy Eye Opener Chai Lg;3.1;2023-01-09 17:31:18;17;Monday;1;2023
4904.0;2.0;8.0;Hell's Kitchen;22.0;2.0;Coffee;Drip coffee;Our Old Time Diner Blend Sm;4.0;2023-01-09 17:31:32;17;Monday;1;2023
4905.0;1.0;8.0;Hell's Kitchen;79.0;3.75;Bakery;Scone;Jumbo Savory Scone;3.75;2023-01-09 17:31:32;17;Monday;1;2023
4906.0;1.0;3.0;Astoria;48.0;2.5;Tea;Brewed Black tea;English Breakfast Rg;2.5;2023-01-09 17:43:19;17;Monday;1;2023
4907.0;1.0;8.0;Hell's Kitchen;39.0;4.25;Coffee;Barista Espresso;Latte Rg;4.25;2023-01-09 17:46:38;17;Monday;1;2023
4908.0;2.0;8.0;Hell's Kitchen;64.0;0.8;Flavours;Regular syrup;Hazelnut syrup;1.6;2023-01-09 17:46:38;17;Monday;1;2023
4909.0;1.0;8.0;Hell's Kitchen;56.0;2.55;Tea;Brewed Chai tea;Spicy Eye Opener Chai Rg;2.55;2023-01-09 17:47:05;17;Monday;1;2023
4910.0;1.0;8.0;Hell's Kitchen;70.0;3.25;Bakery;Scone;Cranberry Scone;3.25;2023-01-09 17:47:05;17;Monday;1;2023
4912.0;2.0;8.0;Hell's Kitchen;87.0;3.0;Coffee;Barista Espresso;Ouro Brasileiro shot;6.0;2023-01-09 17:47:47;17;Monday;1;2023
4913.0;2.0;8.0;Hell's Kitchen;59.0;4.5;Drinking Chocolate;Hot chocolate;Dark chocolate Lg;9.0;2023-01-09 17:53:17;17;Monday;1;2023
4914.0;1.0;8.0;Hell's Kitchen;36.0;3.75;Coffee;Premium brewed coffee;Jamaican Coffee River Lg;3.75;2023-01-09 17:56:14;17;Monday;1;2023
4915.0;1.0;8.0;Hell's Kitchen;70.0;3.25;Bakery;Scone;Cranberry Scone;3.25;2023-01-09 17:56:14;17;Monday;1;2023
4916.0;2.0;8.0;Hell's Kitchen;87.0;3.0;Coffee;Barista Espresso;Ouro Brasileiro shot;6.0;2023-01-09 17:57:31;17;Monday;1;2023
4917.0;1.0;3.0;Astoria;47.0;3.0;Tea;Brewed Green tea;Serenity Green Tea Lg;3.0;2023-01-09 18:02:31;18;Monday;1;2023
4918.0;1.0;5.0;Lower Manhattan;44.0;2.5;Tea;Brewed herbal tea;Peppermint Rg;2.5;2023-01-09 18:07:54;18;Monday;1;2023
4919.0;1.0;5.0;Lower Manhattan;77.0;3.0;Bakery;Scone;Oatmeal Scone;3.0;2023-01-09 18:07:54;18;Monday;1;2023
4920.0;1.0;8.0;Hell's Kitchen;22.0;2.0;Coffee;Drip coffee;Our Old Time Diner Blend Sm;2.0;2023-01-09 18:08:27;18;Monday;1;2023
4921.0;1.0;5.0;Lower Manhattan;26.0;3.0;Coffee;Organic brewed coffee;Brazilian Rg;3.0;2023-01-09 18:11:04;18;Monday;1;2023
4922.0;2.0;8.0;Hell's Kitchen;58.0;3.5;Drinking Chocolate;Hot chocolate;Dark chocolate Rg;7.0;2023-01-09 18:11:17;18;Monday;1;2023
4923.0;1.0;3.0;Astoria;31.0;2.2;Coffee;Gourmet brewed coffee;Ethiopia Sm;2.2;2023-01-09 18:11:18;18;Monday;1;2023
4924.0;2.0;8.0;Hell's Kitchen;46.0;2.5;Tea;Brewed Green tea;Serenity Green Tea Rg;5.0;2023-01-09 18:20:25;18;Monday;1;2023
4925.0;2.0;3.0;Astoria;49.0;3.0;Tea;Brewed Black tea;English Breakfast Lg;6.0;2023-01-09 18:28:11;18;Monday;1;2023
4926.0;1.0;3.0;Astoria;16.0;8.95;Loose Tea;Chai tea;Traditional Blend Chai;8.95;2023-01-09 18:28:11;18;Monday;1;2023
4927.0;1.0;5.0;Lower Manhattan;43.0;3.0;Tea;Brewed herbal tea;Lemon Grass Lg;3.0;2023-01-09 18:28:56;18;Monday;1;2023
4928.0;1.0;5.0;Lower Manhattan;79.0;4.69;Bakery;Scone;Jumbo Savory Scone;4.69;2023-01-09 18:28:56;18;Monday;1;2023
4929.0;1.0;8.0;Hell's Kitchen;35.0;3.1;Coffee;Premium brewed coffee;Jamaican Coffee River Rg;3.1;2023-01-09 18:37:01;18;Monday;1;2023
4930.0;1.0;5.0;Lower Manhattan;29.0;2.5;Coffee;Gourmet brewed coffee;Columbian Medium Roast Rg;2.5;2023-01-09 18:41:22;18;Monday;1;2023
4931.0;2.0;3.0;Astoria;34.0;2.45;Coffee;Premium brewed coffee;Jamaican Coffee River Sm;4.9;2023-01-09 18:46:44;18;Monday;1;2023
4932.0;1.0;3.0;Astoria;53.0;3.0;Tea;Brewed Chai tea;Traditional Blend Chai Lg;3.0;2023-01-09 18:47:07;18;Monday;1;2023
4933.0;1.0;3.0;Astoria;48.0;2.5;Tea;Brewed Black tea;English Breakfast Rg;2.5;2023-01-09 18:55:11;18;Monday;1;2023
4934.0;1.0;3.0;Astoria;17.0;9.5;Loose Tea;Chai tea;Morning Sunrise Chai;9.5;2023-01-09 18:55:11;18;Monday;1;2023
4935.0;1.0;5.0;Lower Manhattan;33.0;3.5;Coffee;Gourmet brewed coffee;Ethiopia Lg;3.5;2023-01-09 18:55:32;18;Monday;1;2023
4936.0;1.0;3.0;Astoria;31.0;2.2;Coffee;Gourmet brewed coffee;Ethiopia Sm;2.2;2023-01-09 19:03:24;19;Monday;1;2023
4937.0;1.0;3.0;Astoria;69.0;3.25;Bakery;Biscotti;Hazelnut Biscotti;3.25;2023-01-09 19:03:24;19;Monday;1;2023
4938.0;1.0;3.0;Astoria;60.0;3.75;Drinking Chocolate;Hot chocolate;Sustainably Grown Organic Rg;3.75;2023-01-09 19:15:02;19;Monday;1;2023
4939.0;2.0;8.0;Hell's Kitchen;54.0;2.5;Tea;Brewed Chai tea;Morning Sunrise Chai Rg;5.0;2023-01-09 19:16:04;19;Monday;1;2023
4940.0;1.0;8.0;Hell's Kitchen;29.0;2.5;Coffee;Gourmet brewed coffee;Columbian Medium Roast Rg;2.5;2023-01-09 19:18:20;19;Monday;1;2023
4941.0;2.0;5.0;Lower Manhattan;39.0;4.25;Coffee;Barista Espresso;Latte Rg;8.5;2023-01-09 19:21:25;19;Monday;1;2023
4942.0;1.0;5.0;Lower Manhattan;72.0;4.06;Bakery;Scone;Ginger Scone;4.06;2023-01-09 19:21:25;19;Monday;1;2023
4943.0;1.0;8.0;Hell's Kitchen;46.0;2.5;Tea;Brewed Green tea;Serenity Green Tea Rg;2.5;2023-01-09 19:33:27;19;Monday;1;2023
4944.0;1.0;5.0;Lower Manhattan;42.0;2.5;Tea;Brewed herbal tea;Lemon Grass Rg;2.5;2023-01-09 19:36:38;19;Monday;1;2023
4945.0;1.0;8.0;Hell's Kitchen;31.0;2.2;Coffee;Gourmet brewed coffee;Ethiopia Sm;2.2;2023-01-09 19:39:19;19;Monday;1;2023
4946.0;1.0;8.0;Hell's Kitchen;72.0;3.25;Bakery;Scone;Ginger Scone;3.25;2023-01-09 19:39:19;19;Monday;1;2023
4947.0;2.0;5.0;Lower Manhattan;58.0;3.5;Drinking Chocolate;Hot chocolate;Dark chocolate Rg;7.0;2023-01-09 19:40:09;19;Monday;1;2023
4948.0;2.0;5.0;Lower Manhattan;46.0;2.5;Tea;Brewed Green tea;Serenity Green Tea Rg;5.0;2023-01-09 19:41:05;19;Monday;1;2023
4949.0;2.0;8.0;Hell's Kitchen;54.0;2.5;Tea;Brewed Chai tea;Morning Sunrise Chai Rg;5.0;2023-01-09 19:42:36;19;Monday;1;2023
4950.0;1.0;5.0;Lower Manhattan;44.0;2.5;Tea;Brewed herbal tea;Peppermint Rg;2.5;2023-01-09 19:48:46;19;Monday;1;2023
4951.0;1.0;5.0;Lower Manhattan;47.0;3.0;Tea;Brewed Green tea;Serenity Green Tea Lg;3.0;2023-01-09 19:52:56;19;Monday;1;2023
4952.0;1.0;5.0;Lower Manhattan;4.0;20.45;Coffee beans;Espresso Beans;Primo Espresso Roast;20.45;2023-01-09 19:52:56;19;Monday;1;2023
4953.0;2.0;5.0;Lower Manhattan;40.0;3.75;Coffee;Barista Espresso;Cappuccino;7.5;2023-01-09 19:54:54;19;Monday;1;2023
4954.0;1.0;5.0;Lower Manhattan;55.0;4.0;Tea;Brewed Chai tea;Morning Sunrise Chai Lg;4.0;2023-01-09 20:04:04;20;Monday;1;2023
4955.0;1.0;5.0;Lower Manhattan;22.0;2.0;Coffee;Drip coffee;Our Old Time Diner Blend Sm;2.0;2023-01-09 20:05:01;20;Monday;1;2023
4956.0;1.0;5.0;Lower Manhattan;71.0;3.75;Bakery;Pastry;Chocolate Croissant;3.75;2023-01-10 06:02:43;6;Tuesday;1;2023
4957.0;1.0;5.0;Lower Manhattan;33.0;3.5;Coffee;Gourmet brewed coffee;Ethiopia Lg;3.5;2023-01-10 06:04:51;6;Tuesday;1;2023
4958.0;1.0;5.0;Lower Manhattan;48.0;2.5;Tea;Brewed Black tea;English Breakfast Rg;2.5;2023-01-10 06:04:55;6;Tuesday;1;2023
4959.0;1.0;5.0;Lower Manhattan;59.0;4.5;Drinking Chocolate;Hot chocolate;Dark chocolate Lg;4.5;2023-01-10 06:08:17;6;Tuesday;1;2023
4960.0;1.0;5.0;Lower Manhattan;61.0;4.75;Drinking Chocolate;Hot chocolate;Sustainably Grown Organic Lg;4.75;2023-01-10 06:10:41;6;Tuesday;1;2023
4961.0;1.0;5.0;Lower Manhattan;71.0;3.75;Bakery;Pastry;Chocolate Croissant;3.75;2023-01-10 06:16:25;6;Tuesday;1;2023
4962.0;1.0;5.0;Lower Manhattan;71.0;3.75;Bakery;Pastry;Chocolate Croissant;3.75;2023-01-10 06:16:25;6;Tuesday;1;2023
4963.0;2.0;8.0;Hell's Kitchen;50.0;2.5;Tea;Brewed Black tea;Earl Grey Rg;5.0;2023-01-10 06:30:39;6;Tuesday;1;2023
4964.0;2.0;5.0;Lower Manhattan;49.0;3.0;Tea;Brewed Black tea;English Breakfast Lg;6.0;2023-01-10 06:31:32;6;Tuesday;1;2023
4965.0;1.0;5.0;Lower Manhattan;75.0;3.5;Bakery;Pastry;Croissant;3.5;2023-01-10 06:31:32;6;Tuesday;1;2023
4966.0;1.0;5.0;Lower Manhattan;59.0;4.5;Drinking Chocolate;Hot chocolate;Dark chocolate Lg;4.5;2023-01-10 06:31:46;6;Tuesday;1;2023
4967.0;1.0;5.0;Lower Manhattan;72.0;3.25;Bakery;Scone;Ginger Scone;3.25;2023-01-10 06:31:46;6;Tuesday;1;2023
4968.0;2.0;8.0;Hell's Kitchen;55.0;4.0;Tea;Brewed Chai tea;Morning Sunrise Chai Lg;8.0;2023-01-10 06:31:54;6;Tuesday;1;2023
4969.0;1.0;8.0;Hell's Kitchen;74.0;3.5;Bakery;Biscotti;Ginger Biscotti;3.5;2023-01-10 06:31:54;6;Tuesday;1;2023
4970.0;2.0;5.0;Lower Manhattan;38.0;3.75;Coffee;Barista Espresso;Latte;7.5;2023-01-10 06:33:33;6;Tuesday;1;2023
4971.0;2.0;5.0;Lower Manhattan;84.0;0.8;Flavours;Regular syrup;Chocolate syrup;1.6;2023-01-10 06:33:33;6;Tuesday;1;2023
4973.0;1.0;8.0;Hell's Kitchen;35.0;3.1;Coffee;Premium brewed coffee;Jamaican Coffee River Rg;3.1;2023-01-10 06:36:19;6;Tuesday;1;2023
4974.0;1.0;8.0;Hell's Kitchen;42.0;2.5;Tea;Brewed herbal tea;Lemon Grass Rg;2.5;2023-01-10 06:36:22;6;Tuesday;1;2023
4975.0;2.0;8.0;Hell's Kitchen;40.0;3.75;Coffee;Barista Espresso;Cappuccino;7.5;2023-01-10 06:36:38;6;Tuesday;1;2023
4976.0;2.0;8.0;Hell's Kitchen;84.0;0.8;Flavours;Regular syrup;Chocolate syrup;1.6;2023-01-10 06:36:38;6;Tuesday;1;2023
4977.0;1.0;8.0;Hell's Kitchen;72.0;3.25;Bakery;Scone;Ginger Scone;3.25;2023-01-10 06:36:38;6;Tuesday;1;2023
4978.0;2.0;5.0;Lower Manhattan;29.0;2.5;Coffee;Gourmet brewed coffee;Columbian Medium Roast Rg;5.0;2023-01-10 06:36:55;6;Tuesday;1;2023
;1.0;;Hell's Kitchen;;3.0;Tea;Brewed herbal tea;Lemon Grass Lg;3.0;2023-01-10 06:38:38;6;Tuesday;1;2023
4980.0;1.0;5.0;Lower Manhattan;38.0;3.75;Coffee;Barista Espresso;Latte;3.75;2023-01-10 06:40:35;6;Tuesday;1;2023
4981.0;2.0;5.0;Lower Manhattan;65.0;0.8;Flavours;Sugar free syrup;Sugar Free Vanilla syrup;1.6;2023-01-10 06:40:35;6;Tuesday;1;2023
4982.0;1.0;5.0;Lower Manhattan;79.0;3.75;Bakery;Scone;Jumbo Savory Scone;3.75;2023-01-10 06:40:35;6;Tuesday;1;2023
4983.0;2.0;8.0;Hell's Kitchen;60.0;3.75;Drinking Chocolate;Hot chocolate;Sustainably Grown Organic Rg;7.5;2023-01-10 06:42:04;6;Tuesday;1;2023
4984.0;1.0;5.0;Lower Manhattan;32.0;3.0;Coffee;Gourmet brewed coffee;Ethiopia Rg;3.0;2023-01-10 06:45:20;6;Tuesday;1;2023
4985.0;1.0;8.0;Hell's Kitchen;32.0;3.0;Coffee;Gourmet brewed coffee;Ethiopia Rg;3.0;2023-01-10 06:45:47;6;Tuesday;1;2023
4986.0;1.0;5.0;Lower Manhattan;43.0;3.0;Tea;Brewed herbal tea;Lemon Grass Lg;3.0;2023-01-10 06:45:59;6;Tuesday;1;2023
4987.0;1.0;8.0;Hell's Kitchen;28.0;2.0;Coffee;Gourmet brewed coffee;Columbian Medium Roast Sm;2.0;2023-01-10 06:46:00;6;Tuesday;1;2023
4988.0;1.0;8.0;Hell's Kitchen;53.0;3.0;Tea;Brewed Chai tea;Traditional Blend Chai Lg;3.0;2023-01-10 06:57:55;6;Tuesday;1;2023
4989.0;1.0;8.0;Hell's Kitchen;44.0;2.5;Tea;Brewed herbal tea;Peppermint Rg;2.5;2023-01-10 06:58:08;6;Tuesday;1;2023
4990.0;1.0;8.0;Hell's Kitchen;60.0;3.75;Drinking Chocolate;Hot chocolate;Sustainably Grown Organic Rg;3.75;2023-01-10 06:59:46;6;Tuesday;1;2023
4991.0;1.0;8.0;Hell's Kitchen;38.0;3.75;Coffee;Barista Espresso;Latte;3.75;2023-01-10 07:00:48;7;Tuesday;1;2023
4992.0;2.0;8.0;Hell's Kitchen;65.0;0.8;Flavours;Sugar free syrup;Sugar Free Vanilla syrup;1.6;2023-01-10 07:00:48;7;Tuesday;1;2023
4993.0;1.0;8.0;Hell's Kitchen;77.0;3.0;Bakery;Scone;Oatmeal Scone;3.0;2023-01-10 07:00:48;7;Tuesday;1;2023
4994.0;2.0;5.0;Lower Manhattan;41.0;4.25;Coffee;Barista Espresso;Cappuccino Lg;8.5;2023-01-10 07:01:09;7;Tuesday;1;2023
4995.0;1.0;5.0;Lower Manhattan;64.0;0.8;Flavours;Regular syrup;Hazelnut syrup;0.8;2023-01-10 07:01:09;7;Tuesday;1;2023
4996.0;1.0;5.0;Lower Manhattan;78.0;4.5;Bakery;Scone;Scottish Cream Scone ;4.5;2023-01-10 07:01:09;7;Tuesday;1;2023
4997.0;1.0;3.0;Astoria;46.0;2.5;Tea;Brewed Green tea;Serenity Green Tea Rg;2.5;2023-01-10 07:05:07;7;Tuesday;1;2023
4998.0;2.0;8.0;Hell's Kitchen;53.0;3.0;Tea;Brewed Chai tea;Traditional Blend Chai Lg;6.0;2023-01-10 07:05:49;7;Tuesday;1;2023
4999.0;1.0;3.0;Astoria;38.0;3.75;Coffee;Barista Espresso;Latte;3.75;2023-01-10 07:06:34;7;Tuesday;1;2023
5001.0;2.0;8.0;Hell's Kitchen;39.0;4.25;Coffee;Barista Espresso;Latte Rg;8.5;2023-01-10 07:07:32;7;Tuesday;1;2023
5002.0;2.0;8.0;Hell's Kitchen;63.0;0.8;Flavours;Regular syrup;Carmel syrup;1.6;2023-01-10 07:07:32;7;Tuesday;1;2023
5003.0;1.0;3.0;Astoria;54.0;2.5;Tea;Brewed Chai tea;Morning Sunrise Chai Rg;2.5;2023-01-10 07:08:16;7;Tuesday;1;2023
5004.0;1.0;3.0;Astoria;77.0;3.0;Bakery;Scone;Oatmeal Scone;3.0;2023-01-10 07:08:16;7;Tuesday;1;2023
5005.0;2.0;3.0;Astoria;51.0;3.0;Tea;Brewed Black tea;Earl Grey Lg;6.0;2023-01-10 07:09:15;7;Tuesday;1;2023
5006.0;1.0;3.0;Astoria;71.0;3.75;Bakery;Pastry;Chocolate Croissant;3.75;2023-01-10 07:11:40;7;Tuesday;1;2023
5007.0;1.0;3.0;Astoria;71.0;3.75;Bakery;Pastry;Chocolate Croissant;3.75;2023-01-10 07:11:40;7;Tuesday;1;2023
5008.0;1.0;3.0;Astoria;35.0;3.1;Coffee;Premium brewed coffee;Jamaican Coffee River Rg;3.1;2023-01-10 07:12:50;7;Tuesday;1;2023
5009.0;1.0;3.0;Astoria;51.0;3.0;Tea;Brewed Black tea;Earl Grey Lg;3.0;2023-01-10 07:13:52;7;Tuesday;1;2023
5010.0;2.0;5.0;Lower Manhattan;38.0;3.75;Coffee;Barista Espresso;Latte;7.5;2023-01-10 07:15:12;7;Tuesday;1;2023
5011.0;1.0;5.0;Lower Manhattan;63.0;0.8;Flavours;Regular syrup;Carmel syrup;0.8;2023-01-10 07:15:12;7;Tuesday;1;2023
5012.0;1.0;5.0;Lower Manhattan;79.0;3.75;Bakery;Scone;Jumbo Savory Scone;3.75;2023-01-10 07:15:12;7;Tuesday;1;2023
5013.0;2.0;5.0;Lower Manhattan;50.0;2.5;Tea;Brewed Black tea;Earl Grey Rg;5.0;2023-01-10 07:15:21;7;Tuesday;1;2023
5016.0;1.0;5.0;Lower Manhattan;84.0;0.8;Flavours;Regular syrup;Chocolate syrup;0.8;2023-01-10 07:16:22;7;Tuesday;1;2023
5017.0;2.0;8.0;Hell's Kitchen;49.0;3.0;Tea;Brewed Black tea;English Breakfast Lg;6.0;2023-01-10 07:16:35;7;Tuesday;1;2023
5018.0;1.0;5.0;Lower Manhattan;39.0;4.25;Coffee;Barista Espresso;Latte Rg;4.25;2023-01-10 07:16:54;7;Tuesday;1;2023
5019.0;2.0;5.0;Lower Manhattan;63.0;0.8;Flavours;Regular syrup;Carmel syrup;1.6;2023-01-10 07:16:54;7;Tuesday;1;2023
5020.0;2.0;3.0;Astoria;23.0;2.5;Coffee;Drip coffee;Our Old Time Diner Blend Rg;5.0;2023-01-10 07:18:14;7;Tuesday;1;2023
5021.0;1.0;3.0;Astoria;73.0;3.75;Bakery;Pastry;Almond Croissant;3.75;2023-01-10 07:18:14;7;Tuesday;1;2023
5022.0;1.0;3.0;Astoria;53.0;3.0;Tea;Brewed Chai tea;Traditional Blend Chai Lg;3.0;2023-01-10 07:18:16;7;Tuesday;1;2023
5023.0;1.0;3.0;Astoria;73.0;3.75;Bakery;Pastry;Almond Croissant;3.75;2023-01-10 07:18:16;7;Tuesday;1;2023
5024.0;1.0;8.0;Hell's Kitchen;54.0;2.5;Tea;Brewed Chai tea;Morning Sunrise Chai Rg;2.5;2023-01-10 07:20:36;7;Tuesday;1;2023
5025.0;1.0;8.0;Hell's Kitchen;69.0;3.25;Bakery;Biscotti;Hazelnut Biscotti;3.25;2023-01-10 07:20:36;7;Tuesday;1;2023
5026.0;2.0;3.0;Astoria;37.0;3.0;Coffee;Barista Espresso;Espresso shot;6.0;2023-01-10 07:20:52;7;Tuesday;1;2023
5027.0;2.0;3.0;Astoria;63.0;0.8;Flavours;Regular syrup;Carmel syrup;1.6;2023-01-10 07:20:52;7;Tuesday;1;2023
5028.0;2.0;3.0;Astoria;35.0;3.1;Coffee;Premium brewed coffee;Jamaican Coffee River Rg;6.2;2023-01-10 07:21:24;7;Tuesday;1;2023
5029.0;1.0;3.0;Astoria;71.0;3.75;Bakery;Pastry;Chocolate Croissant;3.75;2023-01-10 07:21:24;7;Tuesday;1;2023
5030.0;1.0;3.0;Astoria;6.0;21.0;Coffee beans;Gourmet Beans;Ethiopia;21.0;2023-01-10 07:21:24;7;Tuesday;1;2023
5031.0;1.0;5.0;Lower Manhattan;40.0;3.75;Coffee;Barista Espresso;Cappuccino;3.75;2023-01-10 07:22:34;7;Tuesday;1;2023
5033.0;1.0;8.0;Hell's Kitchen;57.0;3.1;Tea;Brewed Chai tea;Spicy Eye Opener Chai Lg;3.1;2023-01-10 07:26:03;7;Tuesday;1;2023
5034.0;1.0;8.0;Hell's Kitchen;52.0;2.5;Tea;Brewed Chai tea;Traditional Blend Chai Rg;2.5;2023-01-10 07:26:13;7;Tuesday;1;2023
5035.0;1.0;5.0;Lower Manhattan;41.0;4.25;Coffee;Barista Espresso;Cappuccino Lg;4.25;2023-01-10 07:27:22;7;Tuesday;1;2023
5036.0;2.0;5.0;Lower Manhattan;65.0;0.8;Flavours;Sugar free syrup;Sugar Free Vanilla syrup;1.6;2023-01-10 07:27:22;7;Tuesday;1;2023
5037.0;1.0;5.0;Lower Manhattan;49.0;3.0;Tea;Brewed Black tea;English Breakfast Lg;3.0;2023-01-10 07:28:17;7;Tuesday;1;2023
5038.0;2.0;8.0;Hell's Kitchen;30.0;3.0;Coffee;Gourmet brewed coffee;Columbian Medium Roast Lg;6.0;2023-01-10 07:28:53;7;Tuesday;1;2023
5039.0;2.0;3.0;Astoria;24.0;3.0;Coffee;Drip coffee;Our Old Time Diner Blend Lg;6.0;2023-01-10 07:31:14;7;Tuesday;1;2023
5040.0;1.0;8.0;Hell's Kitchen;71.0;3.75;Bakery;Pastry;Chocolate Croissant;3.75;2023-01-10 07:32:17;7;Tuesday;1;2023
5041.0;2.0;8.0;Hell's Kitchen;43.0;3.0;Tea;Brewed herbal tea;Lemon Grass Lg;6.0;2023-01-10 07:34:12;7;Tuesday;1;2023
5042.0;1.0;8.0;Hell's Kitchen;72.0;3.25;Bakery;Scone;Ginger Scone;3.25;2023-01-10 07:34:12;7;Tuesday;1;2023
5043.0;2.0;3.0;Astoria;53.0;3.0;Tea;Brewed Chai tea;Traditional Blend Chai Lg;6.0;2023-01-10 07:35:04;7;Tuesday;1;2023
5044.0;2.0;3.0;Astoria;37.0;3.0;Coffee;Barista Espresso;Espresso shot;6.0;2023-01-10 07:35:04;7;Tuesday;1;2023
5045.0;2.0;8.0;Hell's Kitchen;52.0;2.5;Tea;Brewed Chai tea;Traditional Blend Chai Rg;5.0;2023-01-10 07:35:32;7;Tuesday;1;2023
5046.0;1.0;8.0;Hell's Kitchen;75.0;3.5;Bakery;Pastry;Croissant;3.5;2023-01-10 07:35:32;7;Tuesday;1;2023
5047.0;1.0;5.0;Lower Manhattan;59.0;4.5;Drinking Chocolate;Hot chocolate;Dark chocolate Lg;4.5;2023-01-10 07:35:35;7;Tuesday;1;2023
5048.0;2.0;8.0;Hell's Kitchen;38.0;3.75;Coffee;Barista Espresso;Latte;7.5;2023-01-10 07:37:09;7;Tuesday;1;2023
5049.0;1.0;8.0;Hell's Kitchen;63.0;0.8;Flavours;Regular syrup;Carmel syrup;0.8;2023-01-10 07:37:09;7;Tuesday;1;2023
5050.0;2.0;8.0;Hell's Kitchen;32.0;3.0;Coffee;Gourmet brewed coffee;Ethiopia Rg;6.0;2023-01-10 07:37:30;7;Tuesday;1;2023
5051.0;1.0;5.0;Lower Manhattan;45.0;3.0;Tea;Brewed herbal tea;Peppermint Lg;3.0;2023-01-10 07:38:09;7;Tuesday;1;2023
5052.0;2.0;3.0;Astoria;54.0;2.5;Tea;Brewed Chai tea;Morning Sunrise Chai Rg;5.0;2023-01-10 07:39:18;7;Tuesday;1;2023
5053.0;1.0;3.0;Astoria;77.0;3.0;Bakery;Scone;Oatmeal Scone;3.0;2023-01-10 07:39:18;7;Tuesday;1;2023
5054.0;1.0;5.0;Lower Manhattan;56.0;2.55;Tea;Brewed Chai tea;Spicy Eye Opener Chai Rg;2.55;2023-01-10 07:39:52;7;Tuesday;1;2023
5055.0;2.0;3.0;Astoria;32.0;3.0;Coffee;Gourmet brewed coffee;Ethiopia Rg;6.0;2023-01-10 07:41:06;7;Tuesday;1;2023
5056.0;2.0;3.0;Astoria;38.0;3.75;Coffee;Barista Espresso;Latte;7.5;2023-01-10 07:42:13;7;Tuesday;1;2023
5057.0;1.0;3.0;Astoria;65.0;0.8;Flavours;Sugar free syrup;Sugar Free Vanilla syrup;0.8;2023-01-10 07:42:13;7;Tuesday;1;2023
5058.0;1.0;3.0;Astoria;76.0;3.5;Bakery;Biscotti;Chocolate Chip Biscotti;3.5;2023-01-10 07:42:13;7;Tuesday;1;2023
5059.0;1.0;5.0;Lower Manhattan;46.0;2.5;Tea;Brewed Green tea;Serenity Green Tea Rg;2.5;2023-01-10 07:43:41;7;Tuesday;1;2023
5060.0;1.0;5.0;Lower Manhattan;20.0;7.6;Packaged Chocolate;Organic Chocolate;Sustainably Grown Organic;7.6;2023-01-10 07:43:41;7;Tuesday;1;2023
5061.0;1.0;5.0;Lower Manhattan;46.0;2.5;Tea;Brewed Green tea;Serenity Green Tea Rg;2.5;2023-01-10 07:45:07;7;Tuesday;1;2023
5063.0;1.0;3.0;Astoria;37.0;3.0;Coffee;Barista Espresso;Espresso shot;3.0;2023-01-10 07:46:05;7;Tuesday;1;2023
5064.0;2.0;3.0;Astoria;63.0;0.8;Flavours;Regular syrup;Carmel syrup;1.6;2023-01-10 07:46:05;7;Tuesday;1;2023
5065.0;2.0;3.0;Astoria;60.0;3.75;Drinking Chocolate;Hot chocolate;Sustainably Grown Organic Rg;7.5;2023-01-10 07:46:43;7;Tuesday;1;2023
5066.0;2.0;3.0;Astoria;44.0;2.5;Tea;Brewed herbal tea;Peppermint Rg;5.0;2023-01-10 07:47:18;7;Tuesday;1;2023
5067.0;1.0;3.0;Astoria;71.0;3.75;Bakery;Pastry;Chocolate Croissant;3.75;2023-01-10 07:47:18;7;Tuesday;1;2023
5068.0;2.0;8.0;Hell's Kitchen;33.0;3.5;Coffee;Gourmet brewed coffee;Ethiopia Lg;7.0;2023-01-10 07:50:34;7;Tuesday;1;2023
5069.0;1.0;5.0;Lower Manhattan;30.0;3.0;Coffee;Gourmet brewed coffee;Columbian Medium Roast Lg;3.0;2023-01-10 07:52:49;7;Tuesday;1;2023
5070.0;1.0;5.0;Lower Manhattan;75.0;3.5;Bakery;Pastry;Croissant;3.5;2023-01-10 07:52:49;7;Tuesday;1;2023
5071.0;1.0;5.0;Lower Manhattan;54.0;2.5;Tea;Brewed Chai tea;Morning Sunrise Chai Rg;2.5;2023-01-10 07:54:14;7;Tuesday;1;2023
5072.0;1.0;5.0;Lower Manhattan;72.0;3.25;Bakery;Scone;Ginger Scone;3.25;2023-01-10 07:54:14;7;Tuesday;1;2023
5073.0;2.0;8.0;Hell's Kitchen;28.0;2.0;Coffee;Gourmet brewed coffee;Columbian Medium Roast Sm;4.0;2023-01-10 07:54:14;7;Tuesday;1;2023
5074.0;2.0;8.0;Hell's Kitchen;54.0;2.5;Tea;Brewed Chai tea;Morning Sunrise Chai Rg;5.0;2023-01-10 07:55:00;7;Tuesday;1;2023
5075.0;2.0;5.0;Lower Manhattan;54.0;2.5;Tea;Brewed Chai tea;Morning Sunrise Chai Rg;5.0;2023-01-10 07:56:44;7;Tuesday;1;2023
5076.0;1.0;5.0;Lower Manhattan;75.0;3.5;Bakery;Pastry;Croissant;3.5;2023-01-10 07:56:44;7;Tuesday;1;2023
5077.0;2.0;3.0;Astoria;45.0;3.0;Tea;Brewed herbal tea;Peppermint Lg;6.0;2023-01-10 07:57:07;7;Tuesday;1;2023
5078.0;1.0;3.0;Astoria;76.0;3.5;Bakery;Biscotti;Chocolate Chip Biscotti;3.5;2023-01-10 07:57:07;7;Tuesday;1;2023
5080.0;1.0;5.0;Lower Manhattan;60.0;3.75;Drinking Chocolate;Hot chocolate;Sustainably Grown Organic Rg;3.75;2023-01-10 08:00:10;8;Tuesday;1;2023
5081.0;1.0;5.0;Lower Manhattan;73.0;3.75;Bakery;Pastry;Almond Croissant;3.75;2023-01-10 08:00:10;8;Tuesday;1;2023
5083.0;2.0;3.0;Astoria;35.0;3.1;Coffee;Premium brewed coffee;Jamaican Coffee River Rg;6.2;2023-01-10 08:02:55;8;Tuesday;1;2023
5084.0;1.0;8.0;Hell's Kitchen;36.0;3.75;Coffee;Premium brewed coffee;Jamaican Coffee River Lg;3.75;2023-01-10 08:04:16;8;Tuesday;1;2023
5085.0;1.0;8.0;Hell's Kitchen;77.0;3.0;Bakery;Scone;Oatmeal Scone;3.0;2023-01-10 08:04:16;8;Tuesday;1;2023
5086.0;1.0;5.0;Lower Manhattan;52.0;2.5;Tea;Brewed Chai tea;Traditional Blend Chai Rg;2.5;2023-01-10 08:05:46;8;Tuesday;1;2023
5087.0;2.0;3.0;Astoria;25.0;2.2;Coffee;Organic brewed coffee;Brazilian Sm;4.4;2023-01-10 08:06:09;8;Tuesday;1;2023
5088.0;1.0;3.0;Astoria;71.0;3.75;Bakery;Pastry;Chocolate Croissant;3.75;2023-01-10 08:06:09;8;Tuesday;1;2023
5089.0;1.0;3.0;Astoria;49.0;3.0;Tea;Brewed Black tea;English Breakfast Lg;3.0;2023-01-10 08:06:30;8;Tuesday;1;2023
5090.0;2.0;8.0;Hell's Kitchen;56.0;2.55;Tea;Brewed Chai tea;Spicy Eye Opener Chai Rg;5.1;2023-01-10 08:08:13;8;Tuesday;1;2023
5091.0;1.0;8.0;Hell's Kitchen;79.0;3.75;Bakery;Scone;Jumbo Savory Scone;3.75;2023-01-10 08:08:13;8;Tuesday;1;2023
5092.0;1.0;5.0;Lower Manhattan;44.0;2.5;Tea;Brewed herbal tea;Peppermint Rg;2.5;2023-01-10 08:09:40;8;Tuesday;1;2023
5093.0;2.0;3.0;Astoria;50.0;2.5;Tea;Brewed Black tea;Earl Grey Rg;5.0;2023-01-10 08:12:50;8;Tuesday;1;2023
5094.0;2.0;3.0;Astoria;28.0;2.0;Coffee;Gourmet brewed coffee;Columbian Medium Roast Sm;4.0;2023-01-10 08:13:39;8;Tuesday;1;2023
5095.0;2.0;5.0;Lower Manhattan;48.0;2.5;Tea;Brewed Black tea;English Breakfast Rg;5.0;2023-01-10 08:13:42;8;Tuesday;1;2023
5096.0;1.0;3.0;Astoria;61.0;4.75;Drinking Chocolate;Hot chocolate;Sustainably Grown Organic Lg;4.75;2023-01-10 08:13:57;8;Tuesday;1;2023
5097.0;2.0;3.0;Astoria;46.0;2.5;Tea;Brewed Green tea;Serenity Green Tea Rg;5.0;2023-01-10 08:14:21;8;Tuesday;1;2023
5098.0;1.0;3.0;Astoria;58.0;3.5;Drinking Chocolate;Hot chocolate;Dark chocolate Rg;3.5;2023-01-10 08:14:53;8;Tuesday;1;2023
5099.0;2.0;3.0;Astoria;28.0;2.0;Coffee;Gourmet brewed coffee;Columbian Medium Roast Sm;4.0;2023-01-10 08:16:00;8;Tuesday;1;2023
5101.0;1.0;3.0;Astoria;52.0;2.5;Tea;Brewed Chai tea;Traditional Blend Chai Rg;2.5;2023-01-10 08:16:12;8;Tuesday;1;2023
5102.0;1.0;3.0;Astoria;25.0;2.2;Coffee;Organic brewed coffee;Brazilian Sm;2.2;2023-01-10 08:16:15;8;Tuesday;1;2023
5103.0;1.0;5.0;Lower Manhattan;60.0;3.75;Drinking Chocolate;Hot chocolate;Sustainably Grown Organic Rg;3.75;2023-01-10 08:19:29;8;Tuesday;1;2023
5104.0;1.0;3.0;Astoria;47.0;3.0;Tea;Brewed Green tea;Serenity Green Tea Lg;3.0;2023-01-10 08:19:40;8;Tuesday;1;2023
5105.0;1.0;5.0;Lower Manhattan;59.0;4.5;Drinking Chocolate;Hot chocolate;Dark chocolate Lg;4.5;2023-01-10 08:20:52;8;Tuesday;1;2023
5106.0;1.0;5.0;Lower Manhattan;76.0;3.5;Bakery;Biscotti;Chocolate Chip Biscotti;3.5;2023-01-10 08:20:52;8;Tuesday;1;2023
5107.0;1.0;8.0;Hell's Kitchen;34.0;2.45;Coffee;Premium brewed coffee;Jamaican Coffee River Sm;2.45;2023-01-10 08:21:07;8;Tuesday;1;2023
5108.0;1.0;8.0;Hell's Kitchen;76.0;3.5;Bakery;Biscotti;Chocolate Chip Biscotti;3.5;2023-01-10 08:21:07;8;Tuesday;1;2023
5109.0;2.0;5.0;Lower Manhattan;56.0;2.55;Tea;Brewed Chai tea;Spicy Eye Opener Chai Rg;5.1;2023-01-10 08:22:17;8;Tuesday;1;2023
5110.0;1.0;3.0;Astoria;71.0;3.75;Bakery;Pastry;Chocolate Croissant;3.75;2023-01-10 08:23:39;8;Tuesday;1;2023
5111.0;2.0;8.0;Hell's Kitchen;55.0;4.0;Tea;Brewed Chai tea;Morning Sunrise Chai Lg;8.0;2023-01-10 08:23:42;8;Tuesday;1;2023
5112.0;1.0;8.0;Hell's Kitchen;70.0;3.25;Bakery;Scone;Cranberry Scone;3.25;2023-01-10 08:23:42;8;Tuesday;1;2023
5113.0;1.0;3.0;Astoria;41.0;4.25;Coffee;Barista Espresso;Cappuccino Lg;4.25;2023-01-10 08:24:10;8;Tuesday;1;2023
5114.0;2.0;3.0;Astoria;84.0;0.8;Flavours;Regular syrup;Chocolate syrup;1.6;2023-01-10 08:24:10;8;Tuesday;1;2023
5115.0;1.0;8.0;Hell's Kitchen;26.0;3.0;Coffee;Organic brewed coffee;Brazilian Rg;3.0;2023-01-10 08:25:44;8;Tuesday;1;2023
5116.0;1.0;8.0;Hell's Kitchen;74.0;3.5;Bakery;Biscotti;Ginger Biscotti;3.5;2023-01-10 08:25:44;8;Tuesday;1;2023
5117.0;1.0;8.0;Hell's Kitchen;26.0;3.0;Coffee;Organic brewed coffee;Brazilian Rg;3.0;2023-01-10 08:26:10;8;Tuesday;1;2023
5118.0;1.0;8.0;Hell's Kitchen;73.0;3.75;Bakery;Pastry;Almond Croissant;3.75;2023-01-10 08:26:10;8;Tuesday;1;2023
5119.0;2.0;3.0;Astoria;25.0;2.2;Coffee;Organic brewed coffee;Brazilian Sm;4.4;2023-01-10 08:26:28;8;Tuesday;1;2023
5120.0;1.0;5.0;Lower Manhattan;44.0;2.5;Tea;Brewed herbal tea;Peppermint Rg;2.5;2023-01-10 08:27:22;8;Tuesday;1;2023
5121.0;1.0;5.0;Lower Manhattan;77.0;3.0;Bakery;Scone;Oatmeal Scone;3.0;2023-01-10 08:27:22;8;Tuesday;1;2023
5122.0;2.0;3.0;Astoria;55.0;4.0;Tea;Brewed Chai tea;Morning Sunrise Chai Lg;8.0;2023-01-10 08:28:32;8;Tuesday;1;2023
5123.0;2.0;3.0;Astoria;51.0;3.0;Tea;Brewed Black tea;Earl Grey Lg;6.0;2023-01-10 08:28:41;8;Tuesday;1;2023
5124.0;1.0;3.0;Astoria;76.0;3.5;Bakery;Biscotti;Chocolate Chip Biscotti;3.5;2023-01-10 08:28:41;8;Tuesday;1;2023
5125.0;2.0;8.0;Hell's Kitchen;87.0;3.0;Coffee;Barista Espresso;Ouro Brasileiro shot;6.0;2023-01-10 08:30:46;8;Tuesday;1;2023
5126.0;1.0;8.0;Hell's Kitchen;79.0;3.75;Bakery;Scone;Jumbo Savory Scone;3.75;2023-01-10 08:30:46;8;Tuesday;1;2023
5127.0;1.0;5.0;Lower Manhattan;38.0;3.75;Coffee;Barista Espresso;Latte;3.75;2023-01-10 08:31:58;8;Tuesday;1;2023
5128.0;1.0;5.0;Lower Manhattan;84.0;0.8;Flavours;Regular syrup;Chocolate syrup;0.8;2023-01-10 08:31:58;8;Tuesday;1;2023
5129.0;1.0;5.0;Lower Manhattan;78.0;4.5;Bakery;Scone;Scottish Cream Scone ;4.5;2023-01-10 08:31:58;8;Tuesday;1;2023
5130.0;2.0;3.0;Astoria;44.0;2.5;Tea;Brewed herbal tea;Peppermint Rg;5.0;2023-01-10 08:32:04;8;Tuesday;1;2023
5131.0;2.0;5.0;Lower Manhattan;56.0;2.55;Tea;Brewed Chai tea;Spicy Eye Opener Chai Rg;5.1;2023-01-10 08:32:18;8;Tuesday;1;2023
5132.0;1.0;8.0;Hell's Kitchen;48.0;2.5;Tea;Brewed Black tea;English Breakfast Rg;2.5;2023-01-10 08:32:18;8;Tuesday;1;2023
5133.0;1.0;5.0;Lower Manhattan;56.0;2.55;Tea;Brewed Chai tea;Spicy Eye Opener Chai Rg;2.55;2023-01-10 08:33:00;8;Tuesday;1;2023
5134.0;1.0;5.0;Lower Manhattan;74.0;3.5;Bakery;Biscotti;Ginger Biscotti;3.5;2023-01-10 08:33:00;8;Tuesday;1;2023
5135.0;2.0;3.0;Astoria;48.0;2.5;Tea;Brewed Black tea;English Breakfast Rg;5.0;2023-01-10 08:33:44;8;Tuesday;1;2023
5136.0;2.0;5.0;Lower Manhattan;35.0;3.1;Coffee;Premium brewed coffee;Jamaican Coffee River Rg;6.2;2023-01-10 08:33:52;8;Tuesday;1;2023
5137.0;1.0;8.0;Hell's Kitchen;28.0;2.0;Coffee;Gourmet brewed coffee;Columbian Medium Roast Sm;2.0;2023-01-10 08:34:02;8;Tuesday;1;2023
5138.0;1.0;8.0;Hell's Kitchen;71.0;3.75;Bakery;Pastry;Chocolate Croissant;3.75;2023-01-10 08:34:05;8;Tuesday;1;2023
5139.0;1.0;5.0;Lower Manhattan;23.0;2.5;Coffee;Drip coffee;Our Old Time Diner Blend Rg;2.5;2023-01-10 08:34:15;8;Tuesday;1;2023
5140.0;1.0;3.0;Astoria;47.0;3.0;Tea;Brewed Green tea;Serenity Green Tea Lg;3.0;2023-01-10 08:34:46;8;Tuesday;1;2023
5141.0;1.0;3.0;Astoria;43.0;3.0;Tea;Brewed herbal tea;Lemon Grass Lg;3.0;2023-01-10 08:35:29;8;Tuesday;1;2023
5142.0;1.0;5.0;Lower Manhattan;30.0;3.0;Coffee;Gourmet brewed coffee;Columbian Medium Roast Lg;3.0;2023-01-10 08:37:11;8;Tuesday;1;2023
5143.0;2.0;3.0;Astoria;51.0;3.0;Tea;Brewed Black tea;Earl Grey Lg;6.0;2023-01-10 08:37:34;8;Tuesday;1;2023
5144.0;1.0;3.0;Astoria;73.0;3.75;Bakery;Pastry;Almond Croissant;3.75;2023-01-10 08:37:34;8;Tuesday;1;2023
5145.0;2.0;3.0;Astoria;36.0;3.75;Coffee;Premium brewed coffee;Jamaican Coffee River Lg;7.5;2023-01-10 08:37:56;8;Tuesday;1;2023
5146.0;2.0;3.0;Astoria;45.0;3.0;Tea;Brewed herbal tea;Peppermint Lg;6.0;2023-01-10 08:40:13;8;Tuesday;1;2023
5147.0;2.0;8.0;Hell's Kitchen;34.0;2.45;Coffee;Premium brewed coffee;Jamaican Coffee River Sm;4.9;2023-01-10 08:41:11;8;Tuesday;1;2023
5148.0;1.0;5.0;Lower Manhattan;52.0;2.5;Tea;Brewed Chai tea;Traditional Blend Chai Rg;2.5;2023-01-10 08:41:12;8;Tuesday;1;2023
5149.0;1.0;3.0;Astoria;46.0;2.5;Tea;Brewed Green tea;Serenity Green Tea Rg;2.5;2023-01-10 08:42:04;8;Tuesday;1;2023
5150.0;1.0;8.0;Hell's Kitchen;36.0;3.75;Coffee;Premium brewed coffee;Jamaican Coffee River Lg;3.75;2023-01-10 08:42:19;8;Tuesday;1;2023
5151.0;2.0;3.0;Astoria;28.0;2.0;Coffee;Gourmet brewed coffee;Columbian Medium Roast Sm;4.0;2023-01-10 08:42:56;8;Tuesday;1;2023
5152.0;2.0;5.0;Lower Manhattan;23.0;2.5;Coffee;Drip coffee;Our Old Time Diner Blend Rg;5.0;2023-01-10 08:42:58;8;Tuesday;1;2023
5153.0;1.0;3.0;Astoria;40.0;3.75;Coffee;Barista Espresso;Cappuccino;3.75;2023-01-10 08:43:23;8;Tuesday;1;2023
5154.0;1.0;3.0;Astoria;65.0;0.8;Flavours;Sugar free syrup;Sugar Free Vanilla syrup;0.8;2023-01-10 08:43:23;8;Tuesday;1;2023
5156.0;1.0;8.0;Hell's Kitchen;32.0;3.0;Coffee;Gourmet brewed coffee;Ethiopia Rg;3.0;2023-01-10 08:46:51;8;Tuesday;1;2023
5157.0;1.0;5.0;Lower Manhattan;24.0;3.0;Coffee;Drip coffee;Our Old Time Diner Blend Lg;3.0;2023-01-10 08:47:32;8;Tuesday;1;2023
5158.0;1.0;5.0;Lower Manhattan;34.0;2.45;Coffee;Premium brewed coffee;Jamaican Coffee River Sm;2.45;2023-01-10 08:47:47;8;Tuesday;1;2023
5161.0;1.0;8.0;Hell's Kitchen;55.0;4.0;Tea;Brewed Chai tea;Morning Sunrise Chai Lg;4.0;2023-01-10 08:50:06;8;Tuesday;1;2023
5162.0;1.0;3.0;Astoria;39.0;4.25;Coffee;Barista Espresso;Latte Rg;4.25;2023-01-10 08:50:53;8;Tuesday;1;2023
5163.0;1.0;3.0;Astoria;65.0;0.8;Flavours;Sugar free syrup;Sugar Free Vanilla syrup;0.8;2023-01-10 08:50:53;8;Tuesday;1;2023
5164.0;1.0;5.0;Lower Manhattan;32.0;3.0;Coffee;Gourmet brewed coffee;Ethiopia Rg;3.0;2023-01-10 08:51:16;8;Tuesday;1;2023
5165.0;2.0;3.0;Astoria;35.0;3.1;Coffee;Premium brewed coffee;Jamaican Coffee River Rg;6.2;2023-01-10 08:51:54;8;Tuesday;1;2023
5166.0;2.0;3.0;Astoria;39.0;4.25;Coffee;Barista Espresso;Latte Rg;8.5;2023-01-10 08:52:05;8;Tuesday;1;2023
5167.0;1.0;3.0;Astoria;63.0;0.8;Flavours;Regular syrup;Carmel syrup;0.8;2023-01-10 08:52:05;8;Tuesday;1;2023
5168.0;1.0;3.0;Astoria;57.0;3.1;Tea;Brewed Chai tea;Spicy Eye Opener Chai Lg;3.1;2023-01-10 08:52:37;8;Tuesday;1;2023
5169.0;1.0;3.0;Astoria;15.0;9.25;Loose Tea;Green tea;Serenity Green Tea;9.25;2023-01-10 08:52:37;8;Tuesday;1;2023
5170.0;1.0;3.0;Astoria;30.0;3.0;Coffee;Gourmet brewed coffee;Columbian Medium Roast Lg;3.0;2023-01-10 08:53:19;8;Tuesday;1;2023
5171.0;2.0;3.0;Astoria;25.0;2.2;Coffee;Organic brewed coffee;Brazilian Sm;4.4;2023-01-10 08:54:08;8;Tuesday;1;2023
5172.0;2.0;8.0;Hell's Kitchen;23.0;2.5;Coffee;Drip coffee;Our Old Time Diner Blend Rg;5.0;2023-01-10 08:54:10;8;Tuesday;1;2023
5173.0;2.0;5.0;Lower Manhattan;50.0;2.5;Tea;Brewed Black tea;Earl Grey Rg;5.0;2023-01-10 08:54:21;8;Tuesday;1;2023
5174.0;1.0;5.0;Lower Manhattan;70.0;3.25;Bakery;Scone;Cranberry Scone;3.25;2023-01-10 08:54:21;8;Tuesday;1;2023
5175.0;1.0;5.0;Lower Manhattan;9.0;22.5;Coffee beans;Organic Beans;Organic Decaf Blend;22.5;2023-01-10 08:54:21;8;Tuesday;1;2023
5176.0;1.0;8.0;Hell's Kitchen;55.0;4.0;Tea;Brewed Chai tea;Morning Sunrise Chai Lg;4.0;2023-01-10 08:56:21;8;Tuesday;1;2023
5177.0;1.0;8.0;Hell's Kitchen;54.0;2.5;Tea;Brewed Chai tea;Morning Sunrise Chai Rg;2.5;2023-01-10 08:57:15;8;Tuesday;1;2023
5178.0;1.0;8.0;Hell's Kitchen;24.0;3.0;Coffee;Drip coffee;Our Old Time Diner Blend Lg;3.0;2023-01-10 08:57:38;8;Tuesday;1;2023
5179.0;1.0;5.0;Lower Manhattan;44.0;2.5;Tea;Brewed herbal tea;Peppermint Rg;2.5;2023-01-10 09:01:19;9;Tuesday;1;2023
5180.0;1.0;5.0;Lower Manhattan;77.0;3.0;Bakery;Scone;Oatmeal Scone;3.0;2023-01-10 09:01:19;9;Tuesday;1;2023
5181.0;1.0;8.0;Hell's Kitchen;54.0;2.5;Tea;Brewed Chai tea;Morning Sunrise Chai Rg;2.5;2023-01-10 09:01:37;9;Tuesday;1;2023
5182.0;1.0;8.0;Hell's Kitchen;20.0;7.6;Packaged Chocolate;Organic Chocolate;Sustainably Grown Organic;7.6;2023-01-10 09:01:37;9;Tuesday;1;2023
5183.0;2.0;3.0;Astoria;35.0;3.1;Coffee;Premium brewed coffee;Jamaican Coffee River Rg;6.2;2023-01-10 09:02:02;9;Tuesday;1;2023
5184.0;2.0;3.0;Astoria;22.0;2.0;Coffee;Drip coffee;Our Old Time Diner Blend Sm;4.0;2023-01-10 09:02:57;9;Tuesday;1;2023
5185.0;2.0;8.0;Hell's Kitchen;29.0;2.5;Coffee;Gourmet brewed coffee;Columbian Medium Roast Rg;5.0;2023-01-10 09:02:58;9;Tuesday;1;2023
5186.0;1.0;8.0;Hell's Kitchen;69.0;3.25;Bakery;Biscotti;Hazelnut Biscotti;3.25;2023-01-10 09:02:58;9;Tuesday;1;2023
5187.0;2.0;3.0;Astoria;55.0;4.0;Tea;Brewed Chai tea;Morning Sunrise Chai Lg;8.0;2023-01-10 09:03:26;9;Tuesday;1;2023
5188.0;2.0;3.0;Astoria;45.0;3.0;Tea;Brewed herbal tea;Peppermint Lg;6.0;2023-01-10 09:03:40;9;Tuesday;1;2023
5189.0;1.0;3.0;Astoria;74.0;3.5;Bakery;Biscotti;Ginger Biscotti;3.5;2023-01-10 09:03:40;9;Tuesday;1;2023
5190.0;1.0;5.0;Lower Manhattan;47.0;3.0;Tea;Brewed Green tea;Serenity Green Tea Lg;3.0;2023-01-10 09:03:46;9;Tuesday;1;2023
5191.0;1.0;3.0;Astoria;27.0;3.5;Coffee;Organic brewed coffee;Brazilian Lg;3.5;2023-01-10 09:06:47;9;Tuesday;1;2023
5192.0;1.0;3.0;Astoria;77.0;3.0;Bakery;Scone;Oatmeal Scone;3.0;2023-01-10 09:06:47;9;Tuesday;1;2023
5193.0;2.0;3.0;Astoria;41.0;4.25;Coffee;Barista Espresso;Cappuccino Lg;8.5;2023-01-10 09:07:42;9;Tuesday;1;2023
5194.0;2.0;3.0;Astoria;64.0;0.8;Flavours;Regular syrup;Hazelnut syrup;1.6;2023-01-10 09:07:42;9;Tuesday;1;2023
5195.0;1.0;3.0;Astoria;74.0;3.5;Bakery;Biscotti;Ginger Biscotti;3.5;2023-01-10 09:07:42;9;Tuesday;1;2023
5197.0;1.0;3.0;Astoria;77.0;3.0;Bakery;Scone;Oatmeal Scone;3.0;2023-01-10 09:09:52;9;Tuesday;1;2023
5198.0;1.0;3.0;Astoria;52.0;2.5;Tea;Brewed Chai tea;Traditional Blend Chai Rg;2.5;2023-01-10 09:10:12;9;Tuesday;1;2023
5199.0;1.0;8.0;Hell's Kitchen;24.0;3.0;Coffee;Drip coffee;Our Old Time Diner Blend Lg;3.0;2023-01-10 09:10:27;9;Tuesday;1;2023
5200.0;1.0;8.0;Hell's Kitchen;87.0;3.0;Coffee;Barista Espresso;Ouro Brasileiro shot;3.0;2023-01-10 09:10:55;9;Tuesday;1;2023
5201.0;2.0;8.0;Hell's Kitchen;45.0;3.0;Tea;Brewed herbal tea;Peppermint Lg;6.0;2023-01-10 09:12:25;9;Tuesday;1;2023
5202.0;2.0;5.0;Lower Manhattan;60.0;3.75;Drinking Chocolate;Hot chocolate;Sustainably Grown Organic Rg;7.5;2023-01-10 09:14:01;9;Tuesday;1;2023
5203.0;2.0;8.0;Hell's Kitchen;32.0;3.0;Coffee;Gourmet brewed coffee;Ethiopia Rg;6.0;2023-01-10 09:14:15;9;Tuesday;1;2023
5204.0;2.0;5.0;Lower Manhattan;57.0;3.1;Tea;Brewed Chai tea;Spicy Eye Opener Chai Lg;6.2;2023-01-10 09:16:18;9;Tuesday;1;2023
5205.0;2.0;5.0;Lower Manhattan;53.0;3.0;Tea;Brewed Chai tea;Traditional Blend Chai Lg;6.0;2023-01-10 09:18:01;9;Tuesday;1;2023
5206.0;2.0;8.0;Hell's Kitchen;57.0;3.1;Tea;Brewed Chai tea;Spicy Eye Opener Chai Lg;6.2;2023-01-10 09:18:28;9;Tuesday;1;2023
5207.0;1.0;8.0;Hell's Kitchen;77.0;3.0;Bakery;Scone;Oatmeal Scone;3.0;2023-01-10 09:18:28;9;Tuesday;1;2023
5208.0;1.0;3.0;Astoria;44.0;2.5;Tea;Brewed herbal tea;Peppermint Rg;2.5;2023-01-10 09:19:43;9;Tuesday;1;2023
5209.0;2.0;3.0;Astoria;59.0;4.5;Drinking Chocolate;Hot chocolate;Dark chocolate Lg;9.0;2023-01-10 09:20:27;9;Tuesday;1;2023
5210.0;1.0;3.0;Astoria;69.0;3.25;Bakery;Biscotti;Hazelnut Biscotti;3.25;2023-01-10 09:20:27;9;Tuesday;1;2023
5211.0;2.0;5.0;Lower Manhattan;53.0;3.0;Tea;Brewed Chai tea;Traditional Blend Chai Lg;6.0;2023-01-10 09:20:43;9;Tuesday;1;2023
5212.0;1.0;5.0;Lower Manhattan;8.0;45.0;Coffee beans;Premium Beans;Civet Cat;45.0;2023-01-10 09:20:43;9;Tuesday;1;2023
5213.0;1.0;5.0;Lower Manhattan;48.0;2.5;Tea;Brewed Black tea;English Breakfast Rg;2.5;2023-01-10 09:21:03;9;Tuesday;1;2023
5214.0;1.0;5.0;Lower Manhattan;25.0;2.2;Coffee;Organic brewed coffee;Brazilian Sm;2.2;2023-01-10 09:22:57;9;Tuesday;1;2023
5215.0;1.0;5.0;Lower Manhattan;73.0;3.75;Bakery;Pastry;Almond Croissant;3.75;2023-01-10 09:22:57;9;Tuesday;1;2023
5216.0;1.0;8.0;Hell's Kitchen;30.0;3.0;Coffee;Gourmet brewed coffee;Columbian Medium Roast Lg;3.0;2023-01-10 09:24:21;9;Tuesday;1;2023
5217.0;2.0;3.0;Astoria;43.0;3.0;Tea;Brewed herbal tea;Lemon Grass Lg;6.0;2023-01-10 09:29:10;9;Tuesday;1;2023
5218.0;2.0;5.0;Lower Manhattan;38.0;3.75;Coffee;Barista Espresso;Latte;7.5;2023-01-10 09:30:16;9;Tuesday;1;2023
5219.0;1.0;5.0;Lower Manhattan;65.0;0.8;Flavours;Sugar free syrup;Sugar Free Vanilla syrup;0.8;2023-01-10 09:30:16;9;Tuesday;1;2023
5220.0;1.0;5.0;Lower Manhattan;16.0;8.95;Loose Tea;Chai tea;Traditional Blend Chai;8.95;2023-01-10 09:30:16;9;Tuesday;1;2023
5221.0;2.0;3.0;Astoria;53.0;3.0;Tea;Brewed Chai tea;Traditional Blend Chai Lg;6.0;2023-01-10 09:30:27;9;Tuesday;1;2023
5222.0;1.0;8.0;Hell's Kitchen;47.0;3.0;Tea;Brewed Green tea;Serenity Green Tea Lg;3.0;2023-01-10 09:31:55;9;Tuesday;1;2023
5223.0;1.0;3.0;Astoria;46.0;2.5;Tea;Brewed Green tea;Serenity Green Tea Rg;2.5;2023-01-10 09:33:40;9;Tuesday;1;2023
5224.0;2.0;5.0;Lower Manhattan;42.0;2.5;Tea;Brewed herbal tea;Lemon Grass Rg;5.0;2023-01-10 09:34:18;9;Tuesday;1;2023
5225.0;2.0;5.0;Lower Manhattan;46.0;2.5;Tea;Brewed Green tea;Serenity Green Tea Rg;5.0;2023-01-10 09:34:49;9;Tuesday;1;2023
5226.0;1.0;5.0;Lower Manhattan;52.0;2.5;Tea;Brewed Chai tea;Traditional Blend Chai Rg;2.5;2023-01-10 09:35:34;9;Tuesday;1;2023
5227.0;1.0;3.0;Astoria;59.0;4.5;Drinking Chocolate;Hot chocolate;Dark chocolate Lg;4.5;2023-01-10 09:35:45;9;Tuesday;1;2023
5228.0;2.0;5.0;Lower Manhattan;57.0;3.1;Tea;Brewed Chai tea;Spicy Eye Opener Chai Lg;6.2;2023-01-10 09:36:10;9;Tuesday;1;2023
5229.0;1.0;5.0;Lower Manhattan;76.0;3.5;Bakery;Biscotti;Chocolate Chip Biscotti;3.5;2023-01-10 09:36:10;9;Tuesday;1;2023
5230.0;1.0;3.0;Astoria;57.0;3.1;Tea;Brewed Chai tea;Spicy Eye Opener Chai Lg;3.1;2023-01-10 09:36:43;9;Tuesday;1;2023
5231.0;1.0;3.0;Astoria;22.0;2.0;Coffee;Drip coffee;Our Old Time Diner Blend Sm;2.0;2023-01-10 09:36:46;9;Tuesday;1;2023
5232.0;1.0;3.0;Astoria;41.0;4.25;Coffee;Barista Espresso;Cappuccino Lg;4.25;2023-01-10 09:36:54;9;Tuesday;1;2023
5233.0;2.0;3.0;Astoria;63.0;0.8;Flavours;Regular syrup;Carmel syrup;1.6;2023-01-10 09:36:54;9;Tuesday;1;2023
5234.0;2.0;3.0;Astoria;46.0;2.5;Tea;Brewed Green tea;Serenity Green Tea Rg;5.0;2023-01-10 09:37:06;9;Tuesday;1;2023
5235.0;1.0;3.0;Astoria;71.0;3.75;Bakery;Pastry;Chocolate Croissant;3.75;2023-01-10 09:37:06;9;Tuesday;1;2023
5236.0;1.0;5.0;Lower Manhattan;38.0;3.75;Coffee;Barista Espresso;Latte;3.75;2023-01-10 09:38:29;9;Tuesday;1;2023
5237.0;2.0;5.0;Lower Manhattan;63.0;0.8;Flavours;Regular syrup;Carmel syrup;1.6;2023-01-10 09:38:29;9;Tuesday;1;2023
5238.0;1.0;8.0;Hell's Kitchen;23.0;2.5;Coffee;Drip coffee;Our Old Time Diner Blend Rg;2.5;2023-01-10 09:39:05;9;Tuesday;1;2023
5239.0;1.0;3.0;Astoria;26.0;3.0;Coffee;Organic brewed coffee;Brazilian Rg;3.0;2023-01-10 09:40:02;9;Tuesday;1;2023
5240.0;2.0;3.0;Astoria;29.0;2.5;Coffee;Gourmet brewed coffee;Columbian Medium Roast Rg;5.0;2023-01-10 09:41:10;9;Tuesday;1;2023
5241.0;1.0;3.0;Astoria;76.0;3.5;Bakery;Biscotti;Chocolate Chip Biscotti;3.5;2023-01-10 09:41:10;9;Tuesday;1;2023
5242.0;1.0;5.0;Lower Manhattan;58.0;3.5;Drinking Chocolate;Hot chocolate;Dark chocolate Rg;3.5;2023-01-10 09:41:23;9;Tuesday;1;2023
5243.0;2.0;8.0;Hell's Kitchen;43.0;3.0;Tea;Brewed herbal tea;Lemon Grass Lg;6.0;2023-01-10 09:42:32;9;Tuesday;1;2023
5244.0;1.0;5.0;Lower Manhattan;27.0;3.5;Coffee;Organic brewed coffee;Brazilian Lg;3.5;2023-01-10 09:43:49;9;Tuesday;1;2023
5245.0;1.0;5.0;Lower Manhattan;75.0;3.5;Bakery;Pastry;Croissant;3.5;2023-01-10 09:43:49;9;Tuesday;1;2023
5246.0;2.0;3.0;Astoria;50.0;2.5;Tea;Brewed Black tea;Earl Grey Rg;5.0;2023-01-10 09:44:24;9;Tuesday;1;2023
5247.0;1.0;3.0;Astoria;75.0;3.5;Bakery;Pastry;Croissant;3.5;2023-01-10 09:44:24;9;Tuesday;1;2023
5248.0;2.0;3.0;Astoria;44.0;2.5;Tea;Brewed herbal tea;Peppermint Rg;5.0;2023-01-10 09:44:32;9;Tuesday;1;2023
5249.0;1.0;5.0;Lower Manhattan;58.0;3.5;Drinking Chocolate;Hot chocolate;Dark chocolate Rg;3.5;2023-01-10 09:44:51;9;Tuesday;1;2023
5250.0;1.0;5.0;Lower Manhattan;14.0;8.95;Loose Tea;Black tea;Earl Grey;8.95;2023-01-10 09:44:51;9;Tuesday;1;2023
5251.0;2.0;3.0;Astoria;46.0;2.5;Tea;Brewed Green tea;Serenity Green Tea Rg;5.0;2023-01-10 09:45:13;9;Tuesday;1;2023
5252.0;1.0;3.0;Astoria;57.0;3.1;Tea;Brewed Chai tea;Spicy Eye Opener Chai Lg;3.1;2023-01-10 09:45:23;9;Tuesday;1;2023
5253.0;1.0;8.0;Hell's Kitchen;46.0;2.5;Tea;Brewed Green tea;Serenity Green Tea Rg;2.5;2023-01-10 09:45:23;9;Tuesday;1;2023
5254.0;2.0;5.0;Lower Manhattan;34.0;2.45;Coffee;Premium brewed coffee;Jamaican Coffee River Sm;4.9;2023-01-10 09:47:09;9;Tuesday;1;2023
5255.0;1.0;3.0;Astoria;42.0;2.5;Tea;Brewed herbal tea;Lemon Grass Rg;2.5;2023-01-10 09:47:29;9;Tuesday;1;2023
5256.0;2.0;3.0;Astoria;39.0;4.25;Coffee;Barista Espresso;Latte Rg;8.5;2023-01-10 09:49:09;9;Tuesday;1;2023
5257.0;2.0;3.0;Astoria;65.0;0.8;Flavours;Sugar free syrup;Sugar Free Vanilla syrup;1.6;2023-01-10 09:49:09;9;Tuesday;1;2023
5258.0;2.0;3.0;Astoria;23.0;2.5;Coffee;Drip coffee;Our Old Time Diner Blend Rg;5.0;2023-01-10 09:49:21;9;Tuesday;1;2023
5259.0;1.0;5.0;Lower Manhattan;55.0;4.0;Tea;Brewed Chai tea;Morning Sunrise Chai Lg;4.0;2023-01-10 09:50:11;9;Tuesday;1;2023
5260.0;2.0;5.0;Lower Manhattan;47.0;3.0;Tea;Brewed Green tea;Serenity Green Tea Lg;6.0;2023-01-10 09:51:58;9;Tuesday;1;2023
5261.0;2.0;3.0;Astoria;50.0;2.5;Tea;Brewed Black tea;Earl Grey Rg;5.0;2023-01-10 09:53:49;9;Tuesday;1;2023
5262.0;2.0;8.0;Hell's Kitchen;46.0;2.5;Tea;Brewed Green tea;Serenity Green Tea Rg;5.0;2023-01-10 09:55:13;9;Tuesday;1;2023
5265.0;1.0;3.0;Astoria;22.0;2.0;Coffee;Drip coffee;Our Old Time Diner Blend Sm;2.0;2023-01-10 09:58:23;9;Tuesday;1;2023
5266.0;2.0;5.0;Lower Manhattan;51.0;3.0;Tea;Brewed Black tea;Earl Grey Lg;6.0;2023-01-10 09:58:46;9;Tuesday;1;2023
5267.0;1.0;3.0;Astoria;29.0;2.5;Coffee;Gourmet brewed coffee;Columbian Medium Roast Rg;2.5;2023-01-10 10:00:26;10;Tuesday;1;2023
5268.0;2.0;5.0;Lower Manhattan;36.0;3.75;Coffee;Premium brewed coffee;Jamaican Coffee River Lg;7.5;2023-01-10 10:00:37;10;Tuesday;1;2023
5269.0;1.0;3.0;Astoria;29.0;2.5;Coffee;Gourmet brewed coffee;Columbian Medium Roast Rg;2.5;2023-01-10 10:00:50;10;Tuesday;1;2023
5270.0;1.0;3.0;Astoria;69.0;3.25;Bakery;Biscotti;Hazelnut Biscotti;3.25;2023-01-10 10:00:50;10;Tuesday;1;2023
5271.0;2.0;5.0;Lower Manhattan;46.0;2.5;Tea;Brewed Green tea;Serenity Green Tea Rg;5.0;2023-01-10 10:01:28;10;Tuesday;1;2023
5272.0;1.0;5.0;Lower Manhattan;22.0;2.0;Coffee;Drip coffee;Our Old Time Diner Blend Sm;2.0;2023-01-10 10:02:22;10;Tuesday;1;2023
5273.0;1.0;5.0;Lower Manhattan;72.0;3.25;Bakery;Scone;Ginger Scone;3.25;2023-01-10 10:02:22;10;Tuesday;1;2023
5274.0;1.0;3.0;Astoria;36.0;3.75;Coffee;Premium brewed coffee;Jamaican Coffee River Lg;3.75;2023-01-10 10:02:39;10;Tuesday;1;2023
5275.0;2.0;8.0;Hell's Kitchen;35.0;3.1;Coffee;Premium brewed coffee;Jamaican Coffee River Rg;6.2;2023-01-10 10:02:43;10;Tuesday;1;2023
5276.0;2.0;5.0;Lower Manhattan;43.0;3.0;Tea;Brewed herbal tea;Lemon Grass Lg;6.0;2023-01-10 10:05:30;10;Tuesday;1;2023
5277.0;1.0;5.0;Lower Manhattan;71.0;3.75;Bakery;Pastry;Chocolate Croissant;3.75;2023-01-10 10:05:30;10;Tuesday;1;2023
5278.0;2.0;5.0;Lower Manhattan;35.0;3.1;Coffee;Premium brewed coffee;Jamaican Coffee River Rg;6.2;2023-01-10 10:05:44;10;Tuesday;1;2023
5280.0;2.0;5.0;Lower Manhattan;39.0;4.25;Coffee;Barista Espresso;Latte Rg;8.5;2023-01-10 10:06:27;10;Tuesday;1;2023
5281.0;1.0;5.0;Lower Manhattan;63.0;0.8;Flavours;Regular syrup;Carmel syrup;0.8;2023-01-10 10:06:27;10;Tuesday;1;2023
5282.0;1.0;8.0;Hell's Kitchen;40.0;3.75;Coffee;Barista Espresso;Cappuccino;3.75;2023-01-10 10:07:03;10;Tuesday;1;2023
5283.0;1.0;8.0;Hell's Kitchen;65.0;0.8;Flavours;Sugar free syrup;Sugar Free Vanilla syrup;0.8;2023-01-10 10:07:03;10;Tuesday;1;2023
5284.0;2.0;3.0;Astoria;53.0;3.0;Tea;Brewed Chai tea;Traditional Blend Chai Lg;6.0;2023-01-10 10:09:05;10;Tuesday;1;2023
5285.0;1.0;3.0;Astoria;70.0;3.25;Bakery;Scone;Cranberry Scone;3.25;2023-01-10 10:09:05;10;Tuesday;1;2023
5286.0;1.0;5.0;Lower Manhattan;33.0;3.5;Coffee;Gourmet brewed coffee;Ethiopia Lg;3.5;2023-01-10 10:09:38;10;Tuesday;1;2023
5287.0;1.0;5.0;Lower Manhattan;75.0;3.5;Bakery;Pastry;Croissant;3.5;2023-01-10 10:09:38;10;Tuesday;1;2023
5288.0;1.0;5.0;Lower Manhattan;50.0;2.5;Tea;Brewed Black tea;Earl Grey Rg;2.5;2023-01-10 10:09:53;10;Tuesday;1;2023
5289.0;1.0;3.0;Astoria;54.0;2.5;Tea;Brewed Chai tea;Morning Sunrise Chai Rg;2.5;2023-01-10 10:11:11;10;Tuesday;1;2023
5290.0;1.0;8.0;Hell's Kitchen;71.0;3.75;Bakery;Pastry;Chocolate Croissant;3.75;2023-01-10 10:12:55;10;Tuesday;1;2023
5291.0;1.0;5.0;Lower Manhattan;35.0;3.1;Coffee;Premium brewed coffee;Jamaican Coffee River Rg;3.1;2023-01-10 10:13:51;10;Tuesday;1;2023
5292.0;1.0;5.0;Lower Manhattan;34.0;2.45;Coffee;Premium brewed coffee;Jamaican Coffee River Sm;2.45;2023-01-10 10:14:08;10;Tuesday;1;2023
5293.0;1.0;3.0;Astoria;33.0;3.5;Coffee;Gourmet brewed coffee;Ethiopia Lg;3.5;2023-01-10 10:17:18;10;Tuesday;1;2023
5294.0;1.0;3.0;Astoria;30.0;3.0;Coffee;Gourmet brewed coffee;Columbian Medium Roast Lg;3.0;2023-01-10 10:18:05;10;Tuesday;1;2023
5295.0;2.0;3.0;Astoria;52.0;2.5;Tea;Brewed Chai tea;Traditional Blend Chai Rg;5.0;2023-01-10 10:18:16;10;Tuesday;1;2023
5296.0;2.0;5.0;Lower Manhattan;59.0;4.5;Drinking Chocolate;Hot chocolate;Dark chocolate Lg;9.0;2023-01-10 10:20:39;10;Tuesday;1;2023
5297.0;2.0;5.0;Lower Manhattan;36.0;3.75;Coffee;Premium brewed coffee;Jamaican Coffee River Lg;7.5;2023-01-10 10:21:47;10;Tuesday;1;2023
5298.0;1.0;8.0;Hell's Kitchen;27.0;3.5;Coffee;Organic brewed coffee;Brazilian Lg;3.5;2023-01-10 10:22:37;10;Tuesday;1;2023
5299.0;2.0;3.0;Astoria;24.0;3.0;Coffee;Drip coffee;Our Old Time Diner Blend Lg;6.0;2023-01-10 10:22:41;10;Tuesday;1;2023
5300.0;1.0;8.0;Hell's Kitchen;22.0;2.0;Coffee;Drip coffee;Our Old Time Diner Blend Sm;2.0;2023-01-10 10:23:19;10;Tuesday;1;2023
5301.0;2.0;3.0;Astoria;56.0;2.55;Tea;Brewed Chai tea;Spicy Eye Opener Chai Rg;5.1;2023-01-10 10:24:43;10;Tuesday;1;2023
5302.0;2.0;8.0;Hell's Kitchen;25.0;2.2;Coffee;Organic brewed coffee;Brazilian Sm;4.4;2023-01-10 10:25:29;10;Tuesday;1;2023
5303.0;2.0;8.0;Hell's Kitchen;41.0;4.25;Coffee;Barista Espresso;Cappuccino Lg;8.5;2023-01-10 10:25:42;10;Tuesday;1;2023
5304.0;1.0;8.0;Hell's Kitchen;65.0;0.8;Flavours;Sugar free syrup;Sugar Free Vanilla syrup;0.8;2023-01-10 10:25:42;10;Tuesday;1;2023
5305.0;2.0;8.0;Hell's Kitchen;44.0;2.5;Tea;Brewed herbal tea;Peppermint Rg;5.0;2023-01-10 10:26:19;10;Tuesday;1;2023
5306.0;2.0;3.0;Astoria;45.0;3.0;Tea;Brewed herbal tea;Peppermint Lg;6.0;2023-01-10 10:27:23;10;Tuesday;1;2023
5307.0;1.0;5.0;Lower Manhattan;35.0;3.1;Coffee;Premium brewed coffee;Jamaican Coffee River Rg;3.1;2023-01-10 10:28:19;10;Tuesday;1;2023
5309.0;1.0;5.0;Lower Manhattan;77.0;3.0;Bakery;Scone;Oatmeal Scone;3.0;2023-01-10 10:28:49;10;Tuesday;1;2023
5310.0;2.0;8.0;Hell's Kitchen;32.0;3.0;Coffee;Gourmet brewed coffee;Ethiopia Rg;6.0;2023-01-10 10:30:01;10;Tuesday;1;2023
5311.0;2.0;3.0;Astoria;29.0;2.5;Coffee;Gourmet brewed coffee;Columbian Medium Roast Rg;5.0;2023-01-10 10:30:28;10;Tuesday;1;2023
5312.0;1.0;5.0;Lower Manhattan;50.0;2.5;Tea;Brewed Black tea;Earl Grey Rg;2.5;2023-01-10 10:32:57;10;Tuesday;1;2023
5313.0;1.0;8.0;Hell's Kitchen;30.0;3.0;Coffee;Gourmet brewed coffee;Columbian Medium Roast Lg;3.0;2023-01-10 10:34:40;10;Tuesday;1;2023
5314.0;2.0;5.0;Lower Manhattan;29.0;2.5;Coffee;Gourmet brewed coffee;Columbian Medium Roast Rg;5.0;2023-01-10 10:35:59;10;Tuesday;1;2023
5315.0;2.0;8.0;Hell's Kitchen;59.0;4.5;Drinking Chocolate;Hot chocolate;Dark chocolate Lg;9.0;2023-01-10 10:36:18;10;Tuesday;1;2023
5316.0;1.0;5.0;Lower Manhattan;33.0;3.5;Coffee;Gourmet brewed coffee;Ethiopia Lg;3.5;2023-01-10 10:36:38;10;Tuesday;1;2023
5317.0;2.0;5.0;Lower Manhattan;58.0;3.5;Drinking Chocolate;Hot chocolate;Dark chocolate Rg;7.0;2023-01-10 10:38:03;10;Tuesday;1;2023
5318.0;1.0;3.0;Astoria;31.0;2.2;Coffee;Gourmet brewed coffee;Ethiopia Sm;2.2;2023-01-10 10:38:46;10;Tuesday;1;2023
5319.0;2.0;3.0;Astoria;26.0;3.0;Coffee;Organic brewed coffee;Brazilian Rg;6.0;2023-01-10 10:39:11;10;Tuesday;1;2023
5320.0;2.0;8.0;Hell's Kitchen;40.0;3.75;Coffee;Barista Espresso;Cappuccino;7.5;2023-01-10 10:39:49;10;Tuesday;1;2023
5321.0;2.0;8.0;Hell's Kitchen;63.0;0.8;Flavours;Regular syrup;Carmel syrup;1.6;2023-01-10 10:39:49;10;Tuesday;1;2023
5322.0;1.0;8.0;Hell's Kitchen;75.0;3.5;Bakery;Pastry;Croissant;3.5;2023-01-10 10:39:49;10;Tuesday;1;2023
5323.0;2.0;8.0;Hell's Kitchen;33.0;3.5;Coffee;Gourmet brewed coffee;Ethiopia Lg;7.0;2023-01-10 10:44:10;10;Tuesday;1;2023
5324.0;1.0;8.0;Hell's Kitchen;44.0;2.5;Tea;Brewed herbal tea;Peppermint Rg;2.5;2023-01-10 10:47:03;10;Tuesday;1;2023
5325.0;1.0;3.0;Astoria;48.0;2.5;Tea;Brewed Black tea;English Breakfast Rg;2.5;2023-01-10 10:50:14;10;Tuesday;1;2023
5326.0;2.0;8.0;Hell's Kitchen;31.0;2.2;Coffee;Gourmet brewed coffee;Ethiopia Sm;4.4;2023-01-10 10:50:29;10;Tuesday;1;2023
5327.0;2.0;8.0;Hell's Kitchen;27.0;3.5;Coffee;Organic brewed coffee;Brazilian Lg;7.0;2023-01-10 10:51:27;10;Tuesday;1;2023
5328.0;1.0;3.0;Astoria;25.0;2.2;Coffee;Organic brewed coffee;Brazilian Sm;2.2;2023-01-10 10:53:46;10;Tuesday;1;2023
5329.0;1.0;3.0;Astoria;70.0;3.25;Bakery;Scone;Cranberry Scone;3.25;2023-01-10 10:53:46;10;Tuesday;1;2023
5330.0;2.0;3.0;Astoria;57.0;3.1;Tea;Brewed Chai tea;Spicy Eye Opener Chai Lg;6.2;2023-01-10 10:54:29;10;Tuesday;1;2023
5331.0;1.0;3.0;Astoria;4.0;20.45;Coffee beans;Espresso Beans;Primo Espresso Roast;20.45;2023-01-10 10:54:29;10;Tuesday;1;2023
5332.0;1.0;3.0;Astoria;71.0;3.75;Bakery;Pastry;Chocolate Croissant;3.75;2023-01-10 10:55:40;10;Tuesday;1;2023
5333.0;1.0;3.0;Astoria;55.0;4.0;Tea;Brewed Chai tea;Morning Sunrise Chai Lg;4.0;2023-01-10 10:56:21;10;Tuesday;1;2023
5334.0;1.0;3.0;Astoria;74.0;3.5;Bakery;Biscotti;Ginger Biscotti;3.5;2023-01-10 10:56:21;10;Tuesday;1;2023
5335.0;2.0;8.0;Hell's Kitchen;61.0;4.75;Drinking Chocolate;Hot chocolate;Sustainably Grown Organic Lg;9.5;2023-01-10 10:57:11;10;Tuesday;1;2023
5336.0;1.0;8.0;Hell's Kitchen;51.0;3.0;Tea;Brewed Black tea;Earl Grey Lg;3.0;2023-01-10 10:58:42;10;Tuesday;1;2023
5337.0;2.0;8.0;Hell's Kitchen;56.0;2.55;Tea;Brewed Chai tea;Spicy Eye Opener Chai Rg;5.1;2023-01-10 10:59:09;10;Tuesday;1;2023
5338.0;1.0;8.0;Hell's Kitchen;26.0;3.0;Coffee;Organic brewed coffee;Brazilian Rg;3.0;2023-01-10 10:59:43;10;Tuesday;1;2023
5340.0;2.0;8.0;Hell's Kitchen;39.0;4.25;Coffee;Barista Espresso;Latte Rg;8.5;2023-01-10 11:07:04;11;Tuesday;1;2023
5341.0;1.0;8.0;Hell's Kitchen;64.0;0.8;Flavours;Regular syrup;Hazelnut syrup;0.8;2023-01-10 11:07:04;11;Tuesday;1;2023
5342.0;2.0;8.0;Hell's Kitchen;48.0;2.5;Tea;Brewed Black tea;English Breakfast Rg;5.0;2023-01-10 11:07:48;11;Tuesday;1;2023
5343.0;1.0;8.0;Hell's Kitchen;79.0;3.75;Bakery;Scone;Jumbo Savory Scone;3.75;2023-01-10 11:07:48;11;Tuesday;1;2023
5344.0;2.0;5.0;Lower Manhattan;49.0;3.0;Tea;Brewed Black tea;English Breakfast Lg;6.0;2023-01-10 11:08:28;11;Tuesday;1;2023
5346.0;1.0;8.0;Hell's Kitchen;47.0;3.0;Tea;Brewed Green tea;Serenity Green Tea Lg;3.0;2023-01-10 11:10:45;11;Tuesday;1;2023
5347.0;2.0;8.0;Hell's Kitchen;87.0;3.0;Coffee;Barista Espresso;Ouro Brasileiro shot;6.0;2023-01-10 11:11:33;11;Tuesday;1;2023
5348.0;1.0;3.0;Astoria;42.0;2.5;Tea;Brewed herbal tea;Lemon Grass Rg;2.5;2023-01-10 11:12:31;11;Tuesday;1;2023
5349.0;2.0;5.0;Lower Manhattan;33.0;3.5;Coffee;Gourmet brewed coffee;Ethiopia Lg;7.0;2023-01-10 11:12:52;11;Tuesday;1;2023
5350.0;1.0;5.0;Lower Manhattan;75.0;3.5;Bakery;Pastry;Croissant;3.5;2023-01-10 11:12:52;11;Tuesday;1;2023
5351.0;1.0;8.0;Hell's Kitchen;26.0;3.0;Coffee;Organic brewed coffee;Brazilian Rg;3.0;2023-01-10 11:13:05;11;Tuesday;1;2023
5352.0;1.0;3.0;Astoria;22.0;2.0;Coffee;Drip coffee;Our Old Time Diner Blend Sm;2.0;2023-01-10 11:14:30;11;Tuesday;1;2023
5353.0;2.0;5.0;Lower Manhattan;22.0;2.0;Coffee;Drip coffee;Our Old Time Diner Blend Sm;4.0;2023-01-10 11:15:29;11;Tuesday;1;2023
5354.0;1.0;5.0;Lower Manhattan;53.0;3.0;Tea;Brewed Chai tea;Traditional Blend Chai Lg;3.0;2023-01-10 11:16:42;11;Tuesday;1;2023
5355.0;1.0;5.0;Lower Manhattan;77.0;3.0;Bakery;Scone;Oatmeal Scone;3.0;2023-01-10 11:16:42;11;Tuesday;1;2023
5356.0;1.0;8.0;Hell's Kitchen;54.0;2.5;Tea;Brewed Chai tea;Morning Sunrise Chai Rg;2.5;2023-01-10 11:17:03;11;Tuesday;1;2023
5357.0;1.0;8.0;Hell's Kitchen;82.0;12.0;Branded;Housewares;I Need My Bean! Diner mug;12.0;2023-01-10 11:17:03;11;Tuesday;1;2023
5358.0;1.0;8.0;Hell's Kitchen;54.0;2.5;Tea;Brewed Chai tea;Morning Sunrise Chai Rg;2.5;2023-01-10 11:19:13;11;Tuesday;1;2023
5361.0;2.0;5.0;Lower Manhattan;39.0;4.25;Coffee;Barista Espresso;Latte Rg;8.5;2023-01-10 11:20:17;11;Tuesday;1;2023
5362.0;2.0;5.0;Lower Manhattan;84.0;0.8;Flavours;Regular syrup;Chocolate syrup;1.6;2023-01-10 11:20:17;11;Tuesday;1;2023
5363.0;1.0;5.0;Lower Manhattan;51.0;3.0;Tea;Brewed Black tea;Earl Grey Lg;3.0;2023-01-10 11:20:59;11;Tuesday;1;2023
5364.0;2.0;5.0;Lower Manhattan;25.0;2.2;Coffee;Organic brewed coffee;Brazilian Sm;4.4;2023-01-10 11:22:53;11;Tuesday;1;2023
5365.0;1.0;5.0;Lower Manhattan;7.0;19.75;Coffee beans;Premium Beans;Jamacian Coffee River;19.75;2023-01-10 11:22:53;11;Tuesday;1;2023
5366.0;2.0;8.0;Hell's Kitchen;41.0;4.25;Coffee;Barista Espresso;Cappuccino Lg;8.5;2023-01-10 11:25:51;11;Tuesday;1;2023
5367.0;1.0;8.0;Hell's Kitchen;84.0;0.8;Flavours;Regular syrup;Chocolate syrup;0.8;2023-01-10 11:25:51;11;Tuesday;1;2023
5368.0;1.0;3.0;Astoria;31.0;2.2;Coffee;Gourmet brewed coffee;Ethiopia Sm;2.2;2023-01-10 11:27:39;11;Tuesday;1;2023
5369.0;2.0;8.0;Hell's Kitchen;22.0;2.0;Coffee;Drip coffee;Our Old Time Diner Blend Sm;4.0;2023-01-10 11:33:40;11;Tuesday;1;2023
5370.0;2.0;3.0;Astoria;30.0;3.0;Coffee;Gourmet brewed coffee;Columbian Medium Roast Lg;6.0;2023-01-10 11:40:41;11;Tuesday;1;2023
5371.0;1.0;5.0;Lower Manhattan;29.0;2.5;Coffee;Gourmet brewed coffee;Columbian Medium Roast Rg;2.5;2023-01-10 11:43:26;11;Tuesday;1;2023
5372.0;1.0;3.0;Astoria;23.0;2.5;Coffee;Drip coffee;Our Old Time Diner Blend Rg;2.5;2023-01-10 11:45:08;11;Tuesday;1;2023
5373.0;1.0;5.0;Lower Manhattan;23.0;2.5;Coffee;Drip coffee;Our Old Time Diner Blend Rg;2.5;2023-01-10 11:55:05;11;Tuesday;1;2023
5374.0;1.0;5.0;Lower Manhattan;27.0;3.5;Coffee;Organic brewed coffee;Brazilian Lg;3.5;2023-01-10 11:55:25;11;Tuesday;1;2023
5375.0;1.0;5.0;Lower Manhattan;82.0;12.0;Branded;Housewares;I Need My Bean! Diner mug;12.0;2023-01-10 11:55:25;11;Tuesday;1;2023
5376.0;2.0;3.0;Astoria;49.0;3.0;Tea;Brewed Black tea;English Breakfast Lg;6.0;2023-01-10 11:56:58;11;Tuesday;1;2023
5377.0;2.0;5.0;Lower Manhattan;58.0;3.5;Drinking Chocolate;Hot chocolate;Dark chocolate Rg;7.0;2023-01-10 11:57:14;11;Tuesday;1;2023
5379.0;2.0;5.0;Lower Manhattan;22.0;2.0;Coffee;Drip coffee;Our Old Time Diner Blend Sm;4.0;2023-01-10 12:02:46;12;Tuesday;1;2023
5380.0;2.0;3.0;Astoria;53.0;3.0;Tea;Brewed Chai tea;Traditional Blend Chai Lg;6.0;2023-01-10 12:06:35;12;Tuesday;1;2023
5381.0;1.0;3.0;Astoria;72.0;3.25;Bakery;Scone;Ginger Scone;3.25;2023-01-10 12:06:35;12;Tuesday;1;2023
5382.0;1.0;8.0;Hell's Kitchen;41.0;4.25;Coffee;Barista Espresso;Cappuccino Lg;4.25;2023-01-10 12:08:17;12;Tuesday;1;2023
5383.0;1.0;5.0;Lower Manhattan;36.0;3.75;Coffee;Premium brewed coffee;Jamaican Coffee River Lg;3.75;2023-01-10 12:10:18;12;Tuesday;1;2023
5384.0;2.0;8.0;Hell's Kitchen;44.0;2.5;Tea;Brewed herbal tea;Peppermint Rg;5.0;2023-01-10 12:13:44;12;Tuesday;1;2023
5385.0;1.0;3.0;Astoria;54.0;2.5;Tea;Brewed Chai tea;Morning Sunrise Chai Rg;2.5;2023-01-10 12:13:53;12;Tuesday;1;2023
5386.0;2.0;3.0;Astoria;60.0;3.75;Drinking Chocolate;Hot chocolate;Sustainably Grown Organic Rg;7.5;2023-01-10 12:14:37;12;Tuesday;1;2023
5387.0;1.0;3.0;Astoria;24.0;3.0;Coffee;Drip coffee;Our Old Time Diner Blend Lg;3.0;2023-01-10 12:19:03;12;Tuesday;1;2023
5388.0;1.0;3.0;Astoria;38.0;3.75;Coffee;Barista Espresso;Latte;3.75;2023-01-10 12:21:09;12;Tuesday;1;2023
5389.0;2.0;8.0;Hell's Kitchen;57.0;3.1;Tea;Brewed Chai tea;Spicy Eye Opener Chai Lg;6.2;2023-01-10 12:31:02;12;Tuesday;1;2023
5390.0;1.0;8.0;Hell's Kitchen;33.0;3.5;Coffee;Gourmet brewed coffee;Ethiopia Lg;3.5;2023-01-10 12:36:37;12;Tuesday;1;2023
5391.0;1.0;3.0;Astoria;22.0;2.0;Coffee;Drip coffee;Our Old Time Diner Blend Sm;2.0;2023-01-10 12:40:21;12;Tuesday;1;2023
5392.0;1.0;5.0;Lower Manhattan;32.0;3.0;Coffee;Gourmet brewed coffee;Ethiopia Rg;3.0;2023-01-10 12:45:47;12;Tuesday;1;2023
5393.0;1.0;5.0;Lower Manhattan;1.0;18.0;Coffee beans;Organic Beans;Brazilian - Organic;18.0;2023-01-10 12:45:47;12;Tuesday;1;2023
5394.0;1.0;8.0;Hell's Kitchen;55.0;4.0;Tea;Brewed Chai tea;Morning Sunrise Chai Lg;4.0;2023-01-10 12:57:28;12;Tuesday;1;2023
5395.0;2.0;5.0;Lower Manhattan;50.0;2.5;Tea;Brewed Black tea;Earl Grey Rg;5.0;2023-01-10 13:05:51;13;Tuesday;1;2023
5396.0;1.0;8.0;Hell's Kitchen;39.0;4.25;Coffee;Barista Espresso;Latte Rg;4.25;2023-01-10 13:15:28;13;Tuesday;1;2023
5397.0;2.0;8.0;Hell's Kitchen;84.0;0.8;Flavours;Regular syrup;Chocolate syrup;1.6;2023-01-10 13:15:28;13;Tuesday;1;2023
5398.0;2.0;3.0;Astoria;59.0;4.5;Drinking Chocolate;Hot chocolate;Dark chocolate Lg;9.0;2023-01-10 13:15:51;13;Tuesday;1;2023
5399.0;1.0;3.0;Astoria;76.0;3.5;Bakery;Biscotti;Chocolate Chip Biscotti;3.5;2023-01-10 13:15:51;13;Tuesday;1;2023
5400.0;1.0;3.0;Astoria;42.0;2.5;Tea;Brewed herbal tea;Lemon Grass Rg;2.5;2023-01-10 13:23:08;13;Tuesday;1;2023
5401.0;1.0;3.0;Astoria;46.0;2.5;Tea;Brewed Green tea;Serenity Green Tea Rg;2.5;2023-01-10 13:25:51;13;Tuesday;1;2023
5402.0;2.0;3.0;Astoria;50.0;2.5;Tea;Brewed Black tea;Earl Grey Rg;5.0;2023-01-10 13:34:29;13;Tuesday;1;2023
5403.0;1.0;8.0;Hell's Kitchen;37.0;3.0;Coffee;Barista Espresso;Espresso shot;3.0;2023-01-10 13:35:10;13;Tuesday;1;2023
5404.0;2.0;8.0;Hell's Kitchen;65.0;0.8;Flavours;Sugar free syrup;Sugar Free Vanilla syrup;1.6;2023-01-10 13:35:10;13;Tuesday;1;2023
5405.0;1.0;5.0;Lower Manhattan;23.0;2.5;Coffee;Drip coffee;Our Old Time Diner Blend Rg;2.5;2023-01-10 13:35:45;13;Tuesday;1;2023
5406.0;1.0;5.0;Lower Manhattan;74.0;3.5;Bakery;Biscotti;Ginger Biscotti;3.5;2023-01-10 13:35:45;13;Tuesday;1;2023
5408.0;1.0;3.0;Astoria;72.0;3.25;Bakery;Scone;Ginger Scone;3.25;2023-01-10 13:38:16;13;Tuesday;1;2023
5409.0;2.0;3.0;Astoria;25.0;2.2;Coffee;Organic brewed coffee;Brazilian Sm;4.4;2023-01-10 13:38:47;13;Tuesday;1;2023
5410.0;1.0;3.0;Astoria;73.0;3.75;Bakery;Pastry;Almond Croissant;3.75;2023-01-10 13:38:47;13;Tuesday;1;2023
5411.0;1.0;3.0;Astoria;26.0;3.0;Coffee;Organic brewed coffee;Brazilian Rg;3.0;2023-01-10 13:40:39;13;Tuesday;1;2023
5412.0;2.0;8.0;Hell's Kitchen;49.0;3.0;Tea;Brewed Black tea;English Breakfast Lg;6.0;2023-01-10 13:41:12;13;Tuesday;1;2023
5413.0;1.0;8.0;Hell's Kitchen;50.0;2.5;Tea;Brewed Black tea;Earl Grey Rg;2.5;2023-01-10 13:47:07;13;Tuesday;1;2023
5414.0;2.0;5.0;Lower Manhattan;50.0;2.5;Tea;Brewed Black tea;Earl Grey Rg;5.0;2023-01-10 13:48:07;13;Tuesday;1;2023
5416.0;2.0;5.0;Lower Manhattan;30.0;3.0;Coffee;Gourmet brewed coffee;Columbian Medium Roast Lg;6.0;2023-01-10 13:50:40;13;Tuesday;1;2023
5417.0;1.0;5.0;Lower Manhattan;76.0;3.5;Bakery;Biscotti;Chocolate Chip Biscotti;3.5;2023-01-10 13:50:40;13;Tuesday;1;2023
5418.0;2.0;8.0;Hell's Kitchen;28.0;2.0;Coffee;Gourmet brewed coffee;Columbian Medium Roast Sm;4.0;2023-01-10 13:52:54;13;Tuesday;1;2023
5419.0;1.0;8.0;Hell's Kitchen;46.0;2.5;Tea;Brewed Green tea;Serenity Green Tea Rg;2.5;2023-01-10 13:53:27;13;Tuesday;1;2023
5420.0;2.0;5.0;Lower Manhattan;54.0;2.5;Tea;Brewed Chai tea;Morning Sunrise Chai Rg;5.0;2023-01-10 13:54:16;13;Tuesday;1;2023
5421.0;1.0;5.0;Lower Manhattan;28.0;2.0;Coffee;Gourmet brewed coffee;Columbian Medium Roast Sm;2.0;2023-01-10 13:56:33;13;Tuesday;1;2023
5422.0;1.0;5.0;Lower Manhattan;73.0;3.75;Bakery;Pastry;Almond Croissant;3.75;2023-01-10 13:56:33;13;Tuesday;1;2023
5423.0;1.0;3.0;Astoria;60.0;3.75;Drinking Chocolate;Hot chocolate;Sustainably Grown Organic Rg;3.75;2023-01-10 13:58:05;13;Tuesday;1;2023
5424.0;2.0;8.0;Hell's Kitchen;58.0;3.5;Drinking Chocolate;Hot chocolate;Dark chocolate Rg;7.0;2023-01-10 14:00:07;14;Tuesday;1;2023
5425.0;2.0;5.0;Lower Manhattan;24.0;3.0;Coffee;Drip coffee;Our Old Time Diner Blend Lg;6.0;2023-01-10 14:01:04;14;Tuesday;1;2023
5426.0;2.0;8.0;Hell's Kitchen;31.0;2.2;Coffee;Gourmet brewed coffee;Ethiopia Sm;4.4;2023-01-10 14:01:33;14;Tuesday;1;2023
5427.0;1.0;8.0;Hell's Kitchen;77.0;3.0;Bakery;Scone;Oatmeal Scone;3.0;2023-01-10 14:01:33;14;Tuesday;1;2023
5429.0;2.0;8.0;Hell's Kitchen;50.0;2.5;Tea;Brewed Black tea;Earl Grey Rg;5.0;2023-01-10 14:03:04;14;Tuesday;1;2023
5430.0;1.0;8.0;Hell's Kitchen;87.0;3.0;Coffee;Barista Espresso;Ouro Brasileiro shot;3.0;2023-01-10 14:05:26;14;Tuesday;1;2023
5431.0;1.0;8.0;Hell's Kitchen;33.0;3.5;Coffee;Gourmet brewed coffee;Ethiopia Lg;3.5;2023-01-10 14:13:48;14;Tuesday;1;2023
5432.0;2.0;3.0;Astoria;22.0;2.0;Coffee;Drip coffee;Our Old Time Diner Blend Sm;4.0;2023-01-10 14:16:49;14;Tuesday;1;2023
5434.0;1.0;5.0;Lower Manhattan;79.0;3.75;Bakery;Scone;Jumbo Savory Scone;3.75;2023-01-10 14:20:22;14;Tuesday;1;2023
5435.0;2.0;3.0;Astoria;59.0;4.5;Drinking Chocolate;Hot chocolate;Dark chocolate Lg;9.0;2023-01-10 14:24:26;14;Tuesday;1;2023
5436.0;2.0;8.0;Hell's Kitchen;34.0;2.45;Coffee;Premium brewed coffee;Jamaican Coffee River Sm;4.9;2023-01-10 14:25:38;14;Tuesday;1;2023
5437.0;1.0;5.0;Lower Manhattan;58.0;3.5;Drinking Chocolate;Hot chocolate;Dark chocolate Rg;3.5;2023-01-10 14:28:10;14;Tuesday;1;2023
5438.0;1.0;8.0;Hell's Kitchen;44.0;2.5;Tea;Brewed herbal tea;Peppermint Rg;2.5;2023-01-10 14:28:11;14;Tuesday;1;2023
5439.0;2.0;3.0;Astoria;36.0;3.75;Coffee;Premium brewed coffee;Jamaican Coffee River Lg;7.5;2023-01-10 14:35:13;14;Tuesday;1;2023
5440.0;1.0;3.0;Astoria;76.0;3.5;Bakery;Biscotti;Chocolate Chip Biscotti;3.5;2023-01-10 14:35:13;14;Tuesday;1;2023
5441.0;2.0;5.0;Lower Manhattan;52.0;2.5;Tea;Brewed Chai tea;Traditional Blend Chai Rg;5.0;2023-01-10 14:35:15;14;Tuesday;1;2023
5442.0;1.0;5.0;Lower Manhattan;79.0;3.75;Bakery;Scone;Jumbo Savory Scone;3.75;2023-01-10 14:35:15;14;Tuesday;1;2023
5443.0;1.0;8.0;Hell's Kitchen;37.0;3.0;Coffee;Barista Espresso;Espresso shot;3.0;2023-01-10 14:35:28;14;Tuesday;1;2023
5444.0;2.0;8.0;Hell's Kitchen;63.0;0.8;Flavours;Regular syrup;Carmel syrup;1.6;2023-01-10 14:35:28;14;Tuesday;1;2023
5445.0;1.0;3.0;Astoria;34.0;2.45;Coffee;Premium brewed coffee;Jamaican Coffee River Sm;2.45;2023-01-10 14:36:47;14;Tuesday;1;2023
5446.0;2.0;8.0;Hell's Kitchen;41.0;4.25;Coffee;Barista Espresso;Cappuccino Lg;8.5;2023-01-10 14:37:40;14;Tuesday;1;2023
5447.0;2.0;8.0;Hell's Kitchen;65.0;0.8;Flavours;Sugar free syrup;Sugar Free Vanilla syrup;1.6;2023-01-10 14:37:40;14;Tuesday;1;2023
5448.0;1.0;5.0;Lower Manhattan;44.0;2.5;Tea;Brewed herbal tea;Peppermint Rg;2.5;2023-01-10 14:43:54;14;Tuesday;1;2023
5449.0;2.0;5.0;Lower Manhattan;25.0;2.2;Coffee;Organic brewed coffee;Brazilian Sm;4.4;2023-01-10 14:44:06;14;Tuesday;1;2023
5450.0;2.0;3.0;Astoria;27.0;3.5;Coffee;Organic brewed coffee;Brazilian Lg;7.0;2023-01-10 14:46:26;14;Tuesday;1;2023
5451.0;1.0;5.0;Lower Manhattan;28.0;2.0;Coffee;Gourmet brewed coffee;Columbian Medium Roast Sm;2.0;2023-01-10 14:48:37;14;Tuesday;1;2023
5452.0;2.0;3.0;Astoria;35.0;3.1;Coffee;Premium brewed coffee;Jamaican Coffee River Rg;6.2;2023-01-10 14:51:08;14;Tuesday;1;2023
5453.0;1.0;3.0;Astoria;82.0;12.0;Branded;Housewares;I Need My Bean! Diner mug;12.0;2023-01-10 14:51:08;14;Tuesday;1;2023
5454.0;1.0;5.0;Lower Manhattan;58.0;3.5;Drinking Chocolate;Hot chocolate;Dark chocolate Rg;3.5;2023-01-10 14:51:33;14;Tuesday;1;2023
5455.0;2.0;3.0;Astoria;24.0;3.0;Coffee;Drip coffee;Our Old Time Diner Blend Lg;6.0;2023-01-10 14:51:51;14;Tuesday;1;2023
5456.0;2.0;5.0;Lower Manhattan;30.0;3.0;Coffee;Gourmet brewed coffee;Columbian Medium Roast Lg;6.0;2023-01-10 14:52:44;14;Tuesday;1;2023
5457.0;1.0;3.0;Astoria;46.0;2.5;Tea;Brewed Green tea;Serenity Green Tea Rg;2.5;2023-01-10 14:55:20;14;Tuesday;1;2023
5458.0;2.0;5.0;Lower Manhattan;41.0;4.25;Coffee;Barista Espresso;Cappuccino Lg;8.5;2023-01-10 14:58:33;14;Tuesday;1;2023
5459.0;1.0;5.0;Lower Manhattan;65.0;0.8;Flavours;Sugar free syrup;Sugar Free Vanilla syrup;0.8;2023-01-10 14:58:33;14;Tuesday;1;2023
5460.0;1.0;5.0;Lower Manhattan;69.0;3.25;Bakery;Biscotti;Hazelnut Biscotti;3.25;2023-01-10 14:58:33;14;Tuesday;1;2023
5461.0;2.0;5.0;Lower Manhattan;24.0;3.0;Coffee;Drip coffee;Our Old Time Diner Blend Lg;6.0;2023-01-10 15:10:30;15;Tuesday;1;2023
5462.0;1.0;5.0;Lower Manhattan;70.0;3.25;Bakery;Scone;Cranberry Scone;3.25;2023-01-10 15:10:30;15;Tuesday;1;2023
5463.0;2.0;8.0;Hell's Kitchen;42.0;2.5;Tea;Brewed herbal tea;Lemon Grass Rg;5.0;2023-01-10 15:14:40;15;Tuesday;1;2023
5464.0;1.0;8.0;Hell's Kitchen;76.0;3.5;Bakery;Biscotti;Chocolate Chip Biscotti;3.5;2023-01-10 15:14:40;15;Tuesday;1;2023
5465.0;1.0;5.0;Lower Manhattan;59.0;4.5;Drinking Chocolate;Hot chocolate;Dark chocolate Lg;4.5;2023-01-10 15:15:11;15;Tuesday;1;2023
5466.0;2.0;3.0;Astoria;54.0;2.5;Tea;Brewed Chai tea;Morning Sunrise Chai Rg;5.0;2023-01-10 15:20:05;15;Tuesday;1;2023
5467.0;2.0;3.0;Astoria;40.0;3.75;Coffee;Barista Espresso;Cappuccino;7.5;2023-01-10 15:23:01;15;Tuesday;1;2023
5468.0;1.0;3.0;Astoria;64.0;0.8;Flavours;Regular syrup;Hazelnut syrup;0.8;2023-01-10 15:23:01;15;Tuesday;1;2023
5469.0;1.0;8.0;Hell's Kitchen;48.0;2.5;Tea;Brewed Black tea;English Breakfast Rg;2.5;2023-01-10 15:25:29;15;Tuesday;1;2023
5470.0;2.0;8.0;Hell's Kitchen;32.0;3.0;Coffee;Gourmet brewed coffee;Ethiopia Rg;6.0;2023-01-10 15:25:44;15;Tuesday;1;2023
5471.0;1.0;8.0;Hell's Kitchen;70.0;3.25;Bakery;Scone;Cranberry Scone;3.25;2023-01-10 15:25:44;15;Tuesday;1;2023
5472.0;2.0;5.0;Lower Manhattan;25.0;2.2;Coffee;Organic brewed coffee;Brazilian Sm;4.4;2023-01-10 15:26:02;15;Tuesday;1;2023
5473.0;1.0;5.0;Lower Manhattan;79.0;3.75;Bakery;Scone;Jumbo Savory Scone;3.75;2023-01-10 15:26:02;15;Tuesday;1;2023
5474.0;2.0;3.0;Astoria;61.0;4.75;Drinking Chocolate;Hot chocolate;Sustainably Grown Organic Lg;9.5;2023-01-10 15:27:02;15;Tuesday;1;2023
5475.0;2.0;8.0;Hell's Kitchen;54.0;2.5;Tea;Brewed Chai tea;Morning Sunrise Chai Rg;5.0;2023-01-10 15:33:07;15;Tuesday;1;2023
5476.0;1.0;8.0;Hell's Kitchen;69.0;3.25;Bakery;Biscotti;Hazelnut Biscotti;3.25;2023-01-10 15:33:07;15;Tuesday;1;2023
5477.0;2.0;5.0;Lower Manhattan;36.0;3.75;Coffee;Premium brewed coffee;Jamaican Coffee River Lg;7.5;2023-01-10 15:38:50;15;Tuesday;1;2023
5478.0;1.0;8.0;Hell's Kitchen;33.0;3.5;Coffee;Gourmet brewed coffee;Ethiopia Lg;3.5;2023-01-10 15:40:29;15;Tuesday;1;2023
5479.0;1.0;8.0;Hell's Kitchen;78.0;4.5;Bakery;Scone;Scottish Cream Scone ;4.5;2023-01-10 15:40:29;15;Tuesday;1;2023
5480.0;1.0;8.0;Hell's Kitchen;14.0;8.95;Loose Tea;Black tea;Earl Grey;8.95;2023-01-10 15:40:29;15;Tuesday;1;2023
5481.0;1.0;3.0;Astoria;25.0;2.2;Coffee;Organic brewed coffee;Brazilian Sm;2.2;2023-01-10 15:43:15;15;Tuesday;1;2023
5483.0;2.0;5.0;Lower Manhattan;30.0;3.0;Coffee;Gourmet brewed coffee;Columbian Medium Roast Lg;6.0;2023-01-10 15:54:36;15;Tuesday;1;2023
5484.0;2.0;3.0;Astoria;39.0;4.25;Coffee;Barista Espresso;Latte Rg;8.5;2023-01-10 16:08:30;16;Tuesday;1;2023
5485.0;1.0;5.0;Lower Manhattan;60.0;3.75;Drinking Chocolate;Hot chocolate;Sustainably Grown Organic Rg;3.75;2023-01-10 16:08:42;16;Tuesday;1;2023
5486.0;1.0;3.0;Astoria;42.0;2.5;Tea;Brewed herbal tea;Lemon Grass Rg;2.5;2023-01-10 16:10:18;16;Tuesday;1;2023
5487.0;2.0;5.0;Lower Manhattan;42.0;2.5;Tea;Brewed herbal tea;Lemon Grass Rg;5.0;2023-01-10 16:11:22;16;Tuesday;1;2023
5488.0;1.0;3.0;Astoria;38.0;3.75;Coffee;Barista Espresso;Latte;3.75;2023-01-10 16:19:11;16;Tuesday;1;2023
5489.0;1.0;3.0;Astoria;63.0;0.8;Flavours;Regular syrup;Carmel syrup;0.8;2023-01-10 16:19:11;16;Tuesday;1;2023
5490.0;1.0;3.0;Astoria;76.0;3.5;Bakery;Biscotti;Chocolate Chip Biscotti;3.5;2023-01-10 16:19:11;16;Tuesday;1;2023
5491.0;1.0;5.0;Lower Manhattan;58.0;3.5;Drinking Chocolate;Hot chocolate;Dark chocolate Rg;3.5;2023-01-10 16:26:35;16;Tuesday;1;2023
5492.0;2.0;5.0;Lower Manhattan;61.0;4.75;Drinking Chocolate;Hot chocolate;Sustainably Grown Organic Lg;9.5;2023-01-10 16:27:01;16;Tuesday;1;2023
5493.0;2.0;5.0;Lower Manhattan;45.0;3.0;Tea;Brewed herbal tea;Peppermint Lg;6.0;2023-01-10 16:27:06;16;Tuesday;1;2023
5494.0;2.0;8.0;Hell's Kitchen;57.0;3.1;Tea;Brewed Chai tea;Spicy Eye Opener Chai Lg;6.2;2023-01-10 16:27:55;16;Tuesday;1;2023
5496.0;1.0;5.0;Lower Manhattan;55.0;4.0;Tea;Brewed Chai tea;Morning Sunrise Chai Lg;4.0;2023-01-10 16:31:25;16;Tuesday;1;2023
5497.0;2.0;8.0;Hell's Kitchen;38.0;3.75;Coffee;Barista Espresso;Latte;7.5;2023-01-10 16:41:13;16;Tuesday;1;2023
5498.0;2.0;8.0;Hell's Kitchen;65.0;0.8;Flavours;Sugar free syrup;Sugar Free Vanilla syrup;1.6;2023-01-10 16:41:13;16;Tuesday;1;2023
5499.0;1.0;5.0;Lower Manhattan;46.0;2.5;Tea;Brewed Green tea;Serenity Green Tea Rg;2.5;2023-01-10 16:41:22;16;Tuesday;1;2023
5500.0;2.0;5.0;Lower Manhattan;32.0;3.0;Coffee;Gourmet brewed coffee;Ethiopia Rg;6.0;2023-01-10 16:41:52;16;Tuesday;1;2023
5501.0;2.0;3.0;Astoria;60.0;3.75;Drinking Chocolate;Hot chocolate;Sustainably Grown Organic Rg;7.5;2023-01-10 16:43:04;16;Tuesday;1;2023
5502.0;2.0;8.0;Hell's Kitchen;48.0;2.5;Tea;Brewed Black tea;English Breakfast Rg;5.0;2023-01-10 16:45:01;16;Tuesday;1;2023
5503.0;1.0;3.0;Astoria;22.0;2.0;Coffee;Drip coffee;Our Old Time Diner Blend Sm;2.0;2023-01-10 16:46:24;16;Tuesday;1;2023
5504.0;2.0;5.0;Lower Manhattan;23.0;2.5;Coffee;Drip coffee;Our Old Time Diner Blend Rg;5.0;2023-01-10 16:46:32;16;Tuesday;1;2023
5506.0;1.0;8.0;Hell's Kitchen;12.0;8.95;Loose Tea;Herbal tea;Peppermint;8.95;2023-01-10 16:50:43;16;Tuesday;1;2023
5507.0;2.0;5.0;Lower Manhattan;26.0;3.0;Coffee;Organic brewed coffee;Brazilian Rg;6.0;2023-01-10 16:54:35;16;Tuesday;1;2023
5508.0;2.0;5.0;Lower Manhattan;22.0;2.0;Coffee;Drip coffee;Our Old Time Diner Blend Sm;4.0;2023-01-10 16:58:45;16;Tuesday;1;2023
5509.0;1.0;5.0;Lower Manhattan;48.0;2.5;Tea;Brewed Black tea;English Breakfast Rg;2.5;2023-01-10 17:01:23;17;Tuesday;1;2023
5510.0;2.0;3.0;Astoria;56.0;2.55;Tea;Brewed Chai tea;Spicy Eye Opener Chai Rg;5.1;2023-01-10 17:06:46;17;Tuesday;1;2023
5511.0;2.0;8.0;Hell's Kitchen;26.0;3.0;Coffee;Organic brewed coffee;Brazilian Rg;6.0;2023-01-10 17:07:04;17;Tuesday;1;2023
5512.0;1.0;8.0;Hell's Kitchen;56.0;2.55;Tea;Brewed Chai tea;Spicy Eye Opener Chai Rg;2.55;2023-01-10 17:08:22;17;Tuesday;1;2023
5513.0;1.0;8.0;Hell's Kitchen;25.0;2.2;Coffee;Organic brewed coffee;Brazilian Sm;2.2;2023-01-10 17:10:11;17;Tuesday;1;2023
5514.0;2.0;8.0;Hell's Kitchen;28.0;2.0;Coffee;Gourmet brewed coffee;Columbian Medium Roast Sm;4.0;2023-01-10 17:17:41;17;Tuesday;1;2023
5515.0;2.0;3.0;Astoria;30.0;3.0;Coffee;Gourmet brewed coffee;Columbian Medium Roast Lg;6.0;2023-01-10 17:20:41;17;Tuesday;1;2023
5516.0;2.0;8.0;Hell's Kitchen;49.0;3.0;Tea;Brewed Black tea;English Breakfast Lg;6.0;2023-01-10 17:30:37;17;Tuesday;1;2023
5517.0;2.0;8.0;Hell's Kitchen;40.0;3.75;Coffee;Barista Espresso;Cappuccino;7.5;2023-01-10 17:39:18;17;Tuesday;1;2023
5518.0;2.0;8.0;Hell's Kitchen;65.0;0.8;Flavours;Sugar free syrup;Sugar Free Vanilla syrup;1.6;2023-01-10 17:39:18;17;Tuesday;1;2023
5519.0;2.0;8.0;Hell's Kitchen;51.0;3.0;Tea;Brewed Black tea;Earl Grey Lg;6.0;2023-01-10 17:42:09;17;Tuesday;1;2023
5520.0;2.0;3.0;Astoria;48.0;2.5;Tea;Brewed Black tea;English Breakfast Rg;5.0;2023-01-10 17:45:53;17;Tuesday;1;2023
5521.0;2.0;8.0;Hell's Kitchen;43.0;3.0;Tea;Brewed herbal tea;Lemon Grass Lg;6.0;2023-01-10 17:46:04;17;Tuesday;1;2023
5522.0;1.0;8.0;Hell's Kitchen;49.0;3.0;Tea;Brewed Black tea;English Breakfast Lg;3.0;2023-01-10 17:48:01;17;Tuesday;1;2023
5523.0;2.0;5.0;Lower Manhattan;33.0;3.5;Coffee;Gourmet brewed coffee;Ethiopia Lg;7.0;2023-01-10 17:54:37;17;Tuesday;1;2023
5524.0;1.0;8.0;Hell's Kitchen;55.0;4.0;Tea;Brewed Chai tea;Morning Sunrise Chai Lg;4.0;2023-01-10 17:57:37;17;Tuesday;1;2023
5525.0;2.0;5.0;Lower Manhattan;39.0;4.25;Coffee;Barista Espresso;Latte Rg;8.5;2023-01-10 18:04:25;18;Tuesday;1;2023
5526.0;2.0;5.0;Lower Manhattan;64.0;0.8;Flavours;Regular syrup;Hazelnut syrup;1.6;2023-01-10 18:04:25;18;Tuesday;1;2023
5527.0;2.0;5.0;Lower Manhattan;54.0;2.5;Tea;Brewed Chai tea;Morning Sunrise Chai Rg;5.0;2023-01-10 18:04:59;18;Tuesday;1;2023
5528.0;2.0;8.0;Hell's Kitchen;29.0;2.5;Coffee;Gourmet brewed coffee;Columbian Medium Roast Rg;5.0;2023-01-10 18:09:12;18;Tuesday;1;2023
5529.0;1.0;3.0;Astoria;37.0;3.0;Coffee;Barista Espresso;Espresso shot;3.0;2023-01-10 18:11:22;18;Tuesday;1;2023
5530.0;1.0;3.0;Astoria;64.0;0.8;Flavours;Regular syrup;Hazelnut syrup;0.8;2023-01-10 18:11:22;18;Tuesday;1;2023
5531.0;1.0;3.0;Astoria;70.0;3.25;Bakery;Scone;Cranberry Scone;3.25;2023-01-10 18:11:22;18;Tuesday;1;2023
5532.0;1.0;5.0;Lower Manhattan;38.0;3.75;Coffee;Barista Espresso;Latte;3.75;2023-01-10 18:11:23;18;Tuesday;1;2023
5533.0;1.0;5.0;Lower Manhattan;84.0;0.8;Flavours;Regular syrup;Chocolate syrup;0.8;2023-01-10 18:11:23;18;Tuesday;1;2023
5534.0;2.0;8.0;Hell's Kitchen;54.0;2.5;Tea;Brewed Chai tea;Morning Sunrise Chai Rg;5.0;2023-01-10 18:14:48;18;Tuesday;1;2023
5535.0;1.0;8.0;Hell's Kitchen;49.0;3.0;Tea;Brewed Black tea;English Breakfast Lg;3.0;2023-01-10 18:15:48;18;Tuesday;1;2023
5536.0;2.0;8.0;Hell's Kitchen;53.0;3.0;Tea;Brewed Chai tea;Traditional Blend Chai Lg;6.0;2023-01-10 18:19:08;18;Tuesday;1;2023
5537.0;2.0;8.0;Hell's Kitchen;23.0;2.5;Coffee;Drip coffee;Our Old Time Diner Blend Rg;5.0;2023-01-10 18:22:36;18;Tuesday;1;2023
5539.0;1.0;3.0;Astoria;37.0;3.0;Coffee;Barista Espresso;Espresso shot;3.0;2023-01-10 18:44:37;18;Tuesday;1;2023
5541.0;2.0;3.0;Astoria;44.0;2.5;Tea;Brewed herbal tea;Peppermint Rg;5.0;2023-01-10 18:45:21;18;Tuesday;1;2023
5542.0;1.0;8.0;Hell's Kitchen;40.0;3.75;Coffee;Barista Espresso;Cappuccino;3.75;2023-01-10 18:46:20;18;Tuesday;1;2023
5543.0;1.0;8.0;Hell's Kitchen;65.0;0.8;Flavours;Sugar free syrup;Sugar Free Vanilla syrup;0.8;2023-01-10 18:46:20;18;Tuesday;1;2023
5544.0;1.0;8.0;Hell's Kitchen;51.0;3.0;Tea;Brewed Black tea;Earl Grey Lg;3.0;2023-01-10 18:49:59;18;Tuesday;1;2023
5545.0;2.0;3.0;Astoria;30.0;3.0;Coffee;Gourmet brewed coffee;Columbian Medium Roast Lg;6.0;2023-01-10 18:51:21;18;Tuesday;1;2023
5546.0;1.0;3.0;Astoria;;10.95;Loose Tea;Chai tea;Spicy Eye Opener Chai;10.95;2023-01-10 18:51:21;18;Tuesday;1;2023
5547.0;1.0;8.0;Hell's Kitchen;49.0;3.0;Tea;Brewed Black tea;English Breakfast Lg;3.0;2023-01-10 18:51:50;18;Tuesday;1;2023
5549.0;2.0;3.0;Astoria;51.0;3.0;Tea;Brewed Black tea;Earl Grey Lg;6.0;2023-01-10 18:59:44;18;Tuesday;1;2023
5550.0;2.0;3.0;Astoria;55.0;4.0;Tea;Brewed Chai tea;Morning Sunrise Chai Lg;8.0;2023-01-10 19:00:31;19;Tuesday;1;2023
5551.0;2.0;8.0;Hell's Kitchen;87.0;3.0;Coffee;Barista Espresso;Ouro Brasileiro shot;6.0;2023-01-10 19:19:36;19;Tuesday;1;2023
5552.0;2.0;3.0;Astoria;60.0;3.75;Drinking Chocolate;Hot chocolate;Sustainably Grown Organic Rg;7.5;2023-01-10 19:28:58;19;Tuesday;1;2023
5553.0;1.0;3.0;Astoria;70.0;3.25;Bakery;Scone;Cranberry Scone;3.25;2023-01-10 19:28:58;19;Tuesday;1;2023
5554.0;1.0;8.0;Hell's Kitchen;24.0;3.0;Coffee;Drip coffee;Our Old Time Diner Blend Lg;3.0;2023-01-10 19:29:19;19;Tuesday;1;2023
5555.0;2.0;8.0;Hell's Kitchen;47.0;3.0;Tea;Brewed Green tea;Serenity Green Tea Lg;6.0;2023-01-10 19:29:25;19;Tuesday;1;2023
5556.0;2.0;3.0;Astoria;61.0;4.75;Drinking Chocolate;Hot chocolate;Sustainably Grown Organic Lg;9.5;2023-01-10 19:42:13;19;Tuesday;1;2023
5557.0;1.0;3.0;Astoria;73.0;3.75;Bakery;Pastry;Almond Croissant;3.75;2023-01-10 19:42:13;19;Tuesday;1;2023
5558.0;2.0;5.0;Lower Manhattan;53.0;3.0;Tea;Brewed Chai tea;Traditional Blend Chai Lg;6.0;2023-01-11 06:01:29;6;Wednesday;1;2023
5559.0;1.0;5.0;Lower Manhattan;78.0;4.5;Bakery;Scone;Scottish Cream Scone ;4.5;2023-01-11 06:01:29;6;Wednesday;1;2023
5560.0;1.0;5.0;Lower Manhattan;71.0;3.75;Bakery;Pastry;Chocolate Croissant;3.75;2023-01-11 06:01:35;6;Wednesday;1;2023
5561.0;1.0;5.0;Lower Manhattan;71.0;3.75;Bakery;Pastry;Chocolate Croissant;3.75;2023-01-11 06:01:35;6;Wednesday;1;2023
5562.0;1.0;5.0;Lower Manhattan;28.0;2.0;Coffee;Gourmet brewed coffee;Columbian Medium Roast Sm;2.0;2023-01-11 06:03:44;6;Wednesday;1;2023
5563.0;1.0;5.0;Lower Manhattan;40.0;3.75;Coffee;Barista Espresso;Cappuccino;3.75;2023-01-11 06:04:41;6;Wednesday;1;2023
5564.0;2.0;5.0;Lower Manhattan;84.0;0.8;Flavours;Regular syrup;Chocolate syrup;1.6;2023-01-11 06:04:41;6;Wednesday;1;2023
5565.0;1.0;5.0;Lower Manhattan;69.0;3.25;Bakery;Biscotti;Hazelnut Biscotti;3.25;2023-01-11 06:04:41;6;Wednesday;1;2023
5566.0;2.0;5.0;Lower Manhattan;60.0;3.75;Drinking Chocolate;Hot chocolate;Sustainably Grown Organic Rg;7.5;2023-01-11 06:07:14;6;Wednesday;1;2023
5567.0;1.0;5.0;Lower Manhattan;47.0;3.0;Tea;Brewed Green tea;Serenity Green Tea Lg;3.0;2023-01-11 06:07:24;6;Wednesday;1;2023
5569.0;1.0;5.0;Lower Manhattan;70.0;3.25;Bakery;Scone;Cranberry Scone;3.25;2023-01-11 06:08:45;6;Wednesday;1;2023
5570.0;2.0;5.0;Lower Manhattan;45.0;3.0;Tea;Brewed herbal tea;Peppermint Lg;6.0;2023-01-11 06:09:33;6;Wednesday;1;2023
5571.0;1.0;5.0;Lower Manhattan;2.0;18.0;Coffee beans;House blend Beans;Our Old Time Diner Blend;18.0;2023-01-11 06:09:33;6;Wednesday;1;2023
5572.0;2.0;5.0;Lower Manhattan;25.0;2.2;Coffee;Organic brewed coffee;Brazilian Sm;4.4;2023-01-11 06:11:30;6;Wednesday;1;2023
5573.0;1.0;5.0;Lower Manhattan;53.0;3.0;Tea;Brewed Chai tea;Traditional Blend Chai Lg;3.0;2023-01-11 06:17:15;6;Wednesday;1;2023
5574.0;2.0;5.0;Lower Manhattan;41.0;4.25;Coffee;Barista Espresso;Cappuccino Lg;8.5;2023-01-11 06:20:25;6;Wednesday;1;2023
5575.0;3.0;5.0;Lower Manhattan;63.0;0.8;Flavours;Regular syrup;Carmel syrup;2.4000000000000004;2023-01-11 06:20:25;6;Wednesday;1;2023
5576.0;1.0;5.0;Lower Manhattan;44.0;2.5;Tea;Brewed herbal tea;Peppermint Rg;2.5;2023-01-11 06:23:18;6;Wednesday;1;2023
5577.0;2.0;5.0;Lower Manhattan;34.0;2.45;Coffee;Premium brewed coffee;Jamaican Coffee River Sm;4.9;2023-01-11 06:26:04;6;Wednesday;1;2023
5578.0;1.0;5.0;Lower Manhattan;27.0;3.5;Coffee;Organic brewed coffee;Brazilian Lg;3.5;2023-01-11 06:28:05;6;Wednesday;1;2023
5579.0;2.0;5.0;Lower Manhattan;61.0;4.75;Drinking Chocolate;Hot chocolate;Sustainably Grown Organic Lg;9.5;2023-01-11 06:31:33;6;Wednesday;1;2023
5580.0;2.0;5.0;Lower Manhattan;60.0;3.75;Drinking Chocolate;Hot chocolate;Sustainably Grown Organic Rg;7.5;2023-01-11 06:32:47;6;Wednesday;1;2023
5581.0;2.0;5.0;Lower Manhattan;42.0;2.5;Tea;Brewed herbal tea;Lemon Grass Rg;5.0;2023-01-11 06:37:20;6;Wednesday;1;2023
5582.0;1.0;8.0;Hell's Kitchen;29.0;2.5;Coffee;Gourmet brewed coffee;Columbian Medium Roast Rg;2.5;2023-01-11 06:41:15;6;Wednesday;1;2023
5583.0;1.0;8.0;Hell's Kitchen;69.0;3.25;Bakery;Biscotti;Hazelnut Biscotti;3.25;2023-01-11 06:41:15;6;Wednesday;1;2023
5584.0;2.0;5.0;Lower Manhattan;57.0;3.1;Tea;Brewed Chai tea;Spicy Eye Opener Chai Lg;6.2;2023-01-11 06:41:51;6;Wednesday;1;2023
5585.0;1.0;5.0;Lower Manhattan;45.0;3.0;Tea;Brewed herbal tea;Peppermint Lg;3.0;2023-01-11 06:43:42;6;Wednesday;1;2023
5586.0;2.0;8.0;Hell's Kitchen;61.0;4.75;Drinking Chocolate;Hot chocolate;Sustainably Grown Organic Lg;9.5;2023-01-11 06:43:50;6;Wednesday;1;2023
5587.0;1.0;8.0;Hell's Kitchen;42.0;2.5;Tea;Brewed herbal tea;Lemon Grass Rg;2.5;2023-01-11 06:43:53;6;Wednesday;1;2023
5588.0;1.0;8.0;Hell's Kitchen;52.0;2.5;Tea;Brewed Chai tea;Traditional Blend Chai Rg;2.5;2023-01-11 06:45:24;6;Wednesday;1;2023
5589.0;2.0;8.0;Hell's Kitchen;29.0;2.5;Coffee;Gourmet brewed coffee;Columbian Medium Roast Rg;5.0;2023-01-11 06:46:40;6;Wednesday;1;2023
5590.0;1.0;8.0;Hell's Kitchen;78.0;4.5;Bakery;Scone;Scottish Cream Scone ;4.5;2023-01-11 06:46:40;6;Wednesday;1;2023
5592.0;2.0;8.0;Hell's Kitchen;64.0;0.8;Flavours;Regular syrup;Hazelnut syrup;1.6;2023-01-11 06:49:59;6;Wednesday;1;2023
5593.0;1.0;8.0;Hell's Kitchen;74.0;3.5;Bakery;Biscotti;Ginger Biscotti;3.5;2023-01-11 06:49:59;6;Wednesday;1;2023
5594.0;1.0;5.0;Lower Manhattan;24.0;3.0;Coffee;Drip coffee;Our Old Time Diner Blend Lg;3.0;2023-01-11 06:50:54;6;Wednesday;1;2023
5595.0;2.0;8.0;Hell's Kitchen;39.0;4.25;Coffee;Barista Espresso;Latte Rg;8.5;2023-01-11 06:53:39;6;Wednesday;1;2023
5596.0;1.0;8.0;Hell's Kitchen;63.0;0.8;Flavours;Regular syrup;Carmel syrup;0.8;2023-01-11 06:53:39;6;Wednesday;1;2023
5597.0;2.0;8.0;Hell's Kitchen;47.0;3.0;Tea;Brewed Green tea;Serenity Green Tea Lg;6.0;2023-01-11 06:54:29;6;Wednesday;1;2023
5598.0;1.0;8.0;Hell's Kitchen;61.0;4.75;Drinking Chocolate;Hot chocolate;Sustainably Grown Organic Lg;4.75;2023-01-11 06:56:55;6;Wednesday;1;2023
5599.0;1.0;8.0;Hell's Kitchen;30.0;3.0;Coffee;Gourmet brewed coffee;Columbian Medium Roast Lg;3.0;2023-01-11 06:57:04;6;Wednesday;1;2023
5600.0;1.0;8.0;Hell's Kitchen;69.0;3.25;Bakery;Biscotti;Hazelnut Biscotti;3.25;2023-01-11 06:57:04;6;Wednesday;1;2023
5601.0;1.0;8.0;Hell's Kitchen;17.0;9.5;Loose Tea;Chai tea;Morning Sunrise Chai;9.5;2023-01-11 06:57:04;6;Wednesday;1;2023
5602.0;2.0;8.0;Hell's Kitchen;40.0;3.75;Coffee;Barista Espresso;Cappuccino;7.5;2023-01-11 06:59:28;6;Wednesday;1;2023
5603.0;2.0;5.0;Lower Manhattan;42.0;2.5;Tea;Brewed herbal tea;Lemon Grass Rg;5.0;2023-01-11 07:03:26;7;Wednesday;1;2023
5604.0;1.0;8.0;Hell's Kitchen;39.0;4.25;Coffee;Barista Espresso;Latte Rg;4.25;2023-01-11 07:04:36;7;Wednesday;1;2023
5605.0;1.0;8.0;Hell's Kitchen;63.0;0.8;Flavours;Regular syrup;Carmel syrup;0.8;2023-01-11 07:04:36;7;Wednesday;1;2023
5606.0;1.0;3.0;Astoria;30.0;3.0;Coffee;Gourmet brewed coffee;Columbian Medium Roast Lg;3.0;2023-01-11 07:04:41;7;Wednesday;1;2023
5607.0;2.0;8.0;Hell's Kitchen;61.0;4.75;Drinking Chocolate;Hot chocolate;Sustainably Grown Organic Lg;9.5;2023-01-11 07:04:59;7;Wednesday;1;2023
5608.0;1.0;8.0;Hell's Kitchen;76.0;3.5;Bakery;Biscotti;Chocolate Chip Biscotti;3.5;2023-01-11 07:04:59;7;Wednesday;1;2023
5609.0;1.0;8.0;Hell's Kitchen;20.0;7.6;Packaged Chocolate;Organic Chocolate;Sustainably Grown Organic;7.6;2023-01-11 07:04:59;7;Wednesday;1;2023
5610.0;1.0;8.0;Hell's Kitchen;38.0;3.75;Coffee;Barista Espresso;Latte;3.75;2023-01-11 07:05:20;7;Wednesday;1;2023
5611.0;1.0;8.0;Hell's Kitchen;63.0;0.8;Flavours;Regular syrup;Carmel syrup;0.8;2023-01-11 07:05:20;7;Wednesday;1;2023
5612.0;1.0;5.0;Lower Manhattan;43.0;3.0;Tea;Brewed herbal tea;Lemon Grass Lg;3.0;2023-01-11 07:07:08;7;Wednesday;1;2023
5613.0;1.0;5.0;Lower Manhattan;74.0;3.5;Bakery;Biscotti;Ginger Biscotti;3.5;2023-01-11 07:07:08;7;Wednesday;1;2023
5614.0;2.0;5.0;Lower Manhattan;57.0;3.1;Tea;Brewed Chai tea;Spicy Eye Opener Chai Lg;6.2;2023-01-11 07:07:23;7;Wednesday;1;2023
5615.0;2.0;3.0;Astoria;32.0;3.0;Coffee;Gourmet brewed coffee;Ethiopia Rg;6.0;2023-01-11 07:09:00;7;Wednesday;1;2023
5616.0;2.0;3.0;Astoria;48.0;2.5;Tea;Brewed Black tea;English Breakfast Rg;5.0;2023-01-11 07:09:38;7;Wednesday;1;2023
5617.0;1.0;8.0;Hell's Kitchen;46.0;2.5;Tea;Brewed Green tea;Serenity Green Tea Rg;2.5;2023-01-11 07:10:31;7;Wednesday;1;2023
5618.0;1.0;8.0;Hell's Kitchen;69.0;3.25;Bakery;Biscotti;Hazelnut Biscotti;3.25;2023-01-11 07:10:31;7;Wednesday;1;2023
5619.0;1.0;8.0;Hell's Kitchen;38.0;3.75;Coffee;Barista Espresso;Latte;3.75;2023-01-11 07:13:13;7;Wednesday;1;2023
5621.0;1.0;8.0;Hell's Kitchen;69.0;3.25;Bakery;Biscotti;Hazelnut Biscotti;3.25;2023-01-11 07:13:13;7;Wednesday;1;2023
5622.0;2.0;8.0;Hell's Kitchen;33.0;3.5;Coffee;Gourmet brewed coffee;Ethiopia Lg;7.0;2023-01-11 07:15:17;7;Wednesday;1;2023
5623.0;1.0;5.0;Lower Manhattan;53.0;3.0;Tea;Brewed Chai tea;Traditional Blend Chai Lg;3.0;2023-01-11 07:15:51;7;Wednesday;1;2023
5624.0;1.0;8.0;Hell's Kitchen;29.0;2.5;Coffee;Gourmet brewed coffee;Columbian Medium Roast Rg;2.5;2023-01-11 07:17:45;7;Wednesday;1;2023
5625.0;2.0;8.0;Hell's Kitchen;47.0;3.0;Tea;Brewed Green tea;Serenity Green Tea Lg;6.0;2023-01-11 07:20:48;7;Wednesday;1;2023
5627.0;1.0;3.0;Astoria;44.0;2.5;Tea;Brewed herbal tea;Peppermint Rg;2.5;2023-01-11 07:23:20;7;Wednesday;1;2023
5628.0;1.0;3.0;Astoria;31.0;2.2;Coffee;Gourmet brewed coffee;Ethiopia Sm;2.2;2023-01-11 07:24:39;7;Wednesday;1;2023
5629.0;2.0;3.0;Astoria;38.0;3.75;Coffee;Barista Espresso;Latte;7.5;2023-01-11 07:26:15;7;Wednesday;1;2023
5630.0;1.0;8.0;Hell's Kitchen;27.0;3.5;Coffee;Organic brewed coffee;Brazilian Lg;3.5;2023-01-11 07:28:21;7;Wednesday;1;2023
5631.0;1.0;8.0;Hell's Kitchen;78.0;4.5;Bakery;Scone;Scottish Cream Scone ;4.5;2023-01-11 07:28:21;7;Wednesday;1;2023
5632.0;2.0;8.0;Hell's Kitchen;22.0;2.0;Coffee;Drip coffee;Our Old Time Diner Blend Sm;4.0;2023-01-11 07:28:29;7;Wednesday;1;2023
5633.0;1.0;8.0;Hell's Kitchen;71.0;3.75;Bakery;Pastry;Chocolate Croissant;3.75;2023-01-11 07:28:29;7;Wednesday;1;2023
5634.0;2.0;5.0;Lower Manhattan;27.0;3.5;Coffee;Organic brewed coffee;Brazilian Lg;7.0;2023-01-11 07:29:28;7;Wednesday;1;2023
5635.0;2.0;5.0;Lower Manhattan;51.0;3.0;Tea;Brewed Black tea;Earl Grey Lg;6.0;2023-01-11 07:29:59;7;Wednesday;1;2023
5636.0;1.0;8.0;Hell's Kitchen;43.0;3.0;Tea;Brewed herbal tea;Lemon Grass Lg;3.0;2023-01-11 07:32:41;7;Wednesday;1;2023
5637.0;2.0;5.0;Lower Manhattan;44.0;2.5;Tea;Brewed herbal tea;Peppermint Rg;5.0;2023-01-11 07:33:36;7;Wednesday;1;2023
5638.0;2.0;5.0;Lower Manhattan;53.0;3.0;Tea;Brewed Chai tea;Traditional Blend Chai Lg;6.0;2023-01-11 07:33:49;7;Wednesday;1;2023
5639.0;1.0;3.0;Astoria;47.0;3.0;Tea;Brewed Green tea;Serenity Green Tea Lg;3.0;2023-01-11 07:34:32;7;Wednesday;1;2023
5640.0;2.0;3.0;Astoria;48.0;2.5;Tea;Brewed Black tea;English Breakfast Rg;5.0;2023-01-11 07:36:19;7;Wednesday;1;2023
5641.0;2.0;5.0;Lower Manhattan;29.0;2.5;Coffee;Gourmet brewed coffee;Columbian Medium Roast Rg;5.0;2023-01-11 07:36:35;7;Wednesday;1;2023
5642.0;2.0;8.0;Hell's Kitchen;22.0;2.0;Coffee;Drip coffee;Our Old Time Diner Blend Sm;4.0;2023-01-11 07:37:20;7;Wednesday;1;2023
5643.0;1.0;3.0;Astoria;55.0;4.0;Tea;Brewed Chai tea;Morning Sunrise Chai Lg;4.0;2023-01-11 07:40:38;7;Wednesday;1;2023
5644.0;1.0;5.0;Lower Manhattan;35.0;3.1;Coffee;Premium brewed coffee;Jamaican Coffee River Rg;3.1;2023-01-11 07:40:52;7;Wednesday;1;2023
5645.0;1.0;8.0;Hell's Kitchen;44.0;2.5;Tea;Brewed herbal tea;Peppermint Rg;2.5;2023-01-11 07:41:04;7;Wednesday;1;2023
5646.0;1.0;8.0;Hell's Kitchen;73.0;3.75;Bakery;Pastry;Almond Croissant;3.75;2023-01-11 07:41:04;7;Wednesday;1;2023
5647.0;1.0;8.0;Hell's Kitchen;50.0;2.5;Tea;Brewed Black tea;Earl Grey Rg;2.5;2023-01-11 07:41:21;7;Wednesday;1;2023
5648.0;2.0;5.0;Lower Manhattan;42.0;2.5;Tea;Brewed herbal tea;Lemon Grass Rg;5.0;2023-01-11 07:42:42;7;Wednesday;1;2023
5649.0;1.0;3.0;Astoria;59.0;4.5;Drinking Chocolate;Hot chocolate;Dark chocolate Lg;4.5;2023-01-11 07:44:03;7;Wednesday;1;2023
5650.0;2.0;3.0;Astoria;36.0;3.75;Coffee;Premium brewed coffee;Jamaican Coffee River Lg;7.5;2023-01-11 07:44:37;7;Wednesday;1;2023
5652.0;2.0;8.0;Hell's Kitchen;46.0;2.5;Tea;Brewed Green tea;Serenity Green Tea Rg;5.0;2023-01-11 07:45:16;7;Wednesday;1;2023
5653.0;1.0;5.0;Lower Manhattan;25.0;2.2;Coffee;Organic brewed coffee;Brazilian Sm;2.2;2023-01-11 07:46:26;7;Wednesday;1;2023
5654.0;1.0;5.0;Lower Manhattan;79.0;3.75;Bakery;Scone;Jumbo Savory Scone;3.75;2023-01-11 07:46:26;7;Wednesday;1;2023
;1.0;;Astoria;61.0;4.75;Drinking Chocolate;Hot chocolate;Sustainably Grown Organic Lg;4.75;2023-01-11 07:46:34;7;Wednesday;1;2023
5656.0;2.0;3.0;Astoria;44.0;2.5;Tea;Brewed herbal tea;Peppermint Rg;5.0;2023-01-11 07:46:49;7;Wednesday;1;2023
5657.0;1.0;3.0;Astoria;56.0;2.55;Tea;Brewed Chai tea;Spicy Eye Opener Chai Rg;2.55;2023-01-11 07:48:38;7;Wednesday;1;2023
5658.0;1.0;3.0;Astoria;71.0;3.75;Bakery;Pastry;Chocolate Croissant;3.75;2023-01-11 07:48:38;7;Wednesday;1;2023
5659.0;2.0;3.0;Astoria;43.0;3.0;Tea;Brewed herbal tea;Lemon Grass Lg;6.0;2023-01-11 07:50:50;7;Wednesday;1;2023
5660.0;1.0;3.0;Astoria;76.0;3.5;Bakery;Biscotti;Chocolate Chip Biscotti;3.5;2023-01-11 07:50:50;7;Wednesday;1;2023
5661.0;2.0;5.0;Lower Manhattan;61.0;4.75;Drinking Chocolate;Hot chocolate;Sustainably Grown Organic Lg;9.5;2023-01-11 07:51:05;7;Wednesday;1;2023
5662.0;1.0;8.0;Hell's Kitchen;53.0;3.0;Tea;Brewed Chai tea;Traditional Blend Chai Lg;3.0;2023-01-11 07:52:44;7;Wednesday;1;2023
5663.0;1.0;5.0;Lower Manhattan;36.0;3.75;Coffee;Premium brewed coffee;Jamaican Coffee River Lg;3.75;2023-01-11 07:53:03;7;Wednesday;1;2023
5664.0;1.0;8.0;Hell's Kitchen;34.0;2.45;Coffee;Premium brewed coffee;Jamaican Coffee River Sm;2.45;2023-01-11 07:53:53;7;Wednesday;1;2023
5665.0;1.0;5.0;Lower Manhattan;60.0;3.75;Drinking Chocolate;Hot chocolate;Sustainably Grown Organic Rg;3.75;2023-01-11 07:54:22;7;Wednesday;1;2023
5666.0;1.0;5.0;Lower Manhattan;4.0;20.45;Coffee beans;Espresso Beans;Primo Espresso Roast;20.45;2023-01-11 07:54:22;7;Wednesday;1;2023
5667.0;1.0;5.0;Lower Manhattan;29.0;2.5;Coffee;Gourmet brewed coffee;Columbian Medium Roast Rg;2.5;2023-01-11 07:57:20;7;Wednesday;1;2023
5668.0;1.0;5.0;Lower Manhattan;72.0;3.25;Bakery;Scone;Ginger Scone;3.25;2023-01-11 07:57:20;7;Wednesday;1;2023
5669.0;1.0;3.0;Astoria;56.0;2.55;Tea;Brewed Chai tea;Spicy Eye Opener Chai Rg;2.55;2023-01-11 07:58:39;7;Wednesday;1;2023
5670.0;2.0;3.0;Astoria;31.0;2.2;Coffee;Gourmet brewed coffee;Ethiopia Sm;4.4;2023-01-11 07:59:33;7;Wednesday;1;2023
5671.0;1.0;3.0;Astoria;74.0;3.5;Bakery;Biscotti;Ginger Biscotti;3.5;2023-01-11 07:59:33;7;Wednesday;1;2023
5672.0;2.0;3.0;Astoria;61.0;4.75;Drinking Chocolate;Hot chocolate;Sustainably Grown Organic Lg;9.5;2023-01-11 08:02:35;8;Wednesday;1;2023
5674.0;1.0;5.0;Lower Manhattan;47.0;3.0;Tea;Brewed Green tea;Serenity Green Tea Lg;3.0;2023-01-11 08:05:39;8;Wednesday;1;2023
5676.0;1.0;8.0;Hell's Kitchen;61.0;4.75;Drinking Chocolate;Hot chocolate;Sustainably Grown Organic Lg;4.75;2023-01-11 08:06:30;8;Wednesday;1;2023
5677.0;1.0;8.0;Hell's Kitchen;71.0;3.75;Bakery;Pastry;Chocolate Croissant;3.75;2023-01-11 08:06:30;8;Wednesday;1;2023
5678.0;2.0;5.0;Lower Manhattan;40.0;3.75;Coffee;Barista Espresso;Cappuccino;7.5;2023-01-11 08:07:22;8;Wednesday;1;2023
5679.0;2.0;5.0;Lower Manhattan;64.0;0.8;Flavours;Regular syrup;Hazelnut syrup;1.6;2023-01-11 08:07:22;8;Wednesday;1;2023
5680.0;1.0;5.0;Lower Manhattan;45.0;3.0;Tea;Brewed herbal tea;Peppermint Lg;3.0;2023-01-11 08:09:04;8;Wednesday;1;2023
5681.0;1.0;5.0;Lower Manhattan;70.0;3.25;Bakery;Scone;Cranberry Scone;3.25;2023-01-11 08:09:04;8;Wednesday;1;2023
5682.0;1.0;8.0;Hell's Kitchen;31.0;2.2;Coffee;Gourmet brewed coffee;Ethiopia Sm;2.2;2023-01-11 08:09:25;8;Wednesday;1;2023
5683.0;1.0;3.0;Astoria;30.0;3.0;Coffee;Gourmet brewed coffee;Columbian Medium Roast Lg;3.0;2023-01-11 08:13:08;8;Wednesday;1;2023
5684.0;2.0;8.0;Hell's Kitchen;45.0;3.0;Tea;Brewed herbal tea;Peppermint Lg;6.0;2023-01-11 08:13:15;8;Wednesday;1;2023
5685.0;1.0;8.0;Hell's Kitchen;77.0;3.0;Bakery;Scone;Oatmeal Scone;3.0;2023-01-11 08:13:15;8;Wednesday;1;2023
5686.0;2.0;8.0;Hell's Kitchen;54.0;2.5;Tea;Brewed Chai tea;Morning Sunrise Chai Rg;5.0;2023-01-11 08:15:46;8;Wednesday;1;2023
5687.0;2.0;5.0;Lower Manhattan;60.0;3.75;Drinking Chocolate;Hot chocolate;Sustainably Grown Organic Rg;7.5;2023-01-11 08:17:56;8;Wednesday;1;2023
5688.0;2.0;3.0;Astoria;47.0;3.0;Tea;Brewed Green tea;Serenity Green Tea Lg;6.0;2023-01-11 08:18:37;8;Wednesday;1;2023
5689.0;1.0;3.0;Astoria;27.0;3.5;Coffee;Organic brewed coffee;Brazilian Lg;3.5;2023-01-11 08:20:16;8;Wednesday;1;2023
5690.0;1.0;3.0;Astoria;57.0;3.1;Tea;Brewed Chai tea;Spicy Eye Opener Chai Lg;3.1;2023-01-11 08:20:40;8;Wednesday;1;2023
5691.0;1.0;3.0;Astoria;73.0;3.75;Bakery;Pastry;Almond Croissant;3.75;2023-01-11 08:20:40;8;Wednesday;1;2023
5692.0;1.0;8.0;Hell's Kitchen;29.0;2.5;Coffee;Gourmet brewed coffee;Columbian Medium Roast Rg;2.5;2023-01-11 08:20:45;8;Wednesday;1;2023
5693.0;2.0;8.0;Hell's Kitchen;34.0;2.45;Coffee;Premium brewed coffee;Jamaican Coffee River Sm;4.9;2023-01-11 08:20:52;8;Wednesday;1;2023
5694.0;1.0;8.0;Hell's Kitchen;69.0;3.25;Bakery;Biscotti;Hazelnut Biscotti;3.25;2023-01-11 08:20:52;8;Wednesday;1;2023
5695.0;1.0;8.0;Hell's Kitchen;50.0;2.5;Tea;Brewed Black tea;Earl Grey Rg;2.5;2023-01-11 08:21:29;8;Wednesday;1;2023
5696.0;2.0;3.0;Astoria;35.0;3.1;Coffee;Premium brewed coffee;Jamaican Coffee River Rg;6.2;2023-01-11 08:22:31;8;Wednesday;1;2023
5697.0;1.0;5.0;Lower Manhattan;50.0;2.5;Tea;Brewed Black tea;Earl Grey Rg;2.5;2023-01-11 08:23:05;8;Wednesday;1;2023
5698.0;1.0;5.0;Lower Manhattan;27.0;3.5;Coffee;Organic brewed coffee;Brazilian Lg;3.5;2023-01-11 08:24:04;8;Wednesday;1;2023
5699.0;1.0;5.0;Lower Manhattan;71.0;3.75;Bakery;Pastry;Chocolate Croissant;3.75;2023-01-11 08:26:33;8;Wednesday;1;2023
5700.0;1.0;8.0;Hell's Kitchen;61.0;4.75;Drinking Chocolate;Hot chocolate;Sustainably Grown Organic Lg;4.75;2023-01-11 08:26:38;8;Wednesday;1;2023
5701.0;2.0;8.0;Hell's Kitchen;28.0;2.0;Coffee;Gourmet brewed coffee;Columbian Medium Roast Sm;4.0;2023-01-11 08:29:13;8;Wednesday;1;2023
5702.0;1.0;8.0;Hell's Kitchen;70.0;3.25;Bakery;Scone;Cranberry Scone;3.25;2023-01-11 08:29:13;8;Wednesday;1;2023
5703.0;2.0;8.0;Hell's Kitchen;49.0;3.0;Tea;Brewed Black tea;English Breakfast Lg;6.0;2023-01-11 08:30:22;8;Wednesday;1;2023
5704.0;1.0;8.0;Hell's Kitchen;72.0;3.25;Bakery;Scone;Ginger Scone;3.25;2023-01-11 08:30:22;8;Wednesday;1;2023
5705.0;2.0;8.0;Hell's Kitchen;38.0;3.75;Coffee;Barista Espresso;Latte;7.5;2023-01-11 08:31:04;8;Wednesday;1;2023
5706.0;2.0;8.0;Hell's Kitchen;65.0;0.8;Flavours;Sugar free syrup;Sugar Free Vanilla syrup;1.6;2023-01-11 08:31:04;8;Wednesday;1;2023
5707.0;1.0;3.0;Astoria;33.0;3.5;Coffee;Gourmet brewed coffee;Ethiopia Lg;3.5;2023-01-11 08:31:53;8;Wednesday;1;2023
5708.0;1.0;8.0;Hell's Kitchen;44.0;2.5;Tea;Brewed herbal tea;Peppermint Rg;2.5;2023-01-11 08:31:55;8;Wednesday;1;2023
5709.0;1.0;3.0;Astoria;46.0;2.5;Tea;Brewed Green tea;Serenity Green Tea Rg;2.5;2023-01-11 08:32:20;8;Wednesday;1;2023
5711.0;1.0;8.0;Hell's Kitchen;28.0;2.0;Coffee;Gourmet brewed coffee;Columbian Medium Roast Sm;2.0;2023-01-11 08:33:22;8;Wednesday;1;2023
5712.0;1.0;5.0;Lower Manhattan;60.0;3.75;Drinking Chocolate;Hot chocolate;Sustainably Grown Organic Rg;3.75;2023-01-11 08:35:05;8;Wednesday;1;2023
;1.0;;Lower Manhattan;17.0;9.5;Loose Tea;Chai tea;Morning Sunrise Chai;9.5;2023-01-11 08:35:05;8;Wednesday;1;2023
5714.0;2.0;5.0;Lower Manhattan;39.0;4.25;Coffee;Barista Espresso;Latte Rg;8.5;2023-01-11 08:35:18;8;Wednesday;1;2023
5715.0;1.0;5.0;Lower Manhattan;63.0;0.8;Flavours;Regular syrup;Carmel syrup;0.8;2023-01-11 08:35:18;8;Wednesday;1;2023
5716.0;1.0;5.0;Lower Manhattan;70.0;3.25;Bakery;Scone;Cranberry Scone;3.25;2023-01-11 08:35:18;8;Wednesday;1;2023
5717.0;2.0;3.0;Astoria;56.0;2.55;Tea;Brewed Chai tea;Spicy Eye Opener Chai Rg;5.1;2023-01-11 08:35:46;8;Wednesday;1;2023
5718.0;2.0;8.0;Hell's Kitchen;60.0;3.75;Drinking Chocolate;Hot chocolate;Sustainably Grown Organic Rg;7.5;2023-01-11 08:35:57;8;Wednesday;1;2023
5719.0;1.0;5.0;Lower Manhattan;49.0;3.0;Tea;Brewed Black tea;English Breakfast Lg;3.0;2023-01-11 08:35:59;8;Wednesday;1;2023
5720.0;1.0;3.0;Astoria;71.0;3.75;Bakery;Pastry;Chocolate Croissant;3.75;2023-01-11 08:36:47;8;Wednesday;1;2023
5721.0;1.0;3.0;Astoria;71.0;3.75;Bakery;Pastry;Chocolate Croissant;3.75;2023-01-11 08:36:47;8;Wednesday;1;2023
5722.0;2.0;5.0;Lower Manhattan;23.0;2.5;Coffee;Drip coffee;Our Old Time Diner Blend Rg;5.0;2023-01-11 08:38:07;8;Wednesday;1;2023
5723.0;1.0;5.0;Lower Manhattan;38.0;3.75;Coffee;Barista Espresso;Latte;3.75;2023-01-11 08:38:20;8;Wednesday;1;2023
5724.0;2.0;5.0;Lower Manhattan;84.0;0.8;Flavours;Regular syrup;Chocolate syrup;1.6;2023-01-11 08:38:20;8;Wednesday;1;2023
5725.0;2.0;5.0;Lower Manhattan;60.0;3.75;Drinking Chocolate;Hot chocolate;Sustainably Grown Organic Rg;7.5;2023-01-11 08:39:51;8;Wednesday;1;2023
5726.0;2.0;8.0;Hell's Kitchen;34.0;2.45;Coffee;Premium brewed coffee;Jamaican Coffee River Sm;4.9;2023-01-11 08:40:37;8;Wednesday;1;2023
5727.0;2.0;5.0;Lower Manhattan;40.0;3.75;Coffee;Barista Espresso;Cappuccino;7.5;2023-01-11 08:43:28;8;Wednesday;1;2023
5728.0;1.0;5.0;Lower Manhattan;64.0;0.8;Flavours;Regular syrup;Hazelnut syrup;0.8;2023-01-11 08:43:28;8;Wednesday;1;2023
5729.0;1.0;5.0;Lower Manhattan;31.0;2.2;Coffee;Gourmet brewed coffee;Ethiopia Sm;2.2;2023-01-11 08:44:48;8;Wednesday;1;2023
5730.0;1.0;8.0;Hell's Kitchen;50.0;2.5;Tea;Brewed Black tea;Earl Grey Rg;2.5;2023-01-11 08:46:12;8;Wednesday;1;2023
5731.0;2.0;3.0;Astoria;49.0;3.0;Tea;Brewed Black tea;English Breakfast Lg;6.0;2023-01-11 08:47:21;8;Wednesday;1;2023
5732.0;1.0;3.0;Astoria;30.0;3.0;Coffee;Gourmet brewed coffee;Columbian Medium Roast Lg;3.0;2023-01-11 08:47:43;8;Wednesday;1;2023
5733.0;1.0;;Astoria;;4.5;Bakery;Scone;Scottish Cream Scone ;4.5;2023-01-11 08:47:43;8;Wednesday;1;2023
5734.0;2.0;5.0;Lower Manhattan;49.0;3.0;Tea;Brewed Black tea;English Breakfast Lg;6.0;2023-01-11 08:47:52;8;Wednesday;1;2023
5735.0;1.0;8.0;Hell's Kitchen;44.0;2.5;Tea;Brewed herbal tea;Peppermint Rg;2.5;2023-01-11 08:48:14;8;Wednesday;1;2023
5736.0;2.0;3.0;Astoria;43.0;3.0;Tea;Brewed herbal tea;Lemon Grass Lg;6.0;2023-01-11 08:50:22;8;Wednesday;1;2023
5737.0;1.0;3.0;Astoria;73.0;3.75;Bakery;Pastry;Almond Croissant;3.75;2023-01-11 08:50:22;8;Wednesday;1;2023
5738.0;1.0;5.0;Lower Manhattan;35.0;3.1;Coffee;Premium brewed coffee;Jamaican Coffee River Rg;3.1;2023-01-11 08:52:10;8;Wednesday;1;2023
5739.0;1.0;3.0;Astoria;47.0;3.0;Tea;Brewed Green tea;Serenity Green Tea Lg;3.0;2023-01-11 08:52:14;8;Wednesday;1;2023
5740.0;2.0;8.0;Hell's Kitchen;37.0;3.0;Coffee;Barista Espresso;Espresso shot;6.0;2023-01-11 08:53:06;8;Wednesday;1;2023
5741.0;1.0;8.0;Hell's Kitchen;63.0;0.8;Flavours;Regular syrup;Carmel syrup;0.8;2023-01-11 08:53:06;8;Wednesday;1;2023
5742.0;2.0;8.0;Hell's Kitchen;35.0;3.1;Coffee;Premium brewed coffee;Jamaican Coffee River Rg;6.2;2023-01-11 08:54:00;8;Wednesday;1;2023
5743.0;1.0;8.0;Hell's Kitchen;77.0;3.0;Bakery;Scone;Oatmeal Scone;3.0;2023-01-11 08:54:00;8;Wednesday;1;2023
5744.0;1.0;8.0;Hell's Kitchen;38.0;3.75;Coffee;Barista Espresso;Latte;3.75;2023-01-11 08:54:15;8;Wednesday;1;2023
5745.0;2.0;8.0;Hell's Kitchen;84.0;0.8;Flavours;Regular syrup;Chocolate syrup;1.6;2023-01-11 08:54:15;8;Wednesday;1;2023
5746.0;1.0;8.0;Hell's Kitchen;72.0;3.25;Bakery;Scone;Ginger Scone;3.25;2023-01-11 08:54:15;8;Wednesday;1;2023
5747.0;1.0;3.0;Astoria;26.0;3.0;Coffee;Organic brewed coffee;Brazilian Rg;3.0;2023-01-11 08:55:32;8;Wednesday;1;2023
5748.0;1.0;5.0;Lower Manhattan;26.0;3.0;Coffee;Organic brewed coffee;Brazilian Rg;3.0;2023-01-11 08:57:27;8;Wednesday;1;2023
5749.0;1.0;5.0;Lower Manhattan;71.0;3.75;Bakery;Pastry;Chocolate Croissant;3.75;2023-01-11 08:57:27;8;Wednesday;1;2023
5750.0;1.0;3.0;Astoria;49.0;3.0;Tea;Brewed Black tea;English Breakfast Lg;3.0;2023-01-11 08:58:44;8;Wednesday;1;2023
5751.0;2.0;8.0;Hell's Kitchen;47.0;3.0;Tea;Brewed Green tea;Serenity Green Tea Lg;6.0;2023-01-11 09:00:30;9;Wednesday;1;2023
5752.0;2.0;3.0;Astoria;55.0;4.0;Tea;Brewed Chai tea;Morning Sunrise Chai Lg;8.0;2023-01-11 09:00:40;9;Wednesday;1;2023
5753.0;1.0;5.0;Lower Manhattan;50.0;2.5;Tea;Brewed Black tea;Earl Grey Rg;2.5;2023-01-11 09:04:04;9;Wednesday;1;2023
5754.0;1.0;8.0;Hell's Kitchen;45.0;3.0;Tea;Brewed herbal tea;Peppermint Lg;3.0;2023-01-11 09:05:37;9;Wednesday;1;2023
5755.0;1.0;8.0;Hell's Kitchen;69.0;3.25;Bakery;Biscotti;Hazelnut Biscotti;3.25;2023-01-11 09:05:37;9;Wednesday;1;2023
5756.0;2.0;8.0;Hell's Kitchen;27.0;3.5;Coffee;Organic brewed coffee;Brazilian Lg;7.0;2023-01-11 09:06:05;9;Wednesday;1;2023
5757.0;1.0;8.0;Hell's Kitchen;54.0;2.5;Tea;Brewed Chai tea;Morning Sunrise Chai Rg;2.5;2023-01-11 09:06:08;9;Wednesday;1;2023
5758.0;1.0;8.0;Hell's Kitchen;71.0;3.75;Bakery;Pastry;Chocolate Croissant;3.75;2023-01-11 09:06:08;9;Wednesday;1;2023
5759.0;1.0;5.0;Lower Manhattan;60.0;3.75;Drinking Chocolate;Hot chocolate;Sustainably Grown Organic Rg;3.75;2023-01-11 09:07:45;9;Wednesday;1;2023
5760.0;1.0;8.0;Hell's Kitchen;26.0;3.0;Coffee;Organic brewed coffee;Brazilian Rg;3.0;2023-01-11 09:07:51;9;Wednesday;1;2023
5761.0;1.0;8.0;Hell's Kitchen;74.0;3.5;Bakery;Biscotti;Ginger Biscotti;3.5;2023-01-11 09:07:51;9;Wednesday;1;2023
5763.0;2.0;3.0;Astoria;48.0;2.5;Tea;Brewed Black tea;English Breakfast Rg;5.0;2023-01-11 09:09:26;9;Wednesday;1;2023
5764.0;1.0;3.0;Astoria;77.0;3.0;Bakery;Scone;Oatmeal Scone;3.0;2023-01-11 09:09:26;9;Wednesday;1;2023
5765.0;2.0;3.0;Astoria;39.0;4.25;Coffee;Barista Espresso;Latte Rg;8.5;2023-01-11 09:10:20;9;Wednesday;1;2023
5766.0;1.0;3.0;Astoria;65.0;0.8;Flavours;Sugar free syrup;Sugar Free Vanilla syrup;0.8;2023-01-11 09:10:20;9;Wednesday;1;2023
5767.0;1.0;5.0;Lower Manhattan;54.0;2.5;Tea;Brewed Chai tea;Morning Sunrise Chai Rg;2.5;2023-01-11 09:16:17;9;Wednesday;1;2023
5768.0;1.0;8.0;Hell's Kitchen;38.0;3.75;Coffee;Barista Espresso;Latte;3.75;2023-01-11 09:17:21;9;Wednesday;1;2023
5769.0;2.0;3.0;Astoria;42.0;2.5;Tea;Brewed herbal tea;Lemon Grass Rg;5.0;2023-01-11 09:18:29;9;Wednesday;1;2023
5770.0;1.0;5.0;Lower Manhattan;58.0;3.5;Drinking Chocolate;Hot chocolate;Dark chocolate Rg;3.5;2023-01-11 09:23:51;9;Wednesday;1;2023
5771.0;2.0;3.0;Astoria;57.0;3.1;Tea;Brewed Chai tea;Spicy Eye Opener Chai Lg;6.2;2023-01-11 09:24:14;9;Wednesday;1;2023
5772.0;1.0;3.0;Astoria;60.0;3.75;Drinking Chocolate;Hot chocolate;Sustainably Grown Organic Rg;3.75;2023-01-11 09:24:56;9;Wednesday;1;2023
5773.0;2.0;8.0;Hell's Kitchen;57.0;3.1;Tea;Brewed Chai tea;Spicy Eye Opener Chai Lg;6.2;2023-01-11 09:25:29;9;Wednesday;1;2023
5774.0;1.0;3.0;Astoria;23.0;2.5;Coffee;Drip coffee;Our Old Time Diner Blend Rg;2.5;2023-01-11 09:25:33;9;Wednesday;1;2023
5776.0;1.0;3.0;Astoria;35.0;3.1;Coffee;Premium brewed coffee;Jamaican Coffee River Rg;3.1;2023-01-11 09:27:44;9;Wednesday;1;2023
5777.0;1.0;5.0;Lower Manhattan;46.0;2.5;Tea;Brewed Green tea;Serenity Green Tea Rg;2.5;2023-01-11 09:27:59;9;Wednesday;1;2023
5778.0;1.0;3.0;Astoria;24.0;3.0;Coffee;Drip coffee;Our Old Time Diner Blend Lg;3.0;2023-01-11 09:28:30;9;Wednesday;1;2023
5779.0;1.0;3.0;Astoria;75.0;3.5;Bakery;Pastry;Croissant;3.5;2023-01-11 09:28:30;9;Wednesday;1;2023
5780.0;2.0;3.0;Astoria;31.0;2.2;Coffee;Gourmet brewed coffee;Ethiopia Sm;4.4;2023-01-11 09:29:39;9;Wednesday;1;2023
5781.0;1.0;3.0;Astoria;28.0;2.0;Coffee;Gourmet brewed coffee;Columbian Medium Roast Sm;2.0;2023-01-11 09:30:27;9;Wednesday;1;2023
5782.0;1.0;5.0;Lower Manhattan;26.0;3.0;Coffee;Organic brewed coffee;Brazilian Rg;3.0;2023-01-11 09:30:37;9;Wednesday;1;2023
5783.0;2.0;5.0;Lower Manhattan;36.0;3.75;Coffee;Premium brewed coffee;Jamaican Coffee River Lg;7.5;2023-01-11 09:32:21;9;Wednesday;1;2023
5784.0;1.0;8.0;Hell's Kitchen;26.0;3.0;Coffee;Organic brewed coffee;Brazilian Rg;3.0;2023-01-11 09:32:36;9;Wednesday;1;2023
5785.0;2.0;3.0;Astoria;60.0;3.75;Drinking Chocolate;Hot chocolate;Sustainably Grown Organic Rg;7.5;2023-01-11 09:34:01;9;Wednesday;1;2023
5786.0;1.0;3.0;Astoria;27.0;3.5;Coffee;Organic brewed coffee;Brazilian Lg;3.5;2023-01-11 09:34:56;9;Wednesday;1;2023
5788.0;2.0;3.0;Astoria;33.0;3.5;Coffee;Gourmet brewed coffee;Ethiopia Lg;7.0;2023-01-11 09:35:11;9;Wednesday;1;2023
5789.0;1.0;5.0;Lower Manhattan;37.0;3.0;Coffee;Barista Espresso;Espresso shot;3.0;2023-01-11 09:36:36;9;Wednesday;1;2023
5790.0;1.0;5.0;Lower Manhattan;65.0;0.8;Flavours;Sugar free syrup;Sugar Free Vanilla syrup;0.8;2023-01-11 09:36:36;9;Wednesday;1;2023
5791.0;1.0;8.0;Hell's Kitchen;45.0;3.0;Tea;Brewed herbal tea;Peppermint Lg;3.0;2023-01-11 09:39:06;9;Wednesday;1;2023
5792.0;2.0;3.0;Astoria;50.0;2.5;Tea;Brewed Black tea;Earl Grey Rg;5.0;2023-01-11 09:39:26;9;Wednesday;1;2023
5793.0;2.0;8.0;Hell's Kitchen;53.0;3.0;Tea;Brewed Chai tea;Traditional Blend Chai Lg;6.0;2023-01-11 09:42:17;9;Wednesday;1;2023
5794.0;2.0;8.0;Hell's Kitchen;38.0;3.75;Coffee;Barista Espresso;Latte;7.5;2023-01-11 09:46:42;9;Wednesday;1;2023
5795.0;2.0;8.0;Hell's Kitchen;63.0;0.8;Flavours;Regular syrup;Carmel syrup;1.6;2023-01-11 09:46:42;9;Wednesday;1;2023
5796.0;2.0;3.0;Astoria;37.0;3.0;Coffee;Barista Espresso;Espresso shot;6.0;2023-01-11 09:47:31;9;Wednesday;1;2023
5797.0;1.0;3.0;Astoria;84.0;0.8;Flavours;Regular syrup;Chocolate syrup;0.8;2023-01-11 09:47:31;9;Wednesday;1;2023
5798.0;2.0;3.0;Astoria;39.0;4.25;Coffee;Barista Espresso;Latte Rg;8.5;2023-01-11 09:48:27;9;Wednesday;1;2023
5799.0;2.0;3.0;Astoria;84.0;0.8;Flavours;Regular syrup;Chocolate syrup;1.6;2023-01-11 09:48:27;9;Wednesday;1;2023
5800.0;1.0;3.0;Astoria;61.0;4.75;Drinking Chocolate;Hot chocolate;Sustainably Grown Organic Lg;4.75;2023-01-11 09:48:33;9;Wednesday;1;2023
5801.0;1.0;5.0;Lower Manhattan;50.0;2.5;Tea;Brewed Black tea;Earl Grey Rg;2.5;2023-01-11 09:51:57;9;Wednesday;1;2023
5802.0;1.0;8.0;Hell's Kitchen;38.0;3.75;Coffee;Barista Espresso;Latte;3.75;2023-01-11 09:52:03;9;Wednesday;1;2023
5803.0;1.0;8.0;Hell's Kitchen;63.0;0.8;Flavours;Regular syrup;Carmel syrup;0.8;2023-01-11 09:52:03;9;Wednesday;1;2023
5804.0;1.0;5.0;Lower Manhattan;58.0;3.5;Drinking Chocolate;Hot chocolate;Dark chocolate Rg;3.5;2023-01-11 09:52:51;9;Wednesday;1;2023
5806.0;1.0;5.0;Lower Manhattan;70.0;3.25;Bakery;Scone;Cranberry Scone;3.25;2023-01-11 09:54:07;9;Wednesday;1;2023
5807.0;1.0;5.0;Lower Manhattan;30.0;3.0;Coffee;Gourmet brewed coffee;Columbian Medium Roast Lg;3.0;2023-01-11 09:54:45;9;Wednesday;1;2023
5808.0;1.0;5.0;Lower Manhattan;75.0;3.5;Bakery;Pastry;Croissant;3.5;2023-01-11 09:54:45;9;Wednesday;1;2023
5809.0;2.0;5.0;Lower Manhattan;45.0;3.0;Tea;Brewed herbal tea;Peppermint Lg;6.0;2023-01-11 09:57:08;9;Wednesday;1;2023
5810.0;2.0;8.0;Hell's Kitchen;35.0;3.1;Coffee;Premium brewed coffee;Jamaican Coffee River Rg;6.2;2023-01-11 09:57:08;9;Wednesday;1;2023
5811.0;1.0;8.0;Hell's Kitchen;59.0;4.5;Drinking Chocolate;Hot chocolate;Dark chocolate Lg;4.5;2023-01-11 09:57:14;9;Wednesday;1;2023
5813.0;1.0;5.0;Lower Manhattan;45.0;3.0;Tea;Brewed herbal tea;Peppermint Lg;3.0;2023-01-11 09:58:07;9;Wednesday;1;2023
5814.0;1.0;5.0;Lower Manhattan;69.0;3.25;Bakery;Biscotti;Hazelnut Biscotti;3.25;2023-01-11 09:58:07;9;Wednesday;1;2023
5815.0;2.0;5.0;Lower Manhattan;46.0;2.5;Tea;Brewed Green tea;Serenity Green Tea Rg;5.0;2023-01-11 09:58:26;9;Wednesday;1;2023
5816.0;1.0;5.0;Lower Manhattan;72.0;3.25;Bakery;Scone;Ginger Scone;3.25;2023-01-11 09:58:26;9;Wednesday;1;2023
5817.0;1.0;3.0;Astoria;25.0;2.2;Coffee;Organic brewed coffee;Brazilian Sm;2.2;2023-01-11 09:59:20;9;Wednesday;1;2023
5818.0;1.0;3.0;Astoria;48.0;2.5;Tea;Brewed Black tea;English Breakfast Rg;2.5;2023-01-11 10:02:39;10;Wednesday;1;2023
5819.0;1.0;8.0;Hell's Kitchen;47.0;3.0;Tea;Brewed Green tea;Serenity Green Tea Lg;3.0;2023-01-11 10:02:42;10;Wednesday;1;2023
5820.0;1.0;8.0;Hell's Kitchen;78.0;4.5;Bakery;Scone;Scottish Cream Scone ;4.5;2023-01-11 10:02:42;10;Wednesday;1;2023
5821.0;2.0;3.0;Astoria;24.0;3.0;Coffee;Drip coffee;Our Old Time Diner Blend Lg;6.0;2023-01-11 10:03:08;10;Wednesday;1;2023
5822.0;1.0;3.0;Astoria;33.0;3.5;Coffee;Gourmet brewed coffee;Ethiopia Lg;3.5;2023-01-11 10:03:42;10;Wednesday;1;2023
5823.0;1.0;3.0;Astoria;26.0;3.0;Coffee;Organic brewed coffee;Brazilian Rg;3.0;2023-01-11 10:03:45;10;Wednesday;1;2023
5824.0;2.0;8.0;Hell's Kitchen;56.0;2.55;Tea;Brewed Chai tea;Spicy Eye Opener Chai Rg;5.1;2023-01-11 10:04:07;10;Wednesday;1;2023
5825.0;1.0;8.0;Hell's Kitchen;20.0;7.6;Packaged Chocolate;Organic Chocolate;Sustainably Grown Organic;7.6;2023-01-11 10:04:07;10;Wednesday;1;2023
5827.0;2.0;3.0;Astoria;23.0;2.5;Coffee;Drip coffee;Our Old Time Diner Blend Rg;5.0;2023-01-11 10:04:24;10;Wednesday;1;2023
5828.0;2.0;5.0;Lower Manhattan;60.0;3.75;Drinking Chocolate;Hot chocolate;Sustainably Grown Organic Rg;7.5;2023-01-11 10:08:46;10;Wednesday;1;2023
5829.0;2.0;3.0;Astoria;50.0;2.5;Tea;Brewed Black tea;Earl Grey Rg;5.0;2023-01-11 10:09:48;10;Wednesday;1;2023
5830.0;1.0;3.0;Astoria;71.0;3.75;Bakery;Pastry;Chocolate Croissant;3.75;2023-01-11 10:09:48;10;Wednesday;1;2023
5831.0;2.0;3.0;Astoria;36.0;3.75;Coffee;Premium brewed coffee;Jamaican Coffee River Lg;7.5;2023-01-11 10:11:50;10;Wednesday;1;2023
5833.0;2.0;3.0;Astoria;31.0;2.2;Coffee;Gourmet brewed coffee;Ethiopia Sm;4.4;2023-01-11 10:12:12;10;Wednesday;1;2023
5834.0;1.0;3.0;Astoria;83.0;14.0;Branded;Housewares;I Need My Bean! Latte cup;14.0;2023-01-11 10:12:12;10;Wednesday;1;2023
5835.0;2.0;3.0;Astoria;37.0;3.0;Coffee;Barista Espresso;Espresso shot;6.0;2023-01-11 10:16:19;10;Wednesday;1;2023
5836.0;2.0;3.0;Astoria;64.0;0.8;Flavours;Regular syrup;Hazelnut syrup;1.6;2023-01-11 10:16:19;10;Wednesday;1;2023
5837.0;2.0;3.0;Astoria;57.0;3.1;Tea;Brewed Chai tea;Spicy Eye Opener Chai Lg;6.2;2023-01-11 10:16:48;10;Wednesday;1;2023
5838.0;1.0;3.0;Astoria;24.0;3.0;Coffee;Drip coffee;Our Old Time Diner Blend Lg;3.0;2023-01-11 10:17:55;10;Wednesday;1;2023
5839.0;1.0;8.0;Hell's Kitchen;23.0;2.5;Coffee;Drip coffee;Our Old Time Diner Blend Rg;2.5;2023-01-11 10:18:03;10;Wednesday;1;2023
5840.0;2.0;3.0;Astoria;38.0;3.75;Coffee;Barista Espresso;Latte;7.5;2023-01-11 10:18:37;10;Wednesday;1;2023
5841.0;1.0;3.0;Astoria;17.0;9.5;Loose Tea;Chai tea;Morning Sunrise Chai;9.5;2023-01-11 10:18:37;10;Wednesday;1;2023
5842.0;1.0;8.0;Hell's Kitchen;36.0;3.75;Coffee;Premium brewed coffee;Jamaican Coffee River Lg;3.75;2023-01-11 10:19:07;10;Wednesday;1;2023
5843.0;1.0;8.0;Hell's Kitchen;59.0;4.5;Drinking Chocolate;Hot chocolate;Dark chocolate Lg;4.5;2023-01-11 10:19:16;10;Wednesday;1;2023
5844.0;1.0;8.0;Hell's Kitchen;70.0;3.25;Bakery;Scone;Cranberry Scone;3.25;2023-01-11 10:19:16;10;Wednesday;1;2023
5845.0;2.0;8.0;Hell's Kitchen;57.0;3.1;Tea;Brewed Chai tea;Spicy Eye Opener Chai Lg;6.2;2023-01-11 10:20:31;10;Wednesday;1;2023
5846.0;1.0;;Astoria;;3.0;Tea;Brewed Black tea;English Breakfast Lg;3.0;2023-01-11 10:20:34;10;Wednesday;1;2023
5847.0;2.0;8.0;Hell's Kitchen;34.0;2.45;Coffee;Premium brewed coffee;Jamaican Coffee River Sm;4.9;2023-01-11 10:22:34;10;Wednesday;1;2023
5848.0;2.0;3.0;Astoria;32.0;3.0;Coffee;Gourmet brewed coffee;Ethiopia Rg;6.0;2023-01-11 10:23:39;10;Wednesday;1;2023
5849.0;1.0;8.0;Hell's Kitchen;25.0;2.2;Coffee;Organic brewed coffee;Brazilian Sm;2.2;2023-01-11 10:24:35;10;Wednesday;1;2023
5850.0;1.0;5.0;Lower Manhattan;37.0;3.0;Coffee;Barista Espresso;Espresso shot;3.0;2023-01-11 10:26:58;10;Wednesday;1;2023
5851.0;2.0;5.0;Lower Manhattan;64.0;0.8;Flavours;Regular syrup;Hazelnut syrup;1.6;2023-01-11 10:26:58;10;Wednesday;1;2023
5852.0;2.0;8.0;Hell's Kitchen;38.0;3.75;Coffee;Barista Espresso;Latte;7.5;2023-01-11 10:27:13;10;Wednesday;1;2023
5853.0;2.0;8.0;Hell's Kitchen;84.0;0.8;Flavours;Regular syrup;Chocolate syrup;1.6;2023-01-11 10:27:13;10;Wednesday;1;2023
5854.0;1.0;8.0;Hell's Kitchen;70.0;3.25;Bakery;Scone;Cranberry Scone;3.25;2023-01-11 10:27:13;10;Wednesday;1;2023
5855.0;2.0;3.0;Astoria;53.0;3.0;Tea;Brewed Chai tea;Traditional Blend Chai Lg;6.0;2023-01-11 10:27:19;10;Wednesday;1;2023
5856.0;1.0;3.0;Astoria;71.0;3.75;Bakery;Pastry;Chocolate Croissant;3.75;2023-01-11 10:27:19;10;Wednesday;1;2023
5857.0;2.0;8.0;Hell's Kitchen;49.0;3.0;Tea;Brewed Black tea;English Breakfast Lg;6.0;2023-01-11 10:29:58;10;Wednesday;1;2023
5858.0;1.0;3.0;Astoria;60.0;3.75;Drinking Chocolate;Hot chocolate;Sustainably Grown Organic Rg;3.75;2023-01-11 10:30:03;10;Wednesday;1;2023
5859.0;2.0;3.0;Astoria;26.0;3.0;Coffee;Organic brewed coffee;Brazilian Rg;6.0;2023-01-11 10:32:02;10;Wednesday;1;2023
5860.0;1.0;3.0;Astoria;42.0;2.5;Tea;Brewed herbal tea;Lemon Grass Rg;2.5;2023-01-11 10:33:11;10;Wednesday;1;2023
5861.0;1.0;5.0;Lower Manhattan;37.0;3.0;Coffee;Barista Espresso;Espresso shot;3.0;2023-01-11 10:35:22;10;Wednesday;1;2023
5862.0;2.0;5.0;Lower Manhattan;65.0;0.8;Flavours;Sugar free syrup;Sugar Free Vanilla syrup;1.6;2023-01-11 10:35:22;10;Wednesday;1;2023
5863.0;2.0;8.0;Hell's Kitchen;27.0;3.5;Coffee;Organic brewed coffee;Brazilian Lg;7.0;2023-01-11 10:36:14;10;Wednesday;1;2023
5864.0;1.0;3.0;Astoria;59.0;4.5;Drinking Chocolate;Hot chocolate;Dark chocolate Lg;4.5;2023-01-11 10:36:16;10;Wednesday;1;2023
5865.0;2.0;8.0;Hell's Kitchen;54.0;2.5;Tea;Brewed Chai tea;Morning Sunrise Chai Rg;5.0;2023-01-11 10:37:11;10;Wednesday;1;2023
5866.0;1.0;3.0;Astoria;39.0;4.25;Coffee;Barista Espresso;Latte Rg;4.25;2023-01-11 10:39:06;10;Wednesday;1;2023
5867.0;1.0;3.0;Astoria;84.0;0.8;Flavours;Regular syrup;Chocolate syrup;0.8;2023-01-11 10:39:06;10;Wednesday;1;2023
5869.0;1.0;3.0;Astoria;72.0;3.25;Bakery;Scone;Ginger Scone;3.25;2023-01-11 10:39:10;10;Wednesday;1;2023
5870.0;2.0;8.0;Hell's Kitchen;55.0;4.0;Tea;Brewed Chai tea;Morning Sunrise Chai Lg;8.0;2023-01-11 10:40:48;10;Wednesday;1;2023
5871.0;1.0;5.0;Lower Manhattan;30.0;3.0;Coffee;Gourmet brewed coffee;Columbian Medium Roast Lg;3.0;2023-01-11 10:41:04;10;Wednesday;1;2023
5872.0;1.0;5.0;Lower Manhattan;71.0;3.75;Bakery;Pastry;Chocolate Croissant;3.75;2023-01-11 10:42:00;10;Wednesday;1;2023
5873.0;2.0;8.0;Hell's Kitchen;32.0;3.0;Coffee;Gourmet brewed coffee;Ethiopia Rg;6.0;2023-01-11 10:42:41;10;Wednesday;1;2023
5874.0;1.0;3.0;Astoria;60.0;3.75;Drinking Chocolate;Hot chocolate;Sustainably Grown Organic Rg;3.75;2023-01-11 10:42:47;10;Wednesday;1;2023
5875.0;2.0;8.0;Hell's Kitchen;25.0;2.2;Coffee;Organic brewed coffee;Brazilian Sm;4.4;2023-01-11 10:43:56;10;Wednesday;1;2023
5876.0;2.0;5.0;Lower Manhattan;33.0;3.5;Coffee;Gourmet brewed coffee;Ethiopia Lg;7.0;2023-01-11 10:43:57;10;Wednesday;1;2023
5877.0;2.0;8.0;Hell's Kitchen;42.0;2.5;Tea;Brewed herbal tea;Lemon Grass Rg;5.0;2023-01-11 10:46:04;10;Wednesday;1;2023
5878.0;1.0;8.0;Hell's Kitchen;82.0;12.0;Branded;Housewares;I Need My Bean! Diner mug;12.0;2023-01-11 10:46:04;10;Wednesday;1;2023
5879.0;2.0;8.0;Hell's Kitchen;41.0;4.25;Coffee;Barista Espresso;Cappuccino Lg;8.5;2023-01-11 10:47:43;10;Wednesday;1;2023
5880.0;1.0;8.0;Hell's Kitchen;84.0;0.8;Flavours;Regular syrup;Chocolate syrup;0.8;2023-01-11 10:47:43;10;Wednesday;1;2023
5881.0;2.0;5.0;Lower Manhattan;23.0;2.5;Coffee;Drip coffee;Our Old Time Diner Blend Rg;5.0;2023-01-11 10:48:15;10;Wednesday;1;2023
5882.0;1.0;5.0;Lower Manhattan;59.0;4.5;Drinking Chocolate;Hot chocolate;Dark chocolate Lg;4.5;2023-01-11 10:49:37;10;Wednesday;1;2023
5883.0;1.0;8.0;Hell's Kitchen;35.0;3.1;Coffee;Premium brewed coffee;Jamaican Coffee River Rg;3.1;2023-01-11 10:51:59;10;Wednesday;1;2023
5884.0;2.0;5.0;Lower Manhattan;30.0;3.0;Coffee;Gourmet brewed coffee;Columbian Medium Roast Lg;6.0;2023-01-11 10:52:27;10;Wednesday;1;2023
5885.0;2.0;8.0;Hell's Kitchen;31.0;2.2;Coffee;Gourmet brewed coffee;Ethiopia Sm;4.4;2023-01-11 10:54:48;10;Wednesday;1;2023
5886.0;1.0;8.0;Hell's Kitchen;70.0;3.25;Bakery;Scone;Cranberry Scone;3.25;2023-01-11 10:54:48;10;Wednesday;1;2023
5887.0;1.0;5.0;Lower Manhattan;51.0;3.0;Tea;Brewed Black tea;Earl Grey Lg;3.0;2023-01-11 10:55:32;10;Wednesday;1;2023
5888.0;2.0;5.0;Lower Manhattan;60.0;3.75;Drinking Chocolate;Hot chocolate;Sustainably Grown Organic Rg;7.5;2023-01-11 10:56:08;10;Wednesday;1;2023
5889.0;1.0;3.0;Astoria;24.0;3.0;Coffee;Drip coffee;Our Old Time Diner Blend Lg;3.0;2023-01-11 10:57:09;10;Wednesday;1;2023
5890.0;2.0;8.0;Hell's Kitchen;25.0;2.2;Coffee;Organic brewed coffee;Brazilian Sm;4.4;2023-01-11 10:57:22;10;Wednesday;1;2023
5891.0;1.0;3.0;Astoria;31.0;2.2;Coffee;Gourmet brewed coffee;Ethiopia Sm;2.2;2023-01-11 11:04:19;11;Wednesday;1;2023
5892.0;1.0;3.0;Astoria;69.0;3.25;Bakery;Biscotti;Hazelnut Biscotti;3.25;2023-01-11 11:04:19;11;Wednesday;1;2023
5893.0;1.0;8.0;Hell's Kitchen;57.0;3.1;Tea;Brewed Chai tea;Spicy Eye Opener Chai Lg;3.1;2023-01-11 11:05:23;11;Wednesday;1;2023
5894.0;1.0;5.0;Lower Manhattan;59.0;4.5;Drinking Chocolate;Hot chocolate;Dark chocolate Lg;4.5;2023-01-11 11:06:09;11;Wednesday;1;2023
5895.0;2.0;5.0;Lower Manhattan;32.0;3.0;Coffee;Gourmet brewed coffee;Ethiopia Rg;6.0;2023-01-11 11:13:27;11;Wednesday;1;2023
;1.0;;Hell's Kitchen;;2.2;Coffee;Organic brewed coffee;Brazilian Sm;2.2;2023-01-11 11:13:33;11;Wednesday;1;2023
5897.0;1.0;8.0;Hell's Kitchen;52.0;2.5;Tea;Brewed Chai tea;Traditional Blend Chai Rg;2.5;2023-01-11 11:14:38;11;Wednesday;1;2023
5898.0;1.0;8.0;Hell's Kitchen;72.0;3.25;Bakery;Scone;Ginger Scone;3.25;2023-01-11 11:14:38;11;Wednesday;1;2023
5899.0;2.0;5.0;Lower Manhattan;38.0;3.75;Coffee;Barista Espresso;Latte;7.5;2023-01-11 11:17:45;11;Wednesday;1;2023
5900.0;1.0;5.0;Lower Manhattan;65.0;0.8;Flavours;Sugar free syrup;Sugar Free Vanilla syrup;0.8;2023-01-11 11:17:45;11;Wednesday;1;2023
5901.0;1.0;5.0;Lower Manhattan;71.0;3.75;Bakery;Pastry;Chocolate Croissant;3.75;2023-01-11 11:17:45;11;Wednesday;1;2023
5902.0;2.0;3.0;Astoria;43.0;3.0;Tea;Brewed herbal tea;Lemon Grass Lg;6.0;2023-01-11 11:18:09;11;Wednesday;1;2023
5903.0;1.0;8.0;Hell's Kitchen;54.0;2.5;Tea;Brewed Chai tea;Morning Sunrise Chai Rg;2.5;2023-01-11 11:24:31;11;Wednesday;1;2023
5904.0;1.0;8.0;Hell's Kitchen;8.0;45.0;Coffee beans;Premium Beans;Civet Cat;45.0;2023-01-11 11:24:31;11;Wednesday;1;2023
5905.0;1.0;8.0;Hell's Kitchen;39.0;4.25;Coffee;Barista Espresso;Latte Rg;4.25;2023-01-11 11:27:56;11;Wednesday;1;2023
5906.0;2.0;8.0;Hell's Kitchen;84.0;0.8;Flavours;Regular syrup;Chocolate syrup;1.6;2023-01-11 11:27:56;11;Wednesday;1;2023
5907.0;1.0;3.0;Astoria;32.0;3.0;Coffee;Gourmet brewed coffee;Ethiopia Rg;3.0;2023-01-11 11:36:49;11;Wednesday;1;2023
5908.0;1.0;8.0;Hell's Kitchen;61.0;4.75;Drinking Chocolate;Hot chocolate;Sustainably Grown Organic Lg;4.75;2023-01-11 11:37:48;11;Wednesday;1;2023
5909.0;2.0;3.0;Astoria;57.0;3.1;Tea;Brewed Chai tea;Spicy Eye Opener Chai Lg;6.2;2023-01-11 11:42:02;11;Wednesday;1;2023
5910.0;1.0;8.0;Hell's Kitchen;34.0;2.45;Coffee;Premium brewed coffee;Jamaican Coffee River Sm;2.45;2023-01-11 11:43:56;11;Wednesday;1;2023
5911.0;2.0;8.0;Hell's Kitchen;25.0;2.2;Coffee;Organic brewed coffee;Brazilian Sm;4.4;2023-01-11 11:47:27;11;Wednesday;1;2023
5912.0;1.0;5.0;Lower Manhattan;55.0;4.0;Tea;Brewed Chai tea;Morning Sunrise Chai Lg;4.0;2023-01-11 11:49:44;11;Wednesday;1;2023
5913.0;2.0;3.0;Astoria;34.0;2.45;Coffee;Premium brewed coffee;Jamaican Coffee River Sm;4.9;2023-01-11 11:51:58;11;Wednesday;1;2023
5914.0;1.0;3.0;Astoria;36.0;3.75;Coffee;Premium brewed coffee;Jamaican Coffee River Lg;3.75;2023-01-11 11:52:05;11;Wednesday;1;2023
5915.0;2.0;8.0;Hell's Kitchen;23.0;2.5;Coffee;Drip coffee;Our Old Time Diner Blend Rg;5.0;2023-01-11 11:52:16;11;Wednesday;1;2023
5916.0;2.0;3.0;Astoria;31.0;2.2;Coffee;Gourmet brewed coffee;Ethiopia Sm;4.4;2023-01-11 11:53:30;11;Wednesday;1;2023
5917.0;1.0;8.0;Hell's Kitchen;61.0;4.75;Drinking Chocolate;Hot chocolate;Sustainably Grown Organic Lg;4.75;2023-01-11 11:53:50;11;Wednesday;1;2023
5918.0;2.0;8.0;Hell's Kitchen;44.0;2.5;Tea;Brewed herbal tea;Peppermint Rg;5.0;2023-01-11 11:57:21;11;Wednesday;1;2023
5920.0;2.0;8.0;Hell's Kitchen;31.0;2.2;Coffee;Gourmet brewed coffee;Ethiopia Sm;4.4;2023-01-11 11:59:45;11;Wednesday;1;2023
5921.0;2.0;3.0;Astoria;25.0;2.2;Coffee;Organic brewed coffee;Brazilian Sm;4.4;2023-01-11 12:03:00;12;Wednesday;1;2023
5922.0;2.0;5.0;Lower Manhattan;45.0;3.0;Tea;Brewed herbal tea;Peppermint Lg;6.0;2023-01-11 12:06:15;12;Wednesday;1;2023
5923.0;1.0;3.0;Astoria;58.0;3.5;Drinking Chocolate;Hot chocolate;Dark chocolate Rg;3.5;2023-01-11 12:07:25;12;Wednesday;1;2023
5924.0;1.0;3.0;Astoria;78.0;4.5;Bakery;Scone;Scottish Cream Scone ;4.5;2023-01-11 12:07:25;12;Wednesday;1;2023
5925.0;1.0;5.0;Lower Manhattan;59.0;4.5;Drinking Chocolate;Hot chocolate;Dark chocolate Lg;4.5;2023-01-11 12:14:30;12;Wednesday;1;2023
5926.0;1.0;5.0;Lower Manhattan;77.0;3.0;Bakery;Scone;Oatmeal Scone;3.0;2023-01-11 12:14:30;12;Wednesday;1;2023
5927.0;1.0;5.0;Lower Manhattan;26.0;3.0;Coffee;Organic brewed coffee;Brazilian Rg;3.0;2023-01-11 12:16:12;12;Wednesday;1;2023
5928.0;2.0;3.0;Astoria;48.0;2.5;Tea;Brewed Black tea;English Breakfast Rg;5.0;2023-01-11 12:18:56;12;Wednesday;1;2023
5929.0;1.0;3.0;Astoria;82.0;12.0;Branded;Housewares;I Need My Bean! Diner mug;12.0;2023-01-11 12:18:56;12;Wednesday;1;2023
5930.0;1.0;5.0;Lower Manhattan;54.0;2.5;Tea;Brewed Chai tea;Morning Sunrise Chai Rg;2.5;2023-01-11 12:21:08;12;Wednesday;1;2023
5931.0;1.0;5.0;Lower Manhattan;56.0;2.55;Tea;Brewed Chai tea;Spicy Eye Opener Chai Rg;2.55;2023-01-11 12:23:07;12;Wednesday;1;2023
5932.0;2.0;5.0;Lower Manhattan;32.0;3.0;Coffee;Gourmet brewed coffee;Ethiopia Rg;6.0;2023-01-11 12:28:29;12;Wednesday;1;2023
5934.0;1.0;5.0;Lower Manhattan;34.0;2.45;Coffee;Premium brewed coffee;Jamaican Coffee River Sm;2.45;2023-01-11 12:45:44;12;Wednesday;1;2023
5935.0;2.0;8.0;Hell's Kitchen;46.0;2.5;Tea;Brewed Green tea;Serenity Green Tea Rg;5.0;2023-01-11 12:47:49;12;Wednesday;1;2023
5937.0;2.0;5.0;Lower Manhattan;65.0;0.8;Flavours;Sugar free syrup;Sugar Free Vanilla syrup;1.6;2023-01-11 12:54:57;12;Wednesday;1;2023
5939.0;2.0;3.0;Astoria;57.0;3.1;Tea;Brewed Chai tea;Spicy Eye Opener Chai Lg;6.2;2023-01-11 13:02:25;13;Wednesday;1;2023
5940.0;1.0;3.0;Astoria;71.0;3.75;Bakery;Pastry;Chocolate Croissant;3.75;2023-01-11 13:02:25;13;Wednesday;1;2023
5941.0;1.0;3.0;Astoria;30.0;3.0;Coffee;Gourmet brewed coffee;Columbian Medium Roast Lg;3.0;2023-01-11 13:03:22;13;Wednesday;1;2023
5942.0;1.0;3.0;Astoria;83.0;14.0;Branded;Housewares;I Need My Bean! Latte cup;14.0;2023-01-11 13:03:22;13;Wednesday;1;2023
5943.0;1.0;5.0;Lower Manhattan;32.0;3.0;Coffee;Gourmet brewed coffee;Ethiopia Rg;3.0;2023-01-11 13:05:19;13;Wednesday;1;2023
5944.0;1.0;8.0;Hell's Kitchen;28.0;2.0;Coffee;Gourmet brewed coffee;Columbian Medium Roast Sm;2.0;2023-01-11 13:06:58;13;Wednesday;1;2023
5945.0;1.0;5.0;Lower Manhattan;26.0;3.0;Coffee;Organic brewed coffee;Brazilian Rg;3.0;2023-01-11 13:08:10;13;Wednesday;1;2023
5946.0;1.0;8.0;Hell's Kitchen;47.0;3.0;Tea;Brewed Green tea;Serenity Green Tea Lg;3.0;2023-01-11 13:09:50;13;Wednesday;1;2023
5947.0;1.0;8.0;Hell's Kitchen;74.0;3.5;Bakery;Biscotti;Ginger Biscotti;3.5;2023-01-11 13:09:50;13;Wednesday;1;2023
5949.0;1.0;8.0;Hell's Kitchen;33.0;3.5;Coffee;Gourmet brewed coffee;Ethiopia Lg;3.5;2023-01-11 13:13:13;13;Wednesday;1;2023
5950.0;1.0;8.0;Hell's Kitchen;20.0;7.6;Packaged Chocolate;Organic Chocolate;Sustainably Grown Organic;7.6;2023-01-11 13:13:13;13;Wednesday;1;2023
5951.0;1.0;5.0;Lower Manhattan;51.0;3.0;Tea;Brewed Black tea;Earl Grey Lg;3.0;2023-01-11 13:13:55;13;Wednesday;1;2023
5952.0;2.0;5.0;Lower Manhattan;49.0;3.0;Tea;Brewed Black tea;English Breakfast Lg;6.0;2023-01-11 13:15:41;13;Wednesday;1;2023
5953.0;1.0;5.0;Lower Manhattan;26.0;3.0;Coffee;Organic brewed coffee;Brazilian Rg;3.0;2023-01-11 13:15:54;13;Wednesday;1;2023
5954.0;1.0;5.0;Lower Manhattan;75.0;3.5;Bakery;Pastry;Croissant;3.5;2023-01-11 13:15:54;13;Wednesday;1;2023
5955.0;1.0;8.0;Hell's Kitchen;56.0;2.55;Tea;Brewed Chai tea;Spicy Eye Opener Chai Rg;2.55;2023-01-11 13:16:07;13;Wednesday;1;2023
5956.0;2.0;8.0;Hell's Kitchen;46.0;2.5;Tea;Brewed Green tea;Serenity Green Tea Rg;5.0;2023-01-11 13:20:07;13;Wednesday;1;2023
5957.0;2.0;5.0;Lower Manhattan;49.0;3.0;Tea;Brewed Black tea;English Breakfast Lg;6.0;2023-01-11 13:22:17;13;Wednesday;1;2023
5958.0;2.0;3.0;Astoria;36.0;3.75;Coffee;Premium brewed coffee;Jamaican Coffee River Lg;7.5;2023-01-11 13:25:19;13;Wednesday;1;2023
5959.0;2.0;5.0;Lower Manhattan;27.0;3.5;Coffee;Organic brewed coffee;Brazilian Lg;7.0;2023-01-11 13:33:03;13;Wednesday;1;2023
5960.0;2.0;8.0;Hell's Kitchen;61.0;4.75;Drinking Chocolate;Hot chocolate;Sustainably Grown Organic Lg;9.5;2023-01-11 13:37:57;13;Wednesday;1;2023
5961.0;2.0;8.0;Hell's Kitchen;50.0;2.5;Tea;Brewed Black tea;Earl Grey Rg;5.0;2023-01-11 13:41:20;13;Wednesday;1;2023
5962.0;1.0;5.0;Lower Manhattan;34.0;2.45;Coffee;Premium brewed coffee;Jamaican Coffee River Sm;2.45;2023-01-11 13:42:45;13;Wednesday;1;2023
5963.0;1.0;5.0;Lower Manhattan;25.0;2.2;Coffee;Organic brewed coffee;Brazilian Sm;2.2;2023-01-11 13:42:52;13;Wednesday;1;2023
5964.0;1.0;3.0;Astoria;34.0;2.45;Coffee;Premium brewed coffee;Jamaican Coffee River Sm;2.45;2023-01-11 13:43:09;13;Wednesday;1;2023
5965.0;1.0;5.0;Lower Manhattan;57.0;3.1;Tea;Brewed Chai tea;Spicy Eye Opener Chai Lg;3.1;2023-01-11 13:45:06;13;Wednesday;1;2023
5966.0;1.0;5.0;Lower Manhattan;16.0;8.95;Loose Tea;Chai tea;Traditional Blend Chai;8.95;2023-01-11 13:45:06;13;Wednesday;1;2023
5967.0;1.0;5.0;Lower Manhattan;50.0;2.5;Tea;Brewed Black tea;Earl Grey Rg;2.5;2023-01-11 13:53:09;13;Wednesday;1;2023
5969.0;1.0;5.0;Lower Manhattan;8.0;45.0;Coffee beans;Premium Beans;Civet Cat;45.0;2023-01-11 13:53:09;13;Wednesday;1;2023
5970.0;1.0;5.0;Lower Manhattan;51.0;3.0;Tea;Brewed Black tea;Earl Grey Lg;3.0;2023-01-11 13:53:58;13;Wednesday;1;2023
5971.0;1.0;3.0;Astoria;31.0;2.2;Coffee;Gourmet brewed coffee;Ethiopia Sm;2.2;2023-01-11 13:59:08;13;Wednesday;1;2023
5972.0;1.0;8.0;Hell's Kitchen;29.0;2.5;Coffee;Gourmet brewed coffee;Columbian Medium Roast Rg;2.5;2023-01-11 14:00:23;14;Wednesday;1;2023
5973.0;1.0;8.0;Hell's Kitchen;33.0;3.5;Coffee;Gourmet brewed coffee;Ethiopia Lg;3.5;2023-01-11 14:02:13;14;Wednesday;1;2023
5974.0;1.0;8.0;Hell's Kitchen;77.0;3.0;Bakery;Scone;Oatmeal Scone;3.0;2023-01-11 14:02:13;14;Wednesday;1;2023
5975.0;2.0;8.0;Hell's Kitchen;26.0;3.0;Coffee;Organic brewed coffee;Brazilian Rg;6.0;2023-01-11 14:15:37;14;Wednesday;1;2023
5976.0;1.0;8.0;Hell's Kitchen;46.0;2.5;Tea;Brewed Green tea;Serenity Green Tea Rg;2.5;2023-01-11 14:27:27;14;Wednesday;1;2023
5977.0;2.0;5.0;Lower Manhattan;50.0;2.5;Tea;Brewed Black tea;Earl Grey Rg;5.0;2023-01-11 14:28:44;14;Wednesday;1;2023
;1.0;8.0;Hell's Kitchen;;3.75;Drinking Chocolate;Hot chocolate;Sustainably Grown Organic Rg;3.75;2023-01-11 14:30:01;14;Wednesday;1;2023
5979.0;1.0;5.0;Lower Manhattan;60.0;3.75;Drinking Chocolate;Hot chocolate;Sustainably Grown Organic Rg;3.75;2023-01-11 14:36:26;14;Wednesday;1;2023
5980.0;2.0;3.0;Astoria;53.0;3.0;Tea;Brewed Chai tea;Traditional Blend Chai Lg;6.0;2023-01-11 14:36:59;14;Wednesday;1;2023
5981.0;2.0;8.0;Hell's Kitchen;51.0;3.0;Tea;Brewed Black tea;Earl Grey Lg;6.0;2023-01-11 14:42:43;14;Wednesday;1;2023
5982.0;2.0;5.0;Lower Manhattan;27.0;3.5;Coffee;Organic brewed coffee;Brazilian Lg;7.0;2023-01-11 14:43:56;14;Wednesday;1;2023
5983.0;1.0;3.0;Astoria;24.0;3.0;Coffee;Drip coffee;Our Old Time Diner Blend Lg;3.0;2023-01-11 14:46:34;14;Wednesday;1;2023
5984.0;1.0;8.0;Hell's Kitchen;29.0;2.5;Coffee;Gourmet brewed coffee;Columbian Medium Roast Rg;2.5;2023-01-11 14:49:44;14;Wednesday;1;2023
5986.0;1.0;5.0;Lower Manhattan;53.0;3.0;Tea;Brewed Chai tea;Traditional Blend Chai Lg;3.0;2023-01-11 14:54:04;14;Wednesday;1;2023
5987.0;1.0;5.0;Lower Manhattan;72.0;3.25;Bakery;Scone;Ginger Scone;3.25;2023-01-11 14:54:04;14;Wednesday;1;2023
5988.0;2.0;3.0;Astoria;37.0;3.0;Coffee;Barista Espresso;Espresso shot;6.0;2023-01-11 14:56:03;14;Wednesday;1;2023
5989.0;2.0;3.0;Astoria;65.0;0.8;Flavours;Sugar free syrup;Sugar Free Vanilla syrup;1.6;2023-01-11 14:56:03;14;Wednesday;1;2023
5990.0;2.0;5.0;Lower Manhattan;47.0;3.0;Tea;Brewed Green tea;Serenity Green Tea Lg;6.0;2023-01-11 14:57:16;14;Wednesday;1;2023
5991.0;2.0;;Astoria;;3.0;Tea;Brewed Black tea;Earl Grey Lg;6.0;2023-01-11 14:57:49;14;Wednesday;1;2023
5992.0;1.0;5.0;Lower Manhattan;43.0;3.0;Tea;Brewed herbal tea;Lemon Grass Lg;3.0;2023-01-11 15:03:33;15;Wednesday;1;2023
5993.0;1.0;5.0;Lower Manhattan;71.0;3.75;Bakery;Pastry;Chocolate Croissant;3.75;2023-01-11 15:03:33;15;Wednesday;1;2023
5994.0;2.0;8.0;Hell's Kitchen;42.0;2.5;Tea;Brewed herbal tea;Lemon Grass Rg;5.0;2023-01-11 15:05:28;15;Wednesday;1;2023
;1.0;;Lower Manhattan;;3.0;Tea;Brewed Black tea;English Breakfast Lg;3.0;2023-01-11 15:14:52;15;Wednesday;1;2023
5996.0;1.0;8.0;Hell's Kitchen;28.0;2.0;Coffee;Gourmet brewed coffee;Columbian Medium Roast Sm;2.0;2023-01-11 15:19:06;15;Wednesday;1;2023
5997.0;2.0;8.0;Hell's Kitchen;39.0;4.25;Coffee;Barista Espresso;Latte Rg;8.5;2023-01-11 15:21:27;15;Wednesday;1;2023
5998.0;1.0;8.0;Hell's Kitchen;63.0;0.8;Flavours;Regular syrup;Carmel syrup;0.8;2023-01-11 15:21:27;15;Wednesday;1;2023
5999.0;2.0;8.0;Hell's Kitchen;43.0;3.0;Tea;Brewed herbal tea;Lemon Grass Lg;6.0;2023-01-11 15:21:56;15;Wednesday;1;2023
6000.0;2.0;5.0;Lower Manhattan;54.0;2.5;Tea;Brewed Chai tea;Morning Sunrise Chai Rg;5.0;2023-01-11 15:23:41;15;Wednesday;1;2023
6001.0;2.0;8.0;Hell's Kitchen;43.0;3.0;Tea;Brewed herbal tea;Lemon Grass Lg;6.0;2023-01-11 15:32:00;15;Wednesday;1;2023
6002.0;1.0;8.0;Hell's Kitchen;71.0;3.75;Bakery;Pastry;Chocolate Croissant;3.75;2023-01-11 15:32:00;15;Wednesday;1;2023
6003.0;2.0;8.0;Hell's Kitchen;38.0;3.75;Coffee;Barista Espresso;Latte;7.5;2023-01-11 15:33:59;15;Wednesday;1;2023
6004.0;1.0;8.0;Hell's Kitchen;43.0;3.0;Tea;Brewed herbal tea;Lemon Grass Lg;3.0;2023-01-11 15:34:19;15;Wednesday;1;2023
6005.0;2.0;5.0;Lower Manhattan;37.0;3.0;Coffee;Barista Espresso;Espresso shot;6.0;2023-01-11 15:34:25;15;Wednesday;1;2023
6006.0;3.0;5.0;Lower Manhattan;65.0;0.8;Flavours;Sugar free syrup;Sugar Free Vanilla syrup;2.4000000000000004;2023-01-11 15:34:25;15;Wednesday;1;2023
6007.0;1.0;5.0;Lower Manhattan;43.0;3.0;Tea;Brewed herbal tea;Lemon Grass Lg;3.0;2023-01-11 15:38:48;15;Wednesday;1;2023
6008.0;1.0;8.0;Hell's Kitchen;42.0;2.5;Tea;Brewed herbal tea;Lemon Grass Rg;2.5;2023-01-11 15:40:29;15;Wednesday;1;2023
6009.0;1.0;8.0;Hell's Kitchen;73.0;3.75;Bakery;Pastry;Almond Croissant;3.75;2023-01-11 15:40:29;15;Wednesday;1;2023
6010.0;1.0;5.0;Lower Manhattan;43.0;3.0;Tea;Brewed herbal tea;Lemon Grass Lg;3.0;2023-01-11 15:42:11;15;Wednesday;1;2023
6011.0;1.0;5.0;Lower Manhattan;16.0;8.95;Loose Tea;Chai tea;Traditional Blend Chai;8.95;2023-01-11 15:42:11;15;Wednesday;1;2023
6012.0;2.0;5.0;Lower Manhattan;23.0;2.5;Coffee;Drip coffee;Our Old Time Diner Blend Rg;5.0;2023-01-11 15:43:54;15;Wednesday;1;2023
6013.0;1.0;5.0;Lower Manhattan;61.0;4.75;Drinking Chocolate;Hot chocolate;Sustainably Grown Organic Lg;4.75;2023-01-11 15:45:55;15;Wednesday;1;2023
6014.0;1.0;8.0;Hell's Kitchen;34.0;2.45;Coffee;Premium brewed coffee;Jamaican Coffee River Sm;2.45;2023-01-11 15:48:30;15;Wednesday;1;2023
6015.0;1.0;8.0;Hell's Kitchen;36.0;3.75;Coffee;Premium brewed coffee;Jamaican Coffee River Lg;3.75;2023-01-11 15:57:48;15;Wednesday;1;2023
6016.0;1.0;8.0;Hell's Kitchen;57.0;3.1;Tea;Brewed Chai tea;Spicy Eye Opener Chai Lg;3.1;2023-01-11 15:58:37;15;Wednesday;1;2023
6017.0;1.0;8.0;Hell's Kitchen;77.0;3.0;Bakery;Scone;Oatmeal Scone;3.0;2023-01-11 15:58:37;15;Wednesday;1;2023
6018.0;1.0;8.0;Hell's Kitchen;51.0;3.0;Tea;Brewed Black tea;Earl Grey Lg;3.0;2023-01-11 16:00:08;16;Wednesday;1;2023
6019.0;1.0;5.0;Lower Manhattan;53.0;3.0;Tea;Brewed Chai tea;Traditional Blend Chai Lg;3.0;2023-01-11 16:00:51;16;Wednesday;1;2023
6020.0;1.0;5.0;Lower Manhattan;51.0;3.0;Tea;Brewed Black tea;Earl Grey Lg;3.0;2023-01-11 16:02:48;16;Wednesday;1;2023
6021.0;1.0;5.0;Lower Manhattan;36.0;3.75;Coffee;Premium brewed coffee;Jamaican Coffee River Lg;3.75;2023-01-11 16:08:27;16;Wednesday;1;2023
6022.0;1.0;5.0;Lower Manhattan;49.0;3.0;Tea;Brewed Black tea;English Breakfast Lg;3.0;2023-01-11 16:08:29;16;Wednesday;1;2023
6023.0;1.0;5.0;Lower Manhattan;69.0;3.25;Bakery;Biscotti;Hazelnut Biscotti;3.25;2023-01-11 16:08:29;16;Wednesday;1;2023
6024.0;2.0;5.0;Lower Manhattan;39.0;4.25;Coffee;Barista Espresso;Latte Rg;8.5;2023-01-11 16:09:23;16;Wednesday;1;2023
6025.0;2.0;5.0;Lower Manhattan;65.0;0.8;Flavours;Sugar free syrup;Sugar Free Vanilla syrup;1.6;2023-01-11 16:09:23;16;Wednesday;1;2023
6026.0;1.0;5.0;Lower Manhattan;43.0;3.0;Tea;Brewed herbal tea;Lemon Grass Lg;3.0;2023-01-11 16:10:27;16;Wednesday;1;2023
6028.0;1.0;5.0;Lower Manhattan;25.0;2.2;Coffee;Organic brewed coffee;Brazilian Sm;2.2;2023-01-11 16:15:15;16;Wednesday;1;2023
6029.0;1.0;8.0;Hell's Kitchen;53.0;3.0;Tea;Brewed Chai tea;Traditional Blend Chai Lg;3.0;2023-01-11 16:16:08;16;Wednesday;1;2023
6031.0;2.0;3.0;Astoria;55.0;4.0;Tea;Brewed Chai tea;Morning Sunrise Chai Lg;8.0;2023-01-11 16:22:14;16;Wednesday;1;2023
6032.0;1.0;3.0;Astoria;25.0;2.2;Coffee;Organic brewed coffee;Brazilian Sm;2.2;2023-01-11 16:22:41;16;Wednesday;1;2023
6033.0;1.0;5.0;Lower Manhattan;55.0;4.0;Tea;Brewed Chai tea;Morning Sunrise Chai Lg;4.0;2023-01-11 16:30:08;16;Wednesday;1;2023
6034.0;1.0;3.0;Astoria;52.0;2.5;Tea;Brewed Chai tea;Traditional Blend Chai Rg;2.5;2023-01-11 16:31:53;16;Wednesday;1;2023
6035.0;1.0;3.0;Astoria;70.0;3.25;Bakery;Scone;Cranberry Scone;3.25;2023-01-11 16:31:53;16;Wednesday;1;2023
6036.0;2.0;8.0;Hell's Kitchen;23.0;2.5;Coffee;Drip coffee;Our Old Time Diner Blend Rg;5.0;2023-01-11 16:39:54;16;Wednesday;1;2023
6037.0;1.0;5.0;Lower Manhattan;38.0;3.75;Coffee;Barista Espresso;Latte;3.75;2023-01-11 16:41:09;16;Wednesday;1;2023
6038.0;2.0;5.0;Lower Manhattan;64.0;0.8;Flavours;Regular syrup;Hazelnut syrup;1.6;2023-01-11 16:41:09;16;Wednesday;1;2023
6039.0;2.0;5.0;Lower Manhattan;30.0;3.0;Coffee;Gourmet brewed coffee;Columbian Medium Roast Lg;6.0;2023-01-11 16:42:22;16;Wednesday;1;2023
6040.0;1.0;3.0;Astoria;25.0;2.2;Coffee;Organic brewed coffee;Brazilian Sm;2.2;2023-01-11 16:42:34;16;Wednesday;1;2023
6041.0;2.0;8.0;Hell's Kitchen;48.0;2.5;Tea;Brewed Black tea;English Breakfast Rg;5.0;2023-01-11 16:44:59;16;Wednesday;1;2023
6042.0;2.0;8.0;Hell's Kitchen;48.0;2.5;Tea;Brewed Black tea;English Breakfast Rg;5.0;2023-01-11 16:47:26;16;Wednesday;1;2023
6043.0;1.0;3.0;Astoria;58.0;3.5;Drinking Chocolate;Hot chocolate;Dark chocolate Rg;3.5;2023-01-11 16:52:31;16;Wednesday;1;2023
6044.0;1.0;3.0;Astoria;79.0;3.75;Bakery;Scone;Jumbo Savory Scone;3.75;2023-01-11 16:52:31;16;Wednesday;1;2023
6045.0;1.0;8.0;Hell's Kitchen;60.0;3.75;Drinking Chocolate;Hot chocolate;Sustainably Grown Organic Rg;3.75;2023-01-11 17:00:32;17;Wednesday;1;2023
6046.0;1.0;8.0;Hell's Kitchen;87.0;3.0;Coffee;Barista Espresso;Ouro Brasileiro shot;3.0;2023-01-11 17:04:37;17;Wednesday;1;2023
6047.0;1.0;5.0;Lower Manhattan;45.0;3.0;Tea;Brewed herbal tea;Peppermint Lg;3.0;2023-01-11 17:06:37;17;Wednesday;1;2023
6048.0;1.0;3.0;Astoria;50.0;2.5;Tea;Brewed Black tea;Earl Grey Rg;2.5;2023-01-11 17:07:28;17;Wednesday;1;2023
6049.0;2.0;8.0;Hell's Kitchen;40.0;3.75;Coffee;Barista Espresso;Cappuccino;7.5;2023-01-11 17:09:24;17;Wednesday;1;2023
6050.0;2.0;8.0;Hell's Kitchen;63.0;0.8;Flavours;Regular syrup;Carmel syrup;1.6;2023-01-11 17:09:24;17;Wednesday;1;2023
6051.0;1.0;8.0;Hell's Kitchen;56.0;2.55;Tea;Brewed Chai tea;Spicy Eye Opener Chai Rg;2.55;2023-01-11 17:09:36;17;Wednesday;1;2023
6052.0;1.0;5.0;Lower Manhattan;46.0;2.5;Tea;Brewed Green tea;Serenity Green Tea Rg;2.5;2023-01-11 17:12:25;17;Wednesday;1;2023
6053.0;1.0;5.0;Lower Manhattan;74.0;3.5;Bakery;Biscotti;Ginger Biscotti;3.5;2023-01-11 17:12:25;17;Wednesday;1;2023
6054.0;2.0;3.0;Astoria;45.0;3.0;Tea;Brewed herbal tea;Peppermint Lg;6.0;2023-01-11 17:14:08;17;Wednesday;1;2023
6055.0;2.0;8.0;Hell's Kitchen;31.0;2.2;Coffee;Gourmet brewed coffee;Ethiopia Sm;4.4;2023-01-11 17:14:35;17;Wednesday;1;2023
6056.0;1.0;8.0;Hell's Kitchen;20.0;7.6;Packaged Chocolate;Organic Chocolate;Sustainably Grown Organic;7.6;2023-01-11 17:14:35;17;Wednesday;1;2023
6057.0;1.0;8.0;Hell's Kitchen;43.0;3.0;Tea;Brewed herbal tea;Lemon Grass Lg;3.0;2023-01-11 17:16:17;17;Wednesday;1;2023
6058.0;2.0;3.0;Astoria;24.0;3.0;Coffee;Drip coffee;Our Old Time Diner Blend Lg;6.0;2023-01-11 17:16:51;17;Wednesday;1;2023
;2.0;;Astoria;37.0;3.0;Coffee;Barista Espresso;Espresso shot;6.0;2023-01-11 17:17:14;17;Wednesday;1;2023
6060.0;1.0;3.0;Astoria;84.0;0.8;Flavours;Regular syrup;Chocolate syrup;0.8;2023-01-11 17:17:14;17;Wednesday;1;2023
6061.0;1.0;5.0;Lower Manhattan;53.0;3.0;Tea;Brewed Chai tea;Traditional Blend Chai Lg;3.0;2023-01-11 17:20:35;17;Wednesday;1;2023
6062.0;2.0;8.0;Hell's Kitchen;59.0;4.5;Drinking Chocolate;Hot chocolate;Dark chocolate Lg;9.0;2023-01-11 17:21:54;17;Wednesday;1;2023
6063.0;1.0;5.0;Lower Manhattan;22.0;2.0;Coffee;Drip coffee;Our Old Time Diner Blend Sm;2.0;2023-01-11 17:24:29;17;Wednesday;1;2023
6064.0;1.0;3.0;Astoria;33.0;3.5;Coffee;Gourmet brewed coffee;Ethiopia Lg;3.5;2023-01-11 17:26:27;17;Wednesday;1;2023
6065.0;1.0;3.0;Astoria;78.0;4.5;Bakery;Scone;Scottish Cream Scone ;4.5;2023-01-11 17:26:27;17;Wednesday;1;2023
6066.0;1.0;8.0;Hell's Kitchen;34.0;2.45;Coffee;Premium brewed coffee;Jamaican Coffee River Sm;2.45;2023-01-11 17:35:45;17;Wednesday;1;2023
6067.0;2.0;8.0;Hell's Kitchen;23.0;2.5;Coffee;Drip coffee;Our Old Time Diner Blend Rg;5.0;2023-01-11 17:39:43;17;Wednesday;1;2023
6068.0;2.0;5.0;Lower Manhattan;28.0;2.0;Coffee;Gourmet brewed coffee;Columbian Medium Roast Sm;4.0;2023-01-11 17:47:53;17;Wednesday;1;2023
6069.0;1.0;3.0;Astoria;27.0;3.5;Coffee;Organic brewed coffee;Brazilian Lg;3.5;2023-01-11 17:51:48;17;Wednesday;1;2023
6070.0;2.0;3.0;Astoria;37.0;3.0;Coffee;Barista Espresso;Espresso shot;6.0;2023-01-11 17:54:24;17;Wednesday;1;2023
6071.0;1.0;3.0;Astoria;63.0;0.8;Flavours;Regular syrup;Carmel syrup;0.8;2023-01-11 17:54:24;17;Wednesday;1;2023
6072.0;2.0;5.0;Lower Manhattan;36.0;3.75;Coffee;Premium brewed coffee;Jamaican Coffee River Lg;7.5;2023-01-11 17:55:34;17;Wednesday;1;2023
6073.0;1.0;5.0;Lower Manhattan;78.0;4.5;Bakery;Scone;Scottish Cream Scone ;4.5;2023-01-11 17:55:34;17;Wednesday;1;2023
6074.0;2.0;3.0;Astoria;41.0;4.25;Coffee;Barista Espresso;Cappuccino Lg;8.5;2023-01-11 17:55:53;17;Wednesday;1;2023
6075.0;2.0;3.0;Astoria;84.0;0.8;Flavours;Regular syrup;Chocolate syrup;1.6;2023-01-11 17:55:53;17;Wednesday;1;2023
6076.0;2.0;5.0;Lower Manhattan;35.0;3.1;Coffee;Premium brewed coffee;Jamaican Coffee River Rg;6.2;2023-01-11 18:03:37;18;Wednesday;1;2023
6077.0;1.0;5.0;Lower Manhattan;39.0;4.25;Coffee;Barista Espresso;Latte Rg;4.25;2023-01-11 18:06:57;18;Wednesday;1;2023
6078.0;1.0;5.0;Lower Manhattan;84.0;0.8;Flavours;Regular syrup;Chocolate syrup;0.8;2023-01-11 18:06:57;18;Wednesday;1;2023
6079.0;1.0;5.0;Lower Manhattan;75.0;3.5;Bakery;Pastry;Croissant;3.5;2023-01-11 18:06:57;18;Wednesday;1;2023
6080.0;2.0;8.0;Hell's Kitchen;30.0;3.0;Coffee;Gourmet brewed coffee;Columbian Medium Roast Lg;6.0;2023-01-11 18:09:19;18;Wednesday;1;2023
6082.0;1.0;8.0;Hell's Kitchen;70.0;3.25;Bakery;Scone;Cranberry Scone;3.25;2023-01-11 18:11:42;18;Wednesday;1;2023
6083.0;1.0;8.0;Hell's Kitchen;56.0;2.55;Tea;Brewed Chai tea;Spicy Eye Opener Chai Rg;2.55;2023-01-11 18:16:37;18;Wednesday;1;2023
6084.0;1.0;5.0;Lower Manhattan;39.0;4.25;Coffee;Barista Espresso;Latte Rg;4.25;2023-01-11 18:17:04;18;Wednesday;1;2023
6085.0;3.0;5.0;Lower Manhattan;65.0;0.8;Flavours;Sugar free syrup;Sugar Free Vanilla syrup;2.4000000000000004;2023-01-11 18:17:04;18;Wednesday;1;2023
6086.0;2.0;5.0;Lower Manhattan;52.0;2.5;Tea;Brewed Chai tea;Traditional Blend Chai Rg;5.0;2023-01-11 18:23:00;18;Wednesday;1;2023
6087.0;2.0;3.0;Astoria;35.0;3.1;Coffee;Premium brewed coffee;Jamaican Coffee River Rg;6.2;2023-01-11 18:23:58;18;Wednesday;1;2023
6088.0;1.0;3.0;Astoria;71.0;3.75;Bakery;Pastry;Chocolate Croissant;3.75;2023-01-11 18:23:58;18;Wednesday;1;2023
6090.0;1.0;3.0;Astoria;49.0;3.0;Tea;Brewed Black tea;English Breakfast Lg;3.0;2023-01-11 18:26:20;18;Wednesday;1;2023
6091.0;1.0;8.0;Hell's Kitchen;22.0;2.0;Coffee;Drip coffee;Our Old Time Diner Blend Sm;2.0;2023-01-11 18:27:31;18;Wednesday;1;2023
6093.0;1.0;5.0;Lower Manhattan;52.0;2.5;Tea;Brewed Chai tea;Traditional Blend Chai Rg;2.5;2023-01-11 18:28:13;18;Wednesday;1;2023
6094.0;1.0;5.0;Lower Manhattan;75.0;3.5;Bakery;Pastry;Croissant;3.5;2023-01-11 18:28:13;18;Wednesday;1;2023
6095.0;1.0;3.0;Astoria;31.0;2.2;Coffee;Gourmet brewed coffee;Ethiopia Sm;2.2;2023-01-11 18:35:44;18;Wednesday;1;2023
6097.0;2.0;3.0;Astoria;61.0;4.75;Drinking Chocolate;Hot chocolate;Sustainably Grown Organic Lg;9.5;2023-01-11 18:45:18;18;Wednesday;1;2023
6098.0;2.0;3.0;Astoria;58.0;3.5;Drinking Chocolate;Hot chocolate;Dark chocolate Rg;7.0;2023-01-11 18:55:48;18;Wednesday;1;2023
6099.0;2.0;8.0;Hell's Kitchen;32.0;3.0;Coffee;Gourmet brewed coffee;Ethiopia Rg;6.0;2023-01-11 18:55:50;18;Wednesday;1;2023
6100.0;2.0;8.0;Hell's Kitchen;57.0;3.1;Tea;Brewed Chai tea;Spicy Eye Opener Chai Lg;6.2;2023-01-11 18:59:04;18;Wednesday;1;2023
6101.0;2.0;8.0;Hell's Kitchen;45.0;3.0;Tea;Brewed herbal tea;Peppermint Lg;6.0;2023-01-11 18:59:39;18;Wednesday;1;2023
6102.0;2.0;8.0;Hell's Kitchen;57.0;3.1;Tea;Brewed Chai tea;Spicy Eye Opener Chai Lg;6.2;2023-01-11 19:02:29;19;Wednesday;1;2023
6103.0;1.0;8.0;Hell's Kitchen;19.0;6.4;Packaged Chocolate;Drinking Chocolate;Dark chocolate;6.4;2023-01-11 19:02:29;19;Wednesday;1;2023
6104.0;1.0;3.0;Astoria;45.0;3.0;Tea;Brewed herbal tea;Peppermint Lg;3.0;2023-01-11 19:17:53;19;Wednesday;1;2023
6105.0;2.0;3.0;Astoria;37.0;3.0;Coffee;Barista Espresso;Espresso shot;6.0;2023-01-11 19:19:42;19;Wednesday;1;2023
6106.0;2.0;3.0;Astoria;65.0;0.8;Flavours;Sugar free syrup;Sugar Free Vanilla syrup;1.6;2023-01-11 19:19:42;19;Wednesday;1;2023
6107.0;1.0;3.0;Astoria;69.0;3.25;Bakery;Biscotti;Hazelnut Biscotti;3.25;2023-01-11 19:19:42;19;Wednesday;1;2023
6108.0;1.0;8.0;Hell's Kitchen;87.0;3.0;Coffee;Barista Espresso;Ouro Brasileiro shot;3.0;2023-01-11 19:25:41;19;Wednesday;1;2023
6109.0;1.0;3.0;Astoria;26.0;3.0;Coffee;Organic brewed coffee;Brazilian Rg;3.0;2023-01-11 19:26:08;19;Wednesday;1;2023
6110.0;2.0;8.0;Hell's Kitchen;31.0;2.2;Coffee;Gourmet brewed coffee;Ethiopia Sm;4.4;2023-01-11 19:30:22;19;Wednesday;1;2023
6111.0;1.0;8.0;Hell's Kitchen;61.0;4.75;Drinking Chocolate;Hot chocolate;Sustainably Grown Organic Lg;4.75;2023-01-11 19:45:34;19;Wednesday;1;2023
6112.0;1.0;8.0;Hell's Kitchen;74.0;3.5;Bakery;Biscotti;Ginger Biscotti;3.5;2023-01-11 19:45:34;19;Wednesday;1;2023
6113.0;1.0;3.0;Astoria;34.0;2.45;Coffee;Premium brewed coffee;Jamaican Coffee River Sm;2.45;2023-01-11 19:53:00;19;Wednesday;1;2023
6114.0;1.0;3.0;Astoria;71.0;3.75;Bakery;Pastry;Chocolate Croissant;3.75;2023-01-11 19:53:00;19;Wednesday;1;2023
6115.0;1.0;8.0;Hell's Kitchen;53.0;3.0;Tea;Brewed Chai tea;Traditional Blend Chai Lg;3.0;2023-01-11 19:54:04;19;Wednesday;1;2023
6116.0;2.0;8.0;Hell's Kitchen;61.0;4.75;Drinking Chocolate;Hot chocolate;Sustainably Grown Organic Lg;9.5;2023-01-11 19:55:06;19;Wednesday;1;2023
6117.0;1.0;8.0;Hell's Kitchen;76.0;3.5;Bakery;Biscotti;Chocolate Chip Biscotti;3.5;2023-01-11 19:55:06;19;Wednesday;1;2023
6118.0;1.0;3.0;Astoria;49.0;3.0;Tea;Brewed Black tea;English Breakfast Lg;3.0;2023-01-11 19:57:07;19;Wednesday;1;2023
6119.0;2.0;5.0;Lower Manhattan;28.0;2.0;Coffee;Gourmet brewed coffee;Columbian Medium Roast Sm;4.0;2023-01-12 06:07:05;6;Thursday;1;2023
6120.0;2.0;5.0;Lower Manhattan;51.0;3.0;Tea;Brewed Black tea;Earl Grey Lg;6.0;2023-01-12 06:10:09;6;Thursday;1;2023
6121.0;1.0;5.0;Lower Manhattan;75.0;3.5;Bakery;Pastry;Croissant;3.5;2023-01-12 06:10:09;6;Thursday;1;2023
6122.0;1.0;5.0;Lower Manhattan;50.0;2.5;Tea;Brewed Black tea;Earl Grey Rg;2.5;2023-01-12 06:14:58;6;Thursday;1;2023
6123.0;2.0;5.0;Lower Manhattan;51.0;3.0;Tea;Brewed Black tea;Earl Grey Lg;6.0;2023-01-12 06:24:53;6;Thursday;1;2023
6124.0;2.0;8.0;Hell's Kitchen;31.0;2.2;Coffee;Gourmet brewed coffee;Ethiopia Sm;4.4;2023-01-12 06:33:11;6;Thursday;1;2023
6125.0;1.0;5.0;Lower Manhattan;59.0;4.5;Drinking Chocolate;Hot chocolate;Dark chocolate Lg;4.5;2023-01-12 06:33:52;6;Thursday;1;2023
6126.0;1.0;5.0;Lower Manhattan;71.0;3.75;Bakery;Pastry;Chocolate Croissant;3.75;2023-01-12 06:33:52;6;Thursday;1;2023
6127.0;1.0;8.0;Hell's Kitchen;45.0;3.0;Tea;Brewed herbal tea;Peppermint Lg;3.0;2023-01-12 06:34:34;6;Thursday;1;2023
6128.0;1.0;5.0;Lower Manhattan;49.0;3.0;Tea;Brewed Black tea;English Breakfast Lg;3.0;2023-01-12 06:34:44;6;Thursday;1;2023
6129.0;2.0;5.0;Lower Manhattan;58.0;3.5;Drinking Chocolate;Hot chocolate;Dark chocolate Rg;7.0;2023-01-12 06:37:17;6;Thursday;1;2023
6130.0;1.0;5.0;Lower Manhattan;76.0;3.5;Bakery;Biscotti;Chocolate Chip Biscotti;3.5;2023-01-12 06:37:17;6;Thursday;1;2023
6131.0;2.0;5.0;Lower Manhattan;31.0;2.2;Coffee;Gourmet brewed coffee;Ethiopia Sm;4.4;2023-01-12 06:37:46;6;Thursday;1;2023
6132.0;2.0;8.0;Hell's Kitchen;26.0;3.0;Coffee;Organic brewed coffee;Brazilian Rg;6.0;2023-01-12 06:39:49;6;Thursday;1;2023
6133.0;2.0;8.0;Hell's Kitchen;57.0;3.1;Tea;Brewed Chai tea;Spicy Eye Opener Chai Lg;6.2;2023-01-12 06:41:19;6;Thursday;1;2023
6134.0;1.0;8.0;Hell's Kitchen;40.0;3.75;Coffee;Barista Espresso;Cappuccino;3.75;2023-01-12 06:41:44;6;Thursday;1;2023
6135.0;1.0;8.0;Hell's Kitchen;84.0;0.8;Flavours;Regular syrup;Chocolate syrup;0.8;2023-01-12 06:41:44;6;Thursday;1;2023
6136.0;1.0;5.0;Lower Manhattan;39.0;4.25;Coffee;Barista Espresso;Latte Rg;4.25;2023-01-12 06:43:09;6;Thursday;1;2023
6138.0;2.0;8.0;Hell's Kitchen;56.0;2.55;Tea;Brewed Chai tea;Spicy Eye Opener Chai Rg;5.1;2023-01-12 06:44:00;6;Thursday;1;2023
6139.0;1.0;8.0;Hell's Kitchen;53.0;3.0;Tea;Brewed Chai tea;Traditional Blend Chai Lg;3.0;2023-01-12 06:45:25;6;Thursday;1;2023
6140.0;1.0;5.0;Lower Manhattan;39.0;4.25;Coffee;Barista Espresso;Latte Rg;4.25;2023-01-12 06:48:07;6;Thursday;1;2023
6141.0;2.0;5.0;Lower Manhattan;64.0;0.8;Flavours;Regular syrup;Hazelnut syrup;1.6;2023-01-12 06:48:07;6;Thursday;1;2023
6142.0;2.0;8.0;Hell's Kitchen;31.0;2.2;Coffee;Gourmet brewed coffee;Ethiopia Sm;4.4;2023-01-12 06:51:20;6;Thursday;1;2023
6143.0;1.0;5.0;Lower Manhattan;55.0;4.0;Tea;Brewed Chai tea;Morning Sunrise Chai Lg;4.0;2023-01-12 06:52:21;6;Thursday;1;2023
6144.0;2.0;5.0;Lower Manhattan;55.0;4.0;Tea;Brewed Chai tea;Morning Sunrise Chai Lg;8.0;2023-01-12 06:53:14;6;Thursday;1;2023
6145.0;1.0;5.0;Lower Manhattan;75.0;3.5;Bakery;Pastry;Croissant;3.5;2023-01-12 06:53:14;6;Thursday;1;2023
6146.0;2.0;8.0;Hell's Kitchen;24.0;3.0;Coffee;Drip coffee;Our Old Time Diner Blend Lg;6.0;2023-01-12 06:53:58;6;Thursday;1;2023
6148.0;1.0;8.0;Hell's Kitchen;25.0;2.2;Coffee;Organic brewed coffee;Brazilian Sm;2.2;2023-01-12 06:54:30;6;Thursday;1;2023
6149.0;2.0;5.0;Lower Manhattan;55.0;4.0;Tea;Brewed Chai tea;Morning Sunrise Chai Lg;8.0;2023-01-12 06:54:41;6;Thursday;1;2023
6150.0;1.0;5.0;Lower Manhattan;72.0;3.25;Bakery;Scone;Ginger Scone;3.25;2023-01-12 06:54:41;6;Thursday;1;2023
6151.0;1.0;5.0;Lower Manhattan;40.0;3.75;Coffee;Barista Espresso;Cappuccino;3.75;2023-01-12 06:55:32;6;Thursday;1;2023
6152.0;2.0;5.0;Lower Manhattan;63.0;0.8;Flavours;Regular syrup;Carmel syrup;1.6;2023-01-12 06:55:32;6;Thursday;1;2023
6153.0;1.0;8.0;Hell's Kitchen;41.0;4.25;Coffee;Barista Espresso;Cappuccino Lg;4.25;2023-01-12 06:56:13;6;Thursday;1;2023
6154.0;2.0;8.0;Hell's Kitchen;84.0;0.8;Flavours;Regular syrup;Chocolate syrup;1.6;2023-01-12 06:56:13;6;Thursday;1;2023
6155.0;1.0;5.0;Lower Manhattan;37.0;3.0;Coffee;Barista Espresso;Espresso shot;3.0;2023-01-12 06:57:55;6;Thursday;1;2023
6156.0;3.0;5.0;Lower Manhattan;65.0;0.8;Flavours;Sugar free syrup;Sugar Free Vanilla syrup;2.4000000000000004;2023-01-12 06:57:55;6;Thursday;1;2023
6157.0;1.0;5.0;Lower Manhattan;78.0;4.5;Bakery;Scone;Scottish Cream Scone ;4.5;2023-01-12 06:57:55;6;Thursday;1;2023
6158.0;1.0;8.0;Hell's Kitchen;46.0;2.5;Tea;Brewed Green tea;Serenity Green Tea Rg;2.5;2023-01-12 07:01:08;7;Thursday;1;2023
6159.0;2.0;3.0;Astoria;60.0;3.75;Drinking Chocolate;Hot chocolate;Sustainably Grown Organic Rg;7.5;2023-01-12 07:02:13;7;Thursday;1;2023
6160.0;2.0;5.0;Lower Manhattan;28.0;2.0;Coffee;Gourmet brewed coffee;Columbian Medium Roast Sm;4.0;2023-01-12 07:05:37;7;Thursday;1;2023
6161.0;1.0;5.0;Lower Manhattan;70.0;3.25;Bakery;Scone;Cranberry Scone;3.25;2023-01-12 07:05:37;7;Thursday;1;2023
6162.0;2.0;5.0;Lower Manhattan;43.0;3.0;Tea;Brewed herbal tea;Lemon Grass Lg;6.0;2023-01-12 07:05:53;7;Thursday;1;2023
6163.0;2.0;8.0;Hell's Kitchen;56.0;2.55;Tea;Brewed Chai tea;Spicy Eye Opener Chai Rg;5.1;2023-01-12 07:06:05;7;Thursday;1;2023
6164.0;1.0;8.0;Hell's Kitchen;73.0;3.75;Bakery;Pastry;Almond Croissant;3.75;2023-01-12 07:06:05;7;Thursday;1;2023
6165.0;1.0;8.0;Hell's Kitchen;45.0;3.0;Tea;Brewed herbal tea;Peppermint Lg;3.0;2023-01-12 07:06:10;7;Thursday;1;2023
6166.0;1.0;5.0;Lower Manhattan;34.0;2.45;Coffee;Premium brewed coffee;Jamaican Coffee River Sm;2.45;2023-01-12 07:07:53;7;Thursday;1;2023
6167.0;1.0;8.0;Hell's Kitchen;59.0;4.5;Drinking Chocolate;Hot chocolate;Dark chocolate Lg;4.5;2023-01-12 07:09:03;7;Thursday;1;2023
6168.0;1.0;5.0;Lower Manhattan;58.0;3.5;Drinking Chocolate;Hot chocolate;Dark chocolate Rg;3.5;2023-01-12 07:09:04;7;Thursday;1;2023
6169.0;1.0;5.0;Lower Manhattan;73.0;3.75;Bakery;Pastry;Almond Croissant;3.75;2023-01-12 07:09:04;7;Thursday;1;2023
6170.0;2.0;3.0;Astoria;25.0;2.2;Coffee;Organic brewed coffee;Brazilian Sm;4.4;2023-01-12 07:09:18;7;Thursday;1;2023
6172.0;2.0;3.0;Astoria;34.0;2.45;Coffee;Premium brewed coffee;Jamaican Coffee River Sm;4.9;2023-01-12 07:10:04;7;Thursday;1;2023
6173.0;2.0;5.0;Lower Manhattan;23.0;2.5;Coffee;Drip coffee;Our Old Time Diner Blend Rg;5.0;2023-01-12 07:10:05;7;Thursday;1;2023
6174.0;1.0;5.0;Lower Manhattan;22.0;2.0;Coffee;Drip coffee;Our Old Time Diner Blend Sm;2.0;2023-01-12 07:11:22;7;Thursday;1;2023
6175.0;1.0;5.0;Lower Manhattan;40.0;3.75;Coffee;Barista Espresso;Cappuccino;3.75;2023-01-12 07:12:08;7;Thursday;1;2023
6176.0;3.0;5.0;Lower Manhattan;64.0;0.8;Flavours;Regular syrup;Hazelnut syrup;2.4000000000000004;2023-01-12 07:12:08;7;Thursday;1;2023
6177.0;2.0;8.0;Hell's Kitchen;38.0;3.75;Coffee;Barista Espresso;Latte;7.5;2023-01-12 07:13:28;7;Thursday;1;2023
6178.0;2.0;8.0;Hell's Kitchen;63.0;0.8;Flavours;Regular syrup;Carmel syrup;1.6;2023-01-12 07:13:28;7;Thursday;1;2023
6179.0;2.0;3.0;Astoria;50.0;2.5;Tea;Brewed Black tea;Earl Grey Rg;5.0;2023-01-12 07:14:03;7;Thursday;1;2023
6180.0;1.0;3.0;Astoria;22.0;2.0;Coffee;Drip coffee;Our Old Time Diner Blend Sm;2.0;2023-01-12 07:15:19;7;Thursday;1;2023
6181.0;1.0;3.0;Astoria;11.0;8.95;Loose Tea;Herbal tea;Lemon Grass;8.95;2023-01-12 07:16:09;7;Thursday;1;2023
6182.0;1.0;3.0;Astoria;49.0;3.0;Tea;Brewed Black tea;English Breakfast Lg;3.0;2023-01-12 07:17:01;7;Thursday;1;2023
6183.0;1.0;8.0;Hell's Kitchen;43.0;3.0;Tea;Brewed herbal tea;Lemon Grass Lg;3.0;2023-01-12 07:18:29;7;Thursday;1;2023
6184.0;1.0;8.0;Hell's Kitchen;61.0;4.75;Drinking Chocolate;Hot chocolate;Sustainably Grown Organic Lg;4.75;2023-01-12 07:20:26;7;Thursday;1;2023
6185.0;1.0;5.0;Lower Manhattan;54.0;2.5;Tea;Brewed Chai tea;Morning Sunrise Chai Rg;2.5;2023-01-12 07:20:56;7;Thursday;1;2023
6186.0;1.0;5.0;Lower Manhattan;60.0;3.75;Drinking Chocolate;Hot chocolate;Sustainably Grown Organic Rg;3.75;2023-01-12 07:22:47;7;Thursday;1;2023
6187.0;1.0;3.0;Astoria;57.0;3.1;Tea;Brewed Chai tea;Spicy Eye Opener Chai Lg;3.1;2023-01-12 07:23:54;7;Thursday;1;2023
6188.0;1.0;5.0;Lower Manhattan;55.0;4.0;Tea;Brewed Chai tea;Morning Sunrise Chai Lg;4.0;2023-01-12 07:25:33;7;Thursday;1;2023
6189.0;2.0;3.0;Astoria;28.0;2.0;Coffee;Gourmet brewed coffee;Columbian Medium Roast Sm;4.0;2023-01-12 07:25:39;7;Thursday;1;2023
6190.0;2.0;3.0;Astoria;34.0;2.45;Coffee;Premium brewed coffee;Jamaican Coffee River Sm;4.9;2023-01-12 07:25:59;7;Thursday;1;2023
6191.0;1.0;3.0;Astoria;71.0;3.75;Bakery;Pastry;Chocolate Croissant;3.75;2023-01-12 07:26:35;7;Thursday;1;2023
6192.0;2.0;5.0;Lower Manhattan;25.0;2.2;Coffee;Organic brewed coffee;Brazilian Sm;4.4;2023-01-12 07:27:53;7;Thursday;1;2023
6193.0;1.0;3.0;Astoria;75.0;3.5;Bakery;Pastry;Croissant;3.5;2023-01-12 07:28:53;7;Thursday;1;2023
6194.0;2.0;3.0;Astoria;23.0;2.5;Coffee;Drip coffee;Our Old Time Diner Blend Rg;5.0;2023-01-12 07:29:25;7;Thursday;1;2023
6195.0;1.0;8.0;Hell's Kitchen;60.0;3.75;Drinking Chocolate;Hot chocolate;Sustainably Grown Organic Rg;3.75;2023-01-12 07:32:51;7;Thursday;1;2023
6196.0;1.0;5.0;Lower Manhattan;33.0;3.5;Coffee;Gourmet brewed coffee;Ethiopia Lg;3.5;2023-01-12 07:34:44;7;Thursday;1;2023
6197.0;1.0;5.0;Lower Manhattan;39.0;4.25;Coffee;Barista Espresso;Latte Rg;4.25;2023-01-12 07:36:17;7;Thursday;1;2023
6198.0;2.0;5.0;Lower Manhattan;63.0;0.8;Flavours;Regular syrup;Carmel syrup;1.6;2023-01-12 07:36:17;7;Thursday;1;2023
6199.0;2.0;5.0;Lower Manhattan;42.0;2.5;Tea;Brewed herbal tea;Lemon Grass Rg;5.0;2023-01-12 07:37:25;7;Thursday;1;2023
6200.0;1.0;5.0;Lower Manhattan;71.0;3.75;Bakery;Pastry;Chocolate Croissant;3.75;2023-01-12 07:37:25;7;Thursday;1;2023
6201.0;2.0;8.0;Hell's Kitchen;34.0;2.45;Coffee;Premium brewed coffee;Jamaican Coffee River Sm;4.9;2023-01-12 07:37:49;7;Thursday;1;2023
6202.0;1.0;8.0;Hell's Kitchen;44.0;2.5;Tea;Brewed herbal tea;Peppermint Rg;2.5;2023-01-12 07:38:21;7;Thursday;1;2023
6203.0;2.0;3.0;Astoria;30.0;3.0;Coffee;Gourmet brewed coffee;Columbian Medium Roast Lg;6.0;2023-01-12 07:40:57;7;Thursday;1;2023
6204.0;1.0;8.0;Hell's Kitchen;71.0;3.75;Bakery;Pastry;Chocolate Croissant;3.75;2023-01-12 07:41:34;7;Thursday;1;2023
6205.0;1.0;8.0;Hell's Kitchen;71.0;3.75;Bakery;Pastry;Chocolate Croissant;3.75;2023-01-12 07:41:34;7;Thursday;1;2023
6206.0;2.0;5.0;Lower Manhattan;48.0;2.5;Tea;Brewed Black tea;English Breakfast Rg;5.0;2023-01-12 07:45:21;7;Thursday;1;2023
6207.0;1.0;8.0;Hell's Kitchen;28.0;2.0;Coffee;Gourmet brewed coffee;Columbian Medium Roast Sm;2.0;2023-01-12 07:45:28;7;Thursday;1;2023
6208.0;2.0;5.0;Lower Manhattan;27.0;3.5;Coffee;Organic brewed coffee;Brazilian Lg;7.0;2023-01-12 07:46:43;7;Thursday;1;2023
6209.0;1.0;5.0;Lower Manhattan;79.0;3.75;Bakery;Scone;Jumbo Savory Scone;3.75;2023-01-12 07:46:43;7;Thursday;1;2023
6210.0;2.0;8.0;Hell's Kitchen;54.0;2.5;Tea;Brewed Chai tea;Morning Sunrise Chai Rg;5.0;2023-01-12 07:49:08;7;Thursday;1;2023
6211.0;1.0;8.0;Hell's Kitchen;87.0;3.0;Coffee;Barista Espresso;Ouro Brasileiro shot;3.0;2023-01-12 07:49:17;7;Thursday;1;2023
6212.0;1.0;5.0;Lower Manhattan;50.0;2.5;Tea;Brewed Black tea;Earl Grey Rg;2.5;2023-01-12 07:49:43;7;Thursday;1;2023
6213.0;1.0;5.0;Lower Manhattan;77.0;3.0;Bakery;Scone;Oatmeal Scone;3.0;2023-01-12 07:49:43;7;Thursday;1;2023
6214.0;1.0;3.0;Astoria;74.0;3.5;Bakery;Biscotti;Ginger Biscotti;3.5;2023-01-12 07:49:59;7;Thursday;1;2023
6215.0;2.0;5.0;Lower Manhattan;49.0;3.0;Tea;Brewed Black tea;English Breakfast Lg;6.0;2023-01-12 07:51:29;7;Thursday;1;2023
6216.0;1.0;5.0;Lower Manhattan;26.0;3.0;Coffee;Organic brewed coffee;Brazilian Rg;3.0;2023-01-12 07:53:18;7;Thursday;1;2023
6217.0;2.0;3.0;Astoria;52.0;2.5;Tea;Brewed Chai tea;Traditional Blend Chai Rg;5.0;2023-01-12 07:54:11;7;Thursday;1;2023
6218.0;2.0;5.0;Lower Manhattan;61.0;4.75;Drinking Chocolate;Hot chocolate;Sustainably Grown Organic Lg;9.5;2023-01-12 07:55:33;7;Thursday;1;2023
6219.0;2.0;8.0;Hell's Kitchen;50.0;2.5;Tea;Brewed Black tea;Earl Grey Rg;5.0;2023-01-12 07:56:16;7;Thursday;1;2023
6220.0;1.0;8.0;Hell's Kitchen;34.0;2.45;Coffee;Premium brewed coffee;Jamaican Coffee River Sm;2.45;2023-01-12 07:57:26;7;Thursday;1;2023
6221.0;1.0;3.0;Astoria;49.0;3.0;Tea;Brewed Black tea;English Breakfast Lg;3.0;2023-01-12 07:59:45;7;Thursday;1;2023
6222.0;2.0;5.0;Lower Manhattan;36.0;3.75;Coffee;Premium brewed coffee;Jamaican Coffee River Lg;7.5;2023-01-12 08:00:33;8;Thursday;1;2023
6223.0;2.0;8.0;Hell's Kitchen;48.0;2.5;Tea;Brewed Black tea;English Breakfast Rg;5.0;2023-01-12 08:01:15;8;Thursday;1;2023
6224.0;1.0;8.0;Hell's Kitchen;78.0;4.5;Bakery;Scone;Scottish Cream Scone ;4.5;2023-01-12 08:01:15;8;Thursday;1;2023
6225.0;1.0;8.0;Hell's Kitchen;71.0;3.75;Bakery;Pastry;Chocolate Croissant;3.75;2023-01-12 08:03:48;8;Thursday;1;2023
6226.0;1.0;8.0;Hell's Kitchen;71.0;3.75;Bakery;Pastry;Chocolate Croissant;3.75;2023-01-12 08:03:48;8;Thursday;1;2023
6227.0;1.0;8.0;Hell's Kitchen;71.0;3.75;Bakery;Pastry;Chocolate Croissant;3.75;2023-01-12 08:03:48;8;Thursday;1;2023
6228.0;1.0;8.0;Hell's Kitchen;27.0;3.5;Coffee;Organic brewed coffee;Brazilian Lg;3.5;2023-01-12 08:04:46;8;Thursday;1;2023
6229.0;2.0;5.0;Lower Manhattan;39.0;4.25;Coffee;Barista Espresso;Latte Rg;8.5;2023-01-12 08:04:51;8;Thursday;1;2023
6230.0;2.0;5.0;Lower Manhattan;63.0;0.8;Flavours;Regular syrup;Carmel syrup;1.6;2023-01-12 08:04:51;8;Thursday;1;2023
6231.0;1.0;3.0;Astoria;69.0;3.25;Bakery;Biscotti;Hazelnut Biscotti;3.25;2023-01-12 08:05:21;8;Thursday;1;2023
6232.0;2.0;5.0;Lower Manhattan;60.0;3.75;Drinking Chocolate;Hot chocolate;Sustainably Grown Organic Rg;7.5;2023-01-12 08:06:04;8;Thursday;1;2023
6233.0;2.0;8.0;Hell's Kitchen;25.0;2.2;Coffee;Organic brewed coffee;Brazilian Sm;4.4;2023-01-12 08:13:50;8;Thursday;1;2023
6234.0;2.0;3.0;Astoria;56.0;2.55;Tea;Brewed Chai tea;Spicy Eye Opener Chai Rg;5.1;2023-01-12 08:14:28;8;Thursday;1;2023
6235.0;1.0;3.0;Astoria;20.0;7.6;Packaged Chocolate;Organic Chocolate;Sustainably Grown Organic;7.6;2023-01-12 08:14:57;8;Thursday;1;2023
6236.0;2.0;8.0;Hell's Kitchen;33.0;3.5;Coffee;Gourmet brewed coffee;Ethiopia Lg;7.0;2023-01-12 08:15:23;8;Thursday;1;2023
6237.0;2.0;3.0;Astoria;29.0;2.5;Coffee;Gourmet brewed coffee;Columbian Medium Roast Rg;5.0;2023-01-12 08:17:03;8;Thursday;1;2023
6238.0;1.0;5.0;Lower Manhattan;52.0;2.5;Tea;Brewed Chai tea;Traditional Blend Chai Rg;2.5;2023-01-12 08:17:52;8;Thursday;1;2023
6239.0;2.0;5.0;Lower Manhattan;37.0;3.0;Coffee;Barista Espresso;Espresso shot;6.0;2023-01-12 08:18:14;8;Thursday;1;2023
6240.0;1.0;5.0;Lower Manhattan;64.0;0.8;Flavours;Regular syrup;Hazelnut syrup;0.8;2023-01-12 08:18:14;8;Thursday;1;2023
6241.0;1.0;8.0;Hell's Kitchen;43.0;3.0;Tea;Brewed herbal tea;Lemon Grass Lg;3.0;2023-01-12 08:18:24;8;Thursday;1;2023
6242.0;2.0;5.0;Lower Manhattan;29.0;2.5;Coffee;Gourmet brewed coffee;Columbian Medium Roast Rg;5.0;2023-01-12 08:18:38;8;Thursday;1;2023
6243.0;1.0;8.0;Hell's Kitchen;22.0;2.0;Coffee;Drip coffee;Our Old Time Diner Blend Sm;2.0;2023-01-12 08:19:48;8;Thursday;1;2023
6244.0;1.0;3.0;Astoria;74.0;3.5;Bakery;Biscotti;Ginger Biscotti;3.5;2023-01-12 08:20:24;8;Thursday;1;2023
6245.0;2.0;8.0;Hell's Kitchen;59.0;4.5;Drinking Chocolate;Hot chocolate;Dark chocolate Lg;9.0;2023-01-12 08:20:56;8;Thursday;1;2023
6246.0;1.0;5.0;Lower Manhattan;53.0;3.0;Tea;Brewed Chai tea;Traditional Blend Chai Lg;3.0;2023-01-12 08:22:24;8;Thursday;1;2023
6247.0;2.0;8.0;Hell's Kitchen;39.0;4.25;Coffee;Barista Espresso;Latte Rg;8.5;2023-01-12 08:24:09;8;Thursday;1;2023
6248.0;1.0;8.0;Hell's Kitchen;65.0;0.8;Flavours;Sugar free syrup;Sugar Free Vanilla syrup;0.8;2023-01-12 08:24:09;8;Thursday;1;2023
6249.0;1.0;3.0;Astoria;23.0;2.5;Coffee;Drip coffee;Our Old Time Diner Blend Rg;2.5;2023-01-12 08:26:12;8;Thursday;1;2023
6250.0;1.0;8.0;Hell's Kitchen;24.0;3.0;Coffee;Drip coffee;Our Old Time Diner Blend Lg;3.0;2023-01-12 08:28:27;8;Thursday;1;2023
6251.0;1.0;3.0;Astoria;57.0;3.1;Tea;Brewed Chai tea;Spicy Eye Opener Chai Lg;3.1;2023-01-12 08:31:34;8;Thursday;1;2023
6252.0;1.0;3.0;Astoria;47.0;3.0;Tea;Brewed Green tea;Serenity Green Tea Lg;3.0;2023-01-12 08:31:46;8;Thursday;1;2023
6253.0;1.0;8.0;Hell's Kitchen;25.0;2.2;Coffee;Organic brewed coffee;Brazilian Sm;2.2;2023-01-12 08:32:50;8;Thursday;1;2023
6254.0;2.0;3.0;Astoria;63.0;0.8;Flavours;Regular syrup;Carmel syrup;1.6;2023-01-12 08:32:54;8;Thursday;1;2023
6255.0;2.0;3.0;Astoria;39.0;4.25;Coffee;Barista Espresso;Latte Rg;8.5;2023-01-12 08:32:54;8;Thursday;1;2023
6256.0;1.0;3.0;Astoria;4.0;20.45;Coffee beans;Espresso Beans;Primo Espresso Roast;20.45;2023-01-12 08:32:54;8;Thursday;1;2023
6257.0;1.0;3.0;Astoria;73.0;3.75;Bakery;Pastry;Almond Croissant;3.75;2023-01-12 08:33:16;8;Thursday;1;2023
6258.0;2.0;8.0;Hell's Kitchen;49.0;3.0;Tea;Brewed Black tea;English Breakfast Lg;6.0;2023-01-12 08:34:27;8;Thursday;1;2023
6259.0;1.0;3.0;Astoria;52.0;2.5;Tea;Brewed Chai tea;Traditional Blend Chai Rg;2.5;2023-01-12 08:35:03;8;Thursday;1;2023
6260.0;2.0;3.0;Astoria;29.0;2.5;Coffee;Gourmet brewed coffee;Columbian Medium Roast Rg;5.0;2023-01-12 08:36:58;8;Thursday;1;2023
6261.0;2.0;3.0;Astoria;59.0;4.5;Drinking Chocolate;Hot chocolate;Dark chocolate Lg;9.0;2023-01-12 08:37:54;8;Thursday;1;2023
6262.0;2.0;5.0;Lower Manhattan;23.0;2.5;Coffee;Drip coffee;Our Old Time Diner Blend Rg;5.0;2023-01-12 08:39:52;8;Thursday;1;2023
6263.0;1.0;5.0;Lower Manhattan;69.0;3.25;Bakery;Biscotti;Hazelnut Biscotti;3.25;2023-01-12 08:39:52;8;Thursday;1;2023
6264.0;1.0;3.0;Astoria;23.0;2.5;Coffee;Drip coffee;Our Old Time Diner Blend Rg;2.5;2023-01-12 08:41:34;8;Thursday;1;2023
6265.0;2.0;8.0;Hell's Kitchen;61.0;4.75;Drinking Chocolate;Hot chocolate;Sustainably Grown Organic Lg;9.5;2023-01-12 08:43:14;8;Thursday;1;2023
6266.0;1.0;3.0;Astoria;12.0;8.95;Loose Tea;Herbal tea;Peppermint;8.95;2023-01-12 08:43:29;8;Thursday;1;2023
6267.0;1.0;3.0;Astoria;84.0;0.8;Flavours;Regular syrup;Chocolate syrup;0.8;2023-01-12 08:45:07;8;Thursday;1;2023
6268.0;1.0;3.0;Astoria;41.0;4.25;Coffee;Barista Espresso;Cappuccino Lg;4.25;2023-01-12 08:45:07;8;Thursday;1;2023
6269.0;1.0;8.0;Hell's Kitchen;46.0;2.5;Tea;Brewed Green tea;Serenity Green Tea Rg;2.5;2023-01-12 08:47:16;8;Thursday;1;2023
6270.0;1.0;3.0;Astoria;34.0;2.45;Coffee;Premium brewed coffee;Jamaican Coffee River Sm;2.45;2023-01-12 08:48:11;8;Thursday;1;2023
6271.0;2.0;5.0;Lower Manhattan;59.0;4.5;Drinking Chocolate;Hot chocolate;Dark chocolate Lg;9.0;2023-01-12 08:48:35;8;Thursday;1;2023
6272.0;1.0;3.0;Astoria;72.0;3.25;Bakery;Scone;Ginger Scone;3.25;2023-01-12 08:49:08;8;Thursday;1;2023
6273.0;2.0;5.0;Lower Manhattan;54.0;2.5;Tea;Brewed Chai tea;Morning Sunrise Chai Rg;5.0;2023-01-12 08:49:11;8;Thursday;1;2023
6274.0;1.0;5.0;Lower Manhattan;40.0;3.75;Coffee;Barista Espresso;Cappuccino;3.75;2023-01-12 08:50:17;8;Thursday;1;2023
6275.0;2.0;5.0;Lower Manhattan;84.0;0.8;Flavours;Regular syrup;Chocolate syrup;1.6;2023-01-12 08:50:17;8;Thursday;1;2023
6276.0;2.0;5.0;Lower Manhattan;39.0;4.25;Coffee;Barista Espresso;Latte Rg;8.5;2023-01-12 08:54:16;8;Thursday;1;2023
6277.0;1.0;5.0;Lower Manhattan;64.0;0.8;Flavours;Regular syrup;Hazelnut syrup;0.8;2023-01-12 08:54:16;8;Thursday;1;2023
6278.0;1.0;5.0;Lower Manhattan;75.0;3.5;Bakery;Pastry;Croissant;3.5;2023-01-12 08:54:16;8;Thursday;1;2023
6279.0;1.0;3.0;Astoria;51.0;3.0;Tea;Brewed Black tea;Earl Grey Lg;3.0;2023-01-12 08:55:51;8;Thursday;1;2023
6280.0;2.0;8.0;Hell's Kitchen;53.0;3.0;Tea;Brewed Chai tea;Traditional Blend Chai Lg;6.0;2023-01-12 08:56:10;8;Thursday;1;2023
6281.0;2.0;3.0;Astoria;31.0;2.2;Coffee;Gourmet brewed coffee;Ethiopia Sm;4.4;2023-01-12 08:56:39;8;Thursday;1;2023
6282.0;2.0;3.0;Astoria;55.0;4.0;Tea;Brewed Chai tea;Morning Sunrise Chai Lg;8.0;2023-01-12 08:58:57;8;Thursday;1;2023
6284.0;2.0;5.0;Lower Manhattan;23.0;2.5;Coffee;Drip coffee;Our Old Time Diner Blend Rg;5.0;2023-01-12 09:01:08;9;Thursday;1;2023
6285.0;1.0;5.0;Lower Manhattan;75.0;3.5;Bakery;Pastry;Croissant;3.5;2023-01-12 09:01:08;9;Thursday;1;2023
6286.0;1.0;5.0;Lower Manhattan;36.0;3.75;Coffee;Premium brewed coffee;Jamaican Coffee River Lg;3.75;2023-01-12 09:02:13;9;Thursday;1;2023
6287.0;2.0;3.0;Astoria;24.0;3.0;Coffee;Drip coffee;Our Old Time Diner Blend Lg;6.0;2023-01-12 09:02:33;9;Thursday;1;2023
6288.0;2.0;3.0;Astoria;36.0;3.75;Coffee;Premium brewed coffee;Jamaican Coffee River Lg;7.5;2023-01-12 09:04:12;9;Thursday;1;2023
6289.0;2.0;3.0;Astoria;60.0;3.75;Drinking Chocolate;Hot chocolate;Sustainably Grown Organic Rg;7.5;2023-01-12 09:07:37;9;Thursday;1;2023
;2.0;;Lower Manhattan;;2.5;Tea;Brewed Green tea;Serenity Green Tea Rg;5.0;2023-01-12 09:07:37;9;Thursday;1;2023
6291.0;2.0;8.0;Hell's Kitchen;54.0;2.5;Tea;Brewed Chai tea;Morning Sunrise Chai Rg;5.0;2023-01-12 09:07:55;9;Thursday;1;2023
6292.0;2.0;3.0;Astoria;26.0;3.0;Coffee;Organic brewed coffee;Brazilian Rg;6.0;2023-01-12 09:08:53;9;Thursday;1;2023
6293.0;1.0;3.0;Astoria;28.0;2.0;Coffee;Gourmet brewed coffee;Columbian Medium Roast Sm;2.0;2023-01-12 09:08:53;9;Thursday;1;2023
6294.0;1.0;5.0;Lower Manhattan;49.0;3.0;Tea;Brewed Black tea;English Breakfast Lg;3.0;2023-01-12 09:08:59;9;Thursday;1;2023
6295.0;1.0;5.0;Lower Manhattan;72.0;3.25;Bakery;Scone;Ginger Scone;3.25;2023-01-12 09:08:59;9;Thursday;1;2023
6296.0;2.0;8.0;Hell's Kitchen;45.0;3.0;Tea;Brewed herbal tea;Peppermint Lg;6.0;2023-01-12 09:10:11;9;Thursday;1;2023
6297.0;2.0;5.0;Lower Manhattan;32.0;3.0;Coffee;Gourmet brewed coffee;Ethiopia Rg;6.0;2023-01-12 09:10:15;9;Thursday;1;2023
6298.0;2.0;5.0;Lower Manhattan;41.0;4.25;Coffee;Barista Espresso;Cappuccino Lg;8.5;2023-01-12 09:10:39;9;Thursday;1;2023
6299.0;3.0;5.0;Lower Manhattan;63.0;0.8;Flavours;Regular syrup;Carmel syrup;2.4000000000000004;2023-01-12 09:10:39;9;Thursday;1;2023
6300.0;1.0;5.0;Lower Manhattan;72.0;3.25;Bakery;Scone;Ginger Scone;3.25;2023-01-12 09:10:39;9;Thursday;1;2023
6301.0;2.0;8.0;Hell's Kitchen;45.0;3.0;Tea;Brewed herbal tea;Peppermint Lg;6.0;2023-01-12 09:10:44;9;Thursday;1;2023
6302.0;2.0;5.0;Lower Manhattan;48.0;2.5;Tea;Brewed Black tea;English Breakfast Rg;5.0;2023-01-12 09:10:51;9;Thursday;1;2023
6303.0;1.0;3.0;Astoria;58.0;3.5;Drinking Chocolate;Hot chocolate;Dark chocolate Rg;3.5;2023-01-12 09:11:53;9;Thursday;1;2023
6304.0;1.0;3.0;Astoria;7.0;19.75;Coffee beans;Premium Beans;Jamacian Coffee River;19.75;2023-01-12 09:11:54;9;Thursday;1;2023
6305.0;1.0;3.0;Astoria;57.0;3.1;Tea;Brewed Chai tea;Spicy Eye Opener Chai Lg;3.1;2023-01-12 09:12:12;9;Thursday;1;2023
6306.0;1.0;8.0;Hell's Kitchen;31.0;2.2;Coffee;Gourmet brewed coffee;Ethiopia Sm;2.2;2023-01-12 09:12:38;9;Thursday;1;2023
6307.0;1.0;8.0;Hell's Kitchen;87.0;3.0;Coffee;Barista Espresso;Ouro Brasileiro shot;3.0;2023-01-12 09:12:53;9;Thursday;1;2023
6308.0;2.0;8.0;Hell's Kitchen;57.0;3.1;Tea;Brewed Chai tea;Spicy Eye Opener Chai Lg;6.2;2023-01-12 09:12:57;9;Thursday;1;2023
6309.0;1.0;8.0;Hell's Kitchen;76.0;3.5;Bakery;Biscotti;Chocolate Chip Biscotti;3.5;2023-01-12 09:12:57;9;Thursday;1;2023
6311.0;1.0;8.0;Hell's Kitchen;76.0;3.5;Bakery;Biscotti;Chocolate Chip Biscotti;3.5;2023-01-12 09:13:14;9;Thursday;1;2023
6312.0;2.0;8.0;Hell's Kitchen;37.0;3.0;Coffee;Barista Espresso;Espresso shot;6.0;2023-01-12 09:14:36;9;Thursday;1;2023
6313.0;2.0;8.0;Hell's Kitchen;42.0;2.5;Tea;Brewed herbal tea;Lemon Grass Rg;5.0;2023-01-12 09:14:52;9;Thursday;1;2023
6314.0;1.0;8.0;Hell's Kitchen;75.0;3.5;Bakery;Pastry;Croissant;3.5;2023-01-12 09:14:52;9;Thursday;1;2023
6315.0;1.0;5.0;Lower Manhattan;54.0;2.5;Tea;Brewed Chai tea;Morning Sunrise Chai Rg;2.5;2023-01-12 09:18:11;9;Thursday;1;2023
6316.0;1.0;3.0;Astoria;25.0;2.2;Coffee;Organic brewed coffee;Brazilian Sm;2.2;2023-01-12 09:19:27;9;Thursday;1;2023
6317.0;2.0;3.0;Astoria;29.0;2.5;Coffee;Gourmet brewed coffee;Columbian Medium Roast Rg;5.0;2023-01-12 09:19:42;9;Thursday;1;2023
6318.0;1.0;3.0;Astoria;71.0;3.75;Bakery;Pastry;Chocolate Croissant;3.75;2023-01-12 09:22:28;9;Thursday;1;2023
;2.0;;Hell's Kitchen;54.0;2.5;Tea;Brewed Chai tea;Morning Sunrise Chai Rg;5.0;2023-01-12 09:25:22;9;Thursday;1;2023
6320.0;1.0;8.0;Hell's Kitchen;41.0;4.25;Coffee;Barista Espresso;Cappuccino Lg;4.25;2023-01-12 09:25:24;9;Thursday;1;2023
6321.0;2.0;8.0;Hell's Kitchen;63.0;0.8;Flavours;Regular syrup;Carmel syrup;1.6;2023-01-12 09:25:24;9;Thursday;1;2023
6322.0;1.0;8.0;Hell's Kitchen;87.0;3.0;Coffee;Barista Espresso;Ouro Brasileiro shot;3.0;2023-01-12 09:26:20;9;Thursday;1;2023
6323.0;1.0;8.0;Hell's Kitchen;72.0;3.25;Bakery;Scone;Ginger Scone;3.25;2023-01-12 09:26:20;9;Thursday;1;2023
6324.0;2.0;3.0;Astoria;32.0;3.0;Coffee;Gourmet brewed coffee;Ethiopia Rg;6.0;2023-01-12 09:26:33;9;Thursday;1;2023
6325.0;1.0;5.0;Lower Manhattan;31.0;2.2;Coffee;Gourmet brewed coffee;Ethiopia Sm;2.2;2023-01-12 09:27:51;9;Thursday;1;2023
6326.0;2.0;3.0;Astoria;52.0;2.5;Tea;Brewed Chai tea;Traditional Blend Chai Rg;5.0;2023-01-12 09:28:24;9;Thursday;1;2023
6327.0;1.0;5.0;Lower Manhattan;26.0;3.0;Coffee;Organic brewed coffee;Brazilian Rg;3.0;2023-01-12 09:28:42;9;Thursday;1;2023
6328.0;1.0;5.0;Lower Manhattan;75.0;3.5;Bakery;Pastry;Croissant;3.5;2023-01-12 09:28:42;9;Thursday;1;2023
6329.0;2.0;3.0;Astoria;27.0;3.5;Coffee;Organic brewed coffee;Brazilian Lg;7.0;2023-01-12 09:29:22;9;Thursday;1;2023
6330.0;1.0;3.0;Astoria;71.0;3.75;Bakery;Pastry;Chocolate Croissant;3.75;2023-01-12 09:33:28;9;Thursday;1;2023
6331.0;1.0;3.0;Astoria;71.0;3.75;Bakery;Pastry;Chocolate Croissant;3.75;2023-01-12 09:36:27;9;Thursday;1;2023
6332.0;2.0;5.0;Lower Manhattan;25.0;2.2;Coffee;Organic brewed coffee;Brazilian Sm;4.4;2023-01-12 09:37:00;9;Thursday;1;2023
6333.0;1.0;5.0;Lower Manhattan;71.0;3.75;Bakery;Pastry;Chocolate Croissant;3.75;2023-01-12 09:37:00;9;Thursday;1;2023
6334.0;2.0;5.0;Lower Manhattan;49.0;3.0;Tea;Brewed Black tea;English Breakfast Lg;6.0;2023-01-12 09:39:10;9;Thursday;1;2023
6336.0;1.0;5.0;Lower Manhattan;24.0;3.0;Coffee;Drip coffee;Our Old Time Diner Blend Lg;3.0;2023-01-12 09:39:20;9;Thursday;1;2023
6337.0;1.0;3.0;Astoria;70.0;3.25;Bakery;Scone;Cranberry Scone;3.25;2023-01-12 09:39:40;9;Thursday;1;2023
6338.0;1.0;5.0;Lower Manhattan;23.0;2.5;Coffee;Drip coffee;Our Old Time Diner Blend Rg;2.5;2023-01-12 09:40:48;9;Thursday;1;2023
6339.0;1.0;5.0;Lower Manhattan;59.0;4.5;Drinking Chocolate;Hot chocolate;Dark chocolate Lg;4.5;2023-01-12 09:42:44;9;Thursday;1;2023
6340.0;1.0;8.0;Hell's Kitchen;59.0;4.5;Drinking Chocolate;Hot chocolate;Dark chocolate Lg;4.5;2023-01-12 09:43:31;9;Thursday;1;2023
6341.0;1.0;8.0;Hell's Kitchen;77.0;3.0;Bakery;Scone;Oatmeal Scone;3.0;2023-01-12 09:43:31;9;Thursday;1;2023
6342.0;1.0;8.0;Hell's Kitchen;40.0;3.75;Coffee;Barista Espresso;Cappuccino;3.75;2023-01-12 09:45:38;9;Thursday;1;2023
6343.0;1.0;5.0;Lower Manhattan;45.0;3.0;Tea;Brewed herbal tea;Peppermint Lg;3.0;2023-01-12 09:45:57;9;Thursday;1;2023
6344.0;1.0;3.0;Astoria;32.0;3.0;Coffee;Gourmet brewed coffee;Ethiopia Rg;3.0;2023-01-12 09:46:34;9;Thursday;1;2023
6345.0;1.0;5.0;Lower Manhattan;34.0;2.45;Coffee;Premium brewed coffee;Jamaican Coffee River Sm;2.45;2023-01-12 09:46:57;9;Thursday;1;2023
6346.0;2.0;3.0;Astoria;27.0;3.5;Coffee;Organic brewed coffee;Brazilian Lg;7.0;2023-01-12 09:48:44;9;Thursday;1;2023
6347.0;2.0;5.0;Lower Manhattan;27.0;3.5;Coffee;Organic brewed coffee;Brazilian Lg;7.0;2023-01-12 09:49:28;9;Thursday;1;2023
6348.0;2.0;8.0;Hell's Kitchen;43.0;3.0;Tea;Brewed herbal tea;Lemon Grass Lg;6.0;2023-01-12 09:52:14;9;Thursday;1;2023
6349.0;1.0;8.0;Hell's Kitchen;34.0;2.45;Coffee;Premium brewed coffee;Jamaican Coffee River Sm;2.45;2023-01-12 09:53:00;9;Thursday;1;2023
6350.0;2.0;5.0;Lower Manhattan;56.0;2.55;Tea;Brewed Chai tea;Spicy Eye Opener Chai Rg;5.1;2023-01-12 09:54:31;9;Thursday;1;2023
6351.0;1.0;5.0;Lower Manhattan;61.0;4.75;Drinking Chocolate;Hot chocolate;Sustainably Grown Organic Lg;4.75;2023-01-12 09:54:34;9;Thursday;1;2023
6352.0;1.0;3.0;Astoria;63.0;0.8;Flavours;Regular syrup;Carmel syrup;0.8;2023-01-12 09:56:50;9;Thursday;1;2023
6354.0;2.0;5.0;Lower Manhattan;60.0;3.75;Drinking Chocolate;Hot chocolate;Sustainably Grown Organic Rg;7.5;2023-01-12 09:56:54;9;Thursday;1;2023
6355.0;1.0;3.0;Astoria;79.0;3.75;Bakery;Scone;Jumbo Savory Scone;3.75;2023-01-12 09:58:53;9;Thursday;1;2023
6356.0;1.0;3.0;Astoria;43.0;3.0;Tea;Brewed herbal tea;Lemon Grass Lg;3.0;2023-01-12 09:59:19;9;Thursday;1;2023
6357.0;1.0;5.0;Lower Manhattan;44.0;2.5;Tea;Brewed herbal tea;Peppermint Rg;2.5;2023-01-12 10:01:08;10;Thursday;1;2023
6358.0;1.0;5.0;Lower Manhattan;71.0;3.75;Bakery;Pastry;Chocolate Croissant;3.75;2023-01-12 10:01:08;10;Thursday;1;2023
6359.0;1.0;8.0;Hell's Kitchen;48.0;2.5;Tea;Brewed Black tea;English Breakfast Rg;2.5;2023-01-12 10:02:44;10;Thursday;1;2023
6360.0;1.0;8.0;Hell's Kitchen;29.0;2.5;Coffee;Gourmet brewed coffee;Columbian Medium Roast Rg;2.5;2023-01-12 10:02:59;10;Thursday;1;2023
6361.0;1.0;8.0;Hell's Kitchen;57.0;3.1;Tea;Brewed Chai tea;Spicy Eye Opener Chai Lg;3.1;2023-01-12 10:03:01;10;Thursday;1;2023
6363.0;2.0;5.0;Lower Manhattan;64.0;0.8;Flavours;Regular syrup;Hazelnut syrup;1.6;2023-01-12 10:03:37;10;Thursday;1;2023
6364.0;1.0;5.0;Lower Manhattan;79.0;3.75;Bakery;Scone;Jumbo Savory Scone;3.75;2023-01-12 10:03:37;10;Thursday;1;2023
6365.0;2.0;5.0;Lower Manhattan;48.0;2.5;Tea;Brewed Black tea;English Breakfast Rg;5.0;2023-01-12 10:03:42;10;Thursday;1;2023
6366.0;1.0;5.0;Lower Manhattan;20.0;7.6;Packaged Chocolate;Organic Chocolate;Sustainably Grown Organic;7.6;2023-01-12 10:03:42;10;Thursday;1;2023
6367.0;1.0;3.0;Astoria;46.0;2.5;Tea;Brewed Green tea;Serenity Green Tea Rg;2.5;2023-01-12 10:03:48;10;Thursday;1;2023
6368.0;2.0;3.0;Astoria;54.0;2.5;Tea;Brewed Chai tea;Morning Sunrise Chai Rg;5.0;2023-01-12 10:05:25;10;Thursday;1;2023
6369.0;2.0;3.0;Astoria;36.0;3.75;Coffee;Premium brewed coffee;Jamaican Coffee River Lg;7.5;2023-01-12 10:05:54;10;Thursday;1;2023
6370.0;1.0;3.0;Astoria;47.0;3.0;Tea;Brewed Green tea;Serenity Green Tea Lg;3.0;2023-01-12 10:07:11;10;Thursday;1;2023
6371.0;1.0;8.0;Hell's Kitchen;50.0;2.5;Tea;Brewed Black tea;Earl Grey Rg;2.5;2023-01-12 10:10:25;10;Thursday;1;2023
6372.0;1.0;8.0;Hell's Kitchen;22.0;2.0;Coffee;Drip coffee;Our Old Time Diner Blend Sm;2.0;2023-01-12 10:10:28;10;Thursday;1;2023
6373.0;1.0;8.0;Hell's Kitchen;78.0;4.5;Bakery;Scone;Scottish Cream Scone ;4.5;2023-01-12 10:10:28;10;Thursday;1;2023
6374.0;1.0;5.0;Lower Manhattan;27.0;3.5;Coffee;Organic brewed coffee;Brazilian Lg;3.5;2023-01-12 10:11:11;10;Thursday;1;2023
6375.0;2.0;3.0;Astoria;59.0;4.5;Drinking Chocolate;Hot chocolate;Dark chocolate Lg;9.0;2023-01-12 10:13:54;10;Thursday;1;2023
6376.0;1.0;8.0;Hell's Kitchen;38.0;3.75;Coffee;Barista Espresso;Latte;3.75;2023-01-12 10:14:05;10;Thursday;1;2023
6377.0;2.0;8.0;Hell's Kitchen;63.0;0.8;Flavours;Regular syrup;Carmel syrup;1.6;2023-01-12 10:14:05;10;Thursday;1;2023
6378.0;2.0;8.0;Hell's Kitchen;25.0;2.2;Coffee;Organic brewed coffee;Brazilian Sm;4.4;2023-01-12 10:15:40;10;Thursday;1;2023
6379.0;2.0;3.0;Astoria;42.0;2.5;Tea;Brewed herbal tea;Lemon Grass Rg;5.0;2023-01-12 10:16:27;10;Thursday;1;2023
6380.0;1.0;5.0;Lower Manhattan;60.0;3.75;Drinking Chocolate;Hot chocolate;Sustainably Grown Organic Rg;3.75;2023-01-12 10:17:30;10;Thursday;1;2023
6381.0;1.0;5.0;Lower Manhattan;18.0;10.95;Loose Tea;Chai tea;Spicy Eye Opener Chai;10.95;2023-01-12 10:17:30;10;Thursday;1;2023
6382.0;2.0;5.0;Lower Manhattan;22.0;2.0;Coffee;Drip coffee;Our Old Time Diner Blend Sm;4.0;2023-01-12 10:17:52;10;Thursday;1;2023
6383.0;1.0;5.0;Lower Manhattan;74.0;3.5;Bakery;Biscotti;Ginger Biscotti;3.5;2023-01-12 10:17:52;10;Thursday;1;2023
6384.0;1.0;3.0;Astoria;54.0;2.5;Tea;Brewed Chai tea;Morning Sunrise Chai Rg;2.5;2023-01-12 10:18:14;10;Thursday;1;2023
6385.0;1.0;3.0;Astoria;69.0;3.25;Bakery;Biscotti;Hazelnut Biscotti;3.25;2023-01-12 10:20:51;10;Thursday;1;2023
6386.0;1.0;3.0;Astoria;71.0;3.75;Bakery;Pastry;Chocolate Croissant;3.75;2023-01-12 10:24:37;10;Thursday;1;2023
6387.0;2.0;3.0;Astoria;47.0;3.0;Tea;Brewed Green tea;Serenity Green Tea Lg;6.0;2023-01-12 10:24:44;10;Thursday;1;2023
6388.0;1.0;5.0;Lower Manhattan;55.0;4.0;Tea;Brewed Chai tea;Morning Sunrise Chai Lg;4.0;2023-01-12 10:24:49;10;Thursday;1;2023
6389.0;1.0;5.0;Lower Manhattan;75.0;3.5;Bakery;Pastry;Croissant;3.5;2023-01-12 10:24:49;10;Thursday;1;2023
6391.0;2.0;8.0;Hell's Kitchen;84.0;0.8;Flavours;Regular syrup;Chocolate syrup;1.6;2023-01-12 10:27:14;10;Thursday;1;2023
6392.0;2.0;5.0;Lower Manhattan;51.0;3.0;Tea;Brewed Black tea;Earl Grey Lg;6.0;2023-01-12 10:27:58;10;Thursday;1;2023
6393.0;2.0;8.0;Hell's Kitchen;52.0;2.5;Tea;Brewed Chai tea;Traditional Blend Chai Rg;5.0;2023-01-12 10:28:40;10;Thursday;1;2023
6394.0;2.0;5.0;Lower Manhattan;52.0;2.5;Tea;Brewed Chai tea;Traditional Blend Chai Rg;5.0;2023-01-12 10:29:49;10;Thursday;1;2023
6396.0;2.0;8.0;Hell's Kitchen;54.0;2.5;Tea;Brewed Chai tea;Morning Sunrise Chai Rg;5.0;2023-01-12 10:32:56;10;Thursday;1;2023
6397.0;1.0;5.0;Lower Manhattan;35.0;3.1;Coffee;Premium brewed coffee;Jamaican Coffee River Rg;3.1;2023-01-12 10:34:53;10;Thursday;1;2023
6398.0;1.0;3.0;Astoria;70.0;3.25;Bakery;Scone;Cranberry Scone;3.25;2023-01-12 10:34:58;10;Thursday;1;2023
6399.0;2.0;3.0;Astoria;84.0;0.8;Flavours;Regular syrup;Chocolate syrup;1.6;2023-01-12 10:35:51;10;Thursday;1;2023
6400.0;2.0;3.0;Astoria;41.0;4.25;Coffee;Barista Espresso;Cappuccino Lg;8.5;2023-01-12 10:35:51;10;Thursday;1;2023
6401.0;1.0;3.0;Astoria;71.0;3.75;Bakery;Pastry;Chocolate Croissant;3.75;2023-01-12 10:35:54;10;Thursday;1;2023
6402.0;1.0;3.0;Astoria;71.0;3.75;Bakery;Pastry;Chocolate Croissant;3.75;2023-01-12 10:39:01;10;Thursday;1;2023
6403.0;1.0;3.0;Astoria;31.0;2.2;Coffee;Gourmet brewed coffee;Ethiopia Sm;2.2;2023-01-12 10:40:17;10;Thursday;1;2023
6404.0;2.0;5.0;Lower Manhattan;60.0;3.75;Drinking Chocolate;Hot chocolate;Sustainably Grown Organic Rg;7.5;2023-01-12 10:40:37;10;Thursday;1;2023
6405.0;2.0;5.0;Lower Manhattan;57.0;3.1;Tea;Brewed Chai tea;Spicy Eye Opener Chai Lg;6.2;2023-01-12 10:41:07;10;Thursday;1;2023
6406.0;1.0;5.0;Lower Manhattan;78.0;4.5;Bakery;Scone;Scottish Cream Scone ;4.5;2023-01-12 10:41:07;10;Thursday;1;2023
6407.0;1.0;5.0;Lower Manhattan;48.0;2.5;Tea;Brewed Black tea;English Breakfast Rg;2.5;2023-01-12 10:41:26;10;Thursday;1;2023
6408.0;2.0;8.0;Hell's Kitchen;23.0;2.5;Coffee;Drip coffee;Our Old Time Diner Blend Rg;5.0;2023-01-12 10:43:29;10;Thursday;1;2023
6409.0;2.0;5.0;Lower Manhattan;38.0;3.75;Coffee;Barista Espresso;Latte;7.5;2023-01-12 10:44:30;10;Thursday;1;2023
6410.0;2.0;5.0;Lower Manhattan;84.0;0.8;Flavours;Regular syrup;Chocolate syrup;1.6;2023-01-12 10:44:30;10;Thursday;1;2023
6411.0;1.0;3.0;Astoria;76.0;3.5;Bakery;Biscotti;Chocolate Chip Biscotti;3.5;2023-01-12 10:44:46;10;Thursday;1;2023
6412.0;2.0;5.0;Lower Manhattan;50.0;2.5;Tea;Brewed Black tea;Earl Grey Rg;5.0;2023-01-12 10:45:46;10;Thursday;1;2023
6413.0;1.0;5.0;Lower Manhattan;69.0;3.25;Bakery;Biscotti;Hazelnut Biscotti;3.25;2023-01-12 10:45:46;10;Thursday;1;2023
6414.0;1.0;8.0;Hell's Kitchen;24.0;3.0;Coffee;Drip coffee;Our Old Time Diner Blend Lg;3.0;2023-01-12 10:45:53;10;Thursday;1;2023
6415.0;2.0;8.0;Hell's Kitchen;42.0;2.5;Tea;Brewed herbal tea;Lemon Grass Rg;5.0;2023-01-12 10:45:57;10;Thursday;1;2023
6416.0;1.0;5.0;Lower Manhattan;60.0;3.75;Drinking Chocolate;Hot chocolate;Sustainably Grown Organic Rg;3.75;2023-01-12 10:47:26;10;Thursday;1;2023
6417.0;2.0;3.0;Astoria;31.0;2.2;Coffee;Gourmet brewed coffee;Ethiopia Sm;4.4;2023-01-12 10:48:32;10;Thursday;1;2023
6418.0;1.0;5.0;Lower Manhattan;29.0;2.5;Coffee;Gourmet brewed coffee;Columbian Medium Roast Rg;2.5;2023-01-12 10:49:50;10;Thursday;1;2023
6419.0;2.0;5.0;Lower Manhattan;29.0;2.5;Coffee;Gourmet brewed coffee;Columbian Medium Roast Rg;5.0;2023-01-12 10:54:38;10;Thursday;1;2023
6420.0;2.0;5.0;Lower Manhattan;33.0;3.5;Coffee;Gourmet brewed coffee;Ethiopia Lg;7.0;2023-01-12 10:54:49;10;Thursday;1;2023
6421.0;2.0;5.0;Lower Manhattan;46.0;2.5;Tea;Brewed Green tea;Serenity Green Tea Rg;5.0;2023-01-12 10:55:31;10;Thursday;1;2023
6422.0;2.0;3.0;Astoria;52.0;2.5;Tea;Brewed Chai tea;Traditional Blend Chai Rg;5.0;2023-01-12 10:57:02;10;Thursday;1;2023
6423.0;1.0;3.0;Astoria;75.0;3.5;Bakery;Pastry;Croissant;3.5;2023-01-12 10:57:53;10;Thursday;1;2023
6424.0;1.0;8.0;Hell's Kitchen;25.0;2.2;Coffee;Organic brewed coffee;Brazilian Sm;2.2;2023-01-12 10:58:18;10;Thursday;1;2023
6425.0;1.0;8.0;Hell's Kitchen;37.0;3.0;Coffee;Barista Espresso;Espresso shot;3.0;2023-01-12 10:59:00;10;Thursday;1;2023
6426.0;1.0;8.0;Hell's Kitchen;84.0;0.8;Flavours;Regular syrup;Chocolate syrup;0.8;2023-01-12 10:59:00;10;Thursday;1;2023
6427.0;2.0;3.0;Astoria;54.0;2.5;Tea;Brewed Chai tea;Morning Sunrise Chai Rg;5.0;2023-01-12 11:03:07;11;Thursday;1;2023
6428.0;2.0;3.0;Astoria;50.0;2.5;Tea;Brewed Black tea;Earl Grey Rg;5.0;2023-01-12 11:06:01;11;Thursday;1;2023
6429.0;2.0;8.0;Hell's Kitchen;23.0;2.5;Coffee;Drip coffee;Our Old Time Diner Blend Rg;5.0;2023-01-12 11:09:57;11;Thursday;1;2023
6430.0;1.0;8.0;Hell's Kitchen;41.0;4.25;Coffee;Barista Espresso;Cappuccino Lg;4.25;2023-01-12 11:11:30;11;Thursday;1;2023
6431.0;2.0;8.0;Hell's Kitchen;84.0;0.8;Flavours;Regular syrup;Chocolate syrup;1.6;2023-01-12 11:11:30;11;Thursday;1;2023
6432.0;1.0;8.0;Hell's Kitchen;37.0;3.0;Coffee;Barista Espresso;Espresso shot;3.0;2023-01-12 11:11:41;11;Thursday;1;2023
6433.0;1.0;8.0;Hell's Kitchen;64.0;0.8;Flavours;Regular syrup;Hazelnut syrup;0.8;2023-01-12 11:11:41;11;Thursday;1;2023
6434.0;2.0;8.0;Hell's Kitchen;24.0;3.0;Coffee;Drip coffee;Our Old Time Diner Blend Lg;6.0;2023-01-12 11:14:37;11;Thursday;1;2023
6435.0;2.0;5.0;Lower Manhattan;26.0;3.0;Coffee;Organic brewed coffee;Brazilian Rg;6.0;2023-01-12 11:15:05;11;Thursday;1;2023
6436.0;2.0;8.0;Hell's Kitchen;26.0;3.0;Coffee;Organic brewed coffee;Brazilian Rg;6.0;2023-01-12 11:16:08;11;Thursday;1;2023
6437.0;2.0;3.0;Astoria;52.0;2.5;Tea;Brewed Chai tea;Traditional Blend Chai Rg;5.0;2023-01-12 11:18:24;11;Thursday;1;2023
6438.0;1.0;8.0;Hell's Kitchen;42.0;2.5;Tea;Brewed herbal tea;Lemon Grass Rg;2.5;2023-01-12 11:24:52;11;Thursday;1;2023
6439.0;1.0;8.0;Hell's Kitchen;52.0;2.5;Tea;Brewed Chai tea;Traditional Blend Chai Rg;2.5;2023-01-12 11:29:22;11;Thursday;1;2023
6440.0;2.0;5.0;Lower Manhattan;48.0;2.5;Tea;Brewed Black tea;English Breakfast Rg;5.0;2023-01-12 11:29:42;11;Thursday;1;2023
6441.0;1.0;5.0;Lower Manhattan;72.0;3.25;Bakery;Scone;Ginger Scone;3.25;2023-01-12 11:29:42;11;Thursday;1;2023
6442.0;2.0;5.0;Lower Manhattan;27.0;3.5;Coffee;Organic brewed coffee;Brazilian Lg;7.0;2023-01-12 11:29:50;11;Thursday;1;2023
6443.0;1.0;8.0;Hell's Kitchen;59.0;4.5;Drinking Chocolate;Hot chocolate;Dark chocolate Lg;4.5;2023-01-12 11:34:12;11;Thursday;1;2023
6444.0;2.0;3.0;Astoria;35.0;3.1;Coffee;Premium brewed coffee;Jamaican Coffee River Rg;6.2;2023-01-12 11:38:24;11;Thursday;1;2023
6445.0;1.0;3.0;Astoria;46.0;2.5;Tea;Brewed Green tea;Serenity Green Tea Rg;2.5;2023-01-12 11:40:32;11;Thursday;1;2023
6446.0;1.0;3.0;Astoria;23.0;2.5;Coffee;Drip coffee;Our Old Time Diner Blend Rg;2.5;2023-01-12 11:42:53;11;Thursday;1;2023
6447.0;1.0;8.0;Hell's Kitchen;34.0;2.45;Coffee;Premium brewed coffee;Jamaican Coffee River Sm;2.45;2023-01-12 11:51:22;11;Thursday;1;2023
6448.0;1.0;5.0;Lower Manhattan;41.0;4.25;Coffee;Barista Espresso;Cappuccino Lg;4.25;2023-01-12 11:51:38;11;Thursday;1;2023
6449.0;3.0;5.0;Lower Manhattan;84.0;0.8;Flavours;Regular syrup;Chocolate syrup;2.4000000000000004;2023-01-12 11:51:38;11;Thursday;1;2023
6450.0;2.0;8.0;Hell's Kitchen;37.0;3.0;Coffee;Barista Espresso;Espresso shot;6.0;2023-01-12 11:54:25;11;Thursday;1;2023
6452.0;2.0;3.0;Astoria;26.0;3.0;Coffee;Organic brewed coffee;Brazilian Rg;6.0;2023-01-12 11:57:58;11;Thursday;1;2023
6453.0;2.0;5.0;Lower Manhattan;37.0;3.0;Coffee;Barista Espresso;Espresso shot;6.0;2023-01-12 11:59:11;11;Thursday;1;2023
6454.0;2.0;5.0;Lower Manhattan;65.0;0.8;Flavours;Sugar free syrup;Sugar Free Vanilla syrup;1.6;2023-01-12 11:59:11;11;Thursday;1;2023
6455.0;2.0;8.0;Hell's Kitchen;56.0;2.55;Tea;Brewed Chai tea;Spicy Eye Opener Chai Rg;5.1;2023-01-12 12:03:30;12;Thursday;1;2023
6456.0;1.0;8.0;Hell's Kitchen;44.0;2.5;Tea;Brewed herbal tea;Peppermint Rg;2.5;2023-01-12 12:04:56;12;Thursday;1;2023
6457.0;1.0;3.0;Astoria;77.0;3.0;Bakery;Scone;Oatmeal Scone;3.0;2023-01-12 12:10:14;12;Thursday;1;2023
6458.0;2.0;8.0;Hell's Kitchen;49.0;3.0;Tea;Brewed Black tea;English Breakfast Lg;6.0;2023-01-12 12:12:50;12;Thursday;1;2023
6459.0;1.0;8.0;Hell's Kitchen;53.0;3.0;Tea;Brewed Chai tea;Traditional Blend Chai Lg;3.0;2023-01-12 12:24:29;12;Thursday;1;2023
6460.0;1.0;8.0;Hell's Kitchen;71.0;3.75;Bakery;Pastry;Chocolate Croissant;3.75;2023-01-12 12:24:29;12;Thursday;1;2023
6461.0;2.0;5.0;Lower Manhattan;34.0;2.45;Coffee;Premium brewed coffee;Jamaican Coffee River Sm;4.9;2023-01-12 12:29:45;12;Thursday;1;2023
6462.0;2.0;8.0;Hell's Kitchen;47.0;3.0;Tea;Brewed Green tea;Serenity Green Tea Lg;6.0;2023-01-12 12:33:45;12;Thursday;1;2023
6465.0;1.0;8.0;Hell's Kitchen;56.0;2.55;Tea;Brewed Chai tea;Spicy Eye Opener Chai Rg;2.55;2023-01-12 12:39:54;12;Thursday;1;2023
;2.0;8.0;Hell's Kitchen;;2.5;Tea;Brewed herbal tea;Peppermint Rg;5.0;2023-01-12 12:50:22;12;Thursday;1;2023
6467.0;1.0;8.0;Hell's Kitchen;78.0;4.5;Bakery;Scone;Scottish Cream Scone ;4.5;2023-01-12 12:50:22;12;Thursday;1;2023
6468.0;1.0;5.0;Lower Manhattan;53.0;3.0;Tea;Brewed Chai tea;Traditional Blend Chai Lg;3.0;2023-01-12 12:53:06;12;Thursday;1;2023
6469.0;1.0;5.0;Lower Manhattan;76.0;3.5;Bakery;Biscotti;Chocolate Chip Biscotti;3.5;2023-01-12 12:53:06;12;Thursday;1;2023
6470.0;2.0;5.0;Lower Manhattan;46.0;2.5;Tea;Brewed Green tea;Serenity Green Tea Rg;5.0;2023-01-12 12:57:02;12;Thursday;1;2023
6471.0;1.0;5.0;Lower Manhattan;42.0;2.5;Tea;Brewed herbal tea;Lemon Grass Rg;2.5;2023-01-12 12:58:31;12;Thursday;1;2023
6472.0;1.0;3.0;Astoria;46.0;2.5;Tea;Brewed Green tea;Serenity Green Tea Rg;2.5;2023-01-12 13:01:55;13;Thursday;1;2023
6473.0;1.0;5.0;Lower Manhattan;25.0;2.2;Coffee;Organic brewed coffee;Brazilian Sm;2.2;2023-01-12 13:06:36;13;Thursday;1;2023
6474.0;1.0;5.0;Lower Manhattan;76.0;3.5;Bakery;Biscotti;Chocolate Chip Biscotti;3.5;2023-01-12 13:06:36;13;Thursday;1;2023
6475.0;1.0;5.0;Lower Manhattan;48.0;2.5;Tea;Brewed Black tea;English Breakfast Rg;2.5;2023-01-12 13:08:11;13;Thursday;1;2023
6476.0;2.0;8.0;Hell's Kitchen;37.0;3.0;Coffee;Barista Espresso;Espresso shot;6.0;2023-01-12 13:09:43;13;Thursday;1;2023
6478.0;2.0;8.0;Hell's Kitchen;44.0;2.5;Tea;Brewed herbal tea;Peppermint Rg;5.0;2023-01-12 13:13:13;13;Thursday;1;2023
6480.0;1.0;3.0;Astoria;60.0;3.75;Drinking Chocolate;Hot chocolate;Sustainably Grown Organic Rg;3.75;2023-01-12 13:19:20;13;Thursday;1;2023
6481.0;2.0;8.0;Hell's Kitchen;58.0;3.5;Drinking Chocolate;Hot chocolate;Dark chocolate Rg;7.0;2023-01-12 13:30:06;13;Thursday;1;2023
6482.0;1.0;5.0;Lower Manhattan;46.0;2.5;Tea;Brewed Green tea;Serenity Green Tea Rg;2.5;2023-01-12 13:30:32;13;Thursday;1;2023
6483.0;2.0;5.0;Lower Manhattan;60.0;3.75;Drinking Chocolate;Hot chocolate;Sustainably Grown Organic Rg;7.5;2023-01-12 13:30:46;13;Thursday;1;2023
6484.0;1.0;5.0;Lower Manhattan;75.0;3.5;Bakery;Pastry;Croissant;3.5;2023-01-12 13:30:46;13;Thursday;1;2023
6485.0;2.0;3.0;Astoria;29.0;2.5;Coffee;Gourmet brewed coffee;Columbian Medium Roast Rg;5.0;2023-01-12 13:33:30;13;Thursday;1;2023
6486.0;1.0;8.0;Hell's Kitchen;57.0;3.1;Tea;Brewed Chai tea;Spicy Eye Opener Chai Lg;3.1;2023-01-12 13:34:48;13;Thursday;1;2023
6487.0;1.0;8.0;Hell's Kitchen;74.0;3.5;Bakery;Biscotti;Ginger Biscotti;3.5;2023-01-12 13:34:48;13;Thursday;1;2023
6488.0;2.0;3.0;Astoria;32.0;3.0;Coffee;Gourmet brewed coffee;Ethiopia Rg;6.0;2023-01-12 13:35:12;13;Thursday;1;2023
6489.0;1.0;3.0;Astoria;69.0;3.25;Bakery;Biscotti;Hazelnut Biscotti;3.25;2023-01-12 13:38:26;13;Thursday;1;2023
6490.0;1.0;3.0;Astoria;15.0;9.25;Loose Tea;Green tea;Serenity Green Tea;9.25;2023-01-12 13:38:26;13;Thursday;1;2023
;1.0;;Hell's Kitchen;;3.75;Drinking Chocolate;Hot chocolate;Sustainably Grown Organic Rg;3.75;2023-01-12 13:40:40;13;Thursday;1;2023
6492.0;1.0;8.0;Hell's Kitchen;74.0;3.5;Bakery;Biscotti;Ginger Biscotti;3.5;2023-01-12 13:40:40;13;Thursday;1;2023
6493.0;2.0;5.0;Lower Manhattan;30.0;3.0;Coffee;Gourmet brewed coffee;Columbian Medium Roast Lg;6.0;2023-01-12 13:42:08;13;Thursday;1;2023
6494.0;1.0;8.0;Hell's Kitchen;39.0;4.25;Coffee;Barista Espresso;Latte Rg;4.25;2023-01-12 13:47:12;13;Thursday;1;2023
6495.0;1.0;8.0;Hell's Kitchen;29.0;2.5;Coffee;Gourmet brewed coffee;Columbian Medium Roast Rg;2.5;2023-01-12 13:48:35;13;Thursday;1;2023
6496.0;1.0;3.0;Astoria;46.0;2.5;Tea;Brewed Green tea;Serenity Green Tea Rg;2.5;2023-01-12 13:57:34;13;Thursday;1;2023
6497.0;1.0;5.0;Lower Manhattan;42.0;2.5;Tea;Brewed herbal tea;Lemon Grass Rg;2.5;2023-01-12 13:57:52;13;Thursday;1;2023
6498.0;2.0;5.0;Lower Manhattan;46.0;2.5;Tea;Brewed Green tea;Serenity Green Tea Rg;5.0;2023-01-12 13:59:41;13;Thursday;1;2023
6499.0;2.0;3.0;Astoria;27.0;3.5;Coffee;Organic brewed coffee;Brazilian Lg;7.0;2023-01-12 14:07:45;14;Thursday;1;2023
6500.0;2.0;5.0;Lower Manhattan;27.0;3.5;Coffee;Organic brewed coffee;Brazilian Lg;7.0;2023-01-12 14:07:52;14;Thursday;1;2023
6501.0;1.0;5.0;Lower Manhattan;69.0;3.25;Bakery;Biscotti;Hazelnut Biscotti;3.25;2023-01-12 14:07:52;14;Thursday;1;2023
6503.0;1.0;3.0;Astoria;79.0;3.75;Bakery;Scone;Jumbo Savory Scone;3.75;2023-01-12 14:16:18;14;Thursday;1;2023
6504.0;1.0;5.0;Lower Manhattan;23.0;2.5;Coffee;Drip coffee;Our Old Time Diner Blend Rg;2.5;2023-01-12 14:17:58;14;Thursday;1;2023
6505.0;1.0;3.0;Astoria;64.0;0.8;Flavours;Regular syrup;Hazelnut syrup;0.8;2023-01-12 14:18:29;14;Thursday;1;2023
6506.0;1.0;3.0;Astoria;71.0;3.75;Bakery;Pastry;Chocolate Croissant;3.75;2023-01-12 14:18:29;14;Thursday;1;2023
6507.0;1.0;3.0;Astoria;39.0;4.25;Coffee;Barista Espresso;Latte Rg;4.25;2023-01-12 14:18:29;14;Thursday;1;2023
6508.0;1.0;5.0;Lower Manhattan;51.0;3.0;Tea;Brewed Black tea;Earl Grey Lg;3.0;2023-01-12 14:24:12;14;Thursday;1;2023
6509.0;2.0;5.0;Lower Manhattan;60.0;3.75;Drinking Chocolate;Hot chocolate;Sustainably Grown Organic Rg;7.5;2023-01-12 14:24:25;14;Thursday;1;2023
6510.0;1.0;5.0;Lower Manhattan;69.0;3.25;Bakery;Biscotti;Hazelnut Biscotti;3.25;2023-01-12 14:24:25;14;Thursday;1;2023
6511.0;1.0;8.0;Hell's Kitchen;26.0;3.0;Coffee;Organic brewed coffee;Brazilian Rg;3.0;2023-01-12 14:26:06;14;Thursday;1;2023
6512.0;2.0;5.0;Lower Manhattan;37.0;3.0;Coffee;Barista Espresso;Espresso shot;6.0;2023-01-12 14:26:22;14;Thursday;1;2023
6513.0;2.0;5.0;Lower Manhattan;65.0;0.8;Flavours;Sugar free syrup;Sugar Free Vanilla syrup;1.6;2023-01-12 14:26:22;14;Thursday;1;2023
6514.0;1.0;5.0;Lower Manhattan;72.0;3.25;Bakery;Scone;Ginger Scone;3.25;2023-01-12 14:26:22;14;Thursday;1;2023
6515.0;1.0;5.0;Lower Manhattan;3.0;14.75;Coffee beans;Espresso Beans;Espresso Roast;14.75;2023-01-12 14:26:22;14;Thursday;1;2023
6516.0;2.0;8.0;Hell's Kitchen;56.0;2.55;Tea;Brewed Chai tea;Spicy Eye Opener Chai Rg;5.1;2023-01-12 14:29:25;14;Thursday;1;2023
6517.0;1.0;8.0;Hell's Kitchen;82.0;12.0;Branded;Housewares;I Need My Bean! Diner mug;12.0;2023-01-12 14:29:25;14;Thursday;1;2023
6518.0;1.0;8.0;Hell's Kitchen;34.0;2.45;Coffee;Premium brewed coffee;Jamaican Coffee River Sm;2.45;2023-01-12 14:30:54;14;Thursday;1;2023
6519.0;1.0;5.0;Lower Manhattan;32.0;3.0;Coffee;Gourmet brewed coffee;Ethiopia Rg;3.0;2023-01-12 14:36:22;14;Thursday;1;2023
6520.0;2.0;8.0;Hell's Kitchen;48.0;2.5;Tea;Brewed Black tea;English Breakfast Rg;5.0;2023-01-12 14:38:40;14;Thursday;1;2023
6521.0;2.0;5.0;Lower Manhattan;36.0;3.75;Coffee;Premium brewed coffee;Jamaican Coffee River Lg;7.5;2023-01-12 14:39:43;14;Thursday;1;2023
6522.0;1.0;5.0;Lower Manhattan;32.0;3.0;Coffee;Gourmet brewed coffee;Ethiopia Rg;3.0;2023-01-12 14:41:13;14;Thursday;1;2023
6523.0;1.0;3.0;Astoria;34.0;2.45;Coffee;Premium brewed coffee;Jamaican Coffee River Sm;2.45;2023-01-12 14:42:33;14;Thursday;1;2023
6524.0;1.0;8.0;Hell's Kitchen;24.0;3.0;Coffee;Drip coffee;Our Old Time Diner Blend Lg;3.0;2023-01-12 14:43:22;14;Thursday;1;2023
6525.0;1.0;8.0;Hell's Kitchen;25.0;2.2;Coffee;Organic brewed coffee;Brazilian Sm;2.2;2023-01-12 14:49:37;14;Thursday;1;2023
6526.0;1.0;8.0;Hell's Kitchen;23.0;2.5;Coffee;Drip coffee;Our Old Time Diner Blend Rg;2.5;2023-01-12 14:51:41;14;Thursday;1;2023
6527.0;1.0;3.0;Astoria;34.0;2.45;Coffee;Premium brewed coffee;Jamaican Coffee River Sm;2.45;2023-01-12 14:56:49;14;Thursday;1;2023
6528.0;2.0;8.0;Hell's Kitchen;46.0;2.5;Tea;Brewed Green tea;Serenity Green Tea Rg;5.0;2023-01-12 15:05:05;15;Thursday;1;2023
6529.0;2.0;5.0;Lower Manhattan;49.0;3.0;Tea;Brewed Black tea;English Breakfast Lg;6.0;2023-01-12 15:05:38;15;Thursday;1;2023
6530.0;1.0;5.0;Lower Manhattan;73.0;3.75;Bakery;Pastry;Almond Croissant;3.75;2023-01-12 15:05:38;15;Thursday;1;2023
6531.0;1.0;5.0;Lower Manhattan;41.0;4.25;Coffee;Barista Espresso;Cappuccino Lg;4.25;2023-01-12 15:07:04;15;Thursday;1;2023
6532.0;1.0;5.0;Lower Manhattan;65.0;0.8;Flavours;Sugar free syrup;Sugar Free Vanilla syrup;0.8;2023-01-12 15:07:04;15;Thursday;1;2023
6533.0;1.0;3.0;Astoria;63.0;0.8;Flavours;Regular syrup;Carmel syrup;0.8;2023-01-12 15:08:18;15;Thursday;1;2023
6534.0;1.0;3.0;Astoria;37.0;3.0;Coffee;Barista Espresso;Espresso shot;3.0;2023-01-12 15:08:18;15;Thursday;1;2023
6535.0;2.0;8.0;Hell's Kitchen;52.0;2.5;Tea;Brewed Chai tea;Traditional Blend Chai Rg;5.0;2023-01-12 15:10:15;15;Thursday;1;2023
6536.0;2.0;8.0;Hell's Kitchen;49.0;3.0;Tea;Brewed Black tea;English Breakfast Lg;6.0;2023-01-12 15:11:33;15;Thursday;1;2023
6537.0;2.0;3.0;Astoria;50.0;2.5;Tea;Brewed Black tea;Earl Grey Rg;5.0;2023-01-12 15:11:57;15;Thursday;1;2023
6538.0;1.0;8.0;Hell's Kitchen;87.0;3.0;Coffee;Barista Espresso;Ouro Brasileiro shot;3.0;2023-01-12 15:12:32;15;Thursday;1;2023
6539.0;2.0;8.0;Hell's Kitchen;57.0;3.1;Tea;Brewed Chai tea;Spicy Eye Opener Chai Lg;6.2;2023-01-12 15:13:40;15;Thursday;1;2023
6540.0;1.0;8.0;Hell's Kitchen;70.0;3.25;Bakery;Scone;Cranberry Scone;3.25;2023-01-12 15:13:40;15;Thursday;1;2023
6541.0;1.0;8.0;Hell's Kitchen;4.0;20.45;Coffee beans;Espresso Beans;Primo Espresso Roast;20.45;2023-01-12 15:13:40;15;Thursday;1;2023
6542.0;1.0;3.0;Astoria;50.0;2.5;Tea;Brewed Black tea;Earl Grey Rg;2.5;2023-01-12 15:14:37;15;Thursday;1;2023
6543.0;1.0;3.0;Astoria;46.0;2.5;Tea;Brewed Green tea;Serenity Green Tea Rg;2.5;2023-01-12 15:24:19;15;Thursday;1;2023
6544.0;2.0;8.0;Hell's Kitchen;24.0;3.0;Coffee;Drip coffee;Our Old Time Diner Blend Lg;6.0;2023-01-12 15:34:24;15;Thursday;1;2023
6545.0;1.0;8.0;Hell's Kitchen;25.0;2.2;Coffee;Organic brewed coffee;Brazilian Sm;2.2;2023-01-12 15:35:58;15;Thursday;1;2023
6546.0;2.0;3.0;Astoria;36.0;3.75;Coffee;Premium brewed coffee;Jamaican Coffee River Lg;7.5;2023-01-12 15:37:26;15;Thursday;1;2023
6547.0;1.0;3.0;Astoria;79.0;3.75;Bakery;Scone;Jumbo Savory Scone;3.75;2023-01-12 15:42:15;15;Thursday;1;2023
6548.0;2.0;3.0;Astoria;27.0;3.5;Coffee;Organic brewed coffee;Brazilian Lg;7.0;2023-01-12 15:44:07;15;Thursday;1;2023
6549.0;2.0;8.0;Hell's Kitchen;22.0;2.0;Coffee;Drip coffee;Our Old Time Diner Blend Sm;4.0;2023-01-12 15:46:42;15;Thursday;1;2023
6551.0;2.0;8.0;Hell's Kitchen;50.0;2.5;Tea;Brewed Black tea;Earl Grey Rg;5.0;2023-01-12 15:52:29;15;Thursday;1;2023
6552.0;2.0;5.0;Lower Manhattan;61.0;4.75;Drinking Chocolate;Hot chocolate;Sustainably Grown Organic Lg;9.5;2023-01-12 16:01:16;16;Thursday;1;2023
6553.0;1.0;5.0;Lower Manhattan;49.0;3.0;Tea;Brewed Black tea;English Breakfast Lg;3.0;2023-01-12 16:03:06;16;Thursday;1;2023
6554.0;1.0;3.0;Astoria;70.0;3.25;Bakery;Scone;Cranberry Scone;3.25;2023-01-12 16:05:56;16;Thursday;1;2023
6555.0;1.0;5.0;Lower Manhattan;42.0;2.5;Tea;Brewed herbal tea;Lemon Grass Rg;2.5;2023-01-12 16:11:51;16;Thursday;1;2023
6556.0;1.0;5.0;Lower Manhattan;72.0;3.25;Bakery;Scone;Ginger Scone;3.25;2023-01-12 16:11:51;16;Thursday;1;2023
6557.0;1.0;8.0;Hell's Kitchen;58.0;3.5;Drinking Chocolate;Hot chocolate;Dark chocolate Rg;3.5;2023-01-12 16:14:51;16;Thursday;1;2023
6558.0;1.0;5.0;Lower Manhattan;46.0;2.5;Tea;Brewed Green tea;Serenity Green Tea Rg;2.5;2023-01-12 16:16:21;16;Thursday;1;2023
6559.0;2.0;5.0;Lower Manhattan;47.0;3.0;Tea;Brewed Green tea;Serenity Green Tea Lg;6.0;2023-01-12 16:17:24;16;Thursday;1;2023
6560.0;2.0;5.0;Lower Manhattan;56.0;2.55;Tea;Brewed Chai tea;Spicy Eye Opener Chai Rg;5.1;2023-01-12 16:19:55;16;Thursday;1;2023
6561.0;1.0;5.0;Lower Manhattan;10.0;10.0;Coffee beans;Green beans;Guatemalan Sustainably Grown;10.0;2023-01-12 16:19:55;16;Thursday;1;2023
6562.0;1.0;5.0;Lower Manhattan;46.0;2.5;Tea;Brewed Green tea;Serenity Green Tea Rg;2.5;2023-01-12 16:27:39;16;Thursday;1;2023
6563.0;1.0;5.0;Lower Manhattan;50.0;2.5;Tea;Brewed Black tea;Earl Grey Rg;2.5;2023-01-12 16:28:12;16;Thursday;1;2023
6564.0;1.0;5.0;Lower Manhattan;75.0;3.5;Bakery;Pastry;Croissant;3.5;2023-01-12 16:28:12;16;Thursday;1;2023
6565.0;1.0;8.0;Hell's Kitchen;23.0;2.5;Coffee;Drip coffee;Our Old Time Diner Blend Rg;2.5;2023-01-12 16:28:28;16;Thursday;1;2023
;1.0;;Astoria;;3.0;Bakery;Scone;Oatmeal Scone;3.0;2023-01-12 16:30:23;16;Thursday;1;2023
6567.0;1.0;5.0;Lower Manhattan;50.0;2.5;Tea;Brewed Black tea;Earl Grey Rg;2.5;2023-01-12 16:31:29;16;Thursday;1;2023
6568.0;1.0;5.0;Lower Manhattan;73.0;3.75;Bakery;Pastry;Almond Croissant;3.75;2023-01-12 16:31:29;16;Thursday;1;2023
6569.0;1.0;8.0;Hell's Kitchen;35.0;3.1;Coffee;Premium brewed coffee;Jamaican Coffee River Rg;3.1;2023-01-12 16:37:29;16;Thursday;1;2023
6570.0;1.0;5.0;Lower Manhattan;29.0;2.5;Coffee;Gourmet brewed coffee;Columbian Medium Roast Rg;2.5;2023-01-12 16:37:32;16;Thursday;1;2023
6571.0;1.0;5.0;Lower Manhattan;76.0;3.5;Bakery;Biscotti;Chocolate Chip Biscotti;3.5;2023-01-12 16:37:32;16;Thursday;1;2023
6572.0;1.0;5.0;Lower Manhattan;36.0;3.75;Coffee;Premium brewed coffee;Jamaican Coffee River Lg;3.75;2023-01-12 16:45:49;16;Thursday;1;2023
6573.0;2.0;3.0;Astoria;55.0;4.0;Tea;Brewed Chai tea;Morning Sunrise Chai Lg;8.0;2023-01-12 16:47:18;16;Thursday;1;2023
6574.0;1.0;5.0;Lower Manhattan;24.0;3.0;Coffee;Drip coffee;Our Old Time Diner Blend Lg;3.0;2023-01-12 16:51:16;16;Thursday;1;2023
6575.0;1.0;5.0;Lower Manhattan;75.0;3.5;Bakery;Pastry;Croissant;3.5;2023-01-12 16:51:16;16;Thursday;1;2023
6576.0;1.0;8.0;Hell's Kitchen;25.0;2.2;Coffee;Organic brewed coffee;Brazilian Sm;2.2;2023-01-12 16:51:53;16;Thursday;1;2023
6577.0;1.0;8.0;Hell's Kitchen;70.0;3.25;Bakery;Scone;Cranberry Scone;3.25;2023-01-12 16:51:53;16;Thursday;1;2023
6578.0;1.0;5.0;Lower Manhattan;60.0;3.75;Drinking Chocolate;Hot chocolate;Sustainably Grown Organic Rg;3.75;2023-01-12 16:54:50;16;Thursday;1;2023
6579.0;2.0;8.0;Hell's Kitchen;60.0;3.75;Drinking Chocolate;Hot chocolate;Sustainably Grown Organic Rg;7.5;2023-01-12 17:03:57;17;Thursday;1;2023
6580.0;2.0;5.0;Lower Manhattan;41.0;4.25;Coffee;Barista Espresso;Cappuccino Lg;8.5;2023-01-12 17:04:28;17;Thursday;1;2023
6581.0;2.0;5.0;Lower Manhattan;63.0;0.8;Flavours;Regular syrup;Carmel syrup;1.6;2023-01-12 17:04:28;17;Thursday;1;2023
6582.0;1.0;5.0;Lower Manhattan;45.0;3.0;Tea;Brewed herbal tea;Peppermint Lg;3.0;2023-01-12 17:08:22;17;Thursday;1;2023
6583.0;1.0;8.0;Hell's Kitchen;57.0;3.1;Tea;Brewed Chai tea;Spicy Eye Opener Chai Lg;3.1;2023-01-12 17:08:39;17;Thursday;1;2023
6584.0;1.0;5.0;Lower Manhattan;50.0;2.5;Tea;Brewed Black tea;Earl Grey Rg;2.5;2023-01-12 17:09:11;17;Thursday;1;2023
6585.0;2.0;8.0;Hell's Kitchen;30.0;3.0;Coffee;Gourmet brewed coffee;Columbian Medium Roast Lg;6.0;2023-01-12 17:09:49;17;Thursday;1;2023
6586.0;2.0;8.0;Hell's Kitchen;87.0;3.0;Coffee;Barista Espresso;Ouro Brasileiro shot;6.0;2023-01-12 17:11:24;17;Thursday;1;2023
6587.0;1.0;8.0;Hell's Kitchen;79.0;3.75;Bakery;Scone;Jumbo Savory Scone;3.75;2023-01-12 17:11:24;17;Thursday;1;2023
6588.0;1.0;3.0;Astoria;57.0;3.1;Tea;Brewed Chai tea;Spicy Eye Opener Chai Lg;3.1;2023-01-12 17:12:20;17;Thursday;1;2023
6589.0;1.0;8.0;Hell's Kitchen;28.0;2.0;Coffee;Gourmet brewed coffee;Columbian Medium Roast Sm;2.0;2023-01-12 17:15:29;17;Thursday;1;2023
6590.0;1.0;3.0;Astoria;77.0;3.0;Bakery;Scone;Oatmeal Scone;3.0;2023-01-12 17:15:43;17;Thursday;1;2023
6591.0;1.0;8.0;Hell's Kitchen;23.0;2.5;Coffee;Drip coffee;Our Old Time Diner Blend Rg;2.5;2023-01-12 17:20:37;17;Thursday;1;2023
6592.0;2.0;3.0;Astoria;30.0;3.0;Coffee;Gourmet brewed coffee;Columbian Medium Roast Lg;6.0;2023-01-12 17:21:55;17;Thursday;1;2023
6593.0;1.0;8.0;Hell's Kitchen;25.0;2.2;Coffee;Organic brewed coffee;Brazilian Sm;2.2;2023-01-12 17:22:38;17;Thursday;1;2023
6594.0;2.0;3.0;Astoria;47.0;3.0;Tea;Brewed Green tea;Serenity Green Tea Lg;6.0;2023-01-12 17:31:00;17;Thursday;1;2023
6595.0;1.0;3.0;Astoria;32.0;3.0;Coffee;Gourmet brewed coffee;Ethiopia Rg;3.0;2023-01-12 17:37:48;17;Thursday;1;2023
6596.0;2.0;3.0;Astoria;50.0;2.5;Tea;Brewed Black tea;Earl Grey Rg;5.0;2023-01-12 17:38:38;17;Thursday;1;2023
6597.0;2.0;8.0;Hell's Kitchen;41.0;4.25;Coffee;Barista Espresso;Cappuccino Lg;8.5;2023-01-12 17:42:20;17;Thursday;1;2023
6598.0;2.0;8.0;Hell's Kitchen;63.0;0.8;Flavours;Regular syrup;Carmel syrup;1.6;2023-01-12 17:42:20;17;Thursday;1;2023
6599.0;1.0;8.0;Hell's Kitchen;77.0;3.0;Bakery;Scone;Oatmeal Scone;3.0;2023-01-12 17:42:20;17;Thursday;1;2023
6600.0;2.0;3.0;Astoria;27.0;3.5;Coffee;Organic brewed coffee;Brazilian Lg;7.0;2023-01-12 17:45:59;17;Thursday;1;2023
6601.0;1.0;5.0;Lower Manhattan;32.0;3.0;Coffee;Gourmet brewed coffee;Ethiopia Rg;3.0;2023-01-12 17:47:24;17;Thursday;1;2023
6602.0;2.0;3.0;Astoria;31.0;2.2;Coffee;Gourmet brewed coffee;Ethiopia Sm;4.4;2023-01-12 17:47:31;17;Thursday;1;2023
6603.0;2.0;5.0;Lower Manhattan;27.0;3.5;Coffee;Organic brewed coffee;Brazilian Lg;7.0;2023-01-12 17:47:34;17;Thursday;1;2023
6604.0;1.0;5.0;Lower Manhattan;73.0;3.75;Bakery;Pastry;Almond Croissant;3.75;2023-01-12 17:47:34;17;Thursday;1;2023
6605.0;2.0;5.0;Lower Manhattan;45.0;3.0;Tea;Brewed herbal tea;Peppermint Lg;6.0;2023-01-12 17:47:44;17;Thursday;1;2023
6606.0;1.0;5.0;Lower Manhattan;26.0;3.0;Coffee;Organic brewed coffee;Brazilian Rg;3.0;2023-01-12 17:48:20;17;Thursday;1;2023
6607.0;2.0;3.0;Astoria;42.0;2.5;Tea;Brewed herbal tea;Lemon Grass Rg;5.0;2023-01-12 17:48:35;17;Thursday;1;2023
6608.0;1.0;5.0;Lower Manhattan;60.0;3.75;Drinking Chocolate;Hot chocolate;Sustainably Grown Organic Rg;3.75;2023-01-12 17:48:48;17;Thursday;1;2023
6610.0;1.0;5.0;Lower Manhattan;63.0;0.8;Flavours;Regular syrup;Carmel syrup;0.8;2023-01-12 17:52:08;17;Thursday;1;2023
6611.0;2.0;3.0;Astoria;32.0;3.0;Coffee;Gourmet brewed coffee;Ethiopia Rg;6.0;2023-01-12 17:54:13;17;Thursday;1;2023
6612.0;1.0;5.0;Lower Manhattan;43.0;3.0;Tea;Brewed herbal tea;Lemon Grass Lg;3.0;2023-01-12 17:55:27;17;Thursday;1;2023
6613.0;1.0;5.0;Lower Manhattan;76.0;3.5;Bakery;Biscotti;Chocolate Chip Biscotti;3.5;2023-01-12 17:55:27;17;Thursday;1;2023
6615.0;1.0;3.0;Astoria;15.0;9.25;Loose Tea;Green tea;Serenity Green Tea;9.25;2023-01-12 17:56:04;17;Thursday;1;2023
6616.0;2.0;8.0;Hell's Kitchen;36.0;3.75;Coffee;Premium brewed coffee;Jamaican Coffee River Lg;7.5;2023-01-12 18:06:25;18;Thursday;1;2023
6617.0;2.0;3.0;Astoria;50.0;2.5;Tea;Brewed Black tea;Earl Grey Rg;5.0;2023-01-12 18:06:48;18;Thursday;1;2023
6618.0;2.0;5.0;Lower Manhattan;23.0;2.5;Coffee;Drip coffee;Our Old Time Diner Blend Rg;5.0;2023-01-12 18:09:50;18;Thursday;1;2023
6619.0;1.0;3.0;Astoria;69.0;3.25;Bakery;Biscotti;Hazelnut Biscotti;3.25;2023-01-12 18:12:52;18;Thursday;1;2023
6620.0;2.0;8.0;Hell's Kitchen;52.0;2.5;Tea;Brewed Chai tea;Traditional Blend Chai Rg;5.0;2023-01-12 18:13:15;18;Thursday;1;2023
6621.0;2.0;5.0;Lower Manhattan;44.0;2.5;Tea;Brewed herbal tea;Peppermint Rg;5.0;2023-01-12 18:18:49;18;Thursday;1;2023
6622.0;1.0;5.0;Lower Manhattan;73.0;3.75;Bakery;Pastry;Almond Croissant;3.75;2023-01-12 18:18:49;18;Thursday;1;2023
6623.0;1.0;5.0;Lower Manhattan;6.0;21.0;Coffee beans;Gourmet Beans;Ethiopia;21.0;2023-01-12 18:18:49;18;Thursday;1;2023
6624.0;1.0;3.0;Astoria;73.0;3.75;Bakery;Pastry;Almond Croissant;3.75;2023-01-12 18:19:37;18;Thursday;1;2023
6625.0;2.0;5.0;Lower Manhattan;48.0;2.5;Tea;Brewed Black tea;English Breakfast Rg;5.0;2023-01-12 18:25:58;18;Thursday;1;2023
6626.0;1.0;5.0;Lower Manhattan;73.0;3.75;Bakery;Pastry;Almond Croissant;3.75;2023-01-12 18:25:58;18;Thursday;1;2023
6627.0;2.0;3.0;Astoria;44.0;2.5;Tea;Brewed herbal tea;Peppermint Rg;5.0;2023-01-12 18:26:32;18;Thursday;1;2023
6628.0;1.0;5.0;Lower Manhattan;35.0;3.1;Coffee;Premium brewed coffee;Jamaican Coffee River Rg;3.1;2023-01-12 18:27:09;18;Thursday;1;2023
6629.0;1.0;3.0;Astoria;28.0;2.0;Coffee;Gourmet brewed coffee;Columbian Medium Roast Sm;2.0;2023-01-12 18:27:34;18;Thursday;1;2023
6630.0;1.0;8.0;Hell's Kitchen;26.0;3.0;Coffee;Organic brewed coffee;Brazilian Rg;3.0;2023-01-12 18:31:38;18;Thursday;1;2023
6631.0;2.0;3.0;Astoria;84.0;0.8;Flavours;Regular syrup;Chocolate syrup;1.6;2023-01-12 18:33:48;18;Thursday;1;2023
6632.0;2.0;3.0;Astoria;41.0;4.25;Coffee;Barista Espresso;Cappuccino Lg;8.5;2023-01-12 18:33:48;18;Thursday;1;2023
6633.0;2.0;8.0;Hell's Kitchen;28.0;2.0;Coffee;Gourmet brewed coffee;Columbian Medium Roast Sm;4.0;2023-01-12 18:33:56;18;Thursday;1;2023
6634.0;1.0;8.0;Hell's Kitchen;74.0;3.5;Bakery;Biscotti;Ginger Biscotti;3.5;2023-01-12 18:33:56;18;Thursday;1;2023
6635.0;2.0;8.0;Hell's Kitchen;36.0;3.75;Coffee;Premium brewed coffee;Jamaican Coffee River Lg;7.5;2023-01-12 18:39:57;18;Thursday;1;2023
6636.0;2.0;8.0;Hell's Kitchen;51.0;3.0;Tea;Brewed Black tea;Earl Grey Lg;6.0;2023-01-12 18:43:49;18;Thursday;1;2023
6637.0;1.0;8.0;Hell's Kitchen;75.0;3.5;Bakery;Pastry;Croissant;3.5;2023-01-12 18:43:49;18;Thursday;1;2023
6638.0;1.0;3.0;Astoria;52.0;2.5;Tea;Brewed Chai tea;Traditional Blend Chai Rg;2.5;2023-01-12 18:48:34;18;Thursday;1;2023
6639.0;2.0;8.0;Hell's Kitchen;50.0;2.5;Tea;Brewed Black tea;Earl Grey Rg;5.0;2023-01-12 18:49:50;18;Thursday;1;2023
6640.0;2.0;8.0;Hell's Kitchen;43.0;3.0;Tea;Brewed herbal tea;Lemon Grass Lg;6.0;2023-01-12 18:55:23;18;Thursday;1;2023
6641.0;1.0;8.0;Hell's Kitchen;47.0;3.0;Tea;Brewed Green tea;Serenity Green Tea Lg;3.0;2023-01-12 18:56:24;18;Thursday;1;2023
6642.0;1.0;3.0;Astoria;28.0;2.0;Coffee;Gourmet brewed coffee;Columbian Medium Roast Sm;2.0;2023-01-12 19:14:28;19;Thursday;1;2023
6643.0;1.0;8.0;Hell's Kitchen;36.0;3.75;Coffee;Premium brewed coffee;Jamaican Coffee River Lg;3.75;2023-01-12 19:15:31;19;Thursday;1;2023
6644.0;1.0;3.0;Astoria;65.0;0.8;Flavours;Sugar free syrup;Sugar Free Vanilla syrup;0.8;2023-01-12 19:22:09;19;Thursday;1;2023
6645.0;2.0;3.0;Astoria;40.0;3.75;Coffee;Barista Espresso;Cappuccino;7.5;2023-01-12 19:22:09;19;Thursday;1;2023
6646.0;2.0;3.0;Astoria;50.0;2.5;Tea;Brewed Black tea;Earl Grey Rg;5.0;2023-01-12 19:30:12;19;Thursday;1;2023
6647.0;2.0;3.0;Astoria;63.0;0.8;Flavours;Regular syrup;Carmel syrup;1.6;2023-01-12 19:31:45;19;Thursday;1;2023
6648.0;1.0;3.0;Astoria;76.0;3.5;Bakery;Biscotti;Chocolate Chip Biscotti;3.5;2023-01-12 19:31:45;19;Thursday;1;2023
6649.0;1.0;3.0;Astoria;37.0;3.0;Coffee;Barista Espresso;Espresso shot;3.0;2023-01-12 19:31:45;19;Thursday;1;2023
6650.0;1.0;8.0;Hell's Kitchen;87.0;3.0;Coffee;Barista Espresso;Ouro Brasileiro shot;3.0;2023-01-12 19:37:01;19;Thursday;1;2023
6651.0;1.0;8.0;Hell's Kitchen;25.0;2.2;Coffee;Organic brewed coffee;Brazilian Sm;2.2;2023-01-12 19:37:21;19;Thursday;1;2023
6652.0;1.0;8.0;Hell's Kitchen;2.0;18.0;Coffee beans;House blend Beans;Our Old Time Diner Blend;18.0;2023-01-12 19:37:21;19;Thursday;1;2023
6653.0;2.0;5.0;Lower Manhattan;26.0;3.0;Coffee;Organic brewed coffee;Brazilian Rg;6.0;2023-01-13 07:01:27;7;Friday;1;2023
6654.0;1.0;5.0;Lower Manhattan;78.0;4.5;Bakery;Scone;Scottish Cream Scone ;4.5;2023-01-13 07:01:27;7;Friday;1;2023
6655.0;2.0;5.0;Lower Manhattan;37.0;3.0;Coffee;Barista Espresso;Espresso shot;6.0;2023-01-13 07:01:40;7;Friday;1;2023
6656.0;1.0;5.0;Lower Manhattan;63.0;0.8;Flavours;Regular syrup;Carmel syrup;0.8;2023-01-13 07:01:40;7;Friday;1;2023
6657.0;2.0;5.0;Lower Manhattan;55.0;4.0;Tea;Brewed Chai tea;Morning Sunrise Chai Lg;8.0;2023-01-13 07:02:24;7;Friday;1;2023
6658.0;1.0;3.0;Astoria;58.0;3.5;Drinking Chocolate;Hot chocolate;Dark chocolate Rg;3.5;2023-01-13 07:02:50;7;Friday;1;2023
6659.0;2.0;5.0;Lower Manhattan;35.0;3.1;Coffee;Premium brewed coffee;Jamaican Coffee River Rg;6.2;2023-01-13 07:06:48;7;Friday;1;2023
6660.0;1.0;3.0;Astoria;42.0;2.5;Tea;Brewed herbal tea;Lemon Grass Rg;2.5;2023-01-13 07:06:56;7;Friday;1;2023
6661.0;2.0;5.0;Lower Manhattan;41.0;4.25;Coffee;Barista Espresso;Cappuccino Lg;8.5;2023-01-13 07:07:04;7;Friday;1;2023
6662.0;1.0;5.0;Lower Manhattan;63.0;0.8;Flavours;Regular syrup;Carmel syrup;0.8;2023-01-13 07:07:04;7;Friday;1;2023
6663.0;1.0;5.0;Lower Manhattan;70.0;3.25;Bakery;Scone;Cranberry Scone;3.25;2023-01-13 07:07:04;7;Friday;1;2023
6664.0;1.0;3.0;Astoria;46.0;2.5;Tea;Brewed Green tea;Serenity Green Tea Rg;2.5;2023-01-13 07:10:15;7;Friday;1;2023
6665.0;2.0;3.0;Astoria;38.0;3.75;Coffee;Barista Espresso;Latte;7.5;2023-01-13 07:13:50;7;Friday;1;2023
6666.0;1.0;3.0;Astoria;65.0;0.8;Flavours;Sugar free syrup;Sugar Free Vanilla syrup;0.8;2023-01-13 07:13:50;7;Friday;1;2023
6667.0;1.0;3.0;Astoria;34.0;2.45;Coffee;Premium brewed coffee;Jamaican Coffee River Sm;2.45;2023-01-13 07:15:21;7;Friday;1;2023
6669.0;2.0;3.0;Astoria;24.0;3.0;Coffee;Drip coffee;Our Old Time Diner Blend Lg;6.0;2023-01-13 07:17:54;7;Friday;1;2023
6670.0;1.0;3.0;Astoria;75.0;3.5;Bakery;Pastry;Croissant;3.5;2023-01-13 07:17:54;7;Friday;1;2023
6671.0;1.0;5.0;Lower Manhattan;48.0;2.5;Tea;Brewed Black tea;English Breakfast Rg;2.5;2023-01-13 07:19:15;7;Friday;1;2023
6672.0;2.0;5.0;Lower Manhattan;40.0;3.75;Coffee;Barista Espresso;Cappuccino;7.5;2023-01-13 07:19:27;7;Friday;1;2023
6673.0;2.0;5.0;Lower Manhattan;84.0;0.8;Flavours;Regular syrup;Chocolate syrup;1.6;2023-01-13 07:19:27;7;Friday;1;2023
6674.0;1.0;5.0;Lower Manhattan;60.0;3.75;Drinking Chocolate;Hot chocolate;Sustainably Grown Organic Rg;3.75;2023-01-13 07:19:50;7;Friday;1;2023
6675.0;1.0;5.0;Lower Manhattan;78.0;4.5;Bakery;Scone;Scottish Cream Scone ;4.5;2023-01-13 07:19:50;7;Friday;1;2023
6676.0;2.0;5.0;Lower Manhattan;57.0;3.1;Tea;Brewed Chai tea;Spicy Eye Opener Chai Lg;6.2;2023-01-13 07:21:39;7;Friday;1;2023
6677.0;2.0;3.0;Astoria;33.0;3.5;Coffee;Gourmet brewed coffee;Ethiopia Lg;7.0;2023-01-13 07:22:34;7;Friday;1;2023
6679.0;1.0;3.0;Astoria;70.0;3.25;Bakery;Scone;Cranberry Scone;3.25;2023-01-13 07:24:19;7;Friday;1;2023
6680.0;2.0;5.0;Lower Manhattan;29.0;2.5;Coffee;Gourmet brewed coffee;Columbian Medium Roast Rg;5.0;2023-01-13 07:25:48;7;Friday;1;2023
6681.0;1.0;5.0;Lower Manhattan;74.0;3.5;Bakery;Biscotti;Ginger Biscotti;3.5;2023-01-13 07:25:48;7;Friday;1;2023
6682.0;1.0;3.0;Astoria;34.0;2.45;Coffee;Premium brewed coffee;Jamaican Coffee River Sm;2.45;2023-01-13 07:26:19;7;Friday;1;2023
6683.0;1.0;5.0;Lower Manhattan;34.0;2.45;Coffee;Premium brewed coffee;Jamaican Coffee River Sm;2.45;2023-01-13 07:26:54;7;Friday;1;2023
6684.0;1.0;5.0;Lower Manhattan;73.0;3.75;Bakery;Pastry;Almond Croissant;3.75;2023-01-13 07:26:54;7;Friday;1;2023
6685.0;2.0;5.0;Lower Manhattan;30.0;3.0;Coffee;Gourmet brewed coffee;Columbian Medium Roast Lg;6.0;2023-01-13 07:28:49;7;Friday;1;2023
6686.0;1.0;5.0;Lower Manhattan;74.0;3.5;Bakery;Biscotti;Ginger Biscotti;3.5;2023-01-13 07:28:49;7;Friday;1;2023
6687.0;1.0;3.0;Astoria;48.0;2.5;Tea;Brewed Black tea;English Breakfast Rg;2.5;2023-01-13 07:29:51;7;Friday;1;2023
6688.0;1.0;3.0;Astoria;74.0;3.5;Bakery;Biscotti;Ginger Biscotti;3.5;2023-01-13 07:29:51;7;Friday;1;2023
6689.0;2.0;5.0;Lower Manhattan;32.0;3.0;Coffee;Gourmet brewed coffee;Ethiopia Rg;6.0;2023-01-13 07:31:46;7;Friday;1;2023
6690.0;2.0;3.0;Astoria;37.0;3.0;Coffee;Barista Espresso;Espresso shot;6.0;2023-01-13 07:34:15;7;Friday;1;2023
6691.0;1.0;3.0;Astoria;63.0;0.8;Flavours;Regular syrup;Carmel syrup;0.8;2023-01-13 07:34:15;7;Friday;1;2023
6692.0;2.0;3.0;Astoria;36.0;3.75;Coffee;Premium brewed coffee;Jamaican Coffee River Lg;7.5;2023-01-13 07:34:36;7;Friday;1;2023
6693.0;2.0;5.0;Lower Manhattan;46.0;2.5;Tea;Brewed Green tea;Serenity Green Tea Rg;5.0;2023-01-13 07:34:38;7;Friday;1;2023
6694.0;1.0;5.0;Lower Manhattan;69.0;3.25;Bakery;Biscotti;Hazelnut Biscotti;3.25;2023-01-13 07:34:38;7;Friday;1;2023
6695.0;2.0;3.0;Astoria;53.0;3.0;Tea;Brewed Chai tea;Traditional Blend Chai Lg;6.0;2023-01-13 07:38:55;7;Friday;1;2023
6696.0;1.0;3.0;Astoria;71.0;3.75;Bakery;Pastry;Chocolate Croissant;3.75;2023-01-13 07:38:55;7;Friday;1;2023
6697.0;2.0;3.0;Astoria;46.0;2.5;Tea;Brewed Green tea;Serenity Green Tea Rg;5.0;2023-01-13 07:39:57;7;Friday;1;2023
6698.0;2.0;5.0;Lower Manhattan;51.0;3.0;Tea;Brewed Black tea;Earl Grey Lg;6.0;2023-01-13 07:40:31;7;Friday;1;2023
6699.0;2.0;5.0;Lower Manhattan;41.0;4.25;Coffee;Barista Espresso;Cappuccino Lg;8.5;2023-01-13 07:43:03;7;Friday;1;2023
6700.0;2.0;;Lower Manhattan;;0.8;Flavours;Regular syrup;Chocolate syrup;1.6;2023-01-13 07:43:03;7;Friday;1;2023
6701.0;2.0;5.0;Lower Manhattan;42.0;2.5;Tea;Brewed herbal tea;Lemon Grass Rg;5.0;2023-01-13 07:43:09;7;Friday;1;2023
6702.0;2.0;3.0;Astoria;60.0;3.75;Drinking Chocolate;Hot chocolate;Sustainably Grown Organic Rg;7.5;2023-01-13 07:44:41;7;Friday;1;2023
6704.0;1.0;3.0;Astoria;65.0;0.8;Flavours;Sugar free syrup;Sugar Free Vanilla syrup;0.8;2023-01-13 07:46:08;7;Friday;1;2023
6705.0;2.0;5.0;Lower Manhattan;43.0;3.0;Tea;Brewed herbal tea;Lemon Grass Lg;6.0;2023-01-13 07:48:29;7;Friday;1;2023
6706.0;1.0;5.0;Lower Manhattan;71.0;3.75;Bakery;Pastry;Chocolate Croissant;3.75;2023-01-13 07:48:55;7;Friday;1;2023
6707.0;2.0;5.0;Lower Manhattan;53.0;3.0;Tea;Brewed Chai tea;Traditional Blend Chai Lg;6.0;2023-01-13 07:49:25;7;Friday;1;2023
6708.0;1.0;3.0;Astoria;41.0;4.25;Coffee;Barista Espresso;Cappuccino Lg;4.25;2023-01-13 07:50:07;7;Friday;1;2023
6709.0;1.0;3.0;Astoria;63.0;0.8;Flavours;Regular syrup;Carmel syrup;0.8;2023-01-13 07:50:07;7;Friday;1;2023
;1.0;3.0;Astoria;;3.5;Bakery;Biscotti;Chocolate Chip Biscotti;3.5;2023-01-13 07:50:07;7;Friday;1;2023
6711.0;2.0;5.0;Lower Manhattan;46.0;2.5;Tea;Brewed Green tea;Serenity Green Tea Rg;5.0;2023-01-13 07:51:46;7;Friday;1;2023
6712.0;1.0;3.0;Astoria;41.0;4.25;Coffee;Barista Espresso;Cappuccino Lg;4.25;2023-01-13 07:51:50;7;Friday;1;2023
6713.0;2.0;3.0;Astoria;84.0;0.8;Flavours;Regular syrup;Chocolate syrup;1.6;2023-01-13 07:51:50;7;Friday;1;2023
6714.0;2.0;5.0;Lower Manhattan;51.0;3.0;Tea;Brewed Black tea;Earl Grey Lg;6.0;2023-01-13 07:52:04;7;Friday;1;2023
6715.0;2.0;5.0;Lower Manhattan;37.0;3.0;Coffee;Barista Espresso;Espresso shot;6.0;2023-01-13 07:52:11;7;Friday;1;2023
6716.0;1.0;5.0;Lower Manhattan;64.0;0.8;Flavours;Regular syrup;Hazelnut syrup;0.8;2023-01-13 07:52:11;7;Friday;1;2023
6717.0;1.0;5.0;Lower Manhattan;73.0;3.75;Bakery;Pastry;Almond Croissant;3.75;2023-01-13 07:52:11;7;Friday;1;2023
;2.0;;Lower Manhattan;54.0;2.5;Tea;Brewed Chai tea;Morning Sunrise Chai Rg;5.0;2023-01-13 07:54:12;7;Friday;1;2023
6719.0;1.0;5.0;Lower Manhattan;27.0;3.5;Coffee;Organic brewed coffee;Brazilian Lg;3.5;2023-01-13 07:54:26;7;Friday;1;2023
6720.0;1.0;5.0;Lower Manhattan;78.0;4.5;Bakery;Scone;Scottish Cream Scone ;4.5;2023-01-13 07:54:26;7;Friday;1;2023
6721.0;2.0;3.0;Astoria;53.0;3.0;Tea;Brewed Chai tea;Traditional Blend Chai Lg;6.0;2023-01-13 07:55:47;7;Friday;1;2023
6722.0;1.0;3.0;Astoria;41.0;4.25;Coffee;Barista Espresso;Cappuccino Lg;4.25;2023-01-13 07:55:54;7;Friday;1;2023
6723.0;1.0;3.0;Astoria;63.0;0.8;Flavours;Regular syrup;Carmel syrup;0.8;2023-01-13 07:55:54;7;Friday;1;2023
6725.0;2.0;8.0;Hell's Kitchen;31.0;2.2;Coffee;Gourmet brewed coffee;Ethiopia Sm;4.4;2023-01-13 08:00:53;8;Friday;1;2023
6726.0;2.0;8.0;Hell's Kitchen;57.0;3.1;Tea;Brewed Chai tea;Spicy Eye Opener Chai Lg;6.2;2023-01-13 08:01:47;8;Friday;1;2023
6727.0;2.0;5.0;Lower Manhattan;36.0;3.75;Coffee;Premium brewed coffee;Jamaican Coffee River Lg;7.5;2023-01-13 08:02:14;8;Friday;1;2023
6728.0;1.0;5.0;Lower Manhattan;81.0;28.0;Branded;Clothing;I Need My Bean! T-shirt;28.0;2023-01-13 08:02:14;8;Friday;1;2023
6729.0;2.0;3.0;Astoria;47.0;3.0;Tea;Brewed Green tea;Serenity Green Tea Lg;6.0;2023-01-13 08:02:24;8;Friday;1;2023
6730.0;2.0;8.0;Hell's Kitchen;50.0;2.5;Tea;Brewed Black tea;Earl Grey Rg;5.0;2023-01-13 08:05:11;8;Friday;1;2023
6731.0;1.0;8.0;Hell's Kitchen;18.0;10.95;Loose Tea;Chai tea;Spicy Eye Opener Chai;10.95;2023-01-13 08:05:11;8;Friday;1;2023
6732.0;2.0;8.0;Hell's Kitchen;57.0;3.1;Tea;Brewed Chai tea;Spicy Eye Opener Chai Lg;6.2;2023-01-13 08:05:12;8;Friday;1;2023
6733.0;2.0;5.0;Lower Manhattan;47.0;3.0;Tea;Brewed Green tea;Serenity Green Tea Lg;6.0;2023-01-13 08:05:23;8;Friday;1;2023
6734.0;1.0;5.0;Lower Manhattan;75.0;3.5;Bakery;Pastry;Croissant;3.5;2023-01-13 08:05:23;8;Friday;1;2023
6735.0;2.0;8.0;Hell's Kitchen;25.0;2.2;Coffee;Organic brewed coffee;Brazilian Sm;4.4;2023-01-13 08:06:45;8;Friday;1;2023
6736.0;1.0;8.0;Hell's Kitchen;72.0;3.25;Bakery;Scone;Ginger Scone;3.25;2023-01-13 08:06:45;8;Friday;1;2023
6737.0;1.0;8.0;Hell's Kitchen;11.0;8.95;Loose Tea;Herbal tea;Lemon Grass;8.95;2023-01-13 08:06:45;8;Friday;1;2023
6738.0;1.0;5.0;Lower Manhattan;29.0;2.5;Coffee;Gourmet brewed coffee;Columbian Medium Roast Rg;2.5;2023-01-13 08:07:42;8;Friday;1;2023
6739.0;1.0;5.0;Lower Manhattan;75.0;3.5;Bakery;Pastry;Croissant;3.5;2023-01-13 08:07:42;8;Friday;1;2023
6740.0;2.0;8.0;Hell's Kitchen;87.0;3.0;Coffee;Barista Espresso;Ouro Brasileiro shot;6.0;2023-01-13 08:09:51;8;Friday;1;2023
6741.0;2.0;8.0;Hell's Kitchen;32.0;3.0;Coffee;Gourmet brewed coffee;Ethiopia Rg;6.0;2023-01-13 08:11:38;8;Friday;1;2023
6742.0;1.0;3.0;Astoria;57.0;3.1;Tea;Brewed Chai tea;Spicy Eye Opener Chai Lg;3.1;2023-01-13 08:12:55;8;Friday;1;2023
6743.0;2.0;8.0;Hell's Kitchen;48.0;2.5;Tea;Brewed Black tea;English Breakfast Rg;5.0;2023-01-13 08:14:26;8;Friday;1;2023
6744.0;2.0;8.0;Hell's Kitchen;54.0;2.5;Tea;Brewed Chai tea;Morning Sunrise Chai Rg;5.0;2023-01-13 08:15:24;8;Friday;1;2023
6745.0;2.0;8.0;Hell's Kitchen;30.0;3.0;Coffee;Gourmet brewed coffee;Columbian Medium Roast Lg;6.0;2023-01-13 08:15:41;8;Friday;1;2023
6746.0;1.0;8.0;Hell's Kitchen;79.0;3.75;Bakery;Scone;Jumbo Savory Scone;3.75;2023-01-13 08:15:41;8;Friday;1;2023
6747.0;2.0;8.0;Hell's Kitchen;56.0;2.55;Tea;Brewed Chai tea;Spicy Eye Opener Chai Rg;5.1;2023-01-13 08:16:20;8;Friday;1;2023
6749.0;2.0;8.0;Hell's Kitchen;36.0;3.75;Coffee;Premium brewed coffee;Jamaican Coffee River Lg;7.5;2023-01-13 08:18:55;8;Friday;1;2023
6750.0;2.0;3.0;Astoria;56.0;2.55;Tea;Brewed Chai tea;Spicy Eye Opener Chai Rg;5.1;2023-01-13 08:19:26;8;Friday;1;2023
6751.0;1.0;8.0;Hell's Kitchen;32.0;3.0;Coffee;Gourmet brewed coffee;Ethiopia Rg;3.0;2023-01-13 08:19:45;8;Friday;1;2023
6753.0;1.0;3.0;Astoria;69.0;3.25;Bakery;Biscotti;Hazelnut Biscotti;3.25;2023-01-13 08:19:58;8;Friday;1;2023
6754.0;2.0;8.0;Hell's Kitchen;87.0;3.0;Coffee;Barista Espresso;Ouro Brasileiro shot;6.0;2023-01-13 08:20:23;8;Friday;1;2023
6755.0;1.0;3.0;Astoria;26.0;3.0;Coffee;Organic brewed coffee;Brazilian Rg;3.0;2023-01-13 08:20:31;8;Friday;1;2023
6756.0;1.0;8.0;Hell's Kitchen;47.0;3.0;Tea;Brewed Green tea;Serenity Green Tea Lg;3.0;2023-01-13 08:22:37;8;Friday;1;2023
6758.0;2.0;8.0;Hell's Kitchen;51.0;3.0;Tea;Brewed Black tea;Earl Grey Lg;6.0;2023-01-13 08:23:05;8;Friday;1;2023
6759.0;2.0;5.0;Lower Manhattan;37.0;3.0;Coffee;Barista Espresso;Espresso shot;6.0;2023-01-13 08:23:47;8;Friday;1;2023
6760.0;2.0;5.0;Lower Manhattan;84.0;0.8;Flavours;Regular syrup;Chocolate syrup;1.6;2023-01-13 08:23:47;8;Friday;1;2023
6761.0;2.0;8.0;Hell's Kitchen;27.0;3.5;Coffee;Organic brewed coffee;Brazilian Lg;7.0;2023-01-13 08:23:55;8;Friday;1;2023
6762.0;1.0;8.0;Hell's Kitchen;77.0;3.0;Bakery;Scone;Oatmeal Scone;3.0;2023-01-13 08:23:55;8;Friday;1;2023
6763.0;2.0;3.0;Astoria;47.0;3.0;Tea;Brewed Green tea;Serenity Green Tea Lg;6.0;2023-01-13 08:23:57;8;Friday;1;2023
6764.0;1.0;8.0;Hell's Kitchen;22.0;2.0;Coffee;Drip coffee;Our Old Time Diner Blend Sm;2.0;2023-01-13 08:26:07;8;Friday;1;2023
6765.0;2.0;5.0;Lower Manhattan;51.0;3.0;Tea;Brewed Black tea;Earl Grey Lg;6.0;2023-01-13 08:27:42;8;Friday;1;2023
6766.0;1.0;8.0;Hell's Kitchen;40.0;3.75;Coffee;Barista Espresso;Cappuccino;3.75;2023-01-13 08:27:52;8;Friday;1;2023
6767.0;1.0;8.0;Hell's Kitchen;64.0;0.8;Flavours;Regular syrup;Hazelnut syrup;0.8;2023-01-13 08:27:52;8;Friday;1;2023
6768.0;1.0;8.0;Hell's Kitchen;9.0;22.5;Coffee beans;Organic Beans;Organic Decaf Blend;22.5;2023-01-13 08:27:52;8;Friday;1;2023
6769.0;2.0;8.0;Hell's Kitchen;51.0;3.0;Tea;Brewed Black tea;Earl Grey Lg;6.0;2023-01-13 08:28:49;8;Friday;1;2023
6770.0;1.0;3.0;Astoria;46.0;2.5;Tea;Brewed Green tea;Serenity Green Tea Rg;2.5;2023-01-13 08:30:13;8;Friday;1;2023
6771.0;2.0;5.0;Lower Manhattan;59.0;4.5;Drinking Chocolate;Hot chocolate;Dark chocolate Lg;9.0;2023-01-13 08:30:33;8;Friday;1;2023
;2.0;;Hell's Kitchen;47.0;3.0;Tea;Brewed Green tea;Serenity Green Tea Lg;6.0;2023-01-13 08:31:05;8;Friday;1;2023
6773.0;1.0;5.0;Lower Manhattan;49.0;3.0;Tea;Brewed Black tea;English Breakfast Lg;3.0;2023-01-13 08:31:47;8;Friday;1;2023
6774.0;2.0;5.0;Lower Manhattan;52.0;2.5;Tea;Brewed Chai tea;Traditional Blend Chai Rg;5.0;2023-01-13 08:31:49;8;Friday;1;2023
6775.0;1.0;3.0;Astoria;22.0;2.0;Coffee;Drip coffee;Our Old Time Diner Blend Sm;2.0;2023-01-13 08:32:37;8;Friday;1;2023
6777.0;2.0;8.0;Hell's Kitchen;39.0;4.25;Coffee;Barista Espresso;Latte Rg;8.5;2023-01-13 08:33:37;8;Friday;1;2023
6778.0;1.0;8.0;Hell's Kitchen;64.0;0.8;Flavours;Regular syrup;Hazelnut syrup;0.8;2023-01-13 08:33:37;8;Friday;1;2023
6779.0;1.0;8.0;Hell's Kitchen;71.0;3.75;Bakery;Pastry;Chocolate Croissant;3.75;2023-01-13 08:33:37;8;Friday;1;2023
6780.0;1.0;8.0;Hell's Kitchen;87.0;3.0;Coffee;Barista Espresso;Ouro Brasileiro shot;3.0;2023-01-13 08:33:59;8;Friday;1;2023
6781.0;1.0;3.0;Astoria;48.0;2.5;Tea;Brewed Black tea;English Breakfast Rg;2.5;2023-01-13 08:34:53;8;Friday;1;2023
6782.0;2.0;8.0;Hell's Kitchen;54.0;2.5;Tea;Brewed Chai tea;Morning Sunrise Chai Rg;5.0;2023-01-13 08:35:27;8;Friday;1;2023
6783.0;2.0;5.0;Lower Manhattan;56.0;2.55;Tea;Brewed Chai tea;Spicy Eye Opener Chai Rg;5.1;2023-01-13 08:35:49;8;Friday;1;2023
6784.0;2.0;8.0;Hell's Kitchen;35.0;3.1;Coffee;Premium brewed coffee;Jamaican Coffee River Rg;6.2;2023-01-13 08:36:15;8;Friday;1;2023
6786.0;2.0;8.0;Hell's Kitchen;22.0;2.0;Coffee;Drip coffee;Our Old Time Diner Blend Sm;4.0;2023-01-13 08:37:50;8;Friday;1;2023
6787.0;1.0;8.0;Hell's Kitchen;38.0;3.75;Coffee;Barista Espresso;Latte;3.75;2023-01-13 08:39:31;8;Friday;1;2023
6788.0;1.0;8.0;Hell's Kitchen;79.0;3.75;Bakery;Scone;Jumbo Savory Scone;3.75;2023-01-13 08:39:31;8;Friday;1;2023
6790.0;1.0;8.0;Hell's Kitchen;47.0;3.0;Tea;Brewed Green tea;Serenity Green Tea Lg;3.0;2023-01-13 08:40:42;8;Friday;1;2023
6792.0;1.0;3.0;Astoria;69.0;3.25;Bakery;Biscotti;Hazelnut Biscotti;3.25;2023-01-13 08:40:48;8;Friday;1;2023
6794.0;2.0;8.0;Hell's Kitchen;63.0;0.8;Flavours;Regular syrup;Carmel syrup;1.6;2023-01-13 08:41:10;8;Friday;1;2023
6795.0;2.0;3.0;Astoria;46.0;2.5;Tea;Brewed Green tea;Serenity Green Tea Rg;5.0;2023-01-13 08:41:23;8;Friday;1;2023
6796.0;2.0;8.0;Hell's Kitchen;52.0;2.5;Tea;Brewed Chai tea;Traditional Blend Chai Rg;5.0;2023-01-13 08:41:35;8;Friday;1;2023
6797.0;1.0;8.0;Hell's Kitchen;69.0;3.25;Bakery;Biscotti;Hazelnut Biscotti;3.25;2023-01-13 08:41:35;8;Friday;1;2023
6798.0;2.0;8.0;Hell's Kitchen;51.0;3.0;Tea;Brewed Black tea;Earl Grey Lg;6.0;2023-01-13 08:42:10;8;Friday;1;2023
6799.0;1.0;8.0;Hell's Kitchen;79.0;3.75;Bakery;Scone;Jumbo Savory Scone;3.75;2023-01-13 08:42:10;8;Friday;1;2023
6800.0;2.0;8.0;Hell's Kitchen;40.0;3.75;Coffee;Barista Espresso;Cappuccino;7.5;2023-01-13 08:42:46;8;Friday;1;2023
6802.0;2.0;3.0;Astoria;55.0;4.0;Tea;Brewed Chai tea;Morning Sunrise Chai Lg;8.0;2023-01-13 08:44:12;8;Friday;1;2023
6804.0;2.0;8.0;Hell's Kitchen;63.0;0.8;Flavours;Regular syrup;Carmel syrup;1.6;2023-01-13 08:44:27;8;Friday;1;2023
6805.0;2.0;8.0;Hell's Kitchen;26.0;3.0;Coffee;Organic brewed coffee;Brazilian Rg;6.0;2023-01-13 08:45:22;8;Friday;1;2023
6807.0;2.0;5.0;Lower Manhattan;42.0;2.5;Tea;Brewed herbal tea;Lemon Grass Rg;5.0;2023-01-13 08:46:30;8;Friday;1;2023
6808.0;1.0;5.0;Lower Manhattan;73.0;3.75;Bakery;Pastry;Almond Croissant;3.75;2023-01-13 08:46:30;8;Friday;1;2023
6809.0;2.0;8.0;Hell's Kitchen;59.0;4.5;Drinking Chocolate;Hot chocolate;Dark chocolate Lg;9.0;2023-01-13 08:46:51;8;Friday;1;2023
6810.0;1.0;8.0;Hell's Kitchen;17.0;9.5;Loose Tea;Chai tea;Morning Sunrise Chai;9.5;2023-01-13 08:46:51;8;Friday;1;2023
6812.0;1.0;8.0;Hell's Kitchen;71.0;3.75;Bakery;Pastry;Chocolate Croissant;3.75;2023-01-13 08:47:38;8;Friday;1;2023
6813.0;2.0;8.0;Hell's Kitchen;24.0;3.0;Coffee;Drip coffee;Our Old Time Diner Blend Lg;6.0;2023-01-13 08:49:28;8;Friday;1;2023
6815.0;2.0;5.0;Lower Manhattan;64.0;0.8;Flavours;Regular syrup;Hazelnut syrup;1.6;2023-01-13 08:49:45;8;Friday;1;2023
6816.0;2.0;8.0;Hell's Kitchen;61.0;4.75;Drinking Chocolate;Hot chocolate;Sustainably Grown Organic Lg;9.5;2023-01-13 08:50:06;8;Friday;1;2023
6817.0;1.0;8.0;Hell's Kitchen;71.0;3.75;Bakery;Pastry;Chocolate Croissant;3.75;2023-01-13 08:50:54;8;Friday;1;2023
6818.0;2.0;8.0;Hell's Kitchen;26.0;3.0;Coffee;Organic brewed coffee;Brazilian Rg;6.0;2023-01-13 08:51:31;8;Friday;1;2023
6820.0;2.0;8.0;Hell's Kitchen;55.0;4.0;Tea;Brewed Chai tea;Morning Sunrise Chai Lg;8.0;2023-01-13 08:52:01;8;Friday;1;2023
6821.0;2.0;5.0;Lower Manhattan;39.0;4.25;Coffee;Barista Espresso;Latte Rg;8.5;2023-01-13 08:52:34;8;Friday;1;2023
6822.0;1.0;5.0;Lower Manhattan;63.0;0.8;Flavours;Regular syrup;Carmel syrup;0.8;2023-01-13 08:52:34;8;Friday;1;2023
6823.0;1.0;5.0;Lower Manhattan;69.0;3.25;Bakery;Biscotti;Hazelnut Biscotti;3.25;2023-01-13 08:52:34;8;Friday;1;2023
6824.0;2.0;8.0;Hell's Kitchen;22.0;2.0;Coffee;Drip coffee;Our Old Time Diner Blend Sm;4.0;2023-01-13 08:53:44;8;Friday;1;2023
6825.0;1.0;8.0;Hell's Kitchen;48.0;2.5;Tea;Brewed Black tea;English Breakfast Rg;2.5;2023-01-13 08:54:28;8;Friday;1;2023
6826.0;2.0;8.0;Hell's Kitchen;56.0;2.55;Tea;Brewed Chai tea;Spicy Eye Opener Chai Rg;5.1;2023-01-13 08:54:53;8;Friday;1;2023
6827.0;2.0;8.0;Hell's Kitchen;38.0;3.75;Coffee;Barista Espresso;Latte;7.5;2023-01-13 08:55:32;8;Friday;1;2023
6828.0;2.0;8.0;Hell's Kitchen;64.0;0.8;Flavours;Regular syrup;Hazelnut syrup;1.6;2023-01-13 08:55:32;8;Friday;1;2023
6829.0;1.0;5.0;Lower Manhattan;26.0;3.0;Coffee;Organic brewed coffee;Brazilian Rg;3.0;2023-01-13 08:57:07;8;Friday;1;2023
6830.0;2.0;5.0;Lower Manhattan;28.0;2.0;Coffee;Gourmet brewed coffee;Columbian Medium Roast Sm;4.0;2023-01-13 08:57:28;8;Friday;1;2023
6831.0;2.0;5.0;Lower Manhattan;47.0;3.0;Tea;Brewed Green tea;Serenity Green Tea Lg;6.0;2023-01-13 08:58:01;8;Friday;1;2023
6833.0;2.0;5.0;Lower Manhattan;30.0;3.0;Coffee;Gourmet brewed coffee;Columbian Medium Roast Lg;6.0;2023-01-13 08:58:15;8;Friday;1;2023
6834.0;1.0;5.0;Lower Manhattan;78.0;4.5;Bakery;Scone;Scottish Cream Scone ;4.5;2023-01-13 08:58:15;8;Friday;1;2023
6835.0;2.0;5.0;Lower Manhattan;53.0;3.0;Tea;Brewed Chai tea;Traditional Blend Chai Lg;6.0;2023-01-13 08:58:43;8;Friday;1;2023
6836.0;1.0;5.0;Lower Manhattan;47.0;3.0;Tea;Brewed Green tea;Serenity Green Tea Lg;3.0;2023-01-13 08:58:56;8;Friday;1;2023
6837.0;1.0;5.0;Lower Manhattan;79.0;3.75;Bakery;Scone;Jumbo Savory Scone;3.75;2023-01-13 08:58:56;8;Friday;1;2023
6838.0;2.0;3.0;Astoria;45.0;3.0;Tea;Brewed herbal tea;Peppermint Lg;6.0;2023-01-13 08:59:13;8;Friday;1;2023
6839.0;1.0;3.0;Astoria;71.0;3.75;Bakery;Pastry;Chocolate Croissant;3.75;2023-01-13 08:59:13;8;Friday;1;2023
6840.0;1.0;3.0;Astoria;56.0;2.55;Tea;Brewed Chai tea;Spicy Eye Opener Chai Rg;2.55;2023-01-13 08:59:16;8;Friday;1;2023
6841.0;2.0;8.0;Hell's Kitchen;38.0;3.75;Coffee;Barista Espresso;Latte;7.5;2023-01-13 08:59:49;8;Friday;1;2023
6842.0;2.0;8.0;Hell's Kitchen;65.0;0.8;Flavours;Sugar free syrup;Sugar Free Vanilla syrup;1.6;2023-01-13 08:59:49;8;Friday;1;2023
6843.0;2.0;5.0;Lower Manhattan;32.0;3.0;Coffee;Gourmet brewed coffee;Ethiopia Rg;6.0;2023-01-13 09:02:20;9;Friday;1;2023
6844.0;1.0;8.0;Hell's Kitchen;47.0;3.0;Tea;Brewed Green tea;Serenity Green Tea Lg;3.0;2023-01-13 09:03:20;9;Friday;1;2023
6845.0;2.0;8.0;Hell's Kitchen;30.0;3.0;Coffee;Gourmet brewed coffee;Columbian Medium Roast Lg;6.0;2023-01-13 09:03:57;9;Friday;1;2023
6846.0;1.0;5.0;Lower Manhattan;25.0;2.2;Coffee;Organic brewed coffee;Brazilian Sm;2.2;2023-01-13 09:04:27;9;Friday;1;2023
6847.0;2.0;5.0;Lower Manhattan;51.0;3.0;Tea;Brewed Black tea;Earl Grey Lg;6.0;2023-01-13 09:04:45;9;Friday;1;2023
6848.0;1.0;5.0;Lower Manhattan;23.0;2.5;Coffee;Drip coffee;Our Old Time Diner Blend Rg;2.5;2023-01-13 09:04:45;9;Friday;1;2023
6849.0;1.0;8.0;Hell's Kitchen;47.0;3.0;Tea;Brewed Green tea;Serenity Green Tea Lg;3.0;2023-01-13 09:06:15;9;Friday;1;2023
6850.0;2.0;8.0;Hell's Kitchen;39.0;4.25;Coffee;Barista Espresso;Latte Rg;8.5;2023-01-13 09:06:18;9;Friday;1;2023
6851.0;2.0;8.0;Hell's Kitchen;64.0;0.8;Flavours;Regular syrup;Hazelnut syrup;1.6;2023-01-13 09:06:18;9;Friday;1;2023
6852.0;1.0;8.0;Hell's Kitchen;73.0;3.75;Bakery;Pastry;Almond Croissant;3.75;2023-01-13 09:06:18;9;Friday;1;2023
6853.0;2.0;8.0;Hell's Kitchen;42.0;2.5;Tea;Brewed herbal tea;Lemon Grass Rg;5.0;2023-01-13 09:06:19;9;Friday;1;2023
6854.0;2.0;8.0;Hell's Kitchen;26.0;3.0;Coffee;Organic brewed coffee;Brazilian Rg;6.0;2023-01-13 09:06:59;9;Friday;1;2023
6855.0;1.0;3.0;Astoria;60.0;3.75;Drinking Chocolate;Hot chocolate;Sustainably Grown Organic Rg;3.75;2023-01-13 09:07:06;9;Friday;1;2023
6856.0;1.0;5.0;Lower Manhattan;32.0;3.0;Coffee;Gourmet brewed coffee;Ethiopia Rg;3.0;2023-01-13 09:10:24;9;Friday;1;2023
6858.0;1.0;3.0;Astoria;31.0;2.2;Coffee;Gourmet brewed coffee;Ethiopia Sm;2.2;2023-01-13 09:12:00;9;Friday;1;2023
6859.0;1.0;8.0;Hell's Kitchen;58.0;3.5;Drinking Chocolate;Hot chocolate;Dark chocolate Rg;3.5;2023-01-13 09:12:01;9;Friday;1;2023
6860.0;2.0;8.0;Hell's Kitchen;53.0;3.0;Tea;Brewed Chai tea;Traditional Blend Chai Lg;6.0;2023-01-13 09:12:01;9;Friday;1;2023
6861.0;2.0;8.0;Hell's Kitchen;51.0;3.0;Tea;Brewed Black tea;Earl Grey Lg;6.0;2023-01-13 09:12:19;9;Friday;1;2023
6862.0;1.0;8.0;Hell's Kitchen;73.0;3.75;Bakery;Pastry;Almond Croissant;3.75;2023-01-13 09:12:19;9;Friday;1;2023
6864.0;2.0;3.0;Astoria;58.0;3.5;Drinking Chocolate;Hot chocolate;Dark chocolate Rg;7.0;2023-01-13 09:13:13;9;Friday;1;2023
6865.0;2.0;8.0;Hell's Kitchen;41.0;4.25;Coffee;Barista Espresso;Cappuccino Lg;8.5;2023-01-13 09:14:33;9;Friday;1;2023
6866.0;1.0;8.0;Hell's Kitchen;65.0;0.8;Flavours;Sugar free syrup;Sugar Free Vanilla syrup;0.8;2023-01-13 09:14:33;9;Friday;1;2023
6867.0;1.0;8.0;Hell's Kitchen;77.0;3.0;Bakery;Scone;Oatmeal Scone;3.0;2023-01-13 09:14:33;9;Friday;1;2023
6868.0;1.0;3.0;Astoria;54.0;2.5;Tea;Brewed Chai tea;Morning Sunrise Chai Rg;2.5;2023-01-13 09:15:11;9;Friday;1;2023
6869.0;2.0;3.0;Astoria;53.0;3.0;Tea;Brewed Chai tea;Traditional Blend Chai Lg;6.0;2023-01-13 09:15:32;9;Friday;1;2023
6870.0;2.0;8.0;Hell's Kitchen;34.0;2.45;Coffee;Premium brewed coffee;Jamaican Coffee River Sm;4.9;2023-01-13 09:17:49;9;Friday;1;2023
6871.0;1.0;8.0;Hell's Kitchen;3.0;14.75;Coffee beans;Espresso Beans;Espresso Roast;14.75;2023-01-13 09:17:49;9;Friday;1;2023
6872.0;2.0;8.0;Hell's Kitchen;61.0;4.75;Drinking Chocolate;Hot chocolate;Sustainably Grown Organic Lg;9.5;2023-01-13 09:18:29;9;Friday;1;2023
6874.0;2.0;8.0;Hell's Kitchen;34.0;2.45;Coffee;Premium brewed coffee;Jamaican Coffee River Sm;4.9;2023-01-13 09:20:20;9;Friday;1;2023
6875.0;1.0;3.0;Astoria;28.0;2.0;Coffee;Gourmet brewed coffee;Columbian Medium Roast Sm;2.0;2023-01-13 09:20:43;9;Friday;1;2023
6877.0;1.0;5.0;Lower Manhattan;15.0;9.25;Loose Tea;Green tea;Serenity Green Tea;9.25;2023-01-13 09:22:52;9;Friday;1;2023
6878.0;2.0;3.0;Astoria;30.0;3.0;Coffee;Gourmet brewed coffee;Columbian Medium Roast Lg;6.0;2023-01-13 09:23:15;9;Friday;1;2023
6881.0;2.0;3.0;Astoria;27.0;3.5;Coffee;Organic brewed coffee;Brazilian Lg;7.0;2023-01-13 09:25:31;9;Friday;1;2023
6882.0;1.0;8.0;Hell's Kitchen;54.0;2.5;Tea;Brewed Chai tea;Morning Sunrise Chai Rg;2.5;2023-01-13 09:27:32;9;Friday;1;2023
6883.0;2.0;8.0;Hell's Kitchen;39.0;4.25;Coffee;Barista Espresso;Latte Rg;8.5;2023-01-13 09:28:00;9;Friday;1;2023
6884.0;1.0;3.0;Astoria;34.0;2.45;Coffee;Premium brewed coffee;Jamaican Coffee River Sm;2.45;2023-01-13 09:28:09;9;Friday;1;2023
6885.0;1.0;3.0;Astoria;70.0;3.25;Bakery;Scone;Cranberry Scone;3.25;2023-01-13 09:28:09;9;Friday;1;2023
6886.0;2.0;8.0;Hell's Kitchen;54.0;2.5;Tea;Brewed Chai tea;Morning Sunrise Chai Rg;5.0;2023-01-13 09:28:54;9;Friday;1;2023
6887.0;2.0;3.0;Astoria;48.0;2.5;Tea;Brewed Black tea;English Breakfast Rg;5.0;2023-01-13 09:29:51;9;Friday;1;2023
6888.0;1.0;3.0;Astoria;78.0;4.5;Bakery;Scone;Scottish Cream Scone ;4.5;2023-01-13 09:29:51;9;Friday;1;2023
6889.0;2.0;8.0;Hell's Kitchen;28.0;2.0;Coffee;Gourmet brewed coffee;Columbian Medium Roast Sm;4.0;2023-01-13 09:30:05;9;Friday;1;2023
6890.0;1.0;8.0;Hell's Kitchen;39.0;4.25;Coffee;Barista Espresso;Latte Rg;4.25;2023-01-13 09:30:55;9;Friday;1;2023
6891.0;2.0;8.0;Hell's Kitchen;63.0;0.8;Flavours;Regular syrup;Carmel syrup;1.6;2023-01-13 09:30:55;9;Friday;1;2023
6892.0;1.0;8.0;Hell's Kitchen;71.0;3.75;Bakery;Pastry;Chocolate Croissant;3.75;2023-01-13 09:32:25;9;Friday;1;2023
6893.0;1.0;3.0;Astoria;49.0;3.0;Tea;Brewed Black tea;English Breakfast Lg;3.0;2023-01-13 09:33:36;9;Friday;1;2023
6894.0;1.0;5.0;Lower Manhattan;60.0;3.75;Drinking Chocolate;Hot chocolate;Sustainably Grown Organic Rg;3.75;2023-01-13 09:34:03;9;Friday;1;2023
6895.0;1.0;8.0;Hell's Kitchen;71.0;3.75;Bakery;Pastry;Chocolate Croissant;3.75;2023-01-13 09:34:29;9;Friday;1;2023
6896.0;1.0;8.0;Hell's Kitchen;71.0;3.75;Bakery;Pastry;Chocolate Croissant;3.75;2023-01-13 09:34:29;9;Friday;1;2023
6897.0;2.0;5.0;Lower Manhattan;37.0;3.0;Coffee;Barista Espresso;Espresso shot;6.0;2023-01-13 09:36:46;9;Friday;1;2023
6898.0;2.0;5.0;Lower Manhattan;64.0;0.8;Flavours;Regular syrup;Hazelnut syrup;1.6;2023-01-13 09:36:46;9;Friday;1;2023
6899.0;1.0;8.0;Hell's Kitchen;23.0;2.5;Coffee;Drip coffee;Our Old Time Diner Blend Rg;2.5;2023-01-13 09:38:07;9;Friday;1;2023
6900.0;1.0;8.0;Hell's Kitchen;73.0;3.75;Bakery;Pastry;Almond Croissant;3.75;2023-01-13 09:38:07;9;Friday;1;2023
6901.0;1.0;8.0;Hell's Kitchen;37.0;3.0;Coffee;Barista Espresso;Espresso shot;3.0;2023-01-13 09:38:10;9;Friday;1;2023
6902.0;1.0;8.0;Hell's Kitchen;63.0;0.8;Flavours;Regular syrup;Carmel syrup;0.8;2023-01-13 09:38:10;9;Friday;1;2023
6903.0;1.0;8.0;Hell's Kitchen;78.0;4.5;Bakery;Scone;Scottish Cream Scone ;4.5;2023-01-13 09:38:10;9;Friday;1;2023
6904.0;2.0;5.0;Lower Manhattan;33.0;3.5;Coffee;Gourmet brewed coffee;Ethiopia Lg;7.0;2023-01-13 09:39:11;9;Friday;1;2023
6905.0;2.0;8.0;Hell's Kitchen;27.0;3.5;Coffee;Organic brewed coffee;Brazilian Lg;7.0;2023-01-13 09:39:20;9;Friday;1;2023
6907.0;1.0;5.0;Lower Manhattan;72.0;3.25;Bakery;Scone;Ginger Scone;3.25;2023-01-13 09:40:35;9;Friday;1;2023
6908.0;1.0;5.0;Lower Manhattan;23.0;2.5;Coffee;Drip coffee;Our Old Time Diner Blend Rg;2.5;2023-01-13 09:41:04;9;Friday;1;2023
6909.0;1.0;5.0;Lower Manhattan;78.0;4.5;Bakery;Scone;Scottish Cream Scone ;4.5;2023-01-13 09:41:04;9;Friday;1;2023
6910.0;1.0;8.0;Hell's Kitchen;52.0;2.5;Tea;Brewed Chai tea;Traditional Blend Chai Rg;2.5;2023-01-13 09:41:23;9;Friday;1;2023
6911.0;2.0;8.0;Hell's Kitchen;27.0;3.5;Coffee;Organic brewed coffee;Brazilian Lg;7.0;2023-01-13 09:41:30;9;Friday;1;2023
6912.0;2.0;8.0;Hell's Kitchen;58.0;3.5;Drinking Chocolate;Hot chocolate;Dark chocolate Rg;7.0;2023-01-13 09:41:36;9;Friday;1;2023
6913.0;1.0;8.0;Hell's Kitchen;78.0;4.5;Bakery;Scone;Scottish Cream Scone ;4.5;2023-01-13 09:41:36;9;Friday;1;2023
6914.0;2.0;8.0;Hell's Kitchen;55.0;4.0;Tea;Brewed Chai tea;Morning Sunrise Chai Lg;8.0;2023-01-13 09:41:47;9;Friday;1;2023
6915.0;1.0;8.0;Hell's Kitchen;24.0;3.0;Coffee;Drip coffee;Our Old Time Diner Blend Lg;3.0;2023-01-13 09:42:41;9;Friday;1;2023
6916.0;2.0;8.0;Hell's Kitchen;36.0;3.75;Coffee;Premium brewed coffee;Jamaican Coffee River Lg;7.5;2023-01-13 09:43:12;9;Friday;1;2023
6917.0;1.0;8.0;Hell's Kitchen;35.0;3.1;Coffee;Premium brewed coffee;Jamaican Coffee River Rg;3.1;2023-01-13 09:45:16;9;Friday;1;2023
6918.0;1.0;3.0;Astoria;22.0;2.0;Coffee;Drip coffee;Our Old Time Diner Blend Sm;2.0;2023-01-13 09:45:41;9;Friday;1;2023
6919.0;1.0;8.0;Hell's Kitchen;41.0;4.25;Coffee;Barista Espresso;Cappuccino Lg;4.25;2023-01-13 09:45:55;9;Friday;1;2023
6920.0;2.0;8.0;Hell's Kitchen;63.0;0.8;Flavours;Regular syrup;Carmel syrup;1.6;2023-01-13 09:45:55;9;Friday;1;2023
6921.0;1.0;8.0;Hell's Kitchen;37.0;3.0;Coffee;Barista Espresso;Espresso shot;3.0;2023-01-13 09:48:29;9;Friday;1;2023
6922.0;2.0;8.0;Hell's Kitchen;84.0;0.8;Flavours;Regular syrup;Chocolate syrup;1.6;2023-01-13 09:48:29;9;Friday;1;2023
6923.0;1.0;3.0;Astoria;32.0;3.0;Coffee;Gourmet brewed coffee;Ethiopia Rg;3.0;2023-01-13 09:49:58;9;Friday;1;2023
6924.0;2.0;5.0;Lower Manhattan;48.0;2.5;Tea;Brewed Black tea;English Breakfast Rg;5.0;2023-01-13 09:50:26;9;Friday;1;2023
6925.0;2.0;5.0;Lower Manhattan;38.0;3.75;Coffee;Barista Espresso;Latte;7.5;2023-01-13 09:50:49;9;Friday;1;2023
6926.0;1.0;5.0;Lower Manhattan;63.0;0.8;Flavours;Regular syrup;Carmel syrup;0.8;2023-01-13 09:50:49;9;Friday;1;2023
6928.0;2.0;8.0;Hell's Kitchen;61.0;4.75;Drinking Chocolate;Hot chocolate;Sustainably Grown Organic Lg;9.5;2023-01-13 09:52:58;9;Friday;1;2023
6929.0;2.0;8.0;Hell's Kitchen;87.0;3.0;Coffee;Barista Espresso;Ouro Brasileiro shot;6.0;2023-01-13 09:53:06;9;Friday;1;2023
6930.0;1.0;5.0;Lower Manhattan;27.0;3.5;Coffee;Organic brewed coffee;Brazilian Lg;3.5;2023-01-13 09:53:33;9;Friday;1;2023
6931.0;1.0;8.0;Hell's Kitchen;48.0;2.5;Tea;Brewed Black tea;English Breakfast Rg;2.5;2023-01-13 09:54:16;9;Friday;1;2023
6932.0;1.0;8.0;Hell's Kitchen;12.0;8.95;Loose Tea;Herbal tea;Peppermint;8.95;2023-01-13 09:54:16;9;Friday;1;2023
6933.0;1.0;8.0;Hell's Kitchen;61.0;4.75;Drinking Chocolate;Hot chocolate;Sustainably Grown Organic Lg;4.75;2023-01-13 09:55:50;9;Friday;1;2023
6934.0;1.0;8.0;Hell's Kitchen;74.0;3.5;Bakery;Biscotti;Ginger Biscotti;3.5;2023-01-13 09:55:50;9;Friday;1;2023
6935.0;1.0;5.0;Lower Manhattan;46.0;2.5;Tea;Brewed Green tea;Serenity Green Tea Rg;2.5;2023-01-13 09:56:00;9;Friday;1;2023
6936.0;1.0;5.0;Lower Manhattan;83.0;14.0;Branded;Housewares;I Need My Bean! Latte cup;14.0;2023-01-13 09:56:00;9;Friday;1;2023
6938.0;2.0;5.0;Lower Manhattan;46.0;2.5;Tea;Brewed Green tea;Serenity Green Tea Rg;5.0;2023-01-13 09:58:40;9;Friday;1;2023
6939.0;1.0;5.0;Lower Manhattan;70.0;3.25;Bakery;Scone;Cranberry Scone;3.25;2023-01-13 09:58:40;9;Friday;1;2023
6940.0;2.0;8.0;Hell's Kitchen;30.0;3.0;Coffee;Gourmet brewed coffee;Columbian Medium Roast Lg;6.0;2023-01-13 09:59:12;9;Friday;1;2023
6941.0;1.0;3.0;Astoria;48.0;2.5;Tea;Brewed Black tea;English Breakfast Rg;2.5;2023-01-13 10:00:17;10;Friday;1;2023
6942.0;1.0;3.0;Astoria;71.0;3.75;Bakery;Pastry;Chocolate Croissant;3.75;2023-01-13 10:00:19;10;Friday;1;2023
6943.0;1.0;3.0;Astoria;71.0;3.75;Bakery;Pastry;Chocolate Croissant;3.75;2023-01-13 10:00:19;10;Friday;1;2023
6944.0;2.0;3.0;Astoria;37.0;3.0;Coffee;Barista Espresso;Espresso shot;6.0;2023-01-13 10:00:38;10;Friday;1;2023
6945.0;1.0;3.0;Astoria;63.0;0.8;Flavours;Regular syrup;Carmel syrup;0.8;2023-01-13 10:00:38;10;Friday;1;2023
6946.0;2.0;5.0;Lower Manhattan;29.0;2.5;Coffee;Gourmet brewed coffee;Columbian Medium Roast Rg;5.0;2023-01-13 10:00:54;10;Friday;1;2023
6947.0;2.0;5.0;Lower Manhattan;22.0;2.0;Coffee;Drip coffee;Our Old Time Diner Blend Sm;4.0;2023-01-13 10:02:03;10;Friday;1;2023
6948.0;1.0;3.0;Astoria;45.0;3.0;Tea;Brewed herbal tea;Peppermint Lg;3.0;2023-01-13 10:02:57;10;Friday;1;2023
6949.0;1.0;3.0;Astoria;71.0;3.75;Bakery;Pastry;Chocolate Croissant;3.75;2023-01-13 10:02:57;10;Friday;1;2023
6950.0;1.0;3.0;Astoria;50.0;2.5;Tea;Brewed Black tea;Earl Grey Rg;2.5;2023-01-13 10:03:16;10;Friday;1;2023
6951.0;2.0;3.0;Astoria;41.0;4.25;Coffee;Barista Espresso;Cappuccino Lg;8.5;2023-01-13 10:04:15;10;Friday;1;2023
6952.0;2.0;3.0;Astoria;84.0;0.8;Flavours;Regular syrup;Chocolate syrup;1.6;2023-01-13 10:04:15;10;Friday;1;2023
6953.0;2.0;8.0;Hell's Kitchen;44.0;2.5;Tea;Brewed herbal tea;Peppermint Rg;5.0;2023-01-13 10:05:09;10;Friday;1;2023
6954.0;1.0;3.0;Astoria;24.0;3.0;Coffee;Drip coffee;Our Old Time Diner Blend Lg;3.0;2023-01-13 10:05:44;10;Friday;1;2023
6955.0;2.0;8.0;Hell's Kitchen;28.0;2.0;Coffee;Gourmet brewed coffee;Columbian Medium Roast Sm;4.0;2023-01-13 10:06:19;10;Friday;1;2023
6956.0;1.0;3.0;Astoria;28.0;2.0;Coffee;Gourmet brewed coffee;Columbian Medium Roast Sm;2.0;2023-01-13 10:06:43;10;Friday;1;2023
6957.0;2.0;5.0;Lower Manhattan;26.0;3.0;Coffee;Organic brewed coffee;Brazilian Rg;6.0;2023-01-13 10:06:48;10;Friday;1;2023
6958.0;2.0;8.0;Hell's Kitchen;43.0;3.0;Tea;Brewed herbal tea;Lemon Grass Lg;6.0;2023-01-13 10:07:08;10;Friday;1;2023
6959.0;2.0;8.0;Hell's Kitchen;50.0;2.5;Tea;Brewed Black tea;Earl Grey Rg;5.0;2023-01-13 10:08:15;10;Friday;1;2023
6960.0;1.0;8.0;Hell's Kitchen;77.0;3.0;Bakery;Scone;Oatmeal Scone;3.0;2023-01-13 10:08:15;10;Friday;1;2023
6961.0;2.0;8.0;Hell's Kitchen;33.0;3.5;Coffee;Gourmet brewed coffee;Ethiopia Lg;7.0;2023-01-13 10:08:16;10;Friday;1;2023
6962.0;1.0;8.0;Hell's Kitchen;19.0;6.4;Packaged Chocolate;Drinking Chocolate;Dark chocolate;6.4;2023-01-13 10:08:16;10;Friday;1;2023
6963.0;2.0;8.0;Hell's Kitchen;60.0;3.75;Drinking Chocolate;Hot chocolate;Sustainably Grown Organic Rg;7.5;2023-01-13 10:08:29;10;Friday;1;2023
6965.0;1.0;5.0;Lower Manhattan;79.0;3.75;Bakery;Scone;Jumbo Savory Scone;3.75;2023-01-13 10:10:00;10;Friday;1;2023
6966.0;2.0;3.0;Astoria;37.0;3.0;Coffee;Barista Espresso;Espresso shot;6.0;2023-01-13 10:11:25;10;Friday;1;2023
6967.0;2.0;3.0;Astoria;65.0;0.8;Flavours;Sugar free syrup;Sugar Free Vanilla syrup;1.6;2023-01-13 10:11:25;10;Friday;1;2023
6968.0;1.0;3.0;Astoria;77.0;3.0;Bakery;Scone;Oatmeal Scone;3.0;2023-01-13 10:11:25;10;Friday;1;2023
6969.0;1.0;5.0;Lower Manhattan;55.0;4.0;Tea;Brewed Chai tea;Morning Sunrise Chai Lg;4.0;2023-01-13 10:12:20;10;Friday;1;2023
6970.0;2.0;8.0;Hell's Kitchen;52.0;2.5;Tea;Brewed Chai tea;Traditional Blend Chai Rg;5.0;2023-01-13 10:12:23;10;Friday;1;2023
6971.0;1.0;8.0;Hell's Kitchen;78.0;4.5;Bakery;Scone;Scottish Cream Scone ;4.5;2023-01-13 10:12:23;10;Friday;1;2023
6973.0;2.0;8.0;Hell's Kitchen;27.0;3.5;Coffee;Organic brewed coffee;Brazilian Lg;7.0;2023-01-13 10:12:46;10;Friday;1;2023
6974.0;2.0;8.0;Hell's Kitchen;55.0;4.0;Tea;Brewed Chai tea;Morning Sunrise Chai Lg;8.0;2023-01-13 10:13:07;10;Friday;1;2023
;2.0;;Hell's Kitchen;46.0;2.5;Tea;Brewed Green tea;Serenity Green Tea Rg;5.0;2023-01-13 10:14:36;10;Friday;1;2023
6976.0;2.0;5.0;Lower Manhattan;25.0;2.2;Coffee;Organic brewed coffee;Brazilian Sm;4.4;2023-01-13 10:23:52;10;Friday;1;2023
6977.0;1.0;5.0;Lower Manhattan;27.0;3.5;Coffee;Organic brewed coffee;Brazilian Lg;3.5;2023-01-13 10:24:06;10;Friday;1;2023
